survey_id,response_id,category,subcategory,source_version
survey-demo,B0000,Atendimento,Demora,2
survey-demo,B0001,Atendimento,Demora,1
survey-demo,B0001,Comunicação,Retorno,1
survey-demo,B0001,Processo,Agendamento,1
survey-demo,B0002,Atendimento,Demora,1
survey-demo,B0002,Comunicação,Retorno,1
survey-demo,B0002,Processo,Agendamento,1
survey-demo,B0003,Atendimento,Demora,1
survey-demo,B0003,Comunicação,Retorno,1
survey-demo,B0004,Atendimento,Demora,1
survey-demo,B0004,Comunicação,Retorno,1
survey-demo,B0004,Processo,Agendamento,1
survey-demo,B0005,Atendimento,Demora,1
survey-demo,B0005,Comunicação,Retorno,1
survey-demo,B0005,Processo,Agendamento,1
survey-demo,B0006,Atendimento,Cordialidade,1
survey-demo,B0006,Atendimento,Demora,1
survey-demo,B0006,Comunicação,Retorno,1
survey-demo,B0006,Processo,Agendamento,1
survey-demo,B0007,Atendimento,Cordialidade,1
survey-demo,B0007,Atendimento,Demora,1
survey-demo,B0007,Comunicação,Retorno,1
survey-demo,B0007,Processo,Agendamento,1
survey-demo,B0008,Atendimento,Demora,2
survey-demo,B0009,Atendimento,Demora,1
survey-demo,B0009,Comunicação,Retorno,1
survey-demo,B0009,Processo,Agendamento,1
survey-demo,B0010,Atendimento,Demora,1
survey-demo,B0011,Atendimento,Cordialidade,1
survey-demo,B0011,Atendimento,Demora,1
survey-demo,B0011,Comunicação,Retorno,1
survey-demo,B0011,Processo,Agendamento,1
survey-demo,B0013,Atendimento,Demora,1
survey-demo,B0013,Comunicação,Retorno,1
survey-demo,B0014,Atendimento,Cordialidade,1
survey-demo,B0014,Atendimento,Demora,1
survey-demo,B0014,Comunicação,Retorno,1
survey-demo,B0014,Processo,Agendamento,1
survey-demo,B0015,Atendimento,Demora,1
survey-demo,B0015,Comunicação,Retorno,1
survey-demo,B0015,Processo,Agendamento,1
survey-demo,B0016,Atendimento,Demora,2
survey-demo,B0017,Atendimento,Demora,1
survey-demo,B0017,Comunicação,Retorno,1
survey-demo,B0019,Atendimento,Demora,1
survey-demo,B0019,Comunicação,Retorno,1
survey-demo,B0019,Processo,Agendamento,1
survey-demo,B0020,Atendimento,Cordialidade,1
survey-demo,B0020,Atendimento,Demora,1
survey-demo,B0020,Comunicação,Retorno,1
survey-demo,B0020,Processo,Agendamento,1
survey-demo,B0021,Atendimento,Demora,1
survey-demo,B0022,Atendimento,Cordialidade,1
survey-demo,B0022,Atendimento,Demora,1
survey-demo,B0022,Comunicação,Retorno,1
survey-demo,B0022,Processo,Agendamento,1
survey-demo,B0023,Atendimento,Demora,1
survey-demo,B0023,Comunicação,Retorno,1
survey-demo,B0023,Processo,Agendamento,1
survey-demo,B0024,Atendimento,Demora,2
survey-demo,B0026,Atendimento,Demora,1
survey-demo,B0026,Comunicação,Retorno,1
survey-demo,B0027,Atendimento,Demora,1
survey-demo,B0027,Comunicação,Retorno,1
survey-demo,B0029,Atendimento,Demora,1
survey-demo,B0029,Comunicação,Retorno,1
survey-demo,B0030,Atendimento,Demora,1
survey-demo,B0030,Comunicação,Retorno,1
survey-demo,B0031,Atendimento,Demora,1
survey-demo,B0031,Comunicação,Retorno,1
survey-demo,B0032,Atendimento,Demora,2
survey-demo,B0033,Atendimento,Cordialidade,1
survey-demo,B0033,Atendimento,Demora,1
survey-demo,B0033,Comunicação,Retorno,1
survey-demo,B0033,Processo,Agendamento,1
survey-demo,B0034,Atendimento,Demora,1
survey-demo,B0034,Comunicação,Retorno,1
survey-demo,B0035,Atendimento,Cordialidade,1
survey-demo,B0035,Atendimento,Demora,1
survey-demo,B0035,Comunicação,Retorno,1
survey-demo,B0035,Processo,Agendamento,1
survey-demo,B0036,Atendimento,Demora,1
survey-demo,B0036,Comunicação,Retorno,1
survey-demo,B0036,Processo,Agendamento,1
survey-demo,B0038,Atendimento,Demora,1
survey-demo,B0038,Comunicação,Retorno,1
survey-demo,B0038,Processo,Agendamento,1
survey-demo,B0039,Atendimento,Demora,1
survey-demo,B0039,Comunicação,Retorno,1
survey-demo,B0039,Processo,Agendamento,1
survey-demo,B0040,Atendimento,Demora,2
survey-demo,B0041,Atendimento,Demora,1
survey-demo,B0042,Atendimento,Demora,1
survey-demo,B0042,Comunicação,Retorno,1
survey-demo,B0042,Processo,Agendamento,1
survey-demo,B0043,Atendimento,Demora,1
survey-demo,B0044,Atendimento,Demora,1
survey-demo,B0044,Comunicação,Retorno,1
survey-demo,B0045,Atendimento,Demora,1
survey-demo,B0045,Comunicação,Retorno,1
survey-demo,B0045,Processo,Agendamento,1
survey-demo,B0046,Atendimento,Demora,1
survey-demo,B0046,Comunicação,Retorno,1
survey-demo,B0047,Atendimento,Demora,1
survey-demo,B0047,Comunicação,Retorno,1
survey-demo,B0048,Atendimento,Demora,2
survey-demo,B0049,Atendimento,Demora,1
survey-demo,B0049,Comunicação,Retorno,1
survey-demo,B0049,Processo,Agendamento,1
survey-demo,B0051,Atendimento,Demora,1
survey-demo,B0051,Comunicação,Retorno,1
survey-demo,B0052,Atendimento,Demora,1
survey-demo,B0052,Comunicação,Retorno,1
survey-demo,B0052,Processo,Agendamento,1
survey-demo,B0053,Atendimento,Demora,1
survey-demo,B0054,Atendimento,Demora,1
survey-demo,B0054,Comunicação,Retorno,1
survey-demo,B0055,Atendimento,Demora,1
survey-demo,B0055,Comunicação,Retorno,1
survey-demo,B0055,Processo,Agendamento,1
survey-demo,B0056,Atendimento,Demora,2
survey-demo,B0057,Atendimento,Demora,1
survey-demo,B0058,Atendimento,Demora,1
survey-demo,B0058,Comunicação,Retorno,1
survey-demo,B0058,Processo,Agendamento,1
survey-demo,B0059,Atendimento,Demora,1
survey-demo,B0059,Comunicação,Retorno,1
survey-demo,B0060,Atendimento,Demora,1
survey-demo,B0060,Comunicação,Retorno,1
survey-demo,B0060,Processo,Agendamento,1
survey-demo,B0062,Atendimento,Demora,1
survey-demo,B0062,Comunicação,Retorno,1
survey-demo,B0062,Processo,Agendamento,1
survey-demo,B0063,Atendimento,Demora,1
survey-demo,B0063,Comunicação,Retorno,1
survey-demo,B0064,Atendimento,Demora,2
survey-demo,B0066,Atendimento,Cordialidade,1
survey-demo,B0066,Atendimento,Demora,1
survey-demo,B0066,Comunicação,Retorno,1
survey-demo,B0066,Processo,Agendamento,1
survey-demo,B0067,Atendimento,Demora,1
survey-demo,B0067,Comunicação,Retorno,1
survey-demo,B0067,Processo,Agendamento,1
survey-demo,B0068,Atendimento,Demora,1
survey-demo,B0068,Comunicação,Retorno,1
survey-demo,B0068,Processo,Agendamento,1
survey-demo,B0072,Atendimento,Demora,2
survey-demo,B0073,Atendimento,Demora,1
survey-demo,B0073,Comunicação,Retorno,1
survey-demo,B0073,Processo,Agendamento,1
survey-demo,B0074,Atendimento,Cordialidade,1
survey-demo,B0074,Atendimento,Demora,1
survey-demo,B0074,Comunicação,Retorno,1
survey-demo,B0074,Processo,Agendamento,1
survey-demo,B0075,Atendimento,Demora,1
survey-demo,B0075,Comunicação,Retorno,1
survey-demo,B0076,Atendimento,Demora,1
survey-demo,B0076,Comunicação,Retorno,1
survey-demo,B0076,Processo,Agendamento,1
survey-demo,B0077,Atendimento,Demora,1
survey-demo,B0078,Atendimento,Demora,1
survey-demo,B0078,Comunicação,Retorno,1
survey-demo,B0079,Atendimento,Demora,1
survey-demo,B0079,Comunicação,Retorno,1
survey-demo,B0080,Atendimento,Demora,2
survey-demo,B0081,Atendimento,Demora,1
survey-demo,B0081,Comunicação,Retorno,1
survey-demo,B0082,Atendimento,Cordialidade,1
survey-demo,B0082,Atendimento,Demora,1
survey-demo,B0082,Comunicação,Retorno,1
survey-demo,B0082,Processo,Agendamento,1
survey-demo,B0083,Atendimento,Cordialidade,1
survey-demo,B0083,Atendimento,Demora,1
survey-demo,B0083,Comunicação,Retorno,1
survey-demo,B0083,Processo,Agendamento,1
survey-demo,B0084,Atendimento,Demora,1
survey-demo,B0084,Comunicação,Retorno,1
survey-demo,B0085,Atendimento,Demora,1
survey-demo,B0086,Atendimento,Demora,1
survey-demo,B0086,Comunicação,Retorno,1
survey-demo,B0086,Processo,Agendamento,1
survey-demo,B0087,Atendimento,Demora,1
survey-demo,B0087,Comunicação,Retorno,1
survey-demo,B0088,Atendimento,Demora,2
survey-demo,B0091,Atendimento,Cordialidade,1
survey-demo,B0091,Atendimento,Demora,1
survey-demo,B0091,Comunicação,Retorno,1
survey-demo,B0091,Processo,Agendamento,1
survey-demo,B0092,Atendimento,Demora,1
survey-demo,B0092,Comunicação,Retorno,1
survey-demo,B0092,Processo,Agendamento,1
survey-demo,B0093,Atendimento,Cordialidade,1
survey-demo,B0093,Atendimento,Demora,1
survey-demo,B0093,Comunicação,Retorno,1
survey-demo,B0093,Processo,Agendamento,1
survey-demo,B0094,Atendimento,Cordialidade,1
survey-demo,B0094,Atendimento,Demora,1
survey-demo,B0094,Comunicação,Retorno,1
survey-demo,B0094,Processo,Agendamento,1
survey-demo,B0095,Atendimento,Demora,1
survey-demo,B0095,Comunicação,Retorno,1
survey-demo,B0095,Processo,Agendamento,1
survey-demo,B0096,Atendimento,Demora,2
survey-demo,B0097,Atendimento,Demora,1
survey-demo,B0097,Comunicação,Retorno,1
survey-demo,B0098,Atendimento,Demora,1
survey-demo,B0098,Comunicação,Retorno,1
survey-demo,B0099,Atendimento,Demora,1
survey-demo,B0099,Comunicação,Retorno,1
survey-demo,B0099,Processo,Agendamento,1
survey-demo,B0100,Atendimento,Demora,1
survey-demo,B0100,Comunicação,Retorno,1
survey-demo,B0100,Processo,Agendamento,1
survey-demo,B0101,Atendimento,Cordialidade,1
survey-demo,B0101,Atendimento,Demora,1
survey-demo,B0101,Comunicação,Retorno,1
survey-demo,B0101,Processo,Agendamento,1
survey-demo,B0103,Atendimento,Demora,1
survey-demo,B0103,Comunicação,Retorno,1
survey-demo,B0104,Atendimento,Demora,2
survey-demo,B0105,Atendimento,Demora,1
survey-demo,B0105,Comunicação,Retorno,1
survey-demo,B0106,Atendimento,Demora,1
survey-demo,B0106,Comunicação,Retorno,1
survey-demo,B0107,Atendimento,Demora,1
survey-demo,B0107,Comunicação,Retorno,1
survey-demo,B0107,Processo,Agendamento,1
survey-demo,B0109,Atendimento,Cordialidade,1
survey-demo,B0109,Atendimento,Demora,1
survey-demo,B0109,Comunicação,Retorno,1
survey-demo,B0109,Processo,Agendamento,1
survey-demo,B0110,Atendimento,Demora,1
survey-demo,B0110,Comunicação,Retorno,1
survey-demo,B0110,Processo,Agendamento,1
survey-demo,B0111,Atendimento,Cordialidade,1
survey-demo,B0111,Atendimento,Demora,1
survey-demo,B0111,Comunicação,Retorno,1
survey-demo,B0111,Processo,Agendamento,1
survey-demo,B0112,Atendimento,Demora,2
survey-demo,B0113,Atendimento,Cordialidade,1
survey-demo,B0113,Atendimento,Demora,1
survey-demo,B0113,Comunicação,Retorno,1
survey-demo,B0113,Processo,Agendamento,1
survey-demo,B0114,Atendimento,Cordialidade,1
survey-demo,B0114,Atendimento,Demora,1
survey-demo,B0114,Comunicação,Retorno,1
survey-demo,B0114,Processo,Agendamento,1
survey-demo,B0115,Atendimento,Demora,1
survey-demo,B0115,Comunicação,Retorno,1
survey-demo,B0115,Processo,Agendamento,1
survey-demo,B0116,Atendimento,Cordialidade,1
survey-demo,B0116,Atendimento,Demora,1
survey-demo,B0116,Comunicação,Retorno,1
survey-demo,B0116,Processo,Agendamento,1
survey-demo,B0117,Atendimento,Demora,1
survey-demo,B0117,Comunicação,Retorno,1
survey-demo,B0118,Atendimento,Demora,1
survey-demo,B0118,Comunicação,Retorno,1
survey-demo,B0119,Atendimento,Demora,1
survey-demo,B0119,Comunicação,Retorno,1
survey-demo,B0119,Processo,Agendamento,1
survey-demo,B0121,Atendimento,Demora,1
survey-demo,B0121,Comunicação,Retorno,1
survey-demo,B0121,Processo,Agendamento,1
survey-demo,B0122,Atendimento,Demora,1
survey-demo,B0123,Atendimento,Demora,1
survey-demo,B0123,Comunicação,Retorno,1
survey-demo,B0123,Processo,Agendamento,1
survey-demo,B0124,Atendimento,Demora,1
survey-demo,B0125,Atendimento,Demora,1
survey-demo,B0125,Comunicação,Retorno,1
survey-demo,B0126,Atendimento,Demora,1
survey-demo,B0126,Comunicação,Retorno,1
survey-demo,B0127,Atendimento,Cordialidade,1
survey-demo,B0127,Atendimento,Demora,1
survey-demo,B0127,Comunicação,Retorno,1
survey-demo,B0127,Processo,Agendamento,1
survey-demo,B0128,Atendimento,Demora,2
survey-demo,B0129,Atendimento,Demora,1
survey-demo,B0129,Comunicação,Retorno,1
survey-demo,B0130,Atendimento,Cordialidade,1
survey-demo,B0130,Atendimento,Demora,1
survey-demo,B0130,Comunicação,Retorno,1
survey-demo,B0130,Processo,Agendamento,1
survey-demo,B0131,Atendimento,Demora,1
survey-demo,B0134,Atendimento,Cordialidade,1
survey-demo,B0134,Atendimento,Demora,1
survey-demo,B0134,Comunicação,Retorno,1
survey-demo,B0134,Processo,Agendamento,1
survey-demo,B0135,Atendimento,Cordialidade,1
survey-demo,B0135,Atendimento,Demora,1
survey-demo,B0135,Comunicação,Retorno,1
survey-demo,B0135,Processo,Agendamento,1
survey-demo,B0136,Atendimento,Demora,2
survey-demo,B0137,Atendimento,Cordialidade,1
survey-demo,B0137,Atendimento,Demora,1
survey-demo,B0137,Comunicação,Retorno,1
survey-demo,B0137,Processo,Agendamento,1
survey-demo,B0138,Atendimento,Cordialidade,1
survey-demo,B0138,Atendimento,Demora,1
survey-demo,B0138,Comunicação,Retorno,1
survey-demo,B0138,Processo,Agendamento,1
survey-demo,B0139,Atendimento,Demora,1
survey-demo,B0140,Atendimento,Cordialidade,1
survey-demo,B0140,Atendimento,Demora,1
survey-demo,B0140,Comunicação,Retorno,1
survey-demo,B0140,Processo,Agendamento,1
survey-demo,B0141,Atendimento,Demora,1
survey-demo,B0141,Comunicação,Retorno,1
survey-demo,B0142,Atendimento,Demora,1
survey-demo,B0142,Comunicação,Retorno,1
survey-demo,B0142,Processo,Agendamento,1
survey-demo,B0143,Atendimento,Demora,1
survey-demo,B0143,Comunicação,Retorno,1
survey-demo,B0143,Processo,Agendamento,1
survey-demo,B0144,Atendimento,Demora,2
survey-demo,B0145,Atendimento,Demora,1
survey-demo,B0146,Atendimento,Cordialidade,1
survey-demo,B0146,Atendimento,Demora,1
survey-demo,B0146,Comunicação,Retorno,1
survey-demo,B0146,Processo,Agendamento,1
survey-demo,B0147,Atendimento,Demora,1
survey-demo,B0147,Comunicação,Retorno,1
survey-demo,B0148,Atendimento,Cordialidade,1
survey-demo,B0148,Atendimento,Demora,1
survey-demo,B0148,Comunicação,Retorno,1
survey-demo,B0148,Processo,Agendamento,1
survey-demo,B0149,Atendimento,Demora,1
survey-demo,B0149,Comunicação,Retorno,1
survey-demo,B0150,Atendimento,Demora,1
survey-demo,B0150,Comunicação,Retorno,1
survey-demo,B0150,Processo,Agendamento,1
survey-demo,B0153,Atendimento,Demora,1
survey-demo,B0153,Comunicação,Retorno,1
survey-demo,B0153,Processo,Agendamento,1
survey-demo,B0154,Atendimento,Demora,1
survey-demo,B0154,Comunicação,Retorno,1
survey-demo,B0154,Processo,Agendamento,1
survey-demo,B0155,Atendimento,Cordialidade,1
survey-demo,B0155,Atendimento,Demora,1
survey-demo,B0155,Comunicação,Retorno,1
survey-demo,B0155,Processo,Agendamento,1
survey-demo,B0156,Atendimento,Demora,1
survey-demo,B0156,Comunicação,Retorno,1
survey-demo,B0158,Atendimento,Demora,1
survey-demo,B0158,Comunicação,Retorno,1
survey-demo,B0158,Processo,Agendamento,1
survey-demo,B0159,Atendimento,Demora,1
survey-demo,B0159,Comunicação,Retorno,1
survey-demo,B0159,Processo,Agendamento,1
survey-demo,B0160,Atendimento,Demora,2
survey-demo,B0162,Atendimento,Demora,1
survey-demo,B0162,Comunicação,Retorno,1
survey-demo,B0162,Processo,Agendamento,1
survey-demo,B0163,Atendimento,Demora,1
survey-demo,B0163,Comunicação,Retorno,1
survey-demo,B0164,Atendimento,Demora,1
survey-demo,B0164,Comunicação,Retorno,1
survey-demo,B0165,Atendimento,Cordialidade,1
survey-demo,B0165,Atendimento,Demora,1
survey-demo,B0165,Comunicação,Retorno,1
survey-demo,B0165,Processo,Agendamento,1
survey-demo,B0166,Atendimento,Demora,1
survey-demo,B0166,Comunicação,Retorno,1
survey-demo,B0168,Atendimento,Demora,2
survey-demo,B0170,Atendimento,Cordialidade,1
survey-demo,B0170,Atendimento,Demora,1
survey-demo,B0170,Comunicação,Retorno,1
survey-demo,B0170,Processo,Agendamento,1
survey-demo,B0171,Atendimento,Cordialidade,1
survey-demo,B0171,Atendimento,Demora,1
survey-demo,B0171,Comunicação,Retorno,1
survey-demo,B0171,Processo,Agendamento,1
survey-demo,B0172,Atendimento,Demora,1
survey-demo,B0172,Comunicação,Retorno,1
survey-demo,B0172,Processo,Agendamento,1
survey-demo,B0173,Atendimento,Demora,1
survey-demo,B0173,Comunicação,Retorno,1
survey-demo,B0174,Atendimento,Demora,1
survey-demo,B0174,Comunicação,Retorno,1
survey-demo,B0175,Atendimento,Demora,1
survey-demo,B0175,Comunicação,Retorno,1
survey-demo,B0176,Atendimento,Demora,2
survey-demo,B0177,Atendimento,Demora,1
survey-demo,B0177,Comunicação,Retorno,1
survey-demo,B0177,Processo,Agendamento,1
survey-demo,B0178,Atendimento,Cordialidade,1
survey-demo,B0178,Atendimento,Demora,1
survey-demo,B0178,Comunicação,Retorno,1
survey-demo,B0178,Processo,Agendamento,1
survey-demo,B0179,Atendimento,Demora,1
survey-demo,B0180,Atendimento,Demora,1
survey-demo,B0180,Comunicação,Retorno,1
survey-demo,B0181,Atendimento,Demora,1
survey-demo,B0181,Comunicação,Retorno,1
survey-demo,B0182,Atendimento,Cordialidade,1
survey-demo,B0182,Atendimento,Demora,1
survey-demo,B0182,Comunicação,Retorno,1
survey-demo,B0182,Processo,Agendamento,1
survey-demo,B0184,Atendimento,Demora,2
survey-demo,B0186,Atendimento,Demora,1
survey-demo,B0186,Comunicação,Retorno,1
survey-demo,B0186,Processo,Agendamento,1
survey-demo,B0187,Atendimento,Demora,1
survey-demo,B0187,Comunicação,Retorno,1
survey-demo,B0187,Processo,Agendamento,1
survey-demo,B0189,Atendimento,Cordialidade,1
survey-demo,B0189,Atendimento,Demora,1
survey-demo,B0189,Comunicação,Retorno,1
survey-demo,B0189,Processo,Agendamento,1
survey-demo,B0190,Atendimento,Demora,1
survey-demo,B0191,Atendimento,Demora,1
survey-demo,B0191,Comunicação,Retorno,1
survey-demo,B0191,Processo,Agendamento,1
survey-demo,B0192,Atendimento,Demora,2
survey-demo,B0193,Atendimento,Demora,1
survey-demo,B0193,Comunicação,Retorno,1
survey-demo,B0194,Atendimento,Cordialidade,1
survey-demo,B0194,Atendimento,Demora,1
survey-demo,B0194,Comunicação,Retorno,1
survey-demo,B0194,Processo,Agendamento,1
survey-demo,B0196,Atendimento,Cordialidade,1
survey-demo,B0196,Atendimento,Demora,1
survey-demo,B0196,Comunicação,Retorno,1
survey-demo,B0196,Processo,Agendamento,1
survey-demo,B0198,Atendimento,Demora,1
survey-demo,B0198,Comunicação,Retorno,1
survey-demo,B0199,Atendimento,Demora,1
survey-demo,B0199,Comunicação,Retorno,1
survey-demo,B0199,Processo,Agendamento,1
survey-demo,B0200,Atendimento,Demora,2
survey-demo,B0201,Atendimento,Cordialidade,1
survey-demo,B0201,Atendimento,Demora,1
survey-demo,B0201,Comunicação,Retorno,1
survey-demo,B0201,Processo,Agendamento,1
survey-demo,B0202,Atendimento,Demora,1
survey-demo,B0202,Comunicação,Retorno,1
survey-demo,B0202,Processo,Agendamento,1
survey-demo,B0203,Atendimento,Demora,1
survey-demo,B0203,Comunicação,Retorno,1
survey-demo,B0204,Atendimento,Demora,1
survey-demo,B0204,Comunicação,Retorno,1
survey-demo,B0205,Atendimento,Cordialidade,1
survey-demo,B0205,Atendimento,Demora,1
survey-demo,B0205,Comunicação,Retorno,1
survey-demo,B0205,Processo,Agendamento,1
survey-demo,B0206,Atendimento,Demora,1
survey-demo,B0206,Comunicação,Retorno,1
survey-demo,B0207,Atendimento,Demora,1
survey-demo,B0207,Comunicação,Retorno,1
survey-demo,B0208,Atendimento,Demora,2
survey-demo,B0209,Atendimento,Demora,1
survey-demo,B0209,Comunicação,Retorno,1
survey-demo,B0210,Atendimento,Demora,1
survey-demo,B0210,Comunicação,Retorno,1
survey-demo,B0210,Processo,Agendamento,1
survey-demo,B0212,Atendimento,Demora,1
survey-demo,B0212,Comunicação,Retorno,1
survey-demo,B0212,Processo,Agendamento,1
survey-demo,B0214,Atendimento,Cordialidade,1
survey-demo,B0214,Atendimento,Demora,1
survey-demo,B0214,Comunicação,Retorno,1
survey-demo,B0214,Processo,Agendamento,1
survey-demo,B0217,Atendimento,Demora,1
survey-demo,B0217,Comunicação,Retorno,1
survey-demo,B0218,Atendimento,Demora,1
survey-demo,B0219,Atendimento,Demora,1
survey-demo,B0219,Comunicação,Retorno,1
survey-demo,B0220,Atendimento,Demora,1
survey-demo,B0220,Comunicação,Retorno,1
survey-demo,B0220,Processo,Agendamento,1
survey-demo,B0221,Atendimento,Demora,1
survey-demo,B0221,Comunicação,Retorno,1
survey-demo,B0221,Processo,Agendamento,1
survey-demo,B0222,Atendimento,Cordialidade,1
survey-demo,B0222,Atendimento,Demora,1
survey-demo,B0222,Comunicação,Retorno,1
survey-demo,B0222,Processo,Agendamento,1
survey-demo,B0223,Atendimento,Demora,1
survey-demo,B0224,Atendimento,Demora,2
survey-demo,B0225,Atendimento,Demora,1
survey-demo,B0225,Comunicação,Retorno,1
survey-demo,B0225,Processo,Agendamento,1
survey-demo,B0226,Atendimento,Demora,1
survey-demo,B0227,Atendimento,Cordialidade,1
survey-demo,B0227,Atendimento,Demora,1
survey-demo,B0227,Comunicação,Retorno,1
survey-demo,B0227,Processo,Agendamento,1
survey-demo,B0228,Atendimento,Demora,1
survey-demo,B0228,Comunicação,Retorno,1
survey-demo,B0229,Atendimento,Demora,1
survey-demo,B0230,Atendimento,Demora,1
survey-demo,B0230,Comunicação,Retorno,1
survey-demo,B0230,Processo,Agendamento,1
survey-demo,B0232,Atendimento,Demora,2
survey-demo,B0233,Atendimento,Demora,1
survey-demo,B0233,Comunicação,Retorno,1
survey-demo,B0235,Atendimento,Demora,1
survey-demo,B0235,Comunicação,Retorno,1
survey-demo,B0235,Processo,Agendamento,1
survey-demo,B0236,Atendimento,Demora,1
survey-demo,B0236,Comunicação,Retorno,1
survey-demo,B0236,Processo,Agendamento,1
survey-demo,B0237,Atendimento,Demora,1
survey-demo,B0237,Comunicação,Retorno,1
survey-demo,B0239,Atendimento,Demora,1
survey-demo,B0239,Comunicação,Retorno,1
survey-demo,B0240,Atendimento,Demora,2
survey-demo,B0241,Atendimento,Demora,1
survey-demo,B0241,Comunicação,Retorno,1
survey-demo,B0242,Atendimento,Demora,1
survey-demo,B0243,Atendimento,Demora,1
survey-demo,B0244,Atendimento,Cordialidade,1
survey-demo,B0244,Atendimento,Demora,1
survey-demo,B0244,Comunicação,Retorno,1
survey-demo,B0244,Processo,Agendamento,1
survey-demo,B0245,Atendimento,Demora,1
survey-demo,B0245,Comunicação,Retorno,1
survey-demo,B0246,Atendimento,Demora,1
survey-demo,B0246,Comunicação,Retorno,1
survey-demo,B0247,Atendimento,Demora,1
survey-demo,B0247,Comunicação,Retorno,1
survey-demo,B0248,Atendimento,Demora,2
survey-demo,B0249,Atendimento,Demora,1
survey-demo,B0249,Comunicação,Retorno,1
survey-demo,B0249,Processo,Agendamento,1
survey-demo,B0250,Atendimento,Demora,1
survey-demo,B0250,Comunicação,Retorno,1
survey-demo,B0251,Atendimento,Demora,1
survey-demo,B0251,Comunicação,Retorno,1
survey-demo,B0252,Atendimento,Demora,1
survey-demo,B0253,Atendimento,Demora,1
survey-demo,B0253,Comunicação,Retorno,1
survey-demo,B0254,Atendimento,Demora,1
survey-demo,B0255,Atendimento,Demora,1
survey-demo,B0255,Comunicação,Retorno,1
survey-demo,B0255,Processo,Agendamento,1
survey-demo,B0256,Atendimento,Demora,2
survey-demo,B0257,Atendimento,Demora,1
survey-demo,B0258,Atendimento,Demora,1
survey-demo,B0260,Atendimento,Demora,1
survey-demo,B0260,Comunicação,Retorno,1
survey-demo,B0260,Processo,Agendamento,1
survey-demo,B0261,Atendimento,Demora,1
survey-demo,B0261,Comunicação,Retorno,1
survey-demo,B0262,Atendimento,Demora,1
survey-demo,B0262,Comunicação,Retorno,1
survey-demo,B0263,Atendimento,Cordialidade,1
survey-demo,B0263,Atendimento,Demora,1
survey-demo,B0263,Comunicação,Retorno,1
survey-demo,B0263,Processo,Agendamento,1
survey-demo,B0264,Atendimento,Demora,2
survey-demo,B0265,Atendimento,Demora,1
survey-demo,B0265,Comunicação,Retorno,1
survey-demo,B0266,Atendimento,Demora,1
survey-demo,B0266,Comunicação,Retorno,1
survey-demo,B0267,Atendimento,Demora,1
survey-demo,B0268,Atendimento,Demora,1
survey-demo,B0268,Comunicação,Retorno,1
survey-demo,B0269,Atendimento,Demora,1
survey-demo,B0270,Atendimento,Demora,1
survey-demo,B0270,Comunicação,Retorno,1
survey-demo,B0271,Atendimento,Demora,1
survey-demo,B0271,Comunicação,Retorno,1
survey-demo,B0272,Atendimento,Demora,2
survey-demo,B0274,Atendimento,Demora,1
survey-demo,B0274,Comunicação,Retorno,1
survey-demo,B0275,Atendimento,Demora,1
survey-demo,B0275,Comunicação,Retorno,1
survey-demo,B0276,Atendimento,Cordialidade,1
survey-demo,B0276,Atendimento,Demora,1
survey-demo,B0276,Comunicação,Retorno,1
survey-demo,B0276,Processo,Agendamento,1
survey-demo,B0278,Atendimento,Demora,1
survey-demo,B0278,Comunicação,Retorno,1
survey-demo,B0279,Atendimento,Demora,1
survey-demo,B0279,Comunicação,Retorno,1
survey-demo,B0280,Atendimento,Demora,2
survey-demo,B0281,Atendimento,Cordialidade,1
survey-demo,B0281,Atendimento,Demora,1
survey-demo,B0281,Comunicação,Retorno,1
survey-demo,B0281,Processo,Agendamento,1
survey-demo,B0282,Atendimento,Cordialidade,1
survey-demo,B0282,Atendimento,Demora,1
survey-demo,B0282,Comunicação,Retorno,1
survey-demo,B0282,Processo,Agendamento,1
survey-demo,B0283,Atendimento,Demora,1
survey-demo,B0283,Comunicação,Retorno,1
survey-demo,B0284,Atendimento,Demora,1
survey-demo,B0284,Comunicação,Retorno,1
survey-demo,B0284,Processo,Agendamento,1
survey-demo,B0285,Atendimento,Demora,1
survey-demo,B0285,Comunicação,Retorno,1
survey-demo,B0286,Atendimento,Demora,1
survey-demo,B0286,Comunicação,Retorno,1
survey-demo,B0287,Atendimento,Demora,1
survey-demo,B0289,Atendimento,Demora,1
survey-demo,B0289,Comunicação,Retorno,1
survey-demo,B0289,Processo,Agendamento,1
survey-demo,B0290,Atendimento,Cordialidade,1
survey-demo,B0290,Atendimento,Demora,1
survey-demo,B0290,Comunicação,Retorno,1
survey-demo,B0290,Processo,Agendamento,1
survey-demo,B0291,Atendimento,Cordialidade,1
survey-demo,B0291,Atendimento,Demora,1
survey-demo,B0291,Comunicação,Retorno,1
survey-demo,B0291,Processo,Agendamento,1
survey-demo,B0292,Atendimento,Demora,1
survey-demo,B0292,Comunicação,Retorno,1
survey-demo,B0292,Processo,Agendamento,1
survey-demo,B0293,Atendimento,Demora,1
survey-demo,B0293,Comunicação,Retorno,1
survey-demo,B0294,Atendimento,Demora,1
survey-demo,B0295,Atendimento,Demora,1
survey-demo,B0295,Comunicação,Retorno,1
survey-demo,B0297,Atendimento,Demora,1
survey-demo,B0297,Comunicação,Retorno,1
survey-demo,B0297,Processo,Agendamento,1
survey-demo,B0298,Atendimento,Demora,1
survey-demo,B0299,Atendimento,Demora,1
survey-demo,B0300,Atendimento,Cordialidade,1
survey-demo,B0300,Atendimento,Demora,1
survey-demo,B0300,Comunicação,Retorno,1
survey-demo,B0300,Processo,Agendamento,1
survey-demo,B0301,Atendimento,Demora,1
survey-demo,B0302,Atendimento,Demora,1
survey-demo,B0302,Comunicação,Retorno,1
survey-demo,B0303,Atendimento,Demora,1
survey-demo,B0303,Comunicação,Retorno,1
survey-demo,B0304,Atendimento,Demora,2
survey-demo,B0308,Atendimento,Demora,1
survey-demo,B0308,Comunicação,Retorno,1
survey-demo,B0308,Processo,Agendamento,1
survey-demo,B0309,Atendimento,Demora,1
survey-demo,B0309,Comunicação,Retorno,1
survey-demo,B0309,Processo,Agendamento,1
survey-demo,B0310,Atendimento,Demora,1
survey-demo,B0310,Comunicação,Retorno,1
survey-demo,B0310,Processo,Agendamento,1
survey-demo,B0313,Atendimento,Cordialidade,1
survey-demo,B0313,Atendimento,Demora,1
survey-demo,B0313,Comunicação,Retorno,1
survey-demo,B0313,Processo,Agendamento,1
survey-demo,B0314,Atendimento,Demora,1
survey-demo,B0315,Atendimento,Demora,1
survey-demo,B0315,Comunicação,Retorno,1
survey-demo,B0316,Atendimento,Demora,1
survey-demo,B0316,Comunicação,Retorno,1
survey-demo,B0317,Atendimento,Demora,1
survey-demo,B0318,Atendimento,Demora,1
survey-demo,B0318,Comunicação,Retorno,1
survey-demo,B0320,Atendimento,Demora,2
survey-demo,B0321,Atendimento,Cordialidade,1
survey-demo,B0321,Atendimento,Demora,1
survey-demo,B0321,Comunicação,Retorno,1
survey-demo,B0321,Processo,Agendamento,1
survey-demo,B0323,Atendimento,Demora,1
survey-demo,B0324,Atendimento,Demora,1
survey-demo,B0324,Comunicação,Retorno,1
survey-demo,B0325,Atendimento,Cordialidade,1
survey-demo,B0325,Atendimento,Demora,1
survey-demo,B0325,Comunicação,Retorno,1
survey-demo,B0325,Processo,Agendamento,1
survey-demo,B0326,Atendimento,Cordialidade,1
survey-demo,B0326,Atendimento,Demora,1
survey-demo,B0326,Comunicação,Retorno,1
survey-demo,B0326,Processo,Agendamento,1
survey-demo,B0327,Atendimento,Demora,1
survey-demo,B0327,Comunicação,Retorno,1
survey-demo,B0327,Processo,Agendamento,1
survey-demo,B0328,Atendimento,Demora,2
survey-demo,B0329,Atendimento,Cordialidade,1
survey-demo,B0329,Atendimento,Demora,1
survey-demo,B0329,Comunicação,Retorno,1
survey-demo,B0329,Processo,Agendamento,1
survey-demo,B0330,Atendimento,Demora,1
survey-demo,B0330,Comunicação,Retorno,1
survey-demo,B0330,Processo,Agendamento,1
survey-demo,B0331,Atendimento,Demora,1
survey-demo,B0331,Comunicação,Retorno,1
survey-demo,B0331,Processo,Agendamento,1
survey-demo,B0332,Atendimento,Demora,1
survey-demo,B0332,Comunicação,Retorno,1
survey-demo,B0333,Atendimento,Demora,1
survey-demo,B0334,Atendimento,Demora,1
survey-demo,B0334,Comunicação,Retorno,1
survey-demo,B0334,Processo,Agendamento,1
survey-demo,B0335,Atendimento,Demora,1
survey-demo,B0335,Comunicação,Retorno,1
survey-demo,B0337,Atendimento,Demora,1
survey-demo,B0337,Comunicação,Retorno,1
survey-demo,B0338,Atendimento,Demora,1
survey-demo,B0338,Comunicação,Retorno,1
survey-demo,B0338,Processo,Agendamento,1
survey-demo,B0339,Atendimento,Demora,1
survey-demo,B0340,Atendimento,Demora,1
survey-demo,B0340,Comunicação,Retorno,1
survey-demo,B0343,Atendimento,Demora,1
survey-demo,B0344,Atendimento,Demora,2
survey-demo,B0345,Atendimento,Cordialidade,1
survey-demo,B0345,Atendimento,Demora,1
survey-demo,B0345,Comunicação,Retorno,1
survey-demo,B0345,Processo,Agendamento,1
survey-demo,B0346,Atendimento,Cordialidade,1
survey-demo,B0346,Atendimento,Demora,1
survey-demo,B0346,Comunicação,Retorno,1
survey-demo,B0346,Processo,Agendamento,1
survey-demo,B0347,Atendimento,Demora,1
survey-demo,B0347,Comunicação,Retorno,1
survey-demo,B0349,Atendimento,Demora,1
survey-demo,B0349,Comunicação,Retorno,1
survey-demo,B0350,Atendimento,Cordialidade,1
survey-demo,B0350,Atendimento,Demora,1
survey-demo,B0350,Comunicação,Retorno,1
survey-demo,B0350,Processo,Agendamento,1
survey-demo,B0351,Atendimento,Demora,1
survey-demo,B0351,Comunicação,Retorno,1
survey-demo,B0351,Processo,Agendamento,1
survey-demo,B0352,Atendimento,Demora,2
survey-demo,B0353,Atendimento,Demora,1
survey-demo,B0353,Comunicação,Retorno,1
survey-demo,B0353,Processo,Agendamento,1
survey-demo,B0355,Atendimento,Demora,1
survey-demo,B0355,Comunicação,Retorno,1
survey-demo,B0356,Atendimento,Demora,1
survey-demo,B0356,Comunicação,Retorno,1
survey-demo,B0358,Atendimento,Demora,1
survey-demo,B0359,Atendimento,Demora,1
survey-demo,B0359,Comunicação,Retorno,1
survey-demo,B0360,Atendimento,Demora,2
survey-demo,B0361,Atendimento,Demora,1
survey-demo,B0361,Comunicação,Retorno,1
survey-demo,B0362,Atendimento,Cordialidade,1
survey-demo,B0362,Atendimento,Demora,1
survey-demo,B0362,Comunicação,Retorno,1
survey-demo,B0362,Processo,Agendamento,1
survey-demo,B0363,Atendimento,Cordialidade,1
survey-demo,B0363,Atendimento,Demora,1
survey-demo,B0363,Comunicação,Retorno,1
survey-demo,B0363,Processo,Agendamento,1
survey-demo,B0364,Atendimento,Demora,1
survey-demo,B0364,Comunicação,Retorno,1
survey-demo,B0365,Atendimento,Demora,1
survey-demo,B0365,Comunicação,Retorno,1
survey-demo,B0366,Atendimento,Demora,1
survey-demo,B0368,Atendimento,Demora,2
survey-demo,B0370,Atendimento,Demora,1
survey-demo,B0370,Comunicação,Retorno,1
survey-demo,B0371,Atendimento,Cordialidade,1
survey-demo,B0371,Atendimento,Demora,1
survey-demo,B0371,Comunicação,Retorno,1
survey-demo,B0371,Processo,Agendamento,1
survey-demo,B0372,Atendimento,Demora,1
survey-demo,B0373,Atendimento,Demora,1
survey-demo,B0373,Comunicação,Retorno,1
survey-demo,B0375,Atendimento,Cordialidade,1
survey-demo,B0375,Atendimento,Demora,1
survey-demo,B0375,Comunicação,Retorno,1
survey-demo,B0375,Processo,Agendamento,1
survey-demo,B0376,Atendimento,Demora,2
survey-demo,B0377,Atendimento,Demora,1
survey-demo,B0377,Comunicação,Retorno,1
survey-demo,B0377,Processo,Agendamento,1
survey-demo,B0378,Atendimento,Demora,1
survey-demo,B0378,Comunicação,Retorno,1
survey-demo,B0379,Atendimento,Demora,1
survey-demo,B0379,Comunicação,Retorno,1
survey-demo,B0379,Processo,Agendamento,1
survey-demo,B0380,Atendimento,Demora,1
survey-demo,B0380,Comunicação,Retorno,1
survey-demo,B0380,Processo,Agendamento,1
survey-demo,B0381,Atendimento,Demora,1
survey-demo,B0381,Comunicação,Retorno,1
survey-demo,B0382,Atendimento,Demora,1
survey-demo,B0382,Comunicação,Retorno,1
survey-demo,B0383,Atendimento,Demora,1
survey-demo,B0383,Comunicação,Retorno,1
survey-demo,B0384,Atendimento,Demora,2
survey-demo,B0385,Atendimento,Demora,1
survey-demo,B0385,Comunicação,Retorno,1
survey-demo,B0386,Atendimento,Demora,1
survey-demo,B0386,Comunicação,Retorno,1
survey-demo,B0387,Atendimento,Demora,1
survey-demo,B0387,Comunicação,Retorno,1
survey-demo,B0388,Atendimento,Cordialidade,1
survey-demo,B0388,Atendimento,Demora,1
survey-demo,B0388,Comunicação,Retorno,1
survey-demo,B0388,Processo,Agendamento,1
survey-demo,B0389,Atendimento,Demora,1
survey-demo,B0389,Comunicação,Retorno,1
survey-demo,B0389,Processo,Agendamento,1
survey-demo,B0390,Atendimento,Demora,1
survey-demo,B0390,Comunicação,Retorno,1
survey-demo,B0390,Processo,Agendamento,1
survey-demo,B0391,Atendimento,Cordialidade,1
survey-demo,B0391,Atendimento,Demora,1
survey-demo,B0391,Comunicação,Retorno,1
survey-demo,B0391,Processo,Agendamento,1
survey-demo,B0392,Atendimento,Demora,2
survey-demo,B0393,Atendimento,Demora,1
survey-demo,B0393,Comunicação,Retorno,1
survey-demo,B0394,Atendimento,Demora,1
survey-demo,B0394,Comunicação,Retorno,1
survey-demo,B0394,Processo,Agendamento,1
survey-demo,B0395,Atendimento,Demora,1
survey-demo,B0395,Comunicação,Retorno,1
survey-demo,B0395,Processo,Agendamento,1
survey-demo,B0397,Atendimento,Demora,1
survey-demo,B0397,Comunicação,Retorno,1
survey-demo,B0397,Processo,Agendamento,1
survey-demo,B0398,Atendimento,Demora,1
survey-demo,B0398,Comunicação,Retorno,1
survey-demo,B0399,Atendimento,Demora,1
survey-demo,B0399,Comunicação,Retorno,1
survey-demo,B0400,Atendimento,Demora,2
survey-demo,B0401,Atendimento,Demora,1
survey-demo,B0401,Comunicação,Retorno,1
survey-demo,B0402,Atendimento,Demora,1
survey-demo,B0403,Atendimento,Demora,1
survey-demo,B0403,Comunicação,Retorno,1
survey-demo,B0404,Atendimento,Demora,1
survey-demo,B0405,Atendimento,Demora,1
survey-demo,B0406,Atendimento,Demora,1
survey-demo,B0406,Comunicação,Retorno,1
survey-demo,B0407,Atendimento,Demora,1
survey-demo,B0407,Comunicação,Retorno,1
survey-demo,B0408,Atendimento,Demora,2
survey-demo,B0409,Atendimento,Demora,1
survey-demo,B0409,Comunicação,Retorno,1
survey-demo,B0409,Processo,Agendamento,1
survey-demo,B0410,Atendimento,Demora,1
survey-demo,B0411,Atendimento,Demora,1
survey-demo,B0412,Atendimento,Demora,1
survey-demo,B0412,Comunicação,Retorno,1
survey-demo,B0413,Atendimento,Demora,1
survey-demo,B0413,Comunicação,Retorno,1
survey-demo,B0413,Processo,Agendamento,1
survey-demo,B0414,Atendimento,Demora,1
survey-demo,B0414,Comunicação,Retorno,1
survey-demo,B0415,Atendimento,Demora,1
survey-demo,B0415,Comunicação,Retorno,1
survey-demo,B0416,Atendimento,Demora,2
survey-demo,B0418,Atendimento,Cordialidade,1
survey-demo,B0418,Atendimento,Demora,1
survey-demo,B0418,Comunicação,Retorno,1
survey-demo,B0418,Processo,Agendamento,1
survey-demo,B0419,Atendimento,Demora,1
survey-demo,B0421,Atendimento,Demora,1
survey-demo,B0421,Comunicação,Retorno,1
survey-demo,B0422,Atendimento,Demora,1
survey-demo,B0422,Comunicação,Retorno,1
survey-demo,B0423,Atendimento,Demora,1
survey-demo,B0423,Comunicação,Retorno,1
survey-demo,B0424,Atendimento,Demora,2
survey-demo,B0425,Atendimento,Demora,1
survey-demo,B0425,Comunicação,Retorno,1
survey-demo,B0426,Atendimento,Demora,1
survey-demo,B0426,Comunicação,Retorno,1
survey-demo,B0427,Atendimento,Demora,1
survey-demo,B0428,Atendimento,Demora,1
survey-demo,B0428,Comunicação,Retorno,1
survey-demo,B0430,Atendimento,Demora,1
survey-demo,B0430,Comunicação,Retorno,1
survey-demo,B0431,Atendimento,Demora,1
survey-demo,B0431,Comunicação,Retorno,1
survey-demo,B0432,Atendimento,Demora,2
survey-demo,B0433,Atendimento,Demora,1
survey-demo,B0433,Comunicação,Retorno,1
survey-demo,B0434,Atendimento,Demora,1
survey-demo,B0434,Comunicação,Retorno,1
survey-demo,B0435,Atendimento,Cordialidade,1
survey-demo,B0435,Atendimento,Demora,1
survey-demo,B0435,Comunicação,Retorno,1
survey-demo,B0435,Processo,Agendamento,1
survey-demo,B0437,Atendimento,Cordialidade,1
survey-demo,B0437,Atendimento,Demora,1
survey-demo,B0437,Comunicação,Retorno,1
survey-demo,B0437,Processo,Agendamento,1
survey-demo,B0439,Atendimento,Demora,1
survey-demo,B0439,Comunicação,Retorno,1
survey-demo,B0439,Processo,Agendamento,1
survey-demo,B0440,Atendimento,Demora,2
survey-demo,B0441,Atendimento,Demora,1
survey-demo,B0441,Comunicação,Retorno,1
survey-demo,B0442,Atendimento,Demora,1
survey-demo,B0442,Comunicação,Retorno,1
survey-demo,B0443,Atendimento,Demora,1
survey-demo,B0443,Comunicação,Retorno,1
survey-demo,B0444,Atendimento,Demora,1
survey-demo,B0444,Comunicação,Retorno,1
survey-demo,B0444,Processo,Agendamento,1
survey-demo,B0445,Atendimento,Demora,1
survey-demo,B0445,Comunicação,Retorno,1
survey-demo,B0446,Atendimento,Demora,1
survey-demo,B0446,Comunicação,Retorno,1
survey-demo,B0447,Atendimento,Demora,1
survey-demo,B0447,Comunicação,Retorno,1
survey-demo,B0447,Processo,Agendamento,1
survey-demo,B0448,Atendimento,Demora,2
survey-demo,B0449,Atendimento,Demora,1
survey-demo,B0449,Comunicação,Retorno,1
survey-demo,B0450,Atendimento,Demora,1
survey-demo,B0450,Comunicação,Retorno,1
survey-demo,B0451,Atendimento,Cordialidade,1
survey-demo,B0451,Atendimento,Demora,1
survey-demo,B0451,Comunicação,Retorno,1
survey-demo,B0451,Processo,Agendamento,1
survey-demo,B0452,Atendimento,Demora,1
survey-demo,B0452,Comunicação,Retorno,1
survey-demo,B0452,Processo,Agendamento,1
survey-demo,B0453,Atendimento,Demora,1
survey-demo,B0454,Atendimento,Demora,1
survey-demo,B0454,Comunicação,Retorno,1
survey-demo,B0456,Atendimento,Demora,2
survey-demo,B0457,Atendimento,Demora,1
survey-demo,B0457,Comunicação,Retorno,1
survey-demo,B0458,Atendimento,Demora,1
survey-demo,B0458,Comunicação,Retorno,1
survey-demo,B0459,Atendimento,Demora,1
survey-demo,B0459,Comunicação,Retorno,1
survey-demo,B0460,Atendimento,Demora,1
survey-demo,B0461,Atendimento,Demora,1
survey-demo,B0461,Comunicação,Retorno,1
survey-demo,B0462,Atendimento,Demora,1
survey-demo,B0462,Comunicação,Retorno,1
survey-demo,B0462,Processo,Agendamento,1
survey-demo,B0463,Atendimento,Demora,1
survey-demo,B0464,Atendimento,Demora,2
survey-demo,B0465,Atendimento,Demora,1
survey-demo,B0465,Comunicação,Retorno,1
survey-demo,B0465,Processo,Agendamento,1
survey-demo,B0466,Atendimento,Demora,1
survey-demo,B0466,Comunicação,Retorno,1
survey-demo,B0467,Atendimento,Demora,1
survey-demo,B0467,Comunicação,Retorno,1
survey-demo,B0468,Atendimento,Demora,1
survey-demo,B0468,Comunicação,Retorno,1
survey-demo,B0469,Atendimento,Demora,1
survey-demo,B0469,Comunicação,Retorno,1
survey-demo,B0469,Processo,Agendamento,1
survey-demo,B0470,Atendimento,Demora,1
survey-demo,B0470,Comunicação,Retorno,1
survey-demo,B0471,Atendimento,Cordialidade,1
survey-demo,B0471,Atendimento,Demora,1
survey-demo,B0471,Comunicação,Retorno,1
survey-demo,B0471,Processo,Agendamento,1
survey-demo,B0473,Atendimento,Demora,1
survey-demo,B0473,Comunicação,Retorno,1
survey-demo,B0474,Atendimento,Demora,1
survey-demo,B0475,Atendimento,Cordialidade,1
survey-demo,B0475,Atendimento,Demora,1
survey-demo,B0475,Comunicação,Retorno,1
survey-demo,B0475,Processo,Agendamento,1
survey-demo,B0477,Atendimento,Cordialidade,1
survey-demo,B0477,Atendimento,Demora,1
survey-demo,B0477,Comunicação,Retorno,1
survey-demo,B0477,Processo,Agendamento,1
survey-demo,B0478,Atendimento,Cordialidade,1
survey-demo,B0478,Atendimento,Demora,1
survey-demo,B0478,Comunicação,Retorno,1
survey-demo,B0478,Processo,Agendamento,1
survey-demo,B0479,Atendimento,Demora,1
survey-demo,B0479,Comunicação,Retorno,1
survey-demo,B0479,Processo,Agendamento,1
survey-demo,B0480,Atendimento,Demora,2
survey-demo,B0481,Atendimento,Cordialidade,1
survey-demo,B0481,Atendimento,Demora,1
survey-demo,B0481,Comunicação,Retorno,1
survey-demo,B0481,Processo,Agendamento,1
survey-demo,B0482,Atendimento,Demora,1
survey-demo,B0482,Comunicação,Retorno,1
survey-demo,B0482,Processo,Agendamento,1
survey-demo,B0483,Atendimento,Demora,1
survey-demo,B0483,Comunicação,Retorno,1
survey-demo,B0484,Atendimento,Cordialidade,1
survey-demo,B0484,Atendimento,Demora,1
survey-demo,B0484,Comunicação,Retorno,1
survey-demo,B0484,Processo,Agendamento,1
survey-demo,B0486,Atendimento,Demora,1
survey-demo,B0486,Comunicação,Retorno,1
survey-demo,B0486,Processo,Agendamento,1
survey-demo,B0487,Atendimento,Cordialidade,1
survey-demo,B0487,Atendimento,Demora,1
survey-demo,B0487,Comunicação,Retorno,1
survey-demo,B0487,Processo,Agendamento,1
survey-demo,B0490,Atendimento,Demora,1
survey-demo,B0490,Comunicação,Retorno,1
survey-demo,B0491,Atendimento,Demora,1
survey-demo,B0492,Atendimento,Demora,1
survey-demo,B0493,Atendimento,Demora,1
survey-demo,B0494,Atendimento,Demora,1
survey-demo,B0494,Comunicação,Retorno,1
survey-demo,B0494,Processo,Agendamento,1
survey-demo,B0495,Atendimento,Demora,1
survey-demo,B0495,Comunicação,Retorno,1
survey-demo,B0495,Processo,Agendamento,1
survey-demo,B0496,Atendimento,Demora,2
survey-demo,B0497,Atendimento,Demora,1
survey-demo,B0497,Comunicação,Retorno,1
survey-demo,B0497,Processo,Agendamento,1
survey-demo,B0499,Atendimento,Demora,1
survey-demo,B0499,Comunicação,Retorno,1
survey-demo,B0500,Atendimento,Demora,1
survey-demo,B0501,Atendimento,Cordialidade,1
survey-demo,B0501,Atendimento,Demora,1
survey-demo,B0501,Comunicação,Retorno,1
survey-demo,B0501,Processo,Agendamento,1
survey-demo,B0502,Atendimento,Demora,1
survey-demo,B0502,Comunicação,Retorno,1
survey-demo,B0503,Atendimento,Demora,1
survey-demo,B0503,Comunicação,Retorno,1
survey-demo,B0504,Atendimento,Demora,2
survey-demo,B0505,Atendimento,Demora,1
survey-demo,B0505,Comunicação,Retorno,1
survey-demo,B0506,Atendimento,Demora,1
survey-demo,B0506,Comunicação,Retorno,1
survey-demo,B0507,Atendimento,Demora,1
survey-demo,B0508,Atendimento,Cordialidade,1
survey-demo,B0508,Atendimento,Demora,1
survey-demo,B0508,Comunicação,Retorno,1
survey-demo,B0508,Processo,Agendamento,1
survey-demo,B0509,Atendimento,Demora,1
survey-demo,B0509,Comunicação,Retorno,1
survey-demo,B0510,Atendimento,Demora,1
survey-demo,B0510,Comunicação,Retorno,1
survey-demo,B0512,Atendimento,Demora,2
survey-demo,B0513,Atendimento,Demora,1
survey-demo,B0513,Comunicação,Retorno,1
survey-demo,B0513,Processo,Agendamento,1
survey-demo,B0515,Atendimento,Demora,1
survey-demo,B0516,Atendimento,Demora,1
survey-demo,B0516,Comunicação,Retorno,1
survey-demo,B0516,Processo,Agendamento,1
survey-demo,B0517,Atendimento,Demora,1
survey-demo,B0517,Comunicação,Retorno,1
survey-demo,B0519,Atendimento,Demora,1
survey-demo,B0520,Atendimento,Demora,2
survey-demo,B0521,Atendimento,Cordialidade,1
survey-demo,B0521,Atendimento,Demora,1
survey-demo,B0521,Comunicação,Retorno,1
survey-demo,B0521,Processo,Agendamento,1
survey-demo,B0522,Atendimento,Demora,1
survey-demo,B0522,Comunicação,Retorno,1
survey-demo,B0522,Processo,Agendamento,1
survey-demo,B0524,Atendimento,Demora,1
survey-demo,B0524,Comunicação,Retorno,1
survey-demo,B0524,Processo,Agendamento,1
survey-demo,B0525,Atendimento,Demora,1
survey-demo,B0525,Comunicação,Retorno,1
survey-demo,B0525,Processo,Agendamento,1
survey-demo,B0526,Atendimento,Demora,1
survey-demo,B0526,Comunicação,Retorno,1
survey-demo,B0527,Atendimento,Demora,1
survey-demo,B0528,Atendimento,Demora,2
survey-demo,B0529,Atendimento,Demora,1
survey-demo,B0529,Comunicação,Retorno,1
survey-demo,B0529,Processo,Agendamento,1
survey-demo,B0530,Atendimento,Demora,1
survey-demo,B0530,Comunicação,Retorno,1
survey-demo,B0531,Atendimento,Demora,1
survey-demo,B0531,Comunicação,Retorno,1
survey-demo,B0532,Atendimento,Cordialidade,1
survey-demo,B0532,Atendimento,Demora,1
survey-demo,B0532,Comunicação,Retorno,1
survey-demo,B0532,Processo,Agendamento,1
survey-demo,B0534,Atendimento,Demora,1
survey-demo,B0534,Comunicação,Retorno,1
survey-demo,B0534,Processo,Agendamento,1
survey-demo,B0535,Atendimento,Demora,1
survey-demo,B0535,Comunicação,Retorno,1
survey-demo,B0536,Atendimento,Demora,2
survey-demo,B0538,Atendimento,Cordialidade,1
survey-demo,B0538,Atendimento,Demora,1
survey-demo,B0538,Comunicação,Retorno,1
survey-demo,B0538,Processo,Agendamento,1
survey-demo,B0539,Atendimento,Demora,1
survey-demo,B0540,Atendimento,Demora,1
survey-demo,B0540,Comunicação,Retorno,1
survey-demo,B0540,Processo,Agendamento,1
survey-demo,B0541,Atendimento,Demora,1
survey-demo,B0541,Comunicação,Retorno,1
survey-demo,B0541,Processo,Agendamento,1
survey-demo,B0542,Atendimento,Demora,1
survey-demo,B0542,Comunicação,Retorno,1
survey-demo,B0542,Processo,Agendamento,1
survey-demo,B0544,Atendimento,Demora,2
survey-demo,B0545,Atendimento,Demora,1
survey-demo,B0545,Comunicação,Retorno,1
survey-demo,B0545,Processo,Agendamento,1
survey-demo,B0546,Atendimento,Cordialidade,1
survey-demo,B0546,Atendimento,Demora,1
survey-demo,B0546,Comunicação,Retorno,1
survey-demo,B0546,Processo,Agendamento,1
survey-demo,B0547,Atendimento,Demora,1
survey-demo,B0548,Atendimento,Demora,1
survey-demo,B0548,Comunicação,Retorno,1
survey-demo,B0549,Atendimento,Demora,1
survey-demo,B0549,Comunicação,Retorno,1
survey-demo,B0549,Processo,Agendamento,1
survey-demo,B0550,Atendimento,Demora,1
survey-demo,B0551,Atendimento,Cordialidade,1
survey-demo,B0551,Atendimento,Demora,1
survey-demo,B0551,Comunicação,Retorno,1
survey-demo,B0551,Processo,Agendamento,1
survey-demo,B0554,Atendimento,Demora,1
survey-demo,B0554,Comunicação,Retorno,1
survey-demo,B0554,Processo,Agendamento,1
survey-demo,B0555,Atendimento,Demora,1
survey-demo,B0555,Comunicação,Retorno,1
survey-demo,B0556,Atendimento,Demora,1
survey-demo,B0556,Comunicação,Retorno,1
survey-demo,B0558,Atendimento,Demora,1
survey-demo,B0559,Atendimento,Demora,1
survey-demo,B0559,Comunicação,Retorno,1
survey-demo,B0560,Atendimento,Demora,2
survey-demo,B0561,Atendimento,Demora,1
survey-demo,B0561,Comunicação,Retorno,1
survey-demo,B0561,Processo,Agendamento,1
survey-demo,B0562,Atendimento,Demora,1
survey-demo,B0562,Comunicação,Retorno,1
survey-demo,B0562,Processo,Agendamento,1
survey-demo,B0563,Atendimento,Demora,1
survey-demo,B0563,Comunicação,Retorno,1
survey-demo,B0564,Atendimento,Demora,1
survey-demo,B0564,Comunicação,Retorno,1
survey-demo,B0565,Atendimento,Demora,1
survey-demo,B0566,Atendimento,Demora,1
survey-demo,B0567,Atendimento,Cordialidade,1
survey-demo,B0567,Atendimento,Demora,1
survey-demo,B0567,Comunicação,Retorno,1
survey-demo,B0567,Processo,Agendamento,1
survey-demo,B0568,Atendimento,Demora,2
survey-demo,B0569,Atendimento,Demora,1
survey-demo,B0569,Comunicação,Retorno,1
survey-demo,B0569,Processo,Agendamento,1
survey-demo,B0570,Atendimento,Cordialidade,1
survey-demo,B0570,Atendimento,Demora,1
survey-demo,B0570,Comunicação,Retorno,1
survey-demo,B0570,Processo,Agendamento,1
survey-demo,B0571,Atendimento,Demora,1
survey-demo,B0571,Comunicação,Retorno,1
survey-demo,B0572,Atendimento,Cordialidade,1
survey-demo,B0572,Atendimento,Demora,1
survey-demo,B0572,Comunicação,Retorno,1
survey-demo,B0572,Processo,Agendamento,1
survey-demo,B0573,Atendimento,Cordialidade,1
survey-demo,B0573,Atendimento,Demora,1
survey-demo,B0573,Comunicação,Retorno,1
survey-demo,B0573,Processo,Agendamento,1
survey-demo,B0574,Atendimento,Demora,1
survey-demo,B0574,Comunicação,Retorno,1
survey-demo,B0576,Atendimento,Demora,2
survey-demo,B0577,Atendimento,Demora,1
survey-demo,B0578,Atendimento,Demora,1
survey-demo,B0579,Atendimento,Demora,1
survey-demo,B0580,Atendimento,Demora,1
survey-demo,B0580,Comunicação,Retorno,1
survey-demo,B0580,Processo,Agendamento,1
survey-demo,B0581,Atendimento,Demora,1
survey-demo,B0581,Comunicação,Retorno,1
survey-demo,B0581,Processo,Agendamento,1
survey-demo,B0583,Atendimento,Demora,1
survey-demo,B0583,Comunicação,Retorno,1
survey-demo,B0584,Atendimento,Demora,2
survey-demo,B0585,Atendimento,Demora,1
survey-demo,B0585,Comunicação,Retorno,1
survey-demo,B0585,Processo,Agendamento,1
survey-demo,B0586,Atendimento,Cordialidade,1
survey-demo,B0586,Atendimento,Demora,1
survey-demo,B0586,Comunicação,Retorno,1
survey-demo,B0586,Processo,Agendamento,1
survey-demo,B0587,Atendimento,Cordialidade,1
survey-demo,B0587,Atendimento,Demora,1
survey-demo,B0587,Comunicação,Retorno,1
survey-demo,B0587,Processo,Agendamento,1
survey-demo,B0588,Atendimento,Demora,1
survey-demo,B0588,Comunicação,Retorno,1
survey-demo,B0589,Atendimento,Demora,1
survey-demo,B0590,Atendimento,Demora,1
survey-demo,B0592,Atendimento,Demora,2
survey-demo,B0593,Atendimento,Demora,1
survey-demo,B0594,Atendimento,Demora,1
survey-demo,B0594,Comunicação,Retorno,1
survey-demo,B0594,Processo,Agendamento,1
survey-demo,B0595,Atendimento,Cordialidade,1
survey-demo,B0595,Atendimento,Demora,1
survey-demo,B0595,Comunicação,Retorno,1
survey-demo,B0595,Processo,Agendamento,1
survey-demo,B0596,Atendimento,Cordialidade,1
survey-demo,B0596,Atendimento,Demora,1
survey-demo,B0596,Comunicação,Retorno,1
survey-demo,B0596,Processo,Agendamento,1
survey-demo,B0597,Atendimento,Demora,1
survey-demo,B0597,Comunicação,Retorno,1
survey-demo,B0597,Processo,Agendamento,1
survey-demo,B0598,Atendimento,Demora,1
survey-demo,B0599,Atendimento,Demora,1
survey-demo,B0599,Comunicação,Retorno,1
survey-demo,B0600,Atendimento,Demora,2
survey-demo,B0601,Atendimento,Demora,1
survey-demo,B0601,Comunicação,Retorno,1
survey-demo,B0602,Atendimento,Demora,1
survey-demo,B0602,Comunicação,Retorno,1
survey-demo,B0602,Processo,Agendamento,1
survey-demo,B0603,Atendimento,Demora,1
survey-demo,B0604,Atendimento,Cordialidade,1
survey-demo,B0604,Atendimento,Demora,1
survey-demo,B0604,Comunicação,Retorno,1
survey-demo,B0604,Processo,Agendamento,1
survey-demo,B0605,Atendimento,Cordialidade,1
survey-demo,B0605,Atendimento,Demora,1
survey-demo,B0605,Comunicação,Retorno,1
survey-demo,B0605,Processo,Agendamento,1
survey-demo,B0606,Atendimento,Cordialidade,1
survey-demo,B0606,Atendimento,Demora,1
survey-demo,B0606,Comunicação,Retorno,1
survey-demo,B0606,Processo,Agendamento,1
survey-demo,B0607,Atendimento,Demora,1
survey-demo,B0607,Comunicação,Retorno,1
survey-demo,B0608,Atendimento,Demora,2
survey-demo,B0609,Atendimento,Cordialidade,1
survey-demo,B0609,Atendimento,Demora,1
survey-demo,B0609,Comunicação,Retorno,1
survey-demo,B0609,Processo,Agendamento,1
survey-demo,B0610,Atendimento,Demora,1
survey-demo,B0610,Comunicação,Retorno,1
survey-demo,B0610,Processo,Agendamento,1
survey-demo,B0611,Atendimento,Demora,1
survey-demo,B0612,Atendimento,Demora,1
survey-demo,B0612,Comunicação,Retorno,1
survey-demo,B0613,Atendimento,Demora,1
survey-demo,B0613,Comunicação,Retorno,1
survey-demo,B0614,Atendimento,Demora,1
survey-demo,B0614,Comunicação,Retorno,1
survey-demo,B0615,Atendimento,Demora,1
survey-demo,B0615,Comunicação,Retorno,1
survey-demo,B0615,Processo,Agendamento,1
survey-demo,B0616,Atendimento,Demora,2
survey-demo,B0617,Atendimento,Cordialidade,1
survey-demo,B0617,Atendimento,Demora,1
survey-demo,B0617,Comunicação,Retorno,1
survey-demo,B0617,Processo,Agendamento,1
survey-demo,B0618,Atendimento,Demora,1
survey-demo,B0618,Comunicação,Retorno,1
survey-demo,B0619,Atendimento,Cordialidade,1
survey-demo,B0619,Atendimento,Demora,1
survey-demo,B0619,Comunicação,Retorno,1
survey-demo,B0619,Processo,Agendamento,1
survey-demo,B0620,Atendimento,Cordialidade,1
survey-demo,B0620,Atendimento,Demora,1
survey-demo,B0620,Comunicação,Retorno,1
survey-demo,B0620,Processo,Agendamento,1
survey-demo,B0623,Atendimento,Demora,1
survey-demo,B0623,Comunicação,Retorno,1
survey-demo,B0623,Processo,Agendamento,1
survey-demo,B0624,Atendimento,Demora,2
survey-demo,B0625,Atendimento,Demora,1
survey-demo,B0625,Comunicação,Retorno,1
survey-demo,B0627,Atendimento,Demora,1
survey-demo,B0627,Comunicação,Retorno,1
survey-demo,B0628,Atendimento,Demora,1
survey-demo,B0628,Comunicação,Retorno,1
survey-demo,B0628,Processo,Agendamento,1
survey-demo,B0629,Atendimento,Cordialidade,1
survey-demo,B0629,Atendimento,Demora,1
survey-demo,B0629,Comunicação,Retorno,1
survey-demo,B0629,Processo,Agendamento,1
survey-demo,B0630,Atendimento,Demora,1
survey-demo,B0630,Comunicação,Retorno,1
survey-demo,B0630,Processo,Agendamento,1
survey-demo,B0631,Atendimento,Demora,1
survey-demo,B0631,Comunicação,Retorno,1
survey-demo,B0632,Atendimento,Demora,2
survey-demo,B0633,Atendimento,Demora,1
survey-demo,B0633,Comunicação,Retorno,1
survey-demo,B0633,Processo,Agendamento,1
survey-demo,B0635,Atendimento,Demora,1
survey-demo,B0635,Comunicação,Retorno,1
survey-demo,B0636,Atendimento,Demora,1
survey-demo,B0636,Comunicação,Retorno,1
survey-demo,B0637,Atendimento,Demora,1
survey-demo,B0637,Comunicação,Retorno,1
survey-demo,B0639,Atendimento,Demora,1
survey-demo,B0639,Comunicação,Retorno,1
survey-demo,B0640,Atendimento,Demora,2
survey-demo,B0642,Atendimento,Cordialidade,1
survey-demo,B0642,Atendimento,Demora,1
survey-demo,B0642,Comunicação,Retorno,1
survey-demo,B0642,Processo,Agendamento,1
survey-demo,B0643,Atendimento,Demora,1
survey-demo,B0643,Comunicação,Retorno,1
survey-demo,B0643,Processo,Agendamento,1
survey-demo,B0644,Atendimento,Demora,1
survey-demo,B0644,Comunicação,Retorno,1
survey-demo,B0645,Atendimento,Demora,1
survey-demo,B0645,Comunicação,Retorno,1
survey-demo,B0646,Atendimento,Demora,1
survey-demo,B0646,Comunicação,Retorno,1
survey-demo,B0646,Processo,Agendamento,1
survey-demo,B0647,Atendimento,Demora,1
survey-demo,B0647,Comunicação,Retorno,1
survey-demo,B0648,Atendimento,Demora,2
survey-demo,B0649,Atendimento,Demora,1
survey-demo,B0651,Atendimento,Demora,1
survey-demo,B0651,Comunicação,Retorno,1
survey-demo,B0652,Atendimento,Demora,1
survey-demo,B0652,Comunicação,Retorno,1
survey-demo,B0653,Atendimento,Demora,1
survey-demo,B0654,Atendimento,Demora,1
survey-demo,B0655,Atendimento,Demora,1
survey-demo,B0656,Atendimento,Demora,2
survey-demo,B0657,Atendimento,Cordialidade,1
survey-demo,B0657,Atendimento,Demora,1
survey-demo,B0657,Comunicação,Retorno,1
survey-demo,B0657,Processo,Agendamento,1
survey-demo,B0658,Atendimento,Demora,1
survey-demo,B0658,Comunicação,Retorno,1
survey-demo,B0659,Atendimento,Demora,1
survey-demo,B0659,Comunicação,Retorno,1
survey-demo,B0659,Processo,Agendamento,1
survey-demo,B0660,Atendimento,Demora,1
survey-demo,B0660,Comunicação,Retorno,1
survey-demo,B0660,Processo,Agendamento,1
survey-demo,B0661,Atendimento,Demora,1
survey-demo,B0661,Comunicação,Retorno,1
survey-demo,B0662,Atendimento,Demora,1
survey-demo,B0662,Comunicação,Retorno,1
survey-demo,B0662,Processo,Agendamento,1
survey-demo,B0663,Atendimento,Demora,1
survey-demo,B0663,Comunicação,Retorno,1
survey-demo,B0664,Atendimento,Demora,2
survey-demo,B0665,Atendimento,Demora,1
survey-demo,B0665,Comunicação,Retorno,1
survey-demo,B0665,Processo,Agendamento,1
survey-demo,B0666,Atendimento,Demora,1
survey-demo,B0666,Comunicação,Retorno,1
survey-demo,B0667,Atendimento,Cordialidade,1
survey-demo,B0667,Atendimento,Demora,1
survey-demo,B0667,Comunicação,Retorno,1
survey-demo,B0667,Processo,Agendamento,1
survey-demo,B0668,Atendimento,Demora,1
survey-demo,B0668,Comunicação,Retorno,1
survey-demo,B0669,Atendimento,Cordialidade,1
survey-demo,B0669,Atendimento,Demora,1
survey-demo,B0669,Comunicação,Retorno,1
survey-demo,B0669,Processo,Agendamento,1
survey-demo,B0670,Atendimento,Demora,1
survey-demo,B0670,Comunicação,Retorno,1
survey-demo,B0671,Atendimento,Cordialidade,1
survey-demo,B0671,Atendimento,Demora,1
survey-demo,B0671,Comunicação,Retorno,1
survey-demo,B0671,Processo,Agendamento,1
survey-demo,B0672,Atendimento,Demora,2
survey-demo,B0673,Atendimento,Cordialidade,1
survey-demo,B0673,Atendimento,Demora,1
survey-demo,B0673,Comunicação,Retorno,1
survey-demo,B0673,Processo,Agendamento,1
survey-demo,B0675,Atendimento,Demora,1
survey-demo,B0675,Comunicação,Retorno,1
survey-demo,B0675,Processo,Agendamento,1
survey-demo,B0678,Atendimento,Cordialidade,1
survey-demo,B0678,Atendimento,Demora,1
survey-demo,B0678,Comunicação,Retorno,1
survey-demo,B0678,Processo,Agendamento,1
survey-demo,B0679,Atendimento,Demora,1
survey-demo,B0679,Comunicação,Retorno,1
survey-demo,B0680,Atendimento,Demora,2
survey-demo,B0681,Atendimento,Cordialidade,1
survey-demo,B0681,Atendimento,Demora,1
survey-demo,B0681,Comunicação,Retorno,1
survey-demo,B0681,Processo,Agendamento,1
survey-demo,B0682,Atendimento,Demora,1
survey-demo,B0683,Atendimento,Demora,1
survey-demo,B0683,Comunicação,Retorno,1
survey-demo,B0684,Atendimento,Demora,1
survey-demo,B0684,Comunicação,Retorno,1
survey-demo,B0684,Processo,Agendamento,1
survey-demo,B0685,Atendimento,Cordialidade,1
survey-demo,B0685,Atendimento,Demora,1
survey-demo,B0685,Comunicação,Retorno,1
survey-demo,B0685,Processo,Agendamento,1
survey-demo,B0686,Atendimento,Demora,1
survey-demo,B0686,Comunicação,Retorno,1
survey-demo,B0687,Atendimento,Demora,1
survey-demo,B0687,Comunicação,Retorno,1
survey-demo,B0688,Atendimento,Demora,2
survey-demo,B0689,Atendimento,Demora,1
survey-demo,B0689,Comunicação,Retorno,1
survey-demo,B0691,Atendimento,Cordialidade,1
survey-demo,B0691,Atendimento,Demora,1
survey-demo,B0691,Comunicação,Retorno,1
survey-demo,B0691,Processo,Agendamento,1
survey-demo,B0692,Atendimento,Cordialidade,1
survey-demo,B0692,Atendimento,Demora,1
survey-demo,B0692,Comunicação,Retorno,1
survey-demo,B0692,Processo,Agendamento,1
survey-demo,B0694,Atendimento,Cordialidade,1
survey-demo,B0694,Atendimento,Demora,1
survey-demo,B0694,Comunicação,Retorno,1
survey-demo,B0694,Processo,Agendamento,1
survey-demo,B0695,Atendimento,Demora,1
survey-demo,B0695,Comunicação,Retorno,1
survey-demo,B0696,Atendimento,Demora,2
survey-demo,B0697,Atendimento,Demora,1
survey-demo,B0697,Comunicação,Retorno,1
survey-demo,B0697,Processo,Agendamento,1
survey-demo,B0699,Atendimento,Cordialidade,1
survey-demo,B0699,Atendimento,Demora,1
survey-demo,B0699,Comunicação,Retorno,1
survey-demo,B0699,Processo,Agendamento,1
survey-demo,B0700,Atendimento,Demora,1
survey-demo,B0700,Comunicação,Retorno,1
survey-demo,B0701,Atendimento,Demora,1
survey-demo,B0701,Comunicação,Retorno,1
survey-demo,B0702,Atendimento,Demora,1
survey-demo,B0702,Comunicação,Retorno,1
survey-demo,B0702,Processo,Agendamento,1
survey-demo,B0703,Atendimento,Demora,1
survey-demo,B0703,Comunicação,Retorno,1
survey-demo,B0703,Processo,Agendamento,1
survey-demo,B0704,Atendimento,Demora,2
survey-demo,B0706,Atendimento,Demora,1
survey-demo,B0706,Comunicação,Retorno,1
survey-demo,B0706,Processo,Agendamento,1
survey-demo,B0707,Atendimento,Demora,1
survey-demo,B0707,Comunicação,Retorno,1
survey-demo,B0708,Atendimento,Demora,1
survey-demo,B0708,Comunicação,Retorno,1
survey-demo,B0709,Atendimento,Cordialidade,1
survey-demo,B0709,Atendimento,Demora,1
survey-demo,B0709,Comunicação,Retorno,1
survey-demo,B0709,Processo,Agendamento,1
survey-demo,B0710,Atendimento,Demora,1
survey-demo,B0711,Atendimento,Demora,1
survey-demo,B0711,Comunicação,Retorno,1
survey-demo,B0711,Processo,Agendamento,1
survey-demo,B0712,Atendimento,Demora,2
survey-demo,B0713,Atendimento,Cordialidade,1
survey-demo,B0713,Atendimento,Demora,1
survey-demo,B0713,Comunicação,Retorno,1
survey-demo,B0713,Processo,Agendamento,1
survey-demo,B0714,Atendimento,Demora,1
survey-demo,B0714,Comunicação,Retorno,1
survey-demo,B0715,Atendimento,Cordialidade,1
survey-demo,B0715,Atendimento,Demora,1
survey-demo,B0715,Comunicação,Retorno,1
survey-demo,B0715,Processo,Agendamento,1
survey-demo,B0716,Atendimento,Demora,1
survey-demo,B0716,Comunicação,Retorno,1
survey-demo,B0716,Processo,Agendamento,1
survey-demo,B0717,Atendimento,Demora,1
survey-demo,B0717,Comunicação,Retorno,1
survey-demo,B0718,Atendimento,Demora,1
survey-demo,B0719,Atendimento,Cordialidade,1
survey-demo,B0719,Atendimento,Demora,1
survey-demo,B0719,Comunicação,Retorno,1
survey-demo,B0719,Processo,Agendamento,1
survey-demo,B0720,Atendimento,Demora,2
survey-demo,B0722,Atendimento,Demora,1
survey-demo,B0722,Comunicação,Retorno,1
survey-demo,B0723,Atendimento,Demora,1
survey-demo,B0723,Comunicação,Retorno,1
survey-demo,B0726,Atendimento,Demora,1
survey-demo,B0726,Comunicação,Retorno,1
survey-demo,B0727,Atendimento,Demora,1
survey-demo,B0727,Comunicação,Retorno,1
survey-demo,B0728,Atendimento,Demora,2
survey-demo,B0729,Atendimento,Cordialidade,1
survey-demo,B0729,Atendimento,Demora,1
survey-demo,B0729,Comunicação,Retorno,1
survey-demo,B0729,Processo,Agendamento,1
survey-demo,B0730,Atendimento,Demora,1
survey-demo,B0730,Comunicação,Retorno,1
survey-demo,B0731,Atendimento,Demora,1
survey-demo,B0731,Comunicação,Retorno,1
survey-demo,B0732,Atendimento,Demora,1
survey-demo,B0732,Comunicação,Retorno,1
survey-demo,B0733,Atendimento,Demora,1
survey-demo,B0733,Comunicação,Retorno,1
survey-demo,B0734,Atendimento,Cordialidade,1
survey-demo,B0734,Atendimento,Demora,1
survey-demo,B0734,Comunicação,Retorno,1
survey-demo,B0734,Processo,Agendamento,1
survey-demo,B0735,Atendimento,Cordialidade,1
survey-demo,B0735,Atendimento,Demora,1
survey-demo,B0735,Comunicação,Retorno,1
survey-demo,B0735,Processo,Agendamento,1
survey-demo,B0736,Atendimento,Demora,2
survey-demo,B0737,Atendimento,Cordialidade,1
survey-demo,B0737,Atendimento,Demora,1
survey-demo,B0737,Comunicação,Retorno,1
survey-demo,B0737,Processo,Agendamento,1
survey-demo,B0738,Atendimento,Demora,1
survey-demo,B0738,Comunicação,Retorno,1
survey-demo,B0738,Processo,Agendamento,1
survey-demo,B0740,Atendimento,Demora,1
survey-demo,B0740,Comunicação,Retorno,1
survey-demo,B0740,Processo,Agendamento,1
survey-demo,B0741,Atendimento,Demora,1
survey-demo,B0743,Atendimento,Demora,1
survey-demo,B0743,Comunicação,Retorno,1
survey-demo,B0743,Processo,Agendamento,1
survey-demo,B0744,Atendimento,Demora,2
survey-demo,B0745,Atendimento,Demora,1
survey-demo,B0745,Comunicação,Retorno,1
survey-demo,B0747,Atendimento,Cordialidade,1
survey-demo,B0747,Atendimento,Demora,1
survey-demo,B0747,Comunicação,Retorno,1
survey-demo,B0747,Processo,Agendamento,1
survey-demo,B0748,Atendimento,Demora,1
survey-demo,B0748,Comunicação,Retorno,1
survey-demo,B0749,Atendimento,Demora,1
survey-demo,B0749,Comunicação,Retorno,1
survey-demo,B0750,Atendimento,Demora,1
survey-demo,B0751,Atendimento,Demora,1
survey-demo,B0751,Comunicação,Retorno,1
survey-demo,B0752,Atendimento,Demora,2
survey-demo,B0753,Atendimento,Cordialidade,1
survey-demo,B0753,Atendimento,Demora,1
survey-demo,B0753,Comunicação,Retorno,1
survey-demo,B0753,Processo,Agendamento,1
survey-demo,B0754,Atendimento,Demora,1
survey-demo,B0754,Comunicação,Retorno,1
survey-demo,B0755,Atendimento,Demora,1
survey-demo,B0756,Atendimento,Demora,1
survey-demo,B0756,Comunicação,Retorno,1
survey-demo,B0757,Atendimento,Demora,1
survey-demo,B0757,Comunicação,Retorno,1
survey-demo,B0757,Processo,Agendamento,1
survey-demo,B0758,Atendimento,Demora,1
survey-demo,B0758,Comunicação,Retorno,1
survey-demo,B0758,Processo,Agendamento,1
survey-demo,B0759,Atendimento,Cordialidade,1
survey-demo,B0759,Atendimento,Demora,1
survey-demo,B0759,Comunicação,Retorno,1
survey-demo,B0759,Processo,Agendamento,1
survey-demo,B0760,Atendimento,Demora,2
survey-demo,B0761,Atendimento,Demora,1
survey-demo,B0761,Comunicação,Retorno,1
survey-demo,B0762,Atendimento,Demora,1
survey-demo,B0763,Atendimento,Demora,1
survey-demo,B0763,Comunicação,Retorno,1
survey-demo,B0766,Atendimento,Demora,1
survey-demo,B0766,Comunicação,Retorno,1
survey-demo,B0767,Atendimento,Demora,1
survey-demo,B0767,Comunicação,Retorno,1
survey-demo,B0768,Atendimento,Demora,2
survey-demo,B0769,Atendimento,Demora,1
survey-demo,B0769,Comunicação,Retorno,1
survey-demo,B0770,Atendimento,Demora,1
survey-demo,B0770,Comunicação,Retorno,1
survey-demo,B0770,Processo,Agendamento,1
survey-demo,B0771,Atendimento,Demora,1
survey-demo,B0771,Comunicação,Retorno,1
survey-demo,B0771,Processo,Agendamento,1
survey-demo,B0772,Atendimento,Demora,1
survey-demo,B0772,Comunicação,Retorno,1
survey-demo,B0772,Processo,Agendamento,1
survey-demo,B0774,Atendimento,Cordialidade,1
survey-demo,B0774,Atendimento,Demora,1
survey-demo,B0774,Comunicação,Retorno,1
survey-demo,B0774,Processo,Agendamento,1
survey-demo,B0775,Atendimento,Demora,1
survey-demo,B0775,Comunicação,Retorno,1
survey-demo,B0776,Atendimento,Demora,2
survey-demo,B0777,Atendimento,Demora,1
survey-demo,B0777,Comunicação,Retorno,1
survey-demo,B0778,Atendimento,Demora,1
survey-demo,B0778,Comunicação,Retorno,1
survey-demo,B0779,Atendimento,Demora,1
survey-demo,B0779,Comunicação,Retorno,1
survey-demo,B0779,Processo,Agendamento,1
survey-demo,B0780,Atendimento,Demora,1
survey-demo,B0780,Comunicação,Retorno,1
survey-demo,B0781,Atendimento,Demora,1
survey-demo,B0781,Comunicação,Retorno,1
survey-demo,B0782,Atendimento,Cordialidade,1
survey-demo,B0782,Atendimento,Demora,1
survey-demo,B0782,Comunicação,Retorno,1
survey-demo,B0782,Processo,Agendamento,1
survey-demo,B0783,Atendimento,Demora,1
survey-demo,B0783,Comunicação,Retorno,1
survey-demo,B0785,Atendimento,Demora,1
survey-demo,B0785,Comunicação,Retorno,1
survey-demo,B0785,Processo,Agendamento,1
survey-demo,B0786,Atendimento,Cordialidade,1
survey-demo,B0786,Atendimento,Demora,1
survey-demo,B0786,Comunicação,Retorno,1
survey-demo,B0786,Processo,Agendamento,1
survey-demo,B0788,Atendimento,Cordialidade,1
survey-demo,B0788,Atendimento,Demora,1
survey-demo,B0788,Comunicação,Retorno,1
survey-demo,B0788,Processo,Agendamento,1
survey-demo,B0789,Atendimento,Demora,1
survey-demo,B0789,Comunicação,Retorno,1
survey-demo,B0789,Processo,Agendamento,1
survey-demo,B0791,Atendimento,Demora,1
survey-demo,B0791,Comunicação,Retorno,1
survey-demo,B0792,Atendimento,Demora,2
survey-demo,B0793,Atendimento,Cordialidade,1
survey-demo,B0793,Atendimento,Demora,1
survey-demo,B0793,Comunicação,Retorno,1
survey-demo,B0793,Processo,Agendamento,1
survey-demo,B0794,Atendimento,Demora,1
survey-demo,B0794,Comunicação,Retorno,1
survey-demo,B0794,Processo,Agendamento,1
survey-demo,B0795,Atendimento,Demora,1
survey-demo,B0795,Comunicação,Retorno,1
survey-demo,B0796,Atendimento,Cordialidade,1
survey-demo,B0796,Atendimento,Demora,1
survey-demo,B0796,Comunicação,Retorno,1
survey-demo,B0796,Processo,Agendamento,1
survey-demo,B0797,Atendimento,Demora,1
survey-demo,B0797,Comunicação,Retorno,1
survey-demo,B0799,Atendimento,Cordialidade,1
survey-demo,B0799,Atendimento,Demora,1
survey-demo,B0799,Comunicação,Retorno,1
survey-demo,B0799,Processo,Agendamento,1
survey-demo,B0800,Atendimento,Demora,2
survey-demo,B0801,Atendimento,Demora,1
survey-demo,B0801,Comunicação,Retorno,1
survey-demo,B0802,Atendimento,Cordialidade,1
survey-demo,B0802,Atendimento,Demora,1
survey-demo,B0802,Comunicação,Retorno,1
survey-demo,B0802,Processo,Agendamento,1
survey-demo,B0804,Atendimento,Demora,1
survey-demo,B0804,Comunicação,Retorno,1
survey-demo,B0804,Processo,Agendamento,1
survey-demo,B0805,Atendimento,Demora,1
survey-demo,B0805,Comunicação,Retorno,1
survey-demo,B0806,Atendimento,Cordialidade,1
survey-demo,B0806,Atendimento,Demora,1
survey-demo,B0806,Comunicação,Retorno,1
survey-demo,B0806,Processo,Agendamento,1
survey-demo,B0807,Atendimento,Demora,1
survey-demo,B0808,Atendimento,Demora,2
survey-demo,B0809,Atendimento,Demora,1
survey-demo,B0809,Comunicação,Retorno,1
survey-demo,B0809,Processo,Agendamento,1
survey-demo,B0810,Atendimento,Demora,1
survey-demo,B0810,Comunicação,Retorno,1
survey-demo,B0810,Processo,Agendamento,1
survey-demo,B0811,Atendimento,Cordialidade,1
survey-demo,B0811,Atendimento,Demora,1
survey-demo,B0811,Comunicação,Retorno,1
survey-demo,B0811,Processo,Agendamento,1
survey-demo,B0812,Atendimento,Demora,1
survey-demo,B0812,Comunicação,Retorno,1
survey-demo,B0813,Atendimento,Demora,1
survey-demo,B0815,Atendimento,Demora,1
survey-demo,B0815,Comunicação,Retorno,1
survey-demo,B0815,Processo,Agendamento,1
survey-demo,B0816,Atendimento,Demora,2
survey-demo,B0817,Atendimento,Demora,1
survey-demo,B0817,Comunicação,Retorno,1
survey-demo,B0818,Atendimento,Demora,1
survey-demo,B0818,Comunicação,Retorno,1
survey-demo,B0819,Atendimento,Demora,1
survey-demo,B0819,Comunicação,Retorno,1
survey-demo,B0820,Atendimento,Cordialidade,1
survey-demo,B0820,Atendimento,Demora,1
survey-demo,B0820,Comunicação,Retorno,1
survey-demo,B0820,Processo,Agendamento,1
survey-demo,B0821,Atendimento,Demora,1
survey-demo,B0821,Comunicação,Retorno,1
survey-demo,B0823,Atendimento,Demora,1
survey-demo,B0823,Comunicação,Retorno,1
survey-demo,B0823,Processo,Agendamento,1
survey-demo,B0824,Atendimento,Demora,2
survey-demo,B0825,Atendimento,Cordialidade,1
survey-demo,B0825,Atendimento,Demora,1
survey-demo,B0825,Comunicação,Retorno,1
survey-demo,B0825,Processo,Agendamento,1
survey-demo,B0826,Atendimento,Demora,1
survey-demo,B0826,Comunicação,Retorno,1
survey-demo,B0827,Atendimento,Demora,1
survey-demo,B0827,Comunicação,Retorno,1
survey-demo,B0829,Atendimento,Cordialidade,1
survey-demo,B0829,Atendimento,Demora,1
survey-demo,B0829,Comunicação,Retorno,1
survey-demo,B0829,Processo,Agendamento,1
survey-demo,B0830,Atendimento,Cordialidade,1
survey-demo,B0830,Atendimento,Demora,1
survey-demo,B0830,Comunicação,Retorno,1
survey-demo,B0830,Processo,Agendamento,1
survey-demo,B0831,Atendimento,Demora,1
survey-demo,B0831,Comunicação,Retorno,1
survey-demo,B0832,Atendimento,Demora,2
survey-demo,B0833,Atendimento,Demora,1
survey-demo,B0833,Comunicação,Retorno,1
survey-demo,B0834,Atendimento,Cordialidade,1
survey-demo,B0834,Atendimento,Demora,1
survey-demo,B0834,Comunicação,Retorno,1
survey-demo,B0834,Processo,Agendamento,1
survey-demo,B0835,Atendimento,Demora,1
survey-demo,B0835,Comunicação,Retorno,1
survey-demo,B0836,Atendimento,Demora,1
survey-demo,B0837,Atendimento,Demora,1
survey-demo,B0837,Comunicação,Retorno,1
survey-demo,B0837,Processo,Agendamento,1
survey-demo,B0838,Atendimento,Demora,1
survey-demo,B0839,Atendimento,Demora,1
survey-demo,B0840,Atendimento,Demora,2
survey-demo,B0841,Atendimento,Cordialidade,1
survey-demo,B0841,Atendimento,Demora,1
survey-demo,B0841,Comunicação,Retorno,1
survey-demo,B0841,Processo,Agendamento,1
survey-demo,B0842,Atendimento,Demora,1
survey-demo,B0842,Comunicação,Retorno,1
survey-demo,B0843,Atendimento,Demora,1
survey-demo,B0843,Comunicação,Retorno,1
survey-demo,B0843,Processo,Agendamento,1
survey-demo,B0844,Atendimento,Demora,1
survey-demo,B0845,Atendimento,Demora,1
survey-demo,B0845,Comunicação,Retorno,1
survey-demo,B0846,Atendimento,Demora,1
survey-demo,B0847,Atendimento,Cordialidade,1
survey-demo,B0847,Atendimento,Demora,1
survey-demo,B0847,Comunicação,Retorno,1
survey-demo,B0847,Processo,Agendamento,1
survey-demo,B0848,Atendimento,Demora,2
survey-demo,B0849,Atendimento,Demora,1
survey-demo,B0849,Comunicação,Retorno,1
survey-demo,B0850,Atendimento,Demora,1
survey-demo,B0850,Comunicação,Retorno,1
survey-demo,B0850,Processo,Agendamento,1
survey-demo,B0851,Atendimento,Demora,1
survey-demo,B0851,Comunicação,Retorno,1
survey-demo,B0852,Atendimento,Demora,1
survey-demo,B0852,Comunicação,Retorno,1
survey-demo,B0852,Processo,Agendamento,1
survey-demo,B0853,Atendimento,Demora,1
survey-demo,B0853,Comunicação,Retorno,1
survey-demo,B0853,Processo,Agendamento,1
survey-demo,B0854,Atendimento,Demora,1
survey-demo,B0854,Comunicação,Retorno,1
survey-demo,B0854,Processo,Agendamento,1
survey-demo,B0855,Atendimento,Demora,1
survey-demo,B0855,Comunicação,Retorno,1
survey-demo,B0856,Atendimento,Demora,2
survey-demo,B0859,Atendimento,Demora,1
survey-demo,B0859,Comunicação,Retorno,1
survey-demo,B0859,Processo,Agendamento,1
survey-demo,B0860,Atendimento,Cordialidade,1
survey-demo,B0860,Atendimento,Demora,1
survey-demo,B0860,Comunicação,Retorno,1
survey-demo,B0860,Processo,Agendamento,1
survey-demo,B0861,Atendimento,Cordialidade,1
survey-demo,B0861,Atendimento,Demora,1
survey-demo,B0861,Comunicação,Retorno,1
survey-demo,B0861,Processo,Agendamento,1
survey-demo,B0862,Atendimento,Demora,1
survey-demo,B0862,Comunicação,Retorno,1
survey-demo,B0863,Atendimento,Demora,1
survey-demo,B0863,Comunicação,Retorno,1
survey-demo,B0864,Atendimento,Demora,2
survey-demo,B0865,Atendimento,Demora,1
survey-demo,B0866,Atendimento,Demora,1
survey-demo,B0866,Comunicação,Retorno,1
survey-demo,B0867,Atendimento,Cordialidade,1
survey-demo,B0867,Atendimento,Demora,1
survey-demo,B0867,Comunicação,Retorno,1
survey-demo,B0867,Processo,Agendamento,1
survey-demo,B0868,Atendimento,Cordialidade,1
survey-demo,B0868,Atendimento,Demora,1
survey-demo,B0868,Comunicação,Retorno,1
survey-demo,B0868,Processo,Agendamento,1
survey-demo,B0869,Atendimento,Demora,1
survey-demo,B0869,Comunicação,Retorno,1
survey-demo,B0869,Processo,Agendamento,1
survey-demo,B0870,Atendimento,Cordialidade,1
survey-demo,B0870,Atendimento,Demora,1
survey-demo,B0870,Comunicação,Retorno,1
survey-demo,B0870,Processo,Agendamento,1
survey-demo,B0872,Atendimento,Demora,2
survey-demo,B0873,Atendimento,Demora,1
survey-demo,B0873,Comunicação,Retorno,1
survey-demo,B0874,Atendimento,Cordialidade,1
survey-demo,B0874,Atendimento,Demora,1
survey-demo,B0874,Comunicação,Retorno,1
survey-demo,B0874,Processo,Agendamento,1
survey-demo,B0875,Atendimento,Demora,1
survey-demo,B0875,Comunicação,Retorno,1
survey-demo,B0876,Atendimento,Cordialidade,1
survey-demo,B0876,Atendimento,Demora,1
survey-demo,B0876,Comunicação,Retorno,1
survey-demo,B0876,Processo,Agendamento,1
survey-demo,B0877,Atendimento,Demora,1
survey-demo,B0877,Comunicação,Retorno,1
survey-demo,B0878,Atendimento,Cordialidade,1
survey-demo,B0878,Atendimento,Demora,1
survey-demo,B0878,Comunicação,Retorno,1
survey-demo,B0878,Processo,Agendamento,1
survey-demo,B0879,Atendimento,Demora,1
survey-demo,B0879,Comunicação,Retorno,1
survey-demo,B0879,Processo,Agendamento,1
survey-demo,B0880,Atendimento,Demora,2
survey-demo,B0881,Atendimento,Cordialidade,1
survey-demo,B0881,Atendimento,Demora,1
survey-demo,B0881,Comunicação,Retorno,1
survey-demo,B0881,Processo,Agendamento,1
survey-demo,B0882,Atendimento,Demora,1
survey-demo,B0882,Comunicação,Retorno,1
survey-demo,B0882,Processo,Agendamento,1
survey-demo,B0883,Atendimento,Demora,1
survey-demo,B0884,Atendimento,Demora,1
survey-demo,B0884,Comunicação,Retorno,1
survey-demo,B0887,Atendimento,Demora,1
survey-demo,B0887,Comunicação,Retorno,1
survey-demo,B0887,Processo,Agendamento,1
survey-demo,B0888,Atendimento,Demora,2
survey-demo,B0889,Atendimento,Demora,1
survey-demo,B0889,Comunicação,Retorno,1
survey-demo,B0891,Atendimento,Demora,1
survey-demo,B0891,Comunicação,Retorno,1
survey-demo,B0892,Atendimento,Demora,1
survey-demo,B0892,Comunicação,Retorno,1
survey-demo,B0892,Processo,Agendamento,1
survey-demo,B0893,Atendimento,Cordialidade,1
survey-demo,B0893,Atendimento,Demora,1
survey-demo,B0893,Comunicação,Retorno,1
survey-demo,B0893,Processo,Agendamento,1
survey-demo,B0894,Atendimento,Demora,1
survey-demo,B0894,Comunicação,Retorno,1
survey-demo,B0894,Processo,Agendamento,1
survey-demo,B0895,Atendimento,Demora,1
survey-demo,B0895,Comunicação,Retorno,1
survey-demo,B0895,Processo,Agendamento,1
survey-demo,B0896,Atendimento,Demora,2
survey-demo,B0897,Atendimento,Demora,1
survey-demo,B0897,Comunicação,Retorno,1
survey-demo,B0897,Processo,Agendamento,1
survey-demo,B0898,Atendimento,Demora,1
survey-demo,B0898,Comunicação,Retorno,1
survey-demo,B0899,Atendimento,Demora,1
survey-demo,B0899,Comunicação,Retorno,1
survey-demo,B0899,Processo,Agendamento,1
survey-demo,B0900,Atendimento,Demora,1
survey-demo,B0901,Atendimento,Demora,1
survey-demo,B0901,Comunicação,Retorno,1
survey-demo,B0902,Atendimento,Demora,1
survey-demo,B0902,Comunicação,Retorno,1
survey-demo,B0903,Atendimento,Demora,1
survey-demo,B0903,Comunicação,Retorno,1
survey-demo,B0904,Atendimento,Demora,2
survey-demo,B0905,Atendimento,Demora,1
survey-demo,B0905,Comunicação,Retorno,1
survey-demo,B0907,Atendimento,Cordialidade,1
survey-demo,B0907,Atendimento,Demora,1
survey-demo,B0907,Comunicação,Retorno,1
survey-demo,B0907,Processo,Agendamento,1
survey-demo,B0908,Atendimento,Demora,1
survey-demo,B0908,Comunicação,Retorno,1
survey-demo,B0909,Atendimento,Demora,1
survey-demo,B0909,Comunicação,Retorno,1
survey-demo,B0909,Processo,Agendamento,1
survey-demo,B0910,Atendimento,Demora,1
survey-demo,B0910,Comunicação,Retorno,1
survey-demo,B0910,Processo,Agendamento,1
survey-demo,B0911,Atendimento,Demora,1
survey-demo,B0911,Comunicação,Retorno,1
survey-demo,B0912,Atendimento,Demora,2
survey-demo,B0913,Atendimento,Demora,1
survey-demo,B0913,Comunicação,Retorno,1
survey-demo,B0914,Atendimento,Demora,1
survey-demo,B0914,Comunicação,Retorno,1
survey-demo,B0914,Processo,Agendamento,1
survey-demo,B0915,Atendimento,Demora,1
survey-demo,B0915,Comunicação,Retorno,1
survey-demo,B0915,Processo,Agendamento,1
survey-demo,B0916,Atendimento,Cordialidade,1
survey-demo,B0916,Atendimento,Demora,1
survey-demo,B0916,Comunicação,Retorno,1
survey-demo,B0916,Processo,Agendamento,1
survey-demo,B0917,Atendimento,Demora,1
survey-demo,B0918,Atendimento,Demora,1
survey-demo,B0918,Comunicação,Retorno,1
survey-demo,B0918,Processo,Agendamento,1
survey-demo,B0919,Atendimento,Demora,1
survey-demo,B0919,Comunicação,Retorno,1
survey-demo,B0919,Processo,Agendamento,1
survey-demo,B0920,Atendimento,Demora,2
survey-demo,B0921,Atendimento,Demora,1
survey-demo,B0922,Atendimento,Demora,1
survey-demo,B0923,Atendimento,Demora,1
survey-demo,B0923,Comunicação,Retorno,1
survey-demo,B0923,Processo,Agendamento,1
survey-demo,B0924,Atendimento,Demora,1
survey-demo,B0924,Comunicação,Retorno,1
survey-demo,B0924,Processo,Agendamento,1
survey-demo,B0925,Atendimento,Cordialidade,1
survey-demo,B0925,Atendimento,Demora,1
survey-demo,B0925,Comunicação,Retorno,1
survey-demo,B0925,Processo,Agendamento,1
survey-demo,B0926,Atendimento,Cordialidade,1
survey-demo,B0926,Atendimento,Demora,1
survey-demo,B0926,Comunicação,Retorno,1
survey-demo,B0926,Processo,Agendamento,1
survey-demo,B0927,Atendimento,Demora,1
survey-demo,B0927,Comunicação,Retorno,1
survey-demo,B0927,Processo,Agendamento,1
survey-demo,B0928,Atendimento,Demora,2
survey-demo,B0929,Atendimento,Cordialidade,1
survey-demo,B0929,Atendimento,Demora,1
survey-demo,B0929,Comunicação,Retorno,1
survey-demo,B0929,Processo,Agendamento,1
survey-demo,B0930,Atendimento,Demora,1
survey-demo,B0930,Comunicação,Retorno,1
survey-demo,B0931,Atendimento,Cordialidade,1
survey-demo,B0931,Atendimento,Demora,1
survey-demo,B0931,Comunicação,Retorno,1
survey-demo,B0931,Processo,Agendamento,1
survey-demo,B0932,Atendimento,Cordialidade,1
survey-demo,B0932,Atendimento,Demora,1
survey-demo,B0932,Comunicação,Retorno,1
survey-demo,B0932,Processo,Agendamento,1
survey-demo,B0933,Atendimento,Demora,1
survey-demo,B0933,Comunicação,Retorno,1
survey-demo,B0934,Atendimento,Demora,1
survey-demo,B0934,Comunicação,Retorno,1
survey-demo,B0935,Atendimento,Demora,1
survey-demo,B0935,Comunicação,Retorno,1
survey-demo,B0936,Atendimento,Demora,2
survey-demo,B0937,Atendimento,Demora,1
survey-demo,B0937,Comunicação,Retorno,1
survey-demo,B0938,Atendimento,Demora,1
survey-demo,B0938,Comunicação,Retorno,1
survey-demo,B0938,Processo,Agendamento,1
survey-demo,B0939,Atendimento,Demora,1
survey-demo,B0939,Comunicação,Retorno,1
survey-demo,B0940,Atendimento,Demora,1
survey-demo,B0940,Comunicação,Retorno,1
survey-demo,B0940,Processo,Agendamento,1
survey-demo,B0941,Atendimento,Cordialidade,1
survey-demo,B0941,Atendimento,Demora,1
survey-demo,B0941,Comunicação,Retorno,1
survey-demo,B0941,Processo,Agendamento,1
survey-demo,B0942,Atendimento,Demora,1
survey-demo,B0942,Comunicação,Retorno,1
survey-demo,B0943,Atendimento,Demora,1
survey-demo,B0943,Comunicação,Retorno,1
survey-demo,B0944,Atendimento,Demora,2
survey-demo,B0945,Atendimento,Demora,1
survey-demo,B0945,Comunicação,Retorno,1
survey-demo,B0946,Atendimento,Demora,1
survey-demo,B0946,Comunicação,Retorno,1
survey-demo,B0947,Atendimento,Demora,1
survey-demo,B0947,Comunicação,Retorno,1
survey-demo,B0948,Atendimento,Demora,1
survey-demo,B0948,Comunicação,Retorno,1
survey-demo,B0948,Processo,Agendamento,1
survey-demo,B0949,Atendimento,Demora,1
survey-demo,B0949,Comunicação,Retorno,1
survey-demo,B0950,Atendimento,Demora,1
survey-demo,B0950,Comunicação,Retorno,1
survey-demo,B0951,Atendimento,Demora,1
survey-demo,B0951,Comunicação,Retorno,1
survey-demo,B0954,Atendimento,Cordialidade,1
survey-demo,B0954,Atendimento,Demora,1
survey-demo,B0954,Comunicação,Retorno,1
survey-demo,B0954,Processo,Agendamento,1
survey-demo,B0955,Atendimento,Cordialidade,1
survey-demo,B0955,Atendimento,Demora,1
survey-demo,B0955,Comunicação,Retorno,1
survey-demo,B0955,Processo,Agendamento,1
survey-demo,B0956,Atendimento,Demora,1
survey-demo,B0956,Comunicação,Retorno,1
survey-demo,B0957,Atendimento,Demora,1
survey-demo,B0958,Atendimento,Demora,1
survey-demo,B0958,Comunicação,Retorno,1
survey-demo,B0959,Atendimento,Demora,1
survey-demo,B0959,Comunicação,Retorno,1
survey-demo,B0959,Processo,Agendamento,1
survey-demo,B0960,Atendimento,Demora,2
survey-demo,B0961,Atendimento,Cordialidade,1
survey-demo,B0961,Atendimento,Demora,1
survey-demo,B0961,Comunicação,Retorno,1
survey-demo,B0961,Processo,Agendamento,1
survey-demo,B0963,Atendimento,Demora,1
survey-demo,B0963,Comunicação,Retorno,1
survey-demo,B0964,Atendimento,Demora,1
survey-demo,B0964,Comunicação,Retorno,1
survey-demo,B0965,Atendimento,Demora,1
survey-demo,B0965,Comunicação,Retorno,1
survey-demo,B0966,Atendimento,Demora,1
survey-demo,B0966,Comunicação,Retorno,1
survey-demo,B0967,Atendimento,Demora,1
survey-demo,B0967,Comunicação,Retorno,1
survey-demo,B0970,Atendimento,Demora,1
survey-demo,B0971,Atendimento,Demora,1
survey-demo,B0971,Comunicação,Retorno,1
survey-demo,B0971,Processo,Agendamento,1
survey-demo,B0972,Atendimento,Demora,1
survey-demo,B0972,Comunicação,Retorno,1
survey-demo,B0973,Atendimento,Demora,1
survey-demo,B0974,Atendimento,Demora,1
survey-demo,B0974,Comunicação,Retorno,1
survey-demo,B0975,Atendimento,Cordialidade,1
survey-demo,B0975,Atendimento,Demora,1
survey-demo,B0975,Comunicação,Retorno,1
survey-demo,B0975,Processo,Agendamento,1
survey-demo,B0977,Atendimento,Demora,1
survey-demo,B0978,Atendimento,Demora,1
survey-demo,B0979,Atendimento,Demora,1
survey-demo,B0980,Atendimento,Demora,1
survey-demo,B0980,Comunicação,Retorno,1
survey-demo,B0981,Atendimento,Demora,1
survey-demo,B0981,Comunicação,Retorno,1
survey-demo,B0982,Atendimento,Demora,1
survey-demo,B0983,Atendimento,Demora,1
survey-demo,B0984,Atendimento,Demora,2
survey-demo,B0985,Atendimento,Demora,1
survey-demo,B0985,Comunicação,Retorno,1
survey-demo,B0985,Processo,Agendamento,1
survey-demo,B0987,Atendimento,Demora,1
survey-demo,B0987,Comunicação,Retorno,1
survey-demo,B0987,Processo,Agendamento,1
survey-demo,B0988,Atendimento,Demora,1
survey-demo,B0989,Atendimento,Cordialidade,1
survey-demo,B0989,Atendimento,Demora,1
survey-demo,B0989,Comunicação,Retorno,1
survey-demo,B0989,Processo,Agendamento,1
survey-demo,B0990,Atendimento,Demora,1
survey-demo,B0990,Comunicação,Retorno,1
survey-demo,B0991,Atendimento,Demora,1
survey-demo,B0991,Comunicação,Retorno,1
survey-demo,B0991,Processo,Agendamento,1
survey-demo,B0992,Atendimento,Demora,2
survey-demo,B0993,Atendimento,Demora,1
survey-demo,B0993,Comunicação,Retorno,1
survey-demo,B0994,Atendimento,Cordialidade,1
survey-demo,B0994,Atendimento,Demora,1
survey-demo,B0994,Comunicação,Retorno,1
survey-demo,B0994,Processo,Agendamento,1
survey-demo,B0995,Atendimento,Demora,1
survey-demo,B0995,Comunicação,Retorno,1
survey-demo,B0996,Atendimento,Demora,1
survey-demo,B0996,Comunicação,Retorno,1
survey-demo,B0997,Atendimento,Demora,1
survey-demo,B0997,Comunicação,Retorno,1
survey-demo,B0998,Atendimento,Demora,1
survey-demo,B0998,Comunicação,Retorno,1
survey-demo,B0999,Atendimento,Demora,1
survey-demo,B0999,Comunicação,Retorno,1
survey-demo,B0999,Processo,Agendamento,1
survey-demo,B1000,Atendimento,Demora,2
survey-demo,B1001,Atendimento,Demora,1
survey-demo,B1001,Comunicação,Retorno,1
survey-demo,B1002,Atendimento,Demora,1
survey-demo,B1002,Comunicação,Retorno,1
survey-demo,B1002,Processo,Agendamento,1
survey-demo,B1003,Atendimento,Demora,1
survey-demo,B1003,Comunicação,Retorno,1
survey-demo,B1003,Processo,Agendamento,1
survey-demo,B1004,Atendimento,Demora,1
survey-demo,B1004,Comunicação,Retorno,1
survey-demo,B1004,Processo,Agendamento,1
survey-demo,B1005,Atendimento,Demora,1
survey-demo,B1005,Comunicação,Retorno,1
survey-demo,B1005,Processo,Agendamento,1
survey-demo,B1007,Atendimento,Cordialidade,1
survey-demo,B1007,Atendimento,Demora,1
survey-demo,B1007,Comunicação,Retorno,1
survey-demo,B1007,Processo,Agendamento,1
survey-demo,B1008,Atendimento,Demora,2
survey-demo,B1009,Atendimento,Demora,1
survey-demo,B1009,Comunicação,Retorno,1
survey-demo,B1010,Atendimento,Cordialidade,1
survey-demo,B1010,Atendimento,Demora,1
survey-demo,B1010,Comunicação,Retorno,1
survey-demo,B1010,Processo,Agendamento,1
survey-demo,B1011,Atendimento,Demora,1
survey-demo,B1011,Comunicação,Retorno,1
survey-demo,B1012,Atendimento,Cordialidade,1
survey-demo,B1012,Atendimento,Demora,1
survey-demo,B1012,Comunicação,Retorno,1
survey-demo,B1012,Processo,Agendamento,1
survey-demo,B1013,Atendimento,Demora,1
survey-demo,B1013,Comunicação,Retorno,1
survey-demo,B1017,Atendimento,Cordialidade,1
survey-demo,B1017,Atendimento,Demora,1
survey-demo,B1017,Comunicação,Retorno,1
survey-demo,B1017,Processo,Agendamento,1
survey-demo,B1018,Atendimento,Demora,1
survey-demo,B1018,Comunicação,Retorno,1
survey-demo,B1019,Atendimento,Cordialidade,1
survey-demo,B1019,Atendimento,Demora,1
survey-demo,B1019,Comunicação,Retorno,1
survey-demo,B1019,Processo,Agendamento,1
survey-demo,B1020,Atendimento,Demora,1
survey-demo,B1021,Atendimento,Demora,1
survey-demo,B1021,Comunicação,Retorno,1
survey-demo,B1021,Processo,Agendamento,1
survey-demo,B1022,Atendimento,Demora,1
survey-demo,B1023,Atendimento,Demora,1
survey-demo,B1023,Comunicação,Retorno,1
survey-demo,B1024,Atendimento,Demora,2
survey-demo,B1025,Atendimento,Cordialidade,1
survey-demo,B1025,Atendimento,Demora,1
survey-demo,B1025,Comunicação,Retorno,1
survey-demo,B1025,Processo,Agendamento,1
survey-demo,B1026,Atendimento,Demora,1
survey-demo,B1026,Comunicação,Retorno,1
survey-demo,B1027,Atendimento,Demora,1
survey-demo,B1027,Comunicação,Retorno,1
survey-demo,B1028,Atendimento,Demora,1
survey-demo,B1028,Comunicação,Retorno,1
survey-demo,B1029,Atendimento,Demora,1
survey-demo,B1029,Comunicação,Retorno,1
survey-demo,B1029,Processo,Agendamento,1
survey-demo,B1030,Atendimento,Demora,1
survey-demo,B1030,Comunicação,Retorno,1
survey-demo,B1031,Atendimento,Demora,1
survey-demo,B1034,Atendimento,Demora,1
survey-demo,B1034,Comunicação,Retorno,1
survey-demo,B1034,Processo,Agendamento,1
survey-demo,B1035,Atendimento,Demora,1
survey-demo,B1035,Comunicação,Retorno,1
survey-demo,B1036,Atendimento,Demora,1
survey-demo,B1036,Comunicação,Retorno,1
survey-demo,B1036,Processo,Agendamento,1
survey-demo,B1038,Atendimento,Cordialidade,1
survey-demo,B1038,Atendimento,Demora,1
survey-demo,B1038,Comunicação,Retorno,1
survey-demo,B1038,Processo,Agendamento,1
survey-demo,B1039,Atendimento,Demora,1
survey-demo,B1039,Comunicação,Retorno,1
survey-demo,B1040,Atendimento,Demora,2
survey-demo,B1041,Atendimento,Cordialidade,1
survey-demo,B1041,Atendimento,Demora,1
survey-demo,B1041,Comunicação,Retorno,1
survey-demo,B1041,Processo,Agendamento,1
survey-demo,B1042,Atendimento,Demora,1
survey-demo,B1042,Comunicação,Retorno,1
survey-demo,B1043,Atendimento,Demora,1
survey-demo,B1043,Comunicação,Retorno,1
survey-demo,B1044,Atendimento,Demora,1
survey-demo,B1045,Atendimento,Demora,1
survey-demo,B1046,Atendimento,Cordialidade,1
survey-demo,B1046,Atendimento,Demora,1
survey-demo,B1046,Comunicação,Retorno,1
survey-demo,B1046,Processo,Agendamento,1
survey-demo,B1047,Atendimento,Demora,1
survey-demo,B1047,Comunicação,Retorno,1
survey-demo,B1048,Atendimento,Demora,2
survey-demo,B1049,Atendimento,Demora,1
survey-demo,B1050,Atendimento,Demora,1
survey-demo,B1050,Comunicação,Retorno,1
survey-demo,B1050,Processo,Agendamento,1
survey-demo,B1051,Atendimento,Demora,1
survey-demo,B1051,Comunicação,Retorno,1
survey-demo,B1052,Atendimento,Demora,1
survey-demo,B1052,Comunicação,Retorno,1
survey-demo,B1052,Processo,Agendamento,1
survey-demo,B1053,Atendimento,Cordialidade,1
survey-demo,B1053,Atendimento,Demora,1
survey-demo,B1053,Comunicação,Retorno,1
survey-demo,B1053,Processo,Agendamento,1
survey-demo,B1054,Atendimento,Cordialidade,1
survey-demo,B1054,Atendimento,Demora,1
survey-demo,B1054,Comunicação,Retorno,1
survey-demo,B1054,Processo,Agendamento,1
survey-demo,B1055,Atendimento,Demora,1
survey-demo,B1057,Atendimento,Demora,1
survey-demo,B1057,Comunicação,Retorno,1
survey-demo,B1058,Atendimento,Demora,1
survey-demo,B1059,Atendimento,Demora,1
survey-demo,B1059,Comunicação,Retorno,1
survey-demo,B1060,Atendimento,Cordialidade,1
survey-demo,B1060,Atendimento,Demora,1
survey-demo,B1060,Comunicação,Retorno,1
survey-demo,B1060,Processo,Agendamento,1
survey-demo,B1061,Atendimento,Cordialidade,1
survey-demo,B1061,Atendimento,Demora,1
survey-demo,B1061,Comunicação,Retorno,1
survey-demo,B1061,Processo,Agendamento,1
survey-demo,B1062,Atendimento,Demora,1
survey-demo,B1063,Atendimento,Demora,1
survey-demo,B1063,Comunicação,Retorno,1
survey-demo,B1064,Atendimento,Demora,2
survey-demo,B1066,Atendimento,Demora,1
survey-demo,B1066,Comunicação,Retorno,1
survey-demo,B1067,Atendimento,Demora,1
survey-demo,B1067,Comunicação,Retorno,1
survey-demo,B1067,Processo,Agendamento,1
survey-demo,B1068,Atendimento,Demora,1
survey-demo,B1068,Comunicação,Retorno,1
survey-demo,B1068,Processo,Agendamento,1
survey-demo,B1069,Atendimento,Demora,1
survey-demo,B1069,Comunicação,Retorno,1
survey-demo,B1071,Atendimento,Demora,1
survey-demo,B1071,Comunicação,Retorno,1
survey-demo,B1072,Atendimento,Demora,2
survey-demo,B1073,Atendimento,Demora,1
survey-demo,B1073,Comunicação,Retorno,1
survey-demo,B1074,Atendimento,Cordialidade,1
survey-demo,B1074,Atendimento,Demora,1
survey-demo,B1074,Comunicação,Retorno,1
survey-demo,B1074,Processo,Agendamento,1
survey-demo,B1075,Atendimento,Cordialidade,1
survey-demo,B1075,Atendimento,Demora,1
survey-demo,B1075,Comunicação,Retorno,1
survey-demo,B1075,Processo,Agendamento,1
survey-demo,B1076,Atendimento,Demora,1
survey-demo,B1076,Comunicação,Retorno,1
survey-demo,B1076,Processo,Agendamento,1
survey-demo,B1077,Atendimento,Demora,1
survey-demo,B1077,Comunicação,Retorno,1
survey-demo,B1079,Atendimento,Demora,1
survey-demo,B1079,Comunicação,Retorno,1
survey-demo,B1079,Processo,Agendamento,1
survey-demo,B1080,Atendimento,Demora,2
survey-demo,B1081,Atendimento,Demora,1
survey-demo,B1081,Comunicação,Retorno,1
survey-demo,B1081,Processo,Agendamento,1
survey-demo,B1082,Atendimento,Demora,1
survey-demo,B1082,Comunicação,Retorno,1
survey-demo,B1083,Atendimento,Cordialidade,1
survey-demo,B1083,Atendimento,Demora,1
survey-demo,B1083,Comunicação,Retorno,1
survey-demo,B1083,Processo,Agendamento,1
survey-demo,B1084,Atendimento,Demora,1
survey-demo,B1084,Comunicação,Retorno,1
survey-demo,B1085,Atendimento,Demora,1
survey-demo,B1086,Atendimento,Demora,1
survey-demo,B1086,Comunicação,Retorno,1
survey-demo,B1087,Atendimento,Demora,1
survey-demo,B1087,Comunicação,Retorno,1
survey-demo,B1088,Atendimento,Demora,2
survey-demo,B1089,Atendimento,Demora,1
survey-demo,B1089,Comunicação,Retorno,1
survey-demo,B1090,Atendimento,Cordialidade,1
survey-demo,B1090,Atendimento,Demora,1
survey-demo,B1090,Comunicação,Retorno,1
survey-demo,B1090,Processo,Agendamento,1
survey-demo,B1092,Atendimento,Demora,1
survey-demo,B1092,Comunicação,Retorno,1
survey-demo,B1093,Atendimento,Demora,1
survey-demo,B1093,Comunicação,Retorno,1
survey-demo,B1093,Processo,Agendamento,1
survey-demo,B1094,Atendimento,Demora,1
survey-demo,B1094,Comunicação,Retorno,1
survey-demo,B1095,Atendimento,Demora,1
survey-demo,B1095,Comunicação,Retorno,1
survey-demo,B1095,Processo,Agendamento,1
survey-demo,B1096,Atendimento,Demora,2
survey-demo,B1097,Atendimento,Cordialidade,1
survey-demo,B1097,Atendimento,Demora,1
survey-demo,B1097,Comunicação,Retorno,1
survey-demo,B1097,Processo,Agendamento,1
survey-demo,B1098,Atendimento,Cordialidade,1
survey-demo,B1098,Atendimento,Demora,1
survey-demo,B1098,Comunicação,Retorno,1
survey-demo,B1098,Processo,Agendamento,1
survey-demo,B1099,Atendimento,Demora,1
survey-demo,B1099,Comunicação,Retorno,1
survey-demo,B1099,Processo,Agendamento,1
survey-demo,B1100,Atendimento,Demora,1
survey-demo,B1101,Atendimento,Cordialidade,1
survey-demo,B1101,Atendimento,Demora,1
survey-demo,B1101,Comunicação,Retorno,1
survey-demo,B1101,Processo,Agendamento,1
survey-demo,B1102,Atendimento,Demora,1
survey-demo,B1102,Comunicação,Retorno,1
survey-demo,B1103,Atendimento,Cordialidade,1
survey-demo,B1103,Atendimento,Demora,1
survey-demo,B1103,Comunicação,Retorno,1
survey-demo,B1103,Processo,Agendamento,1
survey-demo,B1104,Atendimento,Demora,2
survey-demo,B1105,Atendimento,Cordialidade,1
survey-demo,B1105,Atendimento,Demora,1
survey-demo,B1105,Comunicação,Retorno,1
survey-demo,B1105,Processo,Agendamento,1
survey-demo,B1106,Atendimento,Cordialidade,1
survey-demo,B1106,Atendimento,Demora,1
survey-demo,B1106,Comunicação,Retorno,1
survey-demo,B1106,Processo,Agendamento,1
survey-demo,B1107,Atendimento,Cordialidade,1
survey-demo,B1107,Atendimento,Demora,1
survey-demo,B1107,Comunicação,Retorno,1
survey-demo,B1107,Processo,Agendamento,1
survey-demo,B1108,Atendimento,Demora,1
survey-demo,B1109,Atendimento,Demora,1
survey-demo,B1109,Comunicação,Retorno,1
survey-demo,B1110,Atendimento,Demora,1
survey-demo,B1110,Comunicação,Retorno,1
survey-demo,B1110,Processo,Agendamento,1
survey-demo,B1111,Atendimento,Demora,1
survey-demo,B1112,Atendimento,Demora,2
survey-demo,B1113,Atendimento,Demora,1
survey-demo,B1113,Comunicação,Retorno,1
survey-demo,B1113,Processo,Agendamento,1
survey-demo,B1114,Atendimento,Demora,1
survey-demo,B1114,Comunicação,Retorno,1
survey-demo,B1115,Atendimento,Demora,1
survey-demo,B1115,Comunicação,Retorno,1
survey-demo,B1115,Processo,Agendamento,1
survey-demo,B1116,Atendimento,Demora,1
survey-demo,B1116,Comunicação,Retorno,1
survey-demo,B1117,Atendimento,Cordialidade,1
survey-demo,B1117,Atendimento,Demora,1
survey-demo,B1117,Comunicação,Retorno,1
survey-demo,B1117,Processo,Agendamento,1
survey-demo,B1118,Atendimento,Cordialidade,1
survey-demo,B1118,Atendimento,Demora,1
survey-demo,B1118,Comunicação,Retorno,1
survey-demo,B1118,Processo,Agendamento,1
survey-demo,B1119,Atendimento,Demora,1
survey-demo,B1119,Comunicação,Retorno,1
survey-demo,B1120,Atendimento,Demora,2
survey-demo,B1121,Atendimento,Demora,1
survey-demo,B1121,Comunicação,Retorno,1
survey-demo,B1121,Processo,Agendamento,1
survey-demo,B1122,Atendimento,Demora,1
survey-demo,B1122,Comunicação,Retorno,1
survey-demo,B1122,Processo,Agendamento,1
survey-demo,B1123,Atendimento,Demora,1
survey-demo,B1123,Comunicação,Retorno,1
survey-demo,B1124,Atendimento,Demora,1
survey-demo,B1124,Comunicação,Retorno,1
survey-demo,B1124,Processo,Agendamento,1
survey-demo,B1125,Atendimento,Demora,1
survey-demo,B1125,Comunicação,Retorno,1
survey-demo,B1125,Processo,Agendamento,1
survey-demo,B1127,Atendimento,Demora,1
survey-demo,B1127,Comunicação,Retorno,1
survey-demo,B1128,Atendimento,Demora,2
survey-demo,B1129,Atendimento,Demora,1
survey-demo,B1129,Comunicação,Retorno,1
survey-demo,B1130,Atendimento,Demora,1
survey-demo,B1130,Comunicação,Retorno,1
survey-demo,B1131,Atendimento,Demora,1
survey-demo,B1131,Comunicação,Retorno,1
survey-demo,B1134,Atendimento,Demora,1
survey-demo,B1134,Comunicação,Retorno,1
survey-demo,B1135,Atendimento,Demora,1
survey-demo,B1135,Comunicação,Retorno,1
survey-demo,B1135,Processo,Agendamento,1
survey-demo,B1136,Atendimento,Demora,2
survey-demo,B1137,Atendimento,Demora,1
survey-demo,B1137,Comunicação,Retorno,1
survey-demo,B1137,Processo,Agendamento,1
survey-demo,B1138,Atendimento,Demora,1
survey-demo,B1138,Comunicação,Retorno,1
survey-demo,B1138,Processo,Agendamento,1
survey-demo,B1139,Atendimento,Demora,1
survey-demo,B1139,Comunicação,Retorno,1
survey-demo,B1140,Atendimento,Demora,1
survey-demo,B1140,Comunicação,Retorno,1
survey-demo,B1141,Atendimento,Cordialidade,1
survey-demo,B1141,Atendimento,Demora,1
survey-demo,B1141,Comunicação,Retorno,1
survey-demo,B1141,Processo,Agendamento,1
survey-demo,B1142,Atendimento,Demora,1
survey-demo,B1144,Atendimento,Demora,2
survey-demo,B1145,Atendimento,Cordialidade,1
survey-demo,B1145,Atendimento,Demora,1
survey-demo,B1145,Comunicação,Retorno,1
survey-demo,B1145,Processo,Agendamento,1
survey-demo,B1146,Atendimento,Demora,1
survey-demo,B1146,Comunicação,Retorno,1
survey-demo,B1147,Atendimento,Demora,1
survey-demo,B1147,Comunicação,Retorno,1
survey-demo,B1147,Processo,Agendamento,1
survey-demo,B1150,Atendimento,Demora,1
survey-demo,B1150,Comunicação,Retorno,1
survey-demo,B1152,Atendimento,Demora,2
survey-demo,B1153,Atendimento,Demora,1
survey-demo,B1153,Comunicação,Retorno,1
survey-demo,B1154,Atendimento,Cordialidade,1
survey-demo,B1154,Atendimento,Demora,1
survey-demo,B1154,Comunicação,Retorno,1
survey-demo,B1154,Processo,Agendamento,1
survey-demo,B1155,Atendimento,Demora,1
survey-demo,B1155,Comunicação,Retorno,1
survey-demo,B1157,Atendimento,Demora,1
survey-demo,B1157,Comunicação,Retorno,1
survey-demo,B1158,Atendimento,Demora,1
survey-demo,B1158,Comunicação,Retorno,1
survey-demo,B1158,Processo,Agendamento,1
survey-demo,B1159,Atendimento,Demora,1
survey-demo,B1159,Comunicação,Retorno,1
survey-demo,B1159,Processo,Agendamento,1
survey-demo,B1160,Atendimento,Demora,2
survey-demo,B1161,Atendimento,Demora,1
survey-demo,B1162,Atendimento,Cordialidade,1
survey-demo,B1162,Atendimento,Demora,1
survey-demo,B1162,Comunicação,Retorno,1
survey-demo,B1162,Processo,Agendamento,1
survey-demo,B1163,Atendimento,Demora,1
survey-demo,B1164,Atendimento,Cordialidade,1
survey-demo,B1164,Atendimento,Demora,1
survey-demo,B1164,Comunicação,Retorno,1
survey-demo,B1164,Processo,Agendamento,1
survey-demo,B1165,Atendimento,Cordialidade,1
survey-demo,B1165,Atendimento,Demora,1
survey-demo,B1165,Comunicação,Retorno,1
survey-demo,B1165,Processo,Agendamento,1
survey-demo,B1166,Atendimento,Cordialidade,1
survey-demo,B1166,Atendimento,Demora,1
survey-demo,B1166,Comunicação,Retorno,1
survey-demo,B1166,Processo,Agendamento,1
survey-demo,B1167,Atendimento,Demora,1
survey-demo,B1168,Atendimento,Demora,2
survey-demo,B1169,Atendimento,Demora,1
survey-demo,B1169,Comunicação,Retorno,1
survey-demo,B1170,Atendimento,Demora,1
survey-demo,B1170,Comunicação,Retorno,1
survey-demo,B1170,Processo,Agendamento,1
survey-demo,B1171,Atendimento,Cordialidade,1
survey-demo,B1171,Atendimento,Demora,1
survey-demo,B1171,Comunicação,Retorno,1
survey-demo,B1171,Processo,Agendamento,1
survey-demo,B1172,Atendimento,Demora,1
survey-demo,B1172,Comunicação,Retorno,1
survey-demo,B1173,Atendimento,Demora,1
survey-demo,B1173,Comunicação,Retorno,1
survey-demo,B1174,Atendimento,Demora,1
survey-demo,B1174,Comunicação,Retorno,1
survey-demo,B1175,Atendimento,Demora,1
survey-demo,B1175,Comunicação,Retorno,1
survey-demo,B1175,Processo,Agendamento,1
survey-demo,B1176,Atendimento,Demora,2
survey-demo,B1177,Atendimento,Demora,1
survey-demo,B1177,Comunicação,Retorno,1
survey-demo,B1177,Processo,Agendamento,1
survey-demo,B1178,Atendimento,Demora,1
survey-demo,B1179,Atendimento,Cordialidade,1
survey-demo,B1179,Atendimento,Demora,1
survey-demo,B1179,Comunicação,Retorno,1
survey-demo,B1179,Processo,Agendamento,1
survey-demo,B1180,Atendimento,Demora,1
survey-demo,B1180,Comunicação,Retorno,1
survey-demo,B1182,Atendimento,Demora,1
survey-demo,B1182,Comunicação,Retorno,1
survey-demo,B1183,Atendimento,Demora,1
survey-demo,B1184,Atendimento,Demora,2
survey-demo,B1185,Atendimento,Cordialidade,1
survey-demo,B1185,Atendimento,Demora,1
survey-demo,B1185,Comunicação,Retorno,1
survey-demo,B1185,Processo,Agendamento,1
survey-demo,B1186,Atendimento,Cordialidade,1
survey-demo,B1186,Atendimento,Demora,1
survey-demo,B1186,Comunicação,Retorno,1
survey-demo,B1186,Processo,Agendamento,1
survey-demo,B1187,Atendimento,Cordialidade,1
survey-demo,B1187,Atendimento,Demora,1
survey-demo,B1187,Comunicação,Retorno,1
survey-demo,B1187,Processo,Agendamento,1
survey-demo,B1188,Atendimento,Demora,1
survey-demo,B1188,Comunicação,Retorno,1
survey-demo,B1188,Processo,Agendamento,1
survey-demo,B1189,Atendimento,Cordialidade,1
survey-demo,B1189,Atendimento,Demora,1
survey-demo,B1189,Comunicação,Retorno,1
survey-demo,B1189,Processo,Agendamento,1
survey-demo,B1190,Atendimento,Demora,1
survey-demo,B1190,Comunicação,Retorno,1
survey-demo,B1191,Atendimento,Demora,1
survey-demo,B1191,Comunicação,Retorno,1
survey-demo,B1191,Processo,Agendamento,1
survey-demo,B1192,Atendimento,Demora,2
survey-demo,B1193,Atendimento,Cordialidade,1
survey-demo,B1193,Atendimento,Demora,1
survey-demo,B1193,Comunicação,Retorno,1
survey-demo,B1193,Processo,Agendamento,1
survey-demo,B1194,Atendimento,Cordialidade,1
survey-demo,B1194,Atendimento,Demora,1
survey-demo,B1194,Comunicação,Retorno,1
survey-demo,B1194,Processo,Agendamento,1
survey-demo,B1195,Atendimento,Demora,1
survey-demo,B1195,Comunicação,Retorno,1
survey-demo,B1195,Processo,Agendamento,1
survey-demo,B1196,Atendimento,Demora,1
survey-demo,B1196,Comunicação,Retorno,1
survey-demo,B1196,Processo,Agendamento,1
survey-demo,B1197,Atendimento,Demora,1
survey-demo,B1197,Comunicação,Retorno,1
survey-demo,B1198,Atendimento,Demora,1
survey-demo,B1198,Comunicação,Retorno,1
survey-demo,B1198,Processo,Agendamento,1
survey-demo,B1199,Atendimento,Cordialidade,1
survey-demo,B1199,Atendimento,Demora,1
survey-demo,B1199,Comunicação,Retorno,1
survey-demo,B1199,Processo,Agendamento,1
survey-demo,R001,Atendimento,Demora,1
survey-demo,R001,Comunicação,Retorno,1
survey-demo,R001,Processo,Agendamento,1
survey-demo,R002,Atendimento,Cordialidade,1
survey-demo,R005,Atendimento,Equipe,1
