survey_id,response_id,customer_id,source_version,updated_at,answered_at,created_at,metric,score,journey_stage,feedback,event_id,payload_hash,quality_status
survey-demo,B0000,customer-0000,2,2026-08-03T12:00:00.000000Z,2026-08-01T12:00:00.000000Z,2026-08-01T12:00:00.000000Z,CSAT,2,onboarding,Comentário inteiramente sintético.,event-B0000-v2,16e9b6512d15789c64bc89f5ccdf04a60a8e9e566512f12dfc170aed4c27a895,has_rejected_history
survey-demo,B0001,customer-0000,1,2026-08-01T12:00:00.000000Z,2026-08-01T12:00:00.000000Z,2026-08-01T12:00:00.000000Z,NPS,5,service,Comentário inteiramente sintético.,event-B0001-v1,6d149c7a61aa64e3767b34b4c1f01bd4e006e8aa677748d0842d67720b702030,ok
survey-demo,B0002,customer-0001,1,2026-08-01T12:00:00.000000Z,2026-08-01T12:00:00.000000Z,2026-08-01T12:00:00.000000Z,NPS,0,support,Comentário inteiramente sintético.,event-B0002-v1,41e0b415334056166a1e727f89cab91510a93d5166c2237ee8cbb1343975e9b4,ok
survey-demo,B0003,customer-0001,1,2026-08-01T12:00:00.000000Z,2026-08-01T12:00:00.000000Z,2026-08-01T12:00:00.000000Z,CSAT,5,renewal,Comentário inteiramente sintético.,event-B0003-v1,3f29b32a79f112c22a1fcc795606d4b36ff170ea4d8527b50362348f302d7f2c,ok
survey-demo,B0004,customer-0002,1,2026-08-01T12:00:00.000000Z,2026-08-01T12:00:00.000000Z,2026-08-01T12:00:00.000000Z,NPS,0,onboarding,Comentário inteiramente sintético.,event-B0004-v1,302bf69ac733a8a4ec11989cd35092e91653f5f2ac06977e792fe2629a42f197,ok
survey-demo,B0005,customer-0002,1,2026-08-01T12:00:00.000000Z,2026-08-01T12:00:00.000000Z,2026-08-01T12:00:00.000000Z,NPS,6,service,Comentário inteiramente sintético.,event-B0005-v1,3619f672de16b5052cec605aa50c55a121a0ee51779a7aed42601919eb9db67e,ok
survey-demo,B0006,customer-0003,1,2026-08-01T12:00:00.000000Z,2026-08-01T12:00:00.000000Z,2026-08-01T12:00:00.000000Z,CSAT,3,support,Comentário inteiramente sintético.,event-B0006-v1,7a8e8bbd0e1da8b0d6f8bc92eeb29d2006d232cc7e61c11ba3ecc0df183d09c7,ok
survey-demo,B0007,customer-0003,1,2026-08-01T12:00:00.000000Z,2026-08-01T12:00:00.000000Z,2026-08-01T12:00:00.000000Z,NPS,5,renewal,Comentário inteiramente sintético.,event-B0007-v1,db2a113ec1d53909c5e502df1fc10daeeb2c569e2703f6fa9f707d136b7b8c32,ok
survey-demo,B0008,customer-0004,2,2026-08-03T12:00:00.000000Z,2026-08-01T12:00:00.000000Z,2026-08-01T12:00:00.000000Z,NPS,4,onboarding,Comentário inteiramente sintético.,event-B0008-v2,298dd14a66156c922fed4cd0146df03ed6b4a6212fee3cdf0ba751954f3c7d28,ok
survey-demo,B0009,customer-0004,1,2026-08-01T12:00:00.000000Z,2026-08-01T12:00:00.000000Z,2026-08-01T12:00:00.000000Z,CSAT,3,service,Comentário inteiramente sintético.,event-B0009-v1,aff49bb39186d98d227a6ba6e636f923ebd88fbe706031d5edd494aa207adade,ok
survey-demo,B0010,customer-0005,1,2026-08-01T12:00:00.000000Z,2026-08-01T12:00:00.000000Z,2026-08-01T12:00:00.000000Z,NPS,7,support,Comentário inteiramente sintético.,event-B0010-v1,02fa4d1388847e412c171732cce42650b416282f585316d0ce633cd58976d549,ok
survey-demo,B0011,customer-0005,1,2026-08-01T12:00:00.000000Z,2026-08-01T12:00:00.000000Z,2026-08-01T12:00:00.000000Z,NPS,4,renewal,Comentário inteiramente sintético.,event-B0011-v1,f7b2f7053dd53cdb299cecb8d9565137a069faba9a858538fb480c68c0e5001b,ok
survey-demo,B0012,customer-0006,1,2026-08-01T12:00:00.000000Z,2026-08-01T12:00:00.000000Z,2026-08-01T12:00:00.000000Z,CSAT,4,onboarding,Comentário inteiramente sintético.,event-B0012-v1,77e3fba03dcc4e922372e89eb97605b9bef7767830236f5976f5c2ab97ac8445,ok
survey-demo,B0013,customer-0006,1,2026-08-01T12:00:00.000000Z,2026-08-01T12:00:00.000000Z,2026-08-01T12:00:00.000000Z,NPS,10,service,Comentário inteiramente sintético.,event-B0013-v1,2c0cdbda99361932bbc77e8d0773f78ba60bd99f79afc21475a79fda2f4f1b22,ok
survey-demo,B0014,customer-0007,1,2026-08-01T12:00:00.000000Z,2026-08-01T12:00:00.000000Z,2026-08-01T12:00:00.000000Z,NPS,1,support,Comentário inteiramente sintético.,event-B0014-v1,3c7039676fb57259ac4af8f285842e69320e8a428b583dd2e091d7edb600673d,ok
survey-demo,B0015,customer-0007,1,2026-08-01T12:00:00.000000Z,2026-08-01T12:00:00.000000Z,2026-08-01T12:00:00.000000Z,CSAT,3,renewal,Comentário inteiramente sintético.,event-B0015-v1,dbefa12b27d2feec89dcf37388003a27fdd23a23e6d01c400d6034de21eb94ad,ok
survey-demo,B0016,customer-0008,2,2026-08-03T12:00:00.000000Z,2026-08-01T12:00:00.000000Z,2026-08-01T12:00:00.000000Z,NPS,1,onboarding,Comentário inteiramente sintético.,event-B0016-v2,065eadabe3f7d3c308bbb88adce887725513b1a616c470a20e5eb19d5c1d70fe,ok
survey-demo,B0017,customer-0008,1,2026-08-01T12:00:00.000000Z,2026-08-01T12:00:00.000000Z,2026-08-01T12:00:00.000000Z,NPS,9,service,Comentário inteiramente sintético.,event-B0017-v1,4e41c4ef05a13a643cc225f642115be51769a7b14db8f96b0231c424faefbd21,ok
survey-demo,B0018,customer-0009,1,2026-08-01T12:00:00.000000Z,2026-08-01T12:00:00.000000Z,2026-08-01T12:00:00.000000Z,CSAT,5,support,Comentário inteiramente sintético.,event-B0018-v1,90573bd5100ea9341416cae9728bad6fd9dc3e8905dd3d314aa0720881e96213,ok
survey-demo,B0019,customer-0009,1,2026-08-01T12:00:00.000000Z,2026-08-01T12:00:00.000000Z,2026-08-01T12:00:00.000000Z,NPS,6,renewal,Comentário inteiramente sintético.,event-B0019-v1,e35a456efb858252be5cba2ad5dca62e2c0b231b0931675594f9a759281cfdae,ok
survey-demo,B0020,customer-0010,1,2026-08-01T12:00:00.000000Z,2026-08-01T12:00:00.000000Z,2026-08-01T12:00:00.000000Z,NPS,2,onboarding,Comentário inteiramente sintético.,event-B0020-v1,d143f77ca45012827bcfd67828098ff486e27c17bc9bb021a4b549252dff6504,ok
survey-demo,B0021,customer-0010,1,2026-08-01T12:00:00.000000Z,2026-08-01T12:00:00.000000Z,2026-08-01T12:00:00.000000Z,CSAT,4,service,Comentário inteiramente sintético.,event-B0021-v1,eedbc4ff7becc43c2fd272d2945637e82e5555204a6facc53ad7c473d0102411,ok
survey-demo,B0022,customer-0011,1,2026-08-01T12:00:00.000000Z,2026-08-01T12:00:00.000000Z,2026-08-01T12:00:00.000000Z,NPS,3,support,Comentário inteiramente sintético.,event-B0022-v1,597cfccf0f0a4a98701c4bf43443b6c11fc4894bc12c671958e141cd50450f23,ok
survey-demo,B0023,customer-0011,1,2026-08-01T12:00:00.000000Z,2026-08-01T12:00:00.000000Z,2026-08-01T12:00:00.000000Z,NPS,4,renewal,Comentário inteiramente sintético.,event-B0023-v1,bd3b2dc1d98aa395a65a77959d98a9ba394a2a2ff94cd33c18ab2bf70f1bcc5e,ok
survey-demo,B0024,customer-0012,2,2026-08-03T12:00:00.000000Z,2026-08-01T12:00:00.000000Z,2026-08-01T12:00:00.000000Z,CSAT,2,onboarding,Comentário inteiramente sintético.,event-B0024-v2,f2fc95b0d3975a5029542213a9a1f62865b29086d5de29ddf76888dc66b30ba0,ok
survey-demo,B0025,customer-0012,1,2026-08-01T12:00:00.000000Z,2026-08-01T12:00:00.000000Z,2026-08-01T12:00:00.000000Z,NPS,9,service,Comentário inteiramente sintético.,event-B0025-v1,0b9fc4cac635f58d6f6598cdbe02eabfcf4e3daf64ca8782b60de4fb7b149d9c,ok
survey-demo,B0026,customer-0013,1,2026-08-01T12:00:00.000000Z,2026-08-01T12:00:00.000000Z,2026-08-01T12:00:00.000000Z,NPS,2,support,Comentário inteiramente sintético.,event-B0026-v1,b069077f38b70f34c0c894ec8fe63abf8a206aced0f59da993757b731c9ae74b,ok
survey-demo,B0027,customer-0013,1,2026-08-01T12:00:00.000000Z,2026-08-01T12:00:00.000000Z,2026-08-01T12:00:00.000000Z,CSAT,4,renewal,Comentário inteiramente sintético.,event-B0027-v1,145205ad74d97d895481814b7043a82cebfdf94beefa7295afb8521aef75ae65,ok
survey-demo,B0028,customer-0014,1,2026-08-01T12:00:00.000000Z,2026-08-01T12:00:00.000000Z,2026-08-01T12:00:00.000000Z,NPS,8,onboarding,Comentário inteiramente sintético.,event-B0028-v1,70bcd307dedaefa8754d9f84d01b81cdd0888f37cf05908349353060899e3fb6,ok
survey-demo,B0029,customer-0014,1,2026-08-01T12:00:00.000000Z,2026-08-01T12:00:00.000000Z,2026-08-01T12:00:00.000000Z,NPS,7,service,Comentário inteiramente sintético.,event-B0029-v1,a9b2e2be9339723280c98328859c922a942adc1663b3f706aed49dc3845588ac,ok
survey-demo,B0030,customer-0015,1,2026-08-01T12:00:00.000000Z,2026-08-01T12:00:00.000000Z,2026-08-01T12:00:00.000000Z,CSAT,5,support,Comentário inteiramente sintético.,event-B0030-v1,1945b3db12017e8f49513ff8a91dcf8f75217b54d05d0b296bd5162376c117a5,ok
survey-demo,B0031,customer-0015,1,2026-08-01T12:00:00.000000Z,2026-08-01T12:00:00.000000Z,2026-08-01T12:00:00.000000Z,NPS,8,renewal,Comentário inteiramente sintético.,event-B0031-v1,f19c7f3bb35d29587d70a06a4e5ca18d8835c51e228a2a8f65df7e1689c7e0cc,ok
survey-demo,B0032,customer-0016,2,2026-08-03T12:00:00.000000Z,2026-08-01T12:00:00.000000Z,2026-08-01T12:00:00.000000Z,NPS,2,onboarding,Comentário inteiramente sintético.,event-B0032-v2,89cabcd0a9a0545fcb98ed9dc2126d4d2a416cf60c45c0f1d1e1b42b3aa5f71b,ok
survey-demo,B0033,customer-0016,1,2026-08-01T12:00:00.000000Z,2026-08-01T12:00:00.000000Z,2026-08-01T12:00:00.000000Z,CSAT,2,service,Comentário inteiramente sintético.,event-B0033-v1,e994499910d40e5a25f4f05f1bfabd984801ae7f7be5f3d668af33557652384b,ok
survey-demo,B0034,customer-0017,1,2026-08-01T12:00:00.000000Z,2026-08-01T12:00:00.000000Z,2026-08-01T12:00:00.000000Z,NPS,10,support,Comentário inteiramente sintético.,event-B0034-v1,4bce866316b66448f85307ffde092d0be62427245c4cbbb6581dda6bb849662c,ok
survey-demo,B0035,customer-0017,1,2026-08-01T12:00:00.000000Z,2026-08-01T12:00:00.000000Z,2026-08-01T12:00:00.000000Z,NPS,6,renewal,Comentário inteiramente sintético.,event-B0035-v1,a9fb942d1f9dee034df448869ce916bd8fb1ac18d11a0271a8b98d985f296ae5,ok
survey-demo,B0036,customer-0018,1,2026-08-01T12:00:00.000000Z,2026-08-01T12:00:00.000000Z,2026-08-01T12:00:00.000000Z,CSAT,1,onboarding,Comentário inteiramente sintético.,event-B0036-v1,60e71e408ff1ebc2fae5d0a7a7d5e8611bc2a60c0508d29acfc88708f4d59abf,ok
survey-demo,B0037,customer-0018,1,2026-08-01T12:00:00.000000Z,2026-08-01T12:00:00.000000Z,2026-08-01T12:00:00.000000Z,NPS,8,service,Comentário inteiramente sintético.,event-B0037-v1,35aa79f4a27bd6e176cdbe3bbb8ffc720aaf70d788803e4da5dab84ba500b5cc,ok
survey-demo,B0038,customer-0019,1,2026-08-01T12:00:00.000000Z,2026-08-01T12:00:00.000000Z,2026-08-01T12:00:00.000000Z,NPS,0,support,Comentário inteiramente sintético.,event-B0038-v1,0acbcab055bb7531f654a766a5f116a56bdba4da74be2bdaa21733dd56d4fde1,ok
survey-demo,B0039,customer-0019,1,2026-08-01T12:00:00.000000Z,2026-08-01T12:00:00.000000Z,2026-08-01T12:00:00.000000Z,CSAT,1,renewal,Comentário inteiramente sintético.,event-B0039-v1,6818007cedaf055faf5a6b0ee418c31e14732231833cec032588aa896a20ed64,ok
survey-demo,B0040,customer-0020,2,2026-08-03T12:00:00.000000Z,2026-08-01T12:00:00.000000Z,2026-08-01T12:00:00.000000Z,NPS,10,onboarding,Comentário inteiramente sintético.,event-B0040-v2,4a3e6446217291d3723a9fa1156afe51db21417f922c229277272e7e2ae46174,ok
survey-demo,B0041,customer-0020,1,2026-08-01T12:00:00.000000Z,2026-08-01T12:00:00.000000Z,2026-08-01T12:00:00.000000Z,NPS,8,service,Comentário inteiramente sintético.,event-B0041-v1,3631a26bf695e8f4c8fe44ff17a35347ef375f1ae44cc8f8ee6ae98de9aa9247,ok
survey-demo,B0042,customer-0021,1,2026-08-01T12:00:00.000000Z,2026-08-01T12:00:00.000000Z,2026-08-01T12:00:00.000000Z,CSAT,2,support,Comentário inteiramente sintético.,event-B0042-v1,3d6267e8598f25f0bc683f6c6a46045745f6029ede66dd5ca91c7378c2f6b576,ok
survey-demo,B0043,customer-0021,1,2026-08-01T12:00:00.000000Z,2026-08-01T12:00:00.000000Z,2026-08-01T12:00:00.000000Z,NPS,9,renewal,Comentário inteiramente sintético.,event-B0043-v1,1db2dae7a6fe498490d1b5e6b785afcffec5beea3586e3173d0ea4d17d2827de,ok
survey-demo,B0044,customer-0022,1,2026-08-01T12:00:00.000000Z,2026-08-01T12:00:00.000000Z,2026-08-01T12:00:00.000000Z,NPS,3,onboarding,Comentário inteiramente sintético.,event-B0044-v1,0cfddd4e214b9c46094722b827faaf8bd6768e69a93d5a099463960e083cb3a1,ok
survey-demo,B0045,customer-0022,1,2026-08-01T12:00:00.000000Z,2026-08-01T12:00:00.000000Z,2026-08-01T12:00:00.000000Z,CSAT,2,service,Comentário inteiramente sintético.,event-B0045-v1,7381fb630d1e7c702367a9c835565e17fb95f94a4681ff4a0d9759c3ce9f62eb,ok
survey-demo,B0046,customer-0023,1,2026-08-01T12:00:00.000000Z,2026-08-01T12:00:00.000000Z,2026-08-01T12:00:00.000000Z,NPS,10,support,Comentário inteiramente sintético.,event-B0046-v1,0653324d3f2e0144adea57d80498724cc048973a3613a15b75da9161f4fa7e5a,ok
survey-demo,B0047,customer-0023,1,2026-08-01T12:00:00.000000Z,2026-08-01T12:00:00.000000Z,2026-08-01T12:00:00.000000Z,NPS,10,renewal,Comentário inteiramente sintético.,event-B0047-v1,6728a7e5c610ec9b34f9d9f7a63323993e2600af03ed6ea3cfae676d13e59591,ok
survey-demo,B0048,customer-0024,2,2026-08-03T12:00:00.000000Z,2026-08-01T12:00:00.000000Z,2026-08-01T12:00:00.000000Z,CSAT,3,onboarding,Comentário inteiramente sintético.,event-B0048-v2,29c49c16b45d720937ee0fa6a582db759f9422027b1b32239d8c0a2d45a04ffa,ok
survey-demo,B0049,customer-0024,1,2026-08-01T12:00:00.000000Z,2026-08-01T12:00:00.000000Z,2026-08-01T12:00:00.000000Z,NPS,4,service,Comentário inteiramente sintético.,event-B0049-v1,a49fc26d0222769d10e2b21ca756344036800e251f6cb8a046c38363654bd46a,ok
survey-demo,B0050,customer-0025,1,2026-08-01T12:00:00.000000Z,2026-08-01T12:00:00.000000Z,2026-08-01T12:00:00.000000Z,NPS,8,support,Comentário inteiramente sintético.,event-B0050-v1,2a559fabdcd0feb726370a9d20e862a56bdbf831ca0e861acad29d8b9923771e,ok
survey-demo,B0051,customer-0025,1,2026-08-01T12:00:00.000000Z,2026-08-01T12:00:00.000000Z,2026-08-01T12:00:00.000000Z,CSAT,4,renewal,Comentário inteiramente sintético.,event-B0051-v1,a0c367659934b8b5187afb9084944293a0008af5fc310b06a2b3cec0414ae879,ok
survey-demo,B0052,customer-0026,1,2026-08-01T12:00:00.000000Z,2026-08-01T12:00:00.000000Z,2026-08-01T12:00:00.000000Z,NPS,0,onboarding,Comentário inteiramente sintético.,event-B0052-v1,b4b27c912da9d835b9e8441319b6747d7c052cbb6f5792eb251e1a443e9cc063,ok
survey-demo,B0053,customer-0026,1,2026-08-01T12:00:00.000000Z,2026-08-01T12:00:00.000000Z,2026-08-01T12:00:00.000000Z,NPS,7,service,Comentário inteiramente sintético.,event-B0053-v1,0042cd91e8d0215bbba9552b78ca48d35e14d007a09d93f1c219409dbc7c3be7,ok
survey-demo,B0054,customer-0027,1,2026-08-01T12:00:00.000000Z,2026-08-01T12:00:00.000000Z,2026-08-01T12:00:00.000000Z,CSAT,5,support,Comentário inteiramente sintético.,event-B0054-v1,6cf1d7582dccec7728de8b228e90b3680ceb64b5d0047b6623b5eb2c6cc64d32,ok
survey-demo,B0055,customer-0027,1,2026-08-01T12:00:00.000000Z,2026-08-01T12:00:00.000000Z,2026-08-01T12:00:00.000000Z,NPS,4,renewal,Comentário inteiramente sintético.,event-B0055-v1,1c55ce260a2ddc8d60450bf2534376561b9852e19eb43bbc50e9ba99ec2a555b,ok
survey-demo,B0056,customer-0028,2,2026-08-03T12:00:00.000000Z,2026-08-01T12:00:00.000000Z,2026-08-01T12:00:00.000000Z,NPS,5,onboarding,Comentário inteiramente sintético.,event-B0056-v2,16084038f5704de201e4ab7b1ab8090a76e9bdcc40c59c6f7067466eaf1ecda7,ok
survey-demo,B0057,customer-0028,1,2026-08-01T12:00:00.000000Z,2026-08-01T12:00:00.000000Z,2026-08-01T12:00:00.000000Z,CSAT,4,service,Comentário inteiramente sintético.,event-B0057-v1,5731575881d66e9fe37adfffdd04a0bdaa76e10e65debae9c4fbd85101653d7a,ok
survey-demo,B0058,customer-0029,1,2026-08-01T12:00:00.000000Z,2026-08-01T12:00:00.000000Z,2026-08-01T12:00:00.000000Z,NPS,5,support,Comentário inteiramente sintético.,event-B0058-v1,5330dab08cb23732bf109cd857590ad6cc096859c668244418a03dc7acdcf533,ok
survey-demo,B0059,customer-0029,1,2026-08-01T12:00:00.000000Z,2026-08-01T12:00:00.000000Z,2026-08-01T12:00:00.000000Z,NPS,6,renewal,Comentário inteiramente sintético.,event-B0059-v1,5357a72d4ae65c6b92b3acaf893f13d8f41ec0e975754ad42f33e5f8b08e1b82,ok
survey-demo,B0060,customer-0030,1,2026-08-01T12:00:00.000000Z,2026-08-01T12:00:00.000000Z,2026-08-01T12:00:00.000000Z,CSAT,3,onboarding,Comentário inteiramente sintético.,event-B0060-v1,570d6ea46d9619c4703141f132164a6f0cba359c9da0c002c1bc63ebf13193e0,has_rejected_history
survey-demo,B0061,customer-0030,1,2026-08-01T12:00:00.000000Z,2026-08-01T12:00:00.000000Z,2026-08-01T12:00:00.000000Z,NPS,8,service,Comentário inteiramente sintético.,event-B0061-v1,df72b93125c91377edd6b5dcb828fc3e478f12631080d42737e533429df3c44c,ok
survey-demo,B0062,customer-0031,1,2026-08-01T12:00:00.000000Z,2026-08-01T12:00:00.000000Z,2026-08-01T12:00:00.000000Z,NPS,4,support,Comentário inteiramente sintético.,event-B0062-v1,02883fb9f770b4d0a1c16d1a3ab6566a31b7318607a68ed1f027eafbed35fff5,ok
survey-demo,B0063,customer-0031,1,2026-08-01T12:00:00.000000Z,2026-08-01T12:00:00.000000Z,2026-08-01T12:00:00.000000Z,CSAT,2,renewal,Comentário inteiramente sintético.,event-B0063-v1,6ea1038822267c247be0f17cba434530c9f7e5ac2e12f7509e5e0046fe97da20,ok
survey-demo,B0064,customer-0032,2,2026-08-03T12:00:00.000000Z,2026-08-01T12:00:00.000000Z,2026-08-01T12:00:00.000000Z,NPS,5,onboarding,Comentário inteiramente sintético.,event-B0064-v2,4f594a442f449c822b7f3622f41b45fd27caf1af630b23c525005dd19c331971,ok
survey-demo,B0065,customer-0032,1,2026-08-01T12:00:00.000000Z,2026-08-01T12:00:00.000000Z,2026-08-01T12:00:00.000000Z,NPS,7,service,Comentário inteiramente sintético.,event-B0065-v1,a1cc70541c046a6051a097888fd98e4dfd9f9541e14a9c22ee7c22e87714d7d4,ok
survey-demo,B0066,customer-0033,1,2026-08-01T12:00:00.000000Z,2026-08-01T12:00:00.000000Z,2026-08-01T12:00:00.000000Z,CSAT,3,support,Comentário inteiramente sintético.,event-B0066-v1,43c5aa8d6919fcf6e1882d7692167b7ae189f075c3666ece674a301442715229,ok
survey-demo,B0067,customer-0033,1,2026-08-01T12:00:00.000000Z,2026-08-01T12:00:00.000000Z,2026-08-01T12:00:00.000000Z,NPS,6,renewal,Comentário inteiramente sintético.,event-B0067-v1,63f5886966e892a43b85a498a5b5dee8b3337403dec61bbc14e970628fd503b7,ok
survey-demo,B0068,customer-0034,1,2026-08-01T12:00:00.000000Z,2026-08-01T12:00:00.000000Z,2026-08-01T12:00:00.000000Z,NPS,4,onboarding,Comentário inteiramente sintético.,event-B0068-v1,d33ecaf19cf4fd213cbda592644d6298162d6f0a0bf8dc2132bdee37aa165a4b,ok
survey-demo,B0069,customer-0034,1,2026-08-01T12:00:00.000000Z,2026-08-01T12:00:00.000000Z,2026-08-01T12:00:00.000000Z,CSAT,5,service,Comentário inteiramente sintético.,event-B0069-v1,adec7508777b1003764f68908e479a1945d523a7776b60b64b21ce1d10669971,ok
survey-demo,B0070,customer-0035,1,2026-08-01T12:00:00.000000Z,2026-08-01T12:00:00.000000Z,2026-08-01T12:00:00.000000Z,NPS,10,support,Comentário inteiramente sintético.,event-B0070-v1,674cb5b281f2031facf51d63ac7c3a621c08d8e1ec963e71b35cc0c14b55e812,ok
survey-demo,B0071,customer-0035,1,2026-08-01T12:00:00.000000Z,2026-08-01T12:00:00.000000Z,2026-08-01T12:00:00.000000Z,NPS,8,renewal,Comentário inteiramente sintético.,event-B0071-v1,c75934cb7e487617fa65ca0a6abd2538b724b3fd1a7b33396da2b7b61e6378b2,ok
survey-demo,B0072,customer-0036,2,2026-08-03T12:00:00.000000Z,2026-08-01T12:00:00.000000Z,2026-08-01T12:00:00.000000Z,CSAT,4,onboarding,Comentário inteiramente sintético.,event-B0072-v2,9725822bd646372b7b7e0a9ef444f1c0df55b7fea93850e749963b2b43719e1e,ok
survey-demo,B0073,customer-0036,1,2026-08-01T12:00:00.000000Z,2026-08-01T12:00:00.000000Z,2026-08-01T12:00:00.000000Z,NPS,0,service,Comentário inteiramente sintético.,event-B0073-v1,25882b25b24ec463d100a97af12e707a22ac76f5741f08ec81382213fd2272fe,ok
survey-demo,B0074,customer-0037,1,2026-08-01T12:00:00.000000Z,2026-08-01T12:00:00.000000Z,2026-08-01T12:00:00.000000Z,NPS,0,support,Comentário inteiramente sintético.,event-B0074-v1,6ba2bfdadd225480a5322f4765eebf4daf91712d3db8af5b6280ea092f487604,ok
survey-demo,B0075,customer-0037,1,2026-08-01T12:00:00.000000Z,2026-08-01T12:00:00.000000Z,2026-08-01T12:00:00.000000Z,CSAT,2,renewal,Comentário inteiramente sintético.,event-B0075-v1,91ef8e24f6e8ae01a10bd21c976ca41c7efc6835c3ca531fd817b52aefdaa19a,ok
survey-demo,B0076,customer-0038,1,2026-08-01T12:00:00.000000Z,2026-08-01T12:00:00.000000Z,2026-08-01T12:00:00.000000Z,NPS,5,onboarding,Comentário inteiramente sintético.,event-B0076-v1,9a7e6491f7f3a32825868701cba22bbd9039cdb427e5efc710a6fc3749233829,ok
survey-demo,B0077,customer-0038,1,2026-08-01T12:00:00.000000Z,2026-08-01T12:00:00.000000Z,2026-08-01T12:00:00.000000Z,NPS,9,service,Comentário inteiramente sintético.,event-B0077-v1,052495a7f063156a99a0e2ceb2a089ec76286a832ecd2640f1762bc79e1acb9c,ok
survey-demo,B0078,customer-0039,1,2026-08-01T12:00:00.000000Z,2026-08-01T12:00:00.000000Z,2026-08-01T12:00:00.000000Z,CSAT,1,support,Comentário inteiramente sintético.,event-B0078-v1,081ebf406151e07f5af44921f807685fbfc61defcc8b09a76dbddb07ba991c38,ok
survey-demo,B0079,customer-0039,1,2026-08-01T12:00:00.000000Z,2026-08-01T12:00:00.000000Z,2026-08-01T12:00:00.000000Z,NPS,8,renewal,Comentário inteiramente sintético.,event-B0079-v1,a6305e912081bab906121e56b2769102058d4beb57582b1f7e95c4e4475f4f8a,ok
survey-demo,B0080,customer-0040,2,2026-08-03T12:00:00.000000Z,2026-08-01T12:00:00.000000Z,2026-08-01T12:00:00.000000Z,NPS,1,onboarding,Comentário inteiramente sintético.,event-B0080-v2,41b62c8daba631c2889dfd72e6f27006b9dfb3239f528ec84050ffb046b19a30,ok
survey-demo,B0081,customer-0040,1,2026-08-01T12:00:00.000000Z,2026-08-01T12:00:00.000000Z,2026-08-01T12:00:00.000000Z,CSAT,2,service,Comentário inteiramente sintético.,event-B0081-v1,4778b32ec2c0897c821e1b293ff950ff78f2065cbd15a45000e0832110efb631,ok
survey-demo,B0082,customer-0041,1,2026-08-01T12:00:00.000000Z,2026-08-01T12:00:00.000000Z,2026-08-01T12:00:00.000000Z,NPS,2,support,Comentário inteiramente sintético.,event-B0082-v1,546b4e0ae500ffbed1bf1861f60acb6d427ea7999633aaf627769a5faa71b6f9,ok
survey-demo,B0083,customer-0041,1,2026-08-01T12:00:00.000000Z,2026-08-01T12:00:00.000000Z,2026-08-01T12:00:00.000000Z,NPS,6,renewal,Comentário inteiramente sintético.,event-B0083-v1,000858f5e036ff19b103c06e02cdf0965c550e826022c459fdc08fea5634ff61,ok
survey-demo,B0084,customer-0042,1,2026-08-01T12:00:00.000000Z,2026-08-01T12:00:00.000000Z,2026-08-01T12:00:00.000000Z,CSAT,1,onboarding,Comentário inteiramente sintético.,event-B0084-v1,3c476ecb4914691a2a480b62ea44753f8c7ec58d2930174f074de5858e5a413a,ok
survey-demo,B0085,customer-0042,1,2026-08-01T12:00:00.000000Z,2026-08-01T12:00:00.000000Z,2026-08-01T12:00:00.000000Z,NPS,10,service,Comentário inteiramente sintético.,event-B0085-v1,1b75f6e80e7c12d2ae1760574b898db6e495efc7a4311d1ba8153d4ef1118881,ok
survey-demo,B0086,customer-0043,1,2026-08-01T12:00:00.000000Z,2026-08-01T12:00:00.000000Z,2026-08-01T12:00:00.000000Z,NPS,2,support,Comentário inteiramente sintético.,event-B0086-v1,e3c79dfd1e4ffa429b41ce42ebe3f2295a3e0dfaf666b80490f66613339e044d,ok
survey-demo,B0087,customer-0043,1,2026-08-01T12:00:00.000000Z,2026-08-01T12:00:00.000000Z,2026-08-01T12:00:00.000000Z,CSAT,2,renewal,Comentário inteiramente sintético.,event-B0087-v1,562d040b4f81c4b641bec8cee77535df17bf577caf467c1cdc370d7ae1cf76bb,ok
survey-demo,B0088,customer-0044,2,2026-08-03T12:00:00.000000Z,2026-08-01T12:00:00.000000Z,2026-08-01T12:00:00.000000Z,NPS,10,onboarding,Comentário inteiramente sintético.,event-B0088-v2,0be0983e4d472a3fbc92db3a6b69a6b411e38bcedbf799e32d48a17f4feeddac,ok
survey-demo,B0089,customer-0044,1,2026-08-01T12:00:00.000000Z,2026-08-01T12:00:00.000000Z,2026-08-01T12:00:00.000000Z,NPS,10,service,Comentário inteiramente sintético.,event-B0089-v1,9dca2dd1421ba9d6c9500b5e2b318893eddc630ad2c8296c6bb20aaa8778c5a0,ok
survey-demo,B0090,customer-0045,1,2026-08-01T12:00:00.000000Z,2026-08-01T12:00:00.000000Z,2026-08-01T12:00:00.000000Z,CSAT,5,support,Comentário inteiramente sintético.,event-B0090-v1,2bbbc4ba59ea2446b21c16389781b08a9ec7e6efad693d319b0ce51b94c1dba4,ok
survey-demo,B0091,customer-0045,1,2026-08-01T12:00:00.000000Z,2026-08-01T12:00:00.000000Z,2026-08-01T12:00:00.000000Z,NPS,3,renewal,Comentário inteiramente sintético.,event-B0091-v1,e97ced1358520c2ff992de3c65d6a8bf30cb77b168eabb278ac9a5f6ea9d5add,ok
survey-demo,B0092,customer-0046,1,2026-08-01T12:00:00.000000Z,2026-08-01T12:00:00.000000Z,2026-08-01T12:00:00.000000Z,NPS,0,onboarding,Comentário inteiramente sintético.,event-B0092-v1,97c329cd979fbc65b3ae0089129ae40428a41b1347ae98b7d3c569ef48df1173,ok
survey-demo,B0093,customer-0046,1,2026-08-01T12:00:00.000000Z,2026-08-01T12:00:00.000000Z,2026-08-01T12:00:00.000000Z,CSAT,1,service,Comentário inteiramente sintético.,event-B0093-v1,5cb3c085dd293368e5b02e411b98d4ebd613e35133c003269e2d42c5d1bd8079,ok
survey-demo,B0094,customer-0047,1,2026-08-01T12:00:00.000000Z,2026-08-01T12:00:00.000000Z,2026-08-01T12:00:00.000000Z,NPS,0,support,Comentário inteiramente sintético.,event-B0094-v1,0a45a28e2f7dd0e46d5eaa84204cbd12e3470bb4cae3fafe6f875bbb8b0914a5,ok
survey-demo,B0095,customer-0047,1,2026-08-01T12:00:00.000000Z,2026-08-01T12:00:00.000000Z,2026-08-01T12:00:00.000000Z,NPS,2,renewal,Comentário inteiramente sintético.,event-B0095-v1,d3f99d07965d83f5ac9783fee1662c25bf4b87b7832194ad1d6740f63b1db4f5,ok
survey-demo,B0096,customer-0048,2,2026-08-03T12:00:00.000000Z,2026-08-01T12:00:00.000000Z,2026-08-01T12:00:00.000000Z,CSAT,3,onboarding,Comentário inteiramente sintético.,event-B0096-v2,c96ddaf2d4ffddaae31545bd1806fe8c96f0744f8b3e29622b10323a222ed876,ok
survey-demo,B0097,customer-0048,1,2026-08-01T12:00:00.000000Z,2026-08-01T12:00:00.000000Z,2026-08-01T12:00:00.000000Z,NPS,10,service,Comentário inteiramente sintético.,event-B0097-v1,a7a7841e51e837c7aac10587a36294a5955fa66f99cfb2774d6b9779c1607b44,ok
survey-demo,B0098,customer-0049,1,2026-08-01T12:00:00.000000Z,2026-08-01T12:00:00.000000Z,2026-08-01T12:00:00.000000Z,NPS,3,support,Comentário inteiramente sintético.,event-B0098-v1,a67d578e25be13d5e5e8bae1f9d135ff0083864c8c0bd8baf68e6f5a27b4eeda,ok
survey-demo,B0099,customer-0049,1,2026-08-01T12:00:00.000000Z,2026-08-01T12:00:00.000000Z,2026-08-01T12:00:00.000000Z,CSAT,1,renewal,Comentário inteiramente sintético.,event-B0099-v1,460a0cf2ddf7d15be9f4a0b83aff968514b9918ec07e21269d67a1159fa13fc3,ok
survey-demo,B0100,customer-0050,1,2026-08-01T12:00:00.000000Z,2026-08-01T12:00:00.000000Z,2026-08-01T12:00:00.000000Z,NPS,3,onboarding,Comentário inteiramente sintético.,event-B0100-v1,c3b434e3cae5ef53af7fc79e28edcad36291402623fa4e0fca007363c6e31685,ok
survey-demo,B0101,customer-0050,1,2026-08-01T12:00:00.000000Z,2026-08-01T12:00:00.000000Z,2026-08-01T12:00:00.000000Z,NPS,1,service,Comentário inteiramente sintético.,event-B0101-v1,12ae37ad6e9e99f58bacea0664e7371570ed75250b72820f1914ef9b487a4f76,ok
survey-demo,B0102,customer-0051,1,2026-08-01T12:00:00.000000Z,2026-08-01T12:00:00.000000Z,2026-08-01T12:00:00.000000Z,CSAT,5,support,Comentário inteiramente sintético.,event-B0102-v1,f985d000a09d3249b11c95d537358afd71546e5d864fb84031490ab56f5036ae,ok
survey-demo,B0103,customer-0051,1,2026-08-01T12:00:00.000000Z,2026-08-01T12:00:00.000000Z,2026-08-01T12:00:00.000000Z,NPS,6,renewal,Comentário inteiramente sintético.,event-B0103-v1,949623496d2073ae58459b32a319d39bc619f0bfebd80ed7f5ffa4508b4a02b0,ok
survey-demo,B0104,customer-0052,2,2026-08-03T12:00:00.000000Z,2026-08-01T12:00:00.000000Z,2026-08-01T12:00:00.000000Z,NPS,7,onboarding,Comentário inteiramente sintético.,event-B0104-v2,5259d0b9910931300f5f6e3c71f7b749885220185e820a31c7240fb9a751bca0,ok
survey-demo,B0105,customer-0052,1,2026-08-01T12:00:00.000000Z,2026-08-01T12:00:00.000000Z,2026-08-01T12:00:00.000000Z,CSAT,3,service,Comentário inteiramente sintético.,event-B0105-v1,7da7c8a15ec920f7c60fbcbefcd9ab3c24dc57643faa87ec7eec8f0ee9a80a53,ok
survey-demo,B0106,customer-0053,1,2026-08-01T12:00:00.000000Z,2026-08-01T12:00:00.000000Z,2026-08-01T12:00:00.000000Z,NPS,6,support,Comentário inteiramente sintético.,event-B0106-v1,1d0275cc928f54a840233b7a417be8c16132df50a68507cf13df1f8708a484a4,ok
survey-demo,B0107,customer-0053,1,2026-08-01T12:00:00.000000Z,2026-08-01T12:00:00.000000Z,2026-08-01T12:00:00.000000Z,NPS,6,renewal,Comentário inteiramente sintético.,event-B0107-v1,a7acb69db255fa38c9c469101c83129983d71a5644402b1e8b937aaa1f29e547,ok
survey-demo,B0108,customer-0054,1,2026-08-01T12:00:00.000000Z,2026-08-01T12:00:00.000000Z,2026-08-01T12:00:00.000000Z,CSAT,5,onboarding,Comentário inteiramente sintético.,event-B0108-v1,8d8371f943edcb0300972f689dacc9793d25ea28a3c56fc9417545c236822979,ok
survey-demo,B0109,customer-0054,1,2026-08-01T12:00:00.000000Z,2026-08-01T12:00:00.000000Z,2026-08-01T12:00:00.000000Z,NPS,1,service,Comentário inteiramente sintético.,event-B0109-v1,4a3c5ba07b68df05f8d6286b375c2f1d6ff39cc2649f95c74b8f25d24969911f,ok
survey-demo,B0110,customer-0055,1,2026-08-01T12:00:00.000000Z,2026-08-01T12:00:00.000000Z,2026-08-01T12:00:00.000000Z,NPS,2,support,Comentário inteiramente sintético.,event-B0110-v1,d07e7082fb3a00090e7902840da9dd82418d664da88f166a04f960ff7aae99ae,ok
survey-demo,B0111,customer-0055,1,2026-08-01T12:00:00.000000Z,2026-08-01T12:00:00.000000Z,2026-08-01T12:00:00.000000Z,CSAT,1,renewal,Comentário inteiramente sintético.,event-B0111-v1,578935f31bba1eeb6ec5b943222f1187171be0248849cb7d068f1bdb3de48e74,ok
survey-demo,B0112,customer-0056,2,2026-08-03T12:00:00.000000Z,2026-08-01T12:00:00.000000Z,2026-08-01T12:00:00.000000Z,NPS,10,onboarding,Comentário inteiramente sintético.,event-B0112-v2,00a4798d51442104522bb1c72fce42ae95184609fa437d152d8180a13a270006,ok
survey-demo,B0113,customer-0056,1,2026-08-01T12:00:00.000000Z,2026-08-01T12:00:00.000000Z,2026-08-01T12:00:00.000000Z,NPS,3,service,Comentário inteiramente sintético.,event-B0113-v1,49f88eb65695816b4db1c9deb8fa5b1b1d11b8fa289ef60d17318d0a45d47ed3,ok
survey-demo,B0114,customer-0057,1,2026-08-01T12:00:00.000000Z,2026-08-01T12:00:00.000000Z,2026-08-01T12:00:00.000000Z,CSAT,2,support,Comentário inteiramente sintético.,event-B0114-v1,be44f6d14f8d62e7a3a0b7ab848cfafb30b2323e3c8be6a01854d1f63e53e663,ok
survey-demo,B0115,customer-0057,1,2026-08-01T12:00:00.000000Z,2026-08-01T12:00:00.000000Z,2026-08-01T12:00:00.000000Z,NPS,3,renewal,Comentário inteiramente sintético.,event-B0115-v1,d926b58f5a1af025acaebccfaf0dbfd59c42ed2ad5ba61c5c66456248899716c,ok
survey-demo,B0116,customer-0058,1,2026-08-01T12:00:00.000000Z,2026-08-01T12:00:00.000000Z,2026-08-01T12:00:00.000000Z,NPS,5,onboarding,Comentário inteiramente sintético.,event-B0116-v1,67a41836ddbb24a460a2a99dd2b63337a259ef89f6144086910771edd87dd04e,ok
survey-demo,B0117,customer-0058,1,2026-08-01T12:00:00.000000Z,2026-08-01T12:00:00.000000Z,2026-08-01T12:00:00.000000Z,CSAT,1,service,Comentário inteiramente sintético.,event-B0117-v1,6120071d2d70206668b0dab7b82b1dab56bf7e00213be1bde054884381137888,ok
survey-demo,B0118,customer-0059,1,2026-08-01T12:00:00.000000Z,2026-08-01T12:00:00.000000Z,2026-08-01T12:00:00.000000Z,NPS,9,support,Comentário inteiramente sintético.,event-B0118-v1,40fd46b1f915c2ee2ba6200a73ecae5a9e130aa7b96eb13913a558c518930c24,ok
survey-demo,B0119,customer-0059,1,2026-08-01T12:00:00.000000Z,2026-08-01T12:00:00.000000Z,2026-08-01T12:00:00.000000Z,NPS,5,renewal,Comentário inteiramente sintético.,event-B0119-v1,2bfeed0c9beff399b7edb82eb698e67feb4c04adfc5878d5f1722a05a7192d97,ok
survey-demo,B0120,customer-0060,2,2026-08-03T12:00:00.000000Z,2026-08-01T12:00:00.000000Z,2026-08-01T12:00:00.000000Z,CSAT,5,onboarding,Comentário inteiramente sintético.,event-B0120-v2,1f34a671ad6dd165594a85b25d4e11e5d160d27f01c70356626af7a6696e07fb,has_rejected_history
survey-demo,B0121,customer-0060,1,2026-08-01T12:00:00.000000Z,2026-08-01T12:00:00.000000Z,2026-08-01T12:00:00.000000Z,NPS,5,service,Comentário inteiramente sintético.,event-B0121-v1,6f7c629f3735a4d7eeff5b210fd9d9f27cf5f1e465cc51c0708cf7a2f231d14a,ok
survey-demo,B0122,customer-0061,1,2026-08-01T12:00:00.000000Z,2026-08-01T12:00:00.000000Z,2026-08-01T12:00:00.000000Z,NPS,9,support,Comentário inteiramente sintético.,event-B0122-v1,d3f46cb2425fc130231ed14e2f730a675d51bf2cc70032ec65500e1cc26a7028,ok
survey-demo,B0123,customer-0061,1,2026-08-01T12:00:00.000000Z,2026-08-01T12:00:00.000000Z,2026-08-01T12:00:00.000000Z,CSAT,2,renewal,Comentário inteiramente sintético.,event-B0123-v1,fe874e242995e956b4bb93ad5ac0e1e37bfe5c425f895226e7e739c3d3ff87c1,ok
survey-demo,B0124,customer-0062,1,2026-08-01T12:00:00.000000Z,2026-08-01T12:00:00.000000Z,2026-08-01T12:00:00.000000Z,NPS,9,onboarding,Comentário inteiramente sintético.,event-B0124-v1,0b937c7a477a4da843070dca7f7a4150f901948548b3798e6da61d81d5e34701,ok
survey-demo,B0125,customer-0062,1,2026-08-01T12:00:00.000000Z,2026-08-01T12:00:00.000000Z,2026-08-01T12:00:00.000000Z,NPS,9,service,Comentário inteiramente sintético.,event-B0125-v1,97b038da9fab4e638e5c4da5058028aa36da281861719f9098021e71e6826687,ok
survey-demo,B0126,customer-0063,1,2026-08-01T12:00:00.000000Z,2026-08-01T12:00:00.000000Z,2026-08-01T12:00:00.000000Z,CSAT,5,support,Comentário inteiramente sintético.,event-B0126-v1,59e211d93244c29979109314a554938c89b0b64277a5d90e035c88ee4032228d,ok
survey-demo,B0127,customer-0063,1,2026-08-01T12:00:00.000000Z,2026-08-01T12:00:00.000000Z,2026-08-01T12:00:00.000000Z,NPS,6,renewal,Comentário inteiramente sintético.,event-B0127-v1,7ece07aef4726f0059168666a5a02f7833cb15b825edeb9938b7666a147eb342,ok
survey-demo,B0128,customer-0064,2,2026-08-03T12:00:00.000000Z,2026-08-01T12:00:00.000000Z,2026-08-01T12:00:00.000000Z,NPS,7,onboarding,Comentário inteiramente sintético.,event-B0128-v2,3e368a01d96319842b153dffeee235f14675faae6772285c00ce2340fe995246,ok
survey-demo,B0129,customer-0064,1,2026-08-01T12:00:00.000000Z,2026-08-01T12:00:00.000000Z,2026-08-01T12:00:00.000000Z,CSAT,5,service,Comentário inteiramente sintético.,event-B0129-v1,03e2d589ec07c485a575f83efe4edc15a3557fb5d594fc7ae8b55a987027292c,ok
survey-demo,B0130,customer-0065,1,2026-08-01T12:00:00.000000Z,2026-08-01T12:00:00.000000Z,2026-08-01T12:00:00.000000Z,NPS,5,support,Comentário inteiramente sintético.,event-B0130-v1,98e7cf84ac0c0627ef84b7ac75e1b31c0f4a4a502d4d9e2f5cc3e2bf39aaaea5,ok
survey-demo,B0131,customer-0065,1,2026-08-01T12:00:00.000000Z,2026-08-01T12:00:00.000000Z,2026-08-01T12:00:00.000000Z,NPS,8,renewal,Comentário inteiramente sintético.,event-B0131-v1,3ef45f5048d08eadd393e8a7f27bdb49dd2649e4e8412b5207168b8356876bb4,ok
survey-demo,B0132,customer-0066,1,2026-08-01T12:00:00.000000Z,2026-08-01T12:00:00.000000Z,2026-08-01T12:00:00.000000Z,CSAT,5,onboarding,Comentário inteiramente sintético.,event-B0132-v1,745145a947492d33e65434385c44ef7699dc07db3a8878233c90bdcfc12f0a52,ok
survey-demo,B0133,customer-0066,1,2026-08-01T12:00:00.000000Z,2026-08-01T12:00:00.000000Z,2026-08-01T12:00:00.000000Z,NPS,9,service,Comentário inteiramente sintético.,event-B0133-v1,d5bd0cccceb52cfdbf6f100e75e532b6d8fe953a5bbc3bf8842c79df6fa77db6,ok
survey-demo,B0134,customer-0067,1,2026-08-01T12:00:00.000000Z,2026-08-01T12:00:00.000000Z,2026-08-01T12:00:00.000000Z,NPS,2,support,Comentário inteiramente sintético.,event-B0134-v1,5ff8a5b6c5b6725a6971237735eb98398eb17cca408215dc78984928eb7218ed,ok
survey-demo,B0135,customer-0067,1,2026-08-01T12:00:00.000000Z,2026-08-01T12:00:00.000000Z,2026-08-01T12:00:00.000000Z,CSAT,3,renewal,Comentário inteiramente sintético.,event-B0135-v1,090ee0455fa2d618c8d76e8379aab567f8ed8c8b2c2385ce2e1a6501f125c4bc,ok
survey-demo,B0136,customer-0068,2,2026-08-03T12:00:00.000000Z,2026-08-01T12:00:00.000000Z,2026-08-01T12:00:00.000000Z,NPS,1,onboarding,Comentário inteiramente sintético.,event-B0136-v2,96aa5f42d116d8dff05161c45be4eea5b3b164c1af18df269150c8f401c029ce,ok
survey-demo,B0137,customer-0068,1,2026-08-01T12:00:00.000000Z,2026-08-01T12:00:00.000000Z,2026-08-01T12:00:00.000000Z,NPS,3,service,Comentário inteiramente sintético.,event-B0137-v1,fb462b578d2e099c7342bf9b7834f2bdbee6d8d6c532b97679118e97bd0f6e6a,ok
survey-demo,B0138,customer-0069,1,2026-08-01T12:00:00.000000Z,2026-08-01T12:00:00.000000Z,2026-08-01T12:00:00.000000Z,CSAT,1,support,Comentário inteiramente sintético.,event-B0138-v1,b31311e07e188367471fb5ef60326f6caeb04b816a8638230bd114ba8880e2e4,ok
survey-demo,B0139,customer-0069,1,2026-08-01T12:00:00.000000Z,2026-08-01T12:00:00.000000Z,2026-08-01T12:00:00.000000Z,NPS,9,renewal,Comentário inteiramente sintético.,event-B0139-v1,361ad658894b43d33c03f21e3c50d0d87493218457c233d4ce736cc9ebf19d2f,ok
survey-demo,B0140,customer-0070,1,2026-08-01T12:00:00.000000Z,2026-08-01T12:00:00.000000Z,2026-08-01T12:00:00.000000Z,NPS,4,onboarding,Comentário inteiramente sintético.,event-B0140-v1,f475f480e4d12b1d4db97caae08c95ec76312b1e6fe85ea01ad16268cfb44113,ok
survey-demo,B0141,customer-0070,1,2026-08-01T12:00:00.000000Z,2026-08-01T12:00:00.000000Z,2026-08-01T12:00:00.000000Z,CSAT,3,service,Comentário inteiramente sintético.,event-B0141-v1,416be311c00b1abec08890f858be10ee4d2805d1d190cc20858e56f78ca95631,ok
survey-demo,B0142,customer-0071,1,2026-08-01T12:00:00.000000Z,2026-08-01T12:00:00.000000Z,2026-08-01T12:00:00.000000Z,NPS,1,support,Comentário inteiramente sintético.,event-B0142-v1,6a7ae233bcc23078c39903a0445772e8fb3020fd854ef0e9ca60dcd2640ac42c,ok
survey-demo,B0143,customer-0071,1,2026-08-01T12:00:00.000000Z,2026-08-01T12:00:00.000000Z,2026-08-01T12:00:00.000000Z,NPS,4,renewal,Comentário inteiramente sintético.,event-B0143-v1,f3a853de9dd7fb8c0d04b61d98bd27815672ea52567e0fcfd9624bcdcfcd4e9f,ok
survey-demo,B0144,customer-0072,2,2026-08-03T12:00:00.000000Z,2026-08-01T12:00:00.000000Z,2026-08-01T12:00:00.000000Z,CSAT,5,onboarding,Comentário inteiramente sintético.,event-B0144-v2,bc6421fc14aaa1dfca66a8456e0ec94cf69f6495553417d15bed51aa237f56f2,ok
survey-demo,B0145,customer-0072,1,2026-08-01T12:00:00.000000Z,2026-08-01T12:00:00.000000Z,2026-08-01T12:00:00.000000Z,NPS,7,service,Comentário inteiramente sintético.,event-B0145-v1,a1d14455313c979608175d57a3e4c09fa55ab8a97c97e075053f6aa83ae42852,ok
survey-demo,B0146,customer-0073,1,2026-08-01T12:00:00.000000Z,2026-08-01T12:00:00.000000Z,2026-08-01T12:00:00.000000Z,NPS,3,support,Comentário inteiramente sintético.,event-B0146-v1,eb8263f64447076f9ea11604af49d2c6f1fd80002761cb7cf530a4ce7a4d0180,ok
survey-demo,B0147,customer-0073,1,2026-08-01T12:00:00.000000Z,2026-08-01T12:00:00.000000Z,2026-08-01T12:00:00.000000Z,CSAT,2,renewal,Comentário inteiramente sintético.,event-B0147-v1,f16e177dbc831890ace9e77e31654c82dc6519201f47b711dd5ec56cff0cfe0d,ok
survey-demo,B0148,customer-0074,1,2026-08-01T12:00:00.000000Z,2026-08-01T12:00:00.000000Z,2026-08-01T12:00:00.000000Z,NPS,2,onboarding,Comentário inteiramente sintético.,event-B0148-v1,8d58c38e3f43a981c5c62f91b4f6b2a2b737a7c9a46ffbf9a76432b688760327,ok
survey-demo,B0149,customer-0074,1,2026-08-01T12:00:00.000000Z,2026-08-01T12:00:00.000000Z,2026-08-01T12:00:00.000000Z,NPS,7,service,Comentário inteiramente sintético.,event-B0149-v1,dddc4d5effe9bd64556bb702cd17e1f6ab7e5f6f8aec21c5b93e3a0a5b97fe2e,ok
survey-demo,B0150,customer-0075,1,2026-08-01T12:00:00.000000Z,2026-08-01T12:00:00.000000Z,2026-08-01T12:00:00.000000Z,CSAT,2,support,Comentário inteiramente sintético.,event-B0150-v1,527457f9d6050a603a1ff13571a1f660f33ddfecf33ea09473126e61dfb80642,ok
survey-demo,B0151,customer-0075,1,2026-08-01T12:00:00.000000Z,2026-08-01T12:00:00.000000Z,2026-08-01T12:00:00.000000Z,NPS,8,renewal,Comentário inteiramente sintético.,event-B0151-v1,2ea4559031e8d48e81d677986777d1bb6620381333cac209c2082434056febc6,ok
survey-demo,B0152,customer-0076,2,2026-08-03T12:00:00.000000Z,2026-08-01T12:00:00.000000Z,2026-08-01T12:00:00.000000Z,NPS,9,onboarding,Comentário inteiramente sintético.,event-B0152-v2,4d220c8bb910f77a64803e34e8b8e939848d7c8e14e169be7f9b456ea75666eb,ok
survey-demo,B0153,customer-0076,1,2026-08-01T12:00:00.000000Z,2026-08-01T12:00:00.000000Z,2026-08-01T12:00:00.000000Z,CSAT,1,service,Comentário inteiramente sintético.,event-B0153-v1,ca13b17d0c56d06be68f0fac3c5bffd28797f697fca3ea0bf44fdcc0a2c49871,ok
survey-demo,B0154,customer-0077,1,2026-08-01T12:00:00.000000Z,2026-08-01T12:00:00.000000Z,2026-08-01T12:00:00.000000Z,NPS,4,support,Comentário inteiramente sintético.,event-B0154-v1,0a7b38cda38493d645fa5d38428cdc866077b3d3b5056b75fbf9e1d8a990014e,ok
survey-demo,B0155,customer-0077,1,2026-08-01T12:00:00.000000Z,2026-08-01T12:00:00.000000Z,2026-08-01T12:00:00.000000Z,NPS,5,renewal,Comentário inteiramente sintético.,event-B0155-v1,f4d732926822cb947a199020f0879a124a3322d082f4fa805c06fe614f9543d2,ok
survey-demo,B0156,customer-0078,1,2026-08-01T12:00:00.000000Z,2026-08-01T12:00:00.000000Z,2026-08-01T12:00:00.000000Z,CSAT,3,onboarding,Comentário inteiramente sintético.,event-B0156-v1,7d89cb7f49d56c998ae6d44a86a39163d1808b27bbc0c7b0dfa1e3d1ea223786,ok
survey-demo,B0157,customer-0078,1,2026-08-01T12:00:00.000000Z,2026-08-01T12:00:00.000000Z,2026-08-01T12:00:00.000000Z,NPS,8,service,Comentário inteiramente sintético.,event-B0157-v1,9a9d98c9d9ab244ae7ed2a194b648a0f91a44b49743630631613874df4387631,ok
survey-demo,B0158,customer-0079,1,2026-08-01T12:00:00.000000Z,2026-08-01T12:00:00.000000Z,2026-08-01T12:00:00.000000Z,NPS,4,support,Comentário inteiramente sintético.,event-B0158-v1,803aa10f8e8d3a4bbcc955848dcc3a06192e82ed44def268cd61950f6c32ce96,ok
survey-demo,B0159,customer-0079,1,2026-08-01T12:00:00.000000Z,2026-08-01T12:00:00.000000Z,2026-08-01T12:00:00.000000Z,CSAT,3,renewal,Comentário inteiramente sintético.,event-B0159-v1,3073fd22febf408cffbf37aa3ab07f3e14241c1a081cdcaaaeb258623e3966f7,ok
survey-demo,B0160,customer-0080,2,2026-08-03T12:00:00.000000Z,2026-08-01T12:00:00.000000Z,2026-08-01T12:00:00.000000Z,NPS,8,onboarding,Comentário inteiramente sintético.,event-B0160-v2,fbce5fb14b644f4efe03341e7b0b7025eb9632fe9a85346a17d397f08ab870fe,ok
survey-demo,B0161,customer-0080,1,2026-08-01T12:00:00.000000Z,2026-08-01T12:00:00.000000Z,2026-08-01T12:00:00.000000Z,NPS,10,service,Comentário inteiramente sintético.,event-B0161-v1,d397397815a51fb03df3e5a5f176bf1de0efc3aa20a4bae98393983ef3283b39,ok
survey-demo,B0162,customer-0081,1,2026-08-01T12:00:00.000000Z,2026-08-01T12:00:00.000000Z,2026-08-01T12:00:00.000000Z,CSAT,1,support,Comentário inteiramente sintético.,event-B0162-v1,ec98f109c4b17ee89f4e7c061db39bb4132776f091e648d2aaa9e1187bd8310f,ok
survey-demo,B0163,customer-0081,1,2026-08-01T12:00:00.000000Z,2026-08-01T12:00:00.000000Z,2026-08-01T12:00:00.000000Z,NPS,10,renewal,Comentário inteiramente sintético.,event-B0163-v1,24fd1b30f3618864aebf692233d63f33bc296b3e8cca63ec703330c28ed51d19,ok
survey-demo,B0164,customer-0082,1,2026-08-01T12:00:00.000000Z,2026-08-01T12:00:00.000000Z,2026-08-01T12:00:00.000000Z,NPS,3,onboarding,Comentário inteiramente sintético.,event-B0164-v1,e39ef083b8d4160560e39624afbd96db59389c78c542ef684deb51f946c633b9,ok
survey-demo,B0165,customer-0082,1,2026-08-01T12:00:00.000000Z,2026-08-01T12:00:00.000000Z,2026-08-01T12:00:00.000000Z,CSAT,2,service,Comentário inteiramente sintético.,event-B0165-v1,99c72e5267385fc19988f807ee63d24943094495ae138d65c13fb298c1f15114,ok
survey-demo,B0166,customer-0083,1,2026-08-01T12:00:00.000000Z,2026-08-01T12:00:00.000000Z,2026-08-01T12:00:00.000000Z,NPS,0,support,Comentário inteiramente sintético.,event-B0166-v1,5467b9c6f4cd1c77c20d0fee760eb6e8f5a8ad284b043652a552592395839ce3,ok
survey-demo,B0167,customer-0083,1,2026-08-01T12:00:00.000000Z,2026-08-01T12:00:00.000000Z,2026-08-01T12:00:00.000000Z,NPS,9,renewal,Comentário inteiramente sintético.,event-B0167-v1,5de0a42b0e00200dc29402abfb6463058d8b8de42c18e731f3d1fba642895492,ok
survey-demo,B0168,customer-0084,2,2026-08-03T12:00:00.000000Z,2026-08-01T12:00:00.000000Z,2026-08-01T12:00:00.000000Z,CSAT,5,onboarding,Comentário inteiramente sintético.,event-B0168-v2,4e608257f6cf803c20bc19d9c340861609876290bc699ee764af6ec2d22424c4,ok
survey-demo,B0169,customer-0084,1,2026-08-01T12:00:00.000000Z,2026-08-01T12:00:00.000000Z,2026-08-01T12:00:00.000000Z,NPS,10,service,Comentário inteiramente sintético.,event-B0169-v1,f77df0b4a98d19fa7ba5bd16d4e0295e8f34b3b6fec08acf8f32b668c1fe31ea,ok
survey-demo,B0170,customer-0085,1,2026-08-01T12:00:00.000000Z,2026-08-01T12:00:00.000000Z,2026-08-01T12:00:00.000000Z,NPS,6,support,Comentário inteiramente sintético.,event-B0170-v1,8ddf40c70f80adb1e9fe955f13dd1a47c8c29c3a54118c0059b41d1e37527e71,ok
survey-demo,B0171,customer-0085,1,2026-08-01T12:00:00.000000Z,2026-08-01T12:00:00.000000Z,2026-08-01T12:00:00.000000Z,CSAT,1,renewal,Comentário inteiramente sintético.,event-B0171-v1,3a49d57d770bd1299c4e7063f123c05b071a156c3a071ac322cf15bce3312bb2,ok
survey-demo,B0172,customer-0086,1,2026-08-01T12:00:00.000000Z,2026-08-01T12:00:00.000000Z,2026-08-01T12:00:00.000000Z,NPS,4,onboarding,Comentário inteiramente sintético.,event-B0172-v1,d62fbe40202c71903fcf620d7a49361956dc6ceeac88cebfb1157db7d94008e0,ok
survey-demo,B0173,customer-0086,1,2026-08-01T12:00:00.000000Z,2026-08-01T12:00:00.000000Z,2026-08-01T12:00:00.000000Z,NPS,10,service,Comentário inteiramente sintético.,event-B0173-v1,0eb14b4f2bf856b81352f83f1f0c665ee99ce604c982772c29ae768df03791b5,ok
survey-demo,B0174,customer-0087,1,2026-08-01T12:00:00.000000Z,2026-08-01T12:00:00.000000Z,2026-08-01T12:00:00.000000Z,CSAT,3,support,Comentário inteiramente sintético.,event-B0174-v1,4badd12b35c311cf6186d91e3a52eabb298462593c54587e86a80e423ca989aa,ok
survey-demo,B0175,customer-0087,1,2026-08-01T12:00:00.000000Z,2026-08-01T12:00:00.000000Z,2026-08-01T12:00:00.000000Z,NPS,7,renewal,Comentário inteiramente sintético.,event-B0175-v1,55a1b6f7bea5fd3e576bedf5b7a57a1e28970fdfe728f982c3ff5c0aa9bc190f,ok
survey-demo,B0176,customer-0088,2,2026-08-03T12:00:00.000000Z,2026-08-01T12:00:00.000000Z,2026-08-01T12:00:00.000000Z,NPS,7,onboarding,Comentário inteiramente sintético.,event-B0176-v2,583bb1515eea803214e8112afec6162e09d5184c46421a2d50085073aae2dc9c,ok
survey-demo,B0177,customer-0088,1,2026-08-01T12:00:00.000000Z,2026-08-01T12:00:00.000000Z,2026-08-01T12:00:00.000000Z,CSAT,2,service,Comentário inteiramente sintético.,event-B0177-v1,1338dc4f22f3a111e49aeb3e493d6c437152d0b059da19cf7e942dc9b96aaa5a,ok
survey-demo,B0178,customer-0089,1,2026-08-01T12:00:00.000000Z,2026-08-01T12:00:00.000000Z,2026-08-01T12:00:00.000000Z,NPS,2,support,Comentário inteiramente sintético.,event-B0178-v1,f16cb9c4d2474f96f0e3b16605c7d1ea141708a453a96bb8d0239d00ea30eb56,ok
survey-demo,B0179,customer-0089,1,2026-08-01T12:00:00.000000Z,2026-08-01T12:00:00.000000Z,2026-08-01T12:00:00.000000Z,NPS,7,renewal,Comentário inteiramente sintético.,event-B0179-v1,dc46096e2940dd12f650bddddcb236cb65fc08bae66f99b6529311d1593d083d,ok
survey-demo,B0180,customer-0090,1,2026-08-01T12:00:00.000000Z,2026-08-01T12:00:00.000000Z,2026-08-01T12:00:00.000000Z,CSAT,1,onboarding,Comentário inteiramente sintético.,event-B0180-v1,1d1b053ce5788a02ef9d75e04db6f69932d582404d10bbd5b712e4d6644a0ab2,has_rejected_history
survey-demo,B0181,customer-0090,1,2026-08-01T12:00:00.000000Z,2026-08-01T12:00:00.000000Z,2026-08-01T12:00:00.000000Z,NPS,9,service,Comentário inteiramente sintético.,event-B0181-v1,c2ccc8f6146430fb542db170098966c10ee0fb8ce8509da312bec07e80e96890,ok
survey-demo,B0182,customer-0091,1,2026-08-01T12:00:00.000000Z,2026-08-01T12:00:00.000000Z,2026-08-01T12:00:00.000000Z,NPS,5,support,Comentário inteiramente sintético.,event-B0182-v1,10e86dfacc21062860a08c9926e4ad44935afbba715d9f8b18b8da09a1814e81,ok
survey-demo,B0183,customer-0091,1,2026-08-01T12:00:00.000000Z,2026-08-01T12:00:00.000000Z,2026-08-01T12:00:00.000000Z,CSAT,4,renewal,Comentário inteiramente sintético.,event-B0183-v1,ec480592afbfa4b425d917e7fe6878709971134172a92646bd5bcd84f5383e06,ok
survey-demo,B0184,customer-0092,2,2026-08-03T12:00:00.000000Z,2026-08-01T12:00:00.000000Z,2026-08-01T12:00:00.000000Z,NPS,2,onboarding,Comentário inteiramente sintético.,event-B0184-v2,064bb1aeecb34cb6c22610bd4e4cf46d39ed03986facfd9794a74889817fba9a,ok
survey-demo,B0185,customer-0092,1,2026-08-01T12:00:00.000000Z,2026-08-01T12:00:00.000000Z,2026-08-01T12:00:00.000000Z,NPS,10,service,Comentário inteiramente sintético.,event-B0185-v1,1f474ec89ed1e3746be9215a3d7436d6bd10a2de9218d94eb4f52a895bc9ce8a,ok
survey-demo,B0186,customer-0093,1,2026-08-01T12:00:00.000000Z,2026-08-01T12:00:00.000000Z,2026-08-01T12:00:00.000000Z,CSAT,2,support,Comentário inteiramente sintético.,event-B0186-v1,fb0c31b49b061e8bc6782cc10a6b685f56627f3a6491bb4be03039d85044e52a,ok
survey-demo,B0187,customer-0093,1,2026-08-01T12:00:00.000000Z,2026-08-01T12:00:00.000000Z,2026-08-01T12:00:00.000000Z,NPS,2,renewal,Comentário inteiramente sintético.,event-B0187-v1,17143a848388ed79155e6e997902d41969d5ba8cc388ab9a9407ba2d1fe21e50,ok
survey-demo,B0188,customer-0094,1,2026-08-01T12:00:00.000000Z,2026-08-01T12:00:00.000000Z,2026-08-01T12:00:00.000000Z,NPS,9,onboarding,Comentário inteiramente sintético.,event-B0188-v1,fac028e0db6ee7d99cba3df1fc676f6b3f2a166fa37a1c27276395e1d78f7cb1,ok
survey-demo,B0189,customer-0094,1,2026-08-01T12:00:00.000000Z,2026-08-01T12:00:00.000000Z,2026-08-01T12:00:00.000000Z,CSAT,3,service,Comentário inteiramente sintético.,event-B0189-v1,235522b3a4b3daa2b70119df3a1d47df0595c89b16ffcd7fce20255680163c35,ok
survey-demo,B0190,customer-0095,1,2026-08-01T12:00:00.000000Z,2026-08-01T12:00:00.000000Z,2026-08-01T12:00:00.000000Z,NPS,9,support,Comentário inteiramente sintético.,event-B0190-v1,a7f781365a8cefc28973f29c1813582df34d75bf95f304396dc5b0bc8fdc2e25,ok
survey-demo,B0191,customer-0095,1,2026-08-01T12:00:00.000000Z,2026-08-01T12:00:00.000000Z,2026-08-01T12:00:00.000000Z,NPS,4,renewal,Comentário inteiramente sintético.,event-B0191-v1,410200552eab67b617fc24871626d39012dc56c7db22ddf2c114e6473f2a3590,ok
survey-demo,B0192,customer-0096,2,2026-08-03T12:00:00.000000Z,2026-08-01T12:00:00.000000Z,2026-08-01T12:00:00.000000Z,CSAT,2,onboarding,Comentário inteiramente sintético.,event-B0192-v2,a382613cc3c0fe3f516b52d71ded3c2038689bd4d30adc4072401cfbe97687ed,ok
survey-demo,B0193,customer-0096,1,2026-08-01T12:00:00.000000Z,2026-08-01T12:00:00.000000Z,2026-08-01T12:00:00.000000Z,NPS,10,service,Comentário inteiramente sintético.,event-B0193-v1,3b490f4e094962b77a5187530b486dfdf293c821da85a00661aff1bb3e106902,ok
survey-demo,B0194,customer-0097,1,2026-08-01T12:00:00.000000Z,2026-08-01T12:00:00.000000Z,2026-08-01T12:00:00.000000Z,NPS,0,support,Comentário inteiramente sintético.,event-B0194-v1,49937c20fd8475b4cc8c6c5d44b8ca31cdb21c850f1b9cd9e9f24d8f37c7db86,ok
survey-demo,B0195,customer-0097,1,2026-08-01T12:00:00.000000Z,2026-08-01T12:00:00.000000Z,2026-08-01T12:00:00.000000Z,CSAT,4,renewal,Comentário inteiramente sintético.,event-B0195-v1,a3f9826df712f6a8ccc30b21db4f3a630894391bb7e78c6138297c7854738fb8,ok
survey-demo,B0196,customer-0098,1,2026-08-01T12:00:00.000000Z,2026-08-01T12:00:00.000000Z,2026-08-01T12:00:00.000000Z,NPS,0,onboarding,Comentário inteiramente sintético.,event-B0196-v1,f9b8c52771a7fd2bc7b9cdc5a2faa98d8f3b77b1f4c21899371e16a9ea12badc,ok
survey-demo,B0197,customer-0098,1,2026-08-01T12:00:00.000000Z,2026-08-01T12:00:00.000000Z,2026-08-01T12:00:00.000000Z,NPS,9,service,Comentário inteiramente sintético.,event-B0197-v1,09b2d4d7588906942bdf4297d8b62b46d8f64b891ff98638138ddeff8337dad0,ok
survey-demo,B0198,customer-0099,1,2026-08-01T12:00:00.000000Z,2026-08-01T12:00:00.000000Z,2026-08-01T12:00:00.000000Z,CSAT,5,support,Comentário inteiramente sintético.,event-B0198-v1,c17ce3b54f213faa93f6f6d17a7cf8c5d31fcee30307056730532e7643325ba9,ok
survey-demo,B0199,customer-0099,1,2026-08-01T12:00:00.000000Z,2026-08-01T12:00:00.000000Z,2026-08-01T12:00:00.000000Z,NPS,3,renewal,Comentário inteiramente sintético.,event-B0199-v1,1c15e4e23fa47e4c61bd5bac6d4485d1078fbba2832d2dec2e554d5bed1e319f,ok
survey-demo,B0200,customer-0100,2,2026-08-03T12:00:00.000000Z,2026-08-01T12:00:00.000000Z,2026-08-01T12:00:00.000000Z,NPS,7,onboarding,Comentário inteiramente sintético.,event-B0200-v2,5d9eb2770f33b1aed4773b9d7927923555056072997fd64aa611f6a76b57233c,ok
survey-demo,B0201,customer-0100,1,2026-08-01T12:00:00.000000Z,2026-08-01T12:00:00.000000Z,2026-08-01T12:00:00.000000Z,CSAT,1,service,Comentário inteiramente sintético.,event-B0201-v1,63f9ad6e9ea006c62b111159fe9ef299e9ddd608e302359ec181554b5c056acf,ok
survey-demo,B0202,customer-0101,1,2026-08-01T12:00:00.000000Z,2026-08-01T12:00:00.000000Z,2026-08-01T12:00:00.000000Z,NPS,6,support,Comentário inteiramente sintético.,event-B0202-v1,132b82278a305fe458eaed675b51d4a155d21c9a57cacee5621842a074e39d85,ok
survey-demo,B0203,customer-0101,1,2026-08-01T12:00:00.000000Z,2026-08-01T12:00:00.000000Z,2026-08-01T12:00:00.000000Z,NPS,9,renewal,Comentário inteiramente sintético.,event-B0203-v1,9141322ae8ae2bc5b7376e320fbd0904f13670ce691c1069c8dae90c01ffe6de,ok
survey-demo,B0204,customer-0102,1,2026-08-01T12:00:00.000000Z,2026-08-01T12:00:00.000000Z,2026-08-01T12:00:00.000000Z,CSAT,1,onboarding,Comentário inteiramente sintético.,event-B0204-v1,ba67633d7d9d76a492809ea01073d04e4d0231ddae82965416d40a3750073185,ok
survey-demo,B0205,customer-0102,1,2026-08-01T12:00:00.000000Z,2026-08-01T12:00:00.000000Z,2026-08-01T12:00:00.000000Z,NPS,0,service,Comentário inteiramente sintético.,event-B0205-v1,f3863bb30c5c92eda0072c6292f3d8b1b268b4b8db7ce6edcf71f0f44eb32a13,ok
survey-demo,B0206,customer-0103,1,2026-08-01T12:00:00.000000Z,2026-08-01T12:00:00.000000Z,2026-08-01T12:00:00.000000Z,NPS,0,support,Comentário inteiramente sintético.,event-B0206-v1,748afd8adf7476506dae10ce73a7d3ec7779ea0d3c7032a2300b1a6ab6554097,ok
survey-demo,B0207,customer-0103,1,2026-08-01T12:00:00.000000Z,2026-08-01T12:00:00.000000Z,2026-08-01T12:00:00.000000Z,CSAT,3,renewal,Comentário inteiramente sintético.,event-B0207-v1,faf0472c9efaeb649ce26a2b367fadaa8bedf6c0d63c33a7545c26b5c2651d33,ok
survey-demo,B0208,customer-0104,2,2026-08-03T12:00:00.000000Z,2026-08-01T12:00:00.000000Z,2026-08-01T12:00:00.000000Z,NPS,4,onboarding,Comentário inteiramente sintético.,event-B0208-v2,d9be47b8d02bba826f78158f0a9a9076c4228eeb14b3bb6d7e6b39ebd8b9ca5a,ok
survey-demo,B0209,customer-0104,1,2026-08-01T12:00:00.000000Z,2026-08-01T12:00:00.000000Z,2026-08-01T12:00:00.000000Z,NPS,3,service,Comentário inteiramente sintético.,event-B0209-v1,3fa05e2382dc610bf8b711ae1fd5de395f1aa2f06d7c4ddee6fea77021fefb50,ok
survey-demo,B0210,customer-0105,1,2026-08-01T12:00:00.000000Z,2026-08-01T12:00:00.000000Z,2026-08-01T12:00:00.000000Z,CSAT,3,support,Comentário inteiramente sintético.,event-B0210-v1,ff6a53a0f10a8d3efcec1f391c8010e9791d8ec794b5627de8c54d8558f7370f,ok
survey-demo,B0211,customer-0105,1,2026-08-01T12:00:00.000000Z,2026-08-01T12:00:00.000000Z,2026-08-01T12:00:00.000000Z,NPS,7,renewal,Comentário inteiramente sintético.,event-B0211-v1,0e74dd7347268476d7a71c4bc019fe47c3ca55c578ceaa3cf74bed30634d1e66,ok
survey-demo,B0212,customer-0106,1,2026-08-01T12:00:00.000000Z,2026-08-01T12:00:00.000000Z,2026-08-01T12:00:00.000000Z,NPS,1,onboarding,Comentário inteiramente sintético.,event-B0212-v1,a4dd12efbd85cd2dc2d56c0925931d479909a1d76f18b2e1518e2545816873ce,ok
survey-demo,B0213,customer-0106,1,2026-08-01T12:00:00.000000Z,2026-08-01T12:00:00.000000Z,2026-08-01T12:00:00.000000Z,CSAT,5,service,Comentário inteiramente sintético.,event-B0213-v1,50bcc6bae30b3f2f3a265891aeb526ca284f4aa2354ebfc92f994f998f7a8437,ok
survey-demo,B0214,customer-0107,1,2026-08-01T12:00:00.000000Z,2026-08-01T12:00:00.000000Z,2026-08-01T12:00:00.000000Z,NPS,4,support,Comentário inteiramente sintético.,event-B0214-v1,13b50ec43d98a62f869d5471269c50a31ef1ac434cc0aa72feacd0bbf8b3f05d,ok
survey-demo,B0215,customer-0107,1,2026-08-01T12:00:00.000000Z,2026-08-01T12:00:00.000000Z,2026-08-01T12:00:00.000000Z,NPS,9,renewal,Comentário inteiramente sintético.,event-B0215-v1,459a8eb8707ab1ecaf861f11de7b2372e1677782fd969cc1e1a0ae6072050932,ok
survey-demo,B0216,customer-0108,2,2026-08-03T12:00:00.000000Z,2026-08-01T12:00:00.000000Z,2026-08-01T12:00:00.000000Z,CSAT,5,onboarding,Comentário inteiramente sintético.,event-B0216-v2,20ee9e914a72140ad26fad2b4f46bf536c42a275f6a02c54558555cd6afb3166,ok
survey-demo,B0217,customer-0108,1,2026-08-01T12:00:00.000000Z,2026-08-01T12:00:00.000000Z,2026-08-01T12:00:00.000000Z,NPS,7,service,Comentário inteiramente sintético.,event-B0217-v1,9b00f2d5ebad1bef4f2564220fbabcdc07d1f87f886152a475c2855c177fdb21,ok
survey-demo,B0218,customer-0109,1,2026-08-01T12:00:00.000000Z,2026-08-01T12:00:00.000000Z,2026-08-01T12:00:00.000000Z,NPS,10,support,Comentário inteiramente sintético.,event-B0218-v1,c36f0d476b4c6e4d487d575af63a61bd7a7dd093a6e2a0eeed6e645e19beaba2,ok
survey-demo,B0219,customer-0109,1,2026-08-01T12:00:00.000000Z,2026-08-01T12:00:00.000000Z,2026-08-01T12:00:00.000000Z,CSAT,4,renewal,Comentário inteiramente sintético.,event-B0219-v1,35638234f03f55b748eef480e3c9fe85b0c60d94e95137469f11436d342cf2d8,ok
survey-demo,B0220,customer-0110,1,2026-08-01T12:00:00.000000Z,2026-08-01T12:00:00.000000Z,2026-08-01T12:00:00.000000Z,NPS,2,onboarding,Comentário inteiramente sintético.,event-B0220-v1,0ffac176e8f45e4843af8a9df824629d19b18444f3bb7b3d8a18556de5acbfa9,ok
survey-demo,B0221,customer-0110,1,2026-08-01T12:00:00.000000Z,2026-08-01T12:00:00.000000Z,2026-08-01T12:00:00.000000Z,NPS,0,service,Comentário inteiramente sintético.,event-B0221-v1,4c90b8f7062bdbab079a241aae60837c4e5d3a7809f66c4e48ed5e63ba545d1e,ok
survey-demo,B0222,customer-0111,1,2026-08-01T12:00:00.000000Z,2026-08-01T12:00:00.000000Z,2026-08-01T12:00:00.000000Z,CSAT,1,support,Comentário inteiramente sintético.,event-B0222-v1,a56f934d14aec026623cc4873563ee879277f3a4a96f20c248d539491e7ac14c,ok
survey-demo,B0223,customer-0111,1,2026-08-01T12:00:00.000000Z,2026-08-01T12:00:00.000000Z,2026-08-01T12:00:00.000000Z,NPS,8,renewal,Comentário inteiramente sintético.,event-B0223-v1,e04d6748424a815e17d978a611e2d4019a0acdc81ab59da54acff583d8065247,ok
survey-demo,B0224,customer-0112,2,2026-08-03T12:00:00.000000Z,2026-08-01T12:00:00.000000Z,2026-08-01T12:00:00.000000Z,NPS,1,onboarding,Comentário inteiramente sintético.,event-B0224-v2,eefde7b6e8f6cf1c9b1f97f3ee7420f7ec48b008bdf791630c59e1768907712d,ok
survey-demo,B0225,customer-0112,1,2026-08-01T12:00:00.000000Z,2026-08-01T12:00:00.000000Z,2026-08-01T12:00:00.000000Z,CSAT,2,service,Comentário inteiramente sintético.,event-B0225-v1,70c03a8bddd28ab755f213f83788fa1b12fe0215f7432f49fe76ea7c53a59fbd,ok
survey-demo,B0226,customer-0113,1,2026-08-01T12:00:00.000000Z,2026-08-01T12:00:00.000000Z,2026-08-01T12:00:00.000000Z,NPS,8,support,Comentário inteiramente sintético.,event-B0226-v1,5704072bbdb2fd9193dda2f9ddad7cf254da56266e4b68855d93b1d1d8d5e4a6,ok
survey-demo,B0227,customer-0113,1,2026-08-01T12:00:00.000000Z,2026-08-01T12:00:00.000000Z,2026-08-01T12:00:00.000000Z,NPS,3,renewal,Comentário inteiramente sintético.,event-B0227-v1,9908e64c58e72e5aebd37dad914edadd31a229a63270583f887c9a0bf2226060,ok
survey-demo,B0228,customer-0114,1,2026-08-01T12:00:00.000000Z,2026-08-01T12:00:00.000000Z,2026-08-01T12:00:00.000000Z,CSAT,3,onboarding,Comentário inteiramente sintético.,event-B0228-v1,43dec7187ede4b99ccaf7cf16b1d839f93d11182e3488a049d0b07039113b552,ok
survey-demo,B0229,customer-0114,1,2026-08-01T12:00:00.000000Z,2026-08-01T12:00:00.000000Z,2026-08-01T12:00:00.000000Z,NPS,10,service,Comentário inteiramente sintético.,event-B0229-v1,e9e9e1681485f75f5d0cf818e44bd7fe892f40a83bfa1455971abd203b71887d,ok
survey-demo,B0230,customer-0115,1,2026-08-01T12:00:00.000000Z,2026-08-01T12:00:00.000000Z,2026-08-01T12:00:00.000000Z,NPS,3,support,Comentário inteiramente sintético.,event-B0230-v1,7d4ad3762331e4e67502119acf8f467643170a685724feed4f64ee4d8584bb0a,ok
survey-demo,B0231,customer-0115,1,2026-08-01T12:00:00.000000Z,2026-08-01T12:00:00.000000Z,2026-08-01T12:00:00.000000Z,CSAT,5,renewal,Comentário inteiramente sintético.,event-B0231-v1,451374f78424dac98ae4f4a703bf04e8d53598e2f8cb052051cf04f81b418b32,ok
survey-demo,B0232,customer-0116,2,2026-08-03T12:00:00.000000Z,2026-08-01T12:00:00.000000Z,2026-08-01T12:00:00.000000Z,NPS,6,onboarding,Comentário inteiramente sintético.,event-B0232-v2,a564da209282cd373bec4f1ead6742fd9301e7d1c38af51e93df5f275dabdc58,ok
survey-demo,B0233,customer-0116,1,2026-08-01T12:00:00.000000Z,2026-08-01T12:00:00.000000Z,2026-08-01T12:00:00.000000Z,NPS,10,service,Comentário inteiramente sintético.,event-B0233-v1,30e4e450c4b955838e37410b941d2e068ffae9bd46d1a36eab39ed9830e69ffa,ok
survey-demo,B0234,customer-0117,1,2026-08-01T12:00:00.000000Z,2026-08-01T12:00:00.000000Z,2026-08-01T12:00:00.000000Z,CSAT,4,support,Comentário inteiramente sintético.,event-B0234-v1,e08b06314a0a07848f85309205ff9969ebdc795134d63cbccada45264c9f286d,ok
survey-demo,B0235,customer-0117,1,2026-08-01T12:00:00.000000Z,2026-08-01T12:00:00.000000Z,2026-08-01T12:00:00.000000Z,NPS,0,renewal,Comentário inteiramente sintético.,event-B0235-v1,40a450a597b7665733edb3681aeaf5f581ac05050aabc42a6a6e58e463eccdd1,ok
survey-demo,B0236,customer-0118,1,2026-08-01T12:00:00.000000Z,2026-08-01T12:00:00.000000Z,2026-08-01T12:00:00.000000Z,NPS,2,onboarding,Comentário inteiramente sintético.,event-B0236-v1,bc26187047ceb65be5d27318f70826ddf64c6830dc86a4276e608f5359e08ec8,ok
survey-demo,B0237,customer-0118,1,2026-08-01T12:00:00.000000Z,2026-08-01T12:00:00.000000Z,2026-08-01T12:00:00.000000Z,CSAT,3,service,Comentário inteiramente sintético.,event-B0237-v1,f4f3c0bdd240866a2a956404c1d3b1eb4123640c80ef775587edd4b57cb57595,ok
survey-demo,B0238,customer-0119,1,2026-08-01T12:00:00.000000Z,2026-08-01T12:00:00.000000Z,2026-08-01T12:00:00.000000Z,NPS,10,support,Comentário inteiramente sintético.,event-B0238-v1,cb664903266ea58c738cd208cb7f572e07f8c1434e50136708787476ef6eff21,ok
survey-demo,B0239,customer-0119,1,2026-08-01T12:00:00.000000Z,2026-08-01T12:00:00.000000Z,2026-08-01T12:00:00.000000Z,NPS,0,renewal,Comentário inteiramente sintético.,event-B0239-v1,4432349a49f76d37bf5a951fd00b69e2c786681e34c51244a5490013ac11eabe,ok
survey-demo,B0240,customer-0120,2,2026-08-03T12:00:00.000000Z,2026-08-01T12:00:00.000000Z,2026-08-01T12:00:00.000000Z,CSAT,5,onboarding,Comentário inteiramente sintético.,event-B0240-v2,d11ac2634f0a8c1692a9c8d4e489d87045e557a16fe0443b12208f1e0f8d1957,has_rejected_history
survey-demo,B0241,customer-0120,1,2026-08-01T12:00:00.000000Z,2026-08-01T12:00:00.000000Z,2026-08-01T12:00:00.000000Z,NPS,7,service,Comentário inteiramente sintético.,event-B0241-v1,1d651a970cc69f9c660bbd285b2b70578cdce32ff899c3f2c0eafc3b7ac780bb,ok
survey-demo,B0242,customer-0121,1,2026-08-01T12:00:00.000000Z,2026-08-01T12:00:00.000000Z,2026-08-01T12:00:00.000000Z,NPS,7,support,Comentário inteiramente sintético.,event-B0242-v1,e8591e7ebe18cb37d7b6e5f04c9da4ae86e25ac41908e1243b0a88a67c434476,ok
survey-demo,B0243,customer-0121,1,2026-08-01T12:00:00.000000Z,2026-08-01T12:00:00.000000Z,2026-08-01T12:00:00.000000Z,CSAT,5,renewal,Comentário inteiramente sintético.,event-B0243-v1,06dc3b5d9b27ad9d5de7035315204d990e6024e447eaa656f77e1ca23272a3ff,ok
survey-demo,B0244,customer-0122,1,2026-08-01T12:00:00.000000Z,2026-08-01T12:00:00.000000Z,2026-08-01T12:00:00.000000Z,NPS,4,onboarding,Comentário inteiramente sintético.,event-B0244-v1,42334cb1ff12644955393015790be3f5b490e298af0351ef875dc4bb0954a7a2,ok
survey-demo,B0245,customer-0122,1,2026-08-01T12:00:00.000000Z,2026-08-01T12:00:00.000000Z,2026-08-01T12:00:00.000000Z,NPS,6,service,Comentário inteiramente sintético.,event-B0245-v1,2f2697edadd5879cd3351bbf14d9122885ecaba1e1f814817bee461aedce43bc,ok
survey-demo,B0246,customer-0123,1,2026-08-01T12:00:00.000000Z,2026-08-01T12:00:00.000000Z,2026-08-01T12:00:00.000000Z,CSAT,2,support,Comentário inteiramente sintético.,event-B0246-v1,6586d899ca27bb37b2d91854ffe338c98c84b39a12012938e0c6afc05887fabb,ok
survey-demo,B0247,customer-0123,1,2026-08-01T12:00:00.000000Z,2026-08-01T12:00:00.000000Z,2026-08-01T12:00:00.000000Z,NPS,3,renewal,Comentário inteiramente sintético.,event-B0247-v1,5533a4161bc7ba4b02999c489abc399b3dd5730ae49a803ce73285a35c214969,ok
survey-demo,B0248,customer-0124,2,2026-08-03T12:00:00.000000Z,2026-08-01T12:00:00.000000Z,2026-08-01T12:00:00.000000Z,NPS,1,onboarding,Comentário inteiramente sintético.,event-B0248-v2,f8b82cd69d91cf32bd0783abcfbe67ad6935d06e2d6a345ea54395a1633873d8,ok
survey-demo,B0249,customer-0124,1,2026-08-01T12:00:00.000000Z,2026-08-01T12:00:00.000000Z,2026-08-01T12:00:00.000000Z,CSAT,2,service,Comentário inteiramente sintético.,event-B0249-v1,0e66762f7a940bd970a2762a3e1b8781644bf838db9f03865adb6fd4bace4d8a,ok
survey-demo,B0250,customer-0125,1,2026-08-01T12:00:00.000000Z,2026-08-01T12:00:00.000000Z,2026-08-01T12:00:00.000000Z,NPS,0,support,Comentário inteiramente sintético.,event-B0250-v1,3f8e0be49c3a7ec39902c6f0b7656b57422478807f3964faaad11e3d3a5e779f,ok
survey-demo,B0251,customer-0125,1,2026-08-01T12:00:00.000000Z,2026-08-01T12:00:00.000000Z,2026-08-01T12:00:00.000000Z,NPS,5,renewal,Comentário inteiramente sintético.,event-B0251-v1,7c6a4c5b748fc1e7b7631aa8613afda92f1c4d76b5cd874fc2000911ed3735c2,ok
survey-demo,B0252,customer-0126,1,2026-08-01T12:00:00.000000Z,2026-08-01T12:00:00.000000Z,2026-08-01T12:00:00.000000Z,CSAT,4,onboarding,Comentário inteiramente sintético.,event-B0252-v1,5a7ecd06097b1a76f873d51018fb83fdfb3352dc83f2e12e5b97333a9cb4052b,ok
survey-demo,B0253,customer-0126,1,2026-08-01T12:00:00.000000Z,2026-08-01T12:00:00.000000Z,2026-08-01T12:00:00.000000Z,NPS,3,service,Comentário inteiramente sintético.,event-B0253-v1,d03c5cc7df7eef5327efc0dcfa9ecc2674fc213f79ba9f69ae4c46cc7a7541cb,ok
survey-demo,B0254,customer-0127,1,2026-08-01T12:00:00.000000Z,2026-08-01T12:00:00.000000Z,2026-08-01T12:00:00.000000Z,NPS,7,support,Comentário inteiramente sintético.,event-B0254-v1,5f396c6102a083743cd2c080856d13f140b1ed18f1f7811db0799796997efaf2,ok
survey-demo,B0255,customer-0127,1,2026-08-01T12:00:00.000000Z,2026-08-01T12:00:00.000000Z,2026-08-01T12:00:00.000000Z,CSAT,3,renewal,Comentário inteiramente sintético.,event-B0255-v1,c082922e80533912eb7decd35f53f2d3b5738f27c833901fe07358f276fa407a,ok
survey-demo,B0256,customer-0128,2,2026-08-03T12:00:00.000000Z,2026-08-01T12:00:00.000000Z,2026-08-01T12:00:00.000000Z,NPS,6,onboarding,Comentário inteiramente sintético.,event-B0256-v2,0b316f7ebadd26bb3fa8b6d264a9be363595a1cbe1a872493b4ef305639fde7b,ok
survey-demo,B0257,customer-0128,1,2026-08-01T12:00:00.000000Z,2026-08-01T12:00:00.000000Z,2026-08-01T12:00:00.000000Z,NPS,10,service,Comentário inteiramente sintético.,event-B0257-v1,e053d99143ff6be6e1be86d69ba54e3948fb7795b7fa02506c64d774e3ee4c43,ok
survey-demo,B0258,customer-0129,1,2026-08-01T12:00:00.000000Z,2026-08-01T12:00:00.000000Z,2026-08-01T12:00:00.000000Z,CSAT,5,support,Comentário inteiramente sintético.,event-B0258-v1,9f608813664ba307aef0c02bd35279c1613a68c90ef09ee902b6141ac680f549,ok
survey-demo,B0259,customer-0129,1,2026-08-01T12:00:00.000000Z,2026-08-01T12:00:00.000000Z,2026-08-01T12:00:00.000000Z,NPS,9,renewal,Comentário inteiramente sintético.,event-B0259-v1,74f6825b46870a8c2fe549d4b068683b0a13350afb080011e7ebd62970ee3da5,ok
survey-demo,B0260,customer-0130,1,2026-08-01T12:00:00.000000Z,2026-08-01T12:00:00.000000Z,2026-08-01T12:00:00.000000Z,NPS,1,onboarding,Comentário inteiramente sintético.,event-B0260-v1,d11253f613651f643b771020b2497187269f7bbfddd2373e3dbd61f12a481d2f,ok
survey-demo,B0261,customer-0130,1,2026-08-01T12:00:00.000000Z,2026-08-01T12:00:00.000000Z,2026-08-01T12:00:00.000000Z,CSAT,4,service,Comentário inteiramente sintético.,event-B0261-v1,64e9436972d3d4845a9d7cd8b65fd43f48040d6fe04294f0f60b67c39d7d215c,ok
survey-demo,B0262,customer-0131,1,2026-08-01T12:00:00.000000Z,2026-08-01T12:00:00.000000Z,2026-08-01T12:00:00.000000Z,NPS,10,support,Comentário inteiramente sintético.,event-B0262-v1,74448a37eb64d885830c036e3c456a8a8873cf413bdf4b62a18d1c359cddd032,ok
survey-demo,B0263,customer-0131,1,2026-08-01T12:00:00.000000Z,2026-08-01T12:00:00.000000Z,2026-08-01T12:00:00.000000Z,NPS,0,renewal,Comentário inteiramente sintético.,event-B0263-v1,b04fd4a269d3a15b66a5017e436596ea782fd6e30bcf49ba4b5b05a0b3f58a7e,ok
survey-demo,B0264,customer-0132,2,2026-08-03T12:00:00.000000Z,2026-08-01T12:00:00.000000Z,2026-08-01T12:00:00.000000Z,CSAT,2,onboarding,Comentário inteiramente sintético.,event-B0264-v2,8dddc06c9bb670a074219a4c035cb8785e892e7c2f18bbe556b6a3c2f2c91f16,ok
survey-demo,B0265,customer-0132,1,2026-08-01T12:00:00.000000Z,2026-08-01T12:00:00.000000Z,2026-08-01T12:00:00.000000Z,NPS,2,service,Comentário inteiramente sintético.,event-B0265-v1,f99310e845e8cfbbd82d40298de94640cd28eba92a7339fb9128d774950e9b5f,ok
survey-demo,B0266,customer-0133,1,2026-08-01T12:00:00.000000Z,2026-08-01T12:00:00.000000Z,2026-08-01T12:00:00.000000Z,NPS,1,support,Comentário inteiramente sintético.,event-B0266-v1,dceb05dd0e2dc96563eb8e57de74d1f3aa690f70567b47f9d7b39b710bbf3072,ok
survey-demo,B0267,customer-0133,1,2026-08-01T12:00:00.000000Z,2026-08-01T12:00:00.000000Z,2026-08-01T12:00:00.000000Z,CSAT,5,renewal,Comentário inteiramente sintético.,event-B0267-v1,eff06305286826b932d0f03267d3cd5e22c2c63047c33a64f9fa52188db38c9d,ok
survey-demo,B0268,customer-0134,1,2026-08-01T12:00:00.000000Z,2026-08-01T12:00:00.000000Z,2026-08-01T12:00:00.000000Z,NPS,7,onboarding,Comentário inteiramente sintético.,event-B0268-v1,b0a337963cb54b5a60603b21a8252474376ed56023653ee955ea8c2369221817,ok
survey-demo,B0269,customer-0134,1,2026-08-01T12:00:00.000000Z,2026-08-01T12:00:00.000000Z,2026-08-01T12:00:00.000000Z,NPS,7,service,Comentário inteiramente sintético.,event-B0269-v1,6ab7fb05f197d5c61e02d8f1d5f0231d7925b8ebabcabc24e2b1f0bf0dcbbbd9,ok
survey-demo,B0270,customer-0135,1,2026-08-01T12:00:00.000000Z,2026-08-01T12:00:00.000000Z,2026-08-01T12:00:00.000000Z,CSAT,4,support,Comentário inteiramente sintético.,event-B0270-v1,fe693398096cc689af6cb975031dbb108c7e787bce91da3aaff98298fa1d11b4,ok
survey-demo,B0271,customer-0135,1,2026-08-01T12:00:00.000000Z,2026-08-01T12:00:00.000000Z,2026-08-01T12:00:00.000000Z,NPS,6,renewal,Comentário inteiramente sintético.,event-B0271-v1,199d901127a59bfb549945a1903c4c848ae8be38cb31894d73161a4d7aff33af,ok
survey-demo,B0272,customer-0136,2,2026-08-03T12:00:00.000000Z,2026-08-01T12:00:00.000000Z,2026-08-01T12:00:00.000000Z,NPS,5,onboarding,Comentário inteiramente sintético.,event-B0272-v2,41b42540906f6a2b9e72048185c924c2e59f13087a2773a99cd25d8c12db128a,ok
survey-demo,B0273,customer-0136,1,2026-08-01T12:00:00.000000Z,2026-08-01T12:00:00.000000Z,2026-08-01T12:00:00.000000Z,CSAT,4,service,Comentário inteiramente sintético.,event-B0273-v1,0bac3984d9db3e126a400b1d7849155f19249737380161e093a4e254bdd8d83b,ok
survey-demo,B0274,customer-0137,1,2026-08-01T12:00:00.000000Z,2026-08-01T12:00:00.000000Z,2026-08-01T12:00:00.000000Z,NPS,1,support,Comentário inteiramente sintético.,event-B0274-v1,541aeb2c9974d33832d45552ca676a4b4799f19dbef0c1b6b839e9b850cd46d3,ok
survey-demo,B0275,customer-0137,1,2026-08-01T12:00:00.000000Z,2026-08-01T12:00:00.000000Z,2026-08-01T12:00:00.000000Z,NPS,10,renewal,Comentário inteiramente sintético.,event-B0275-v1,e50187ebbb325d05466ea0d6e87a87e1c3961dcef8cf7e2aa5e2af66c3af074f,ok
survey-demo,B0276,customer-0138,1,2026-08-01T12:00:00.000000Z,2026-08-01T12:00:00.000000Z,2026-08-01T12:00:00.000000Z,CSAT,1,onboarding,Comentário inteiramente sintético.,event-B0276-v1,bc761e19e894d987f5e5fae457e3a59bd8fdb8ae1638b9fbfbe54a9bbdf2291f,ok
survey-demo,B0277,customer-0138,1,2026-08-01T12:00:00.000000Z,2026-08-01T12:00:00.000000Z,2026-08-01T12:00:00.000000Z,NPS,7,service,Comentário inteiramente sintético.,event-B0277-v1,bd0c2ee4fffaf2835ee425bfbb2e502a1434fa6c267c37768553c5e459cd011f,ok
survey-demo,B0278,customer-0139,1,2026-08-01T12:00:00.000000Z,2026-08-01T12:00:00.000000Z,2026-08-01T12:00:00.000000Z,NPS,0,support,Comentário inteiramente sintético.,event-B0278-v1,c0edfe82de0ddd06eff4a1e9eb9f4245813543d0d0b7630458890493ffae6b27,ok
survey-demo,B0279,customer-0139,1,2026-08-01T12:00:00.000000Z,2026-08-01T12:00:00.000000Z,2026-08-01T12:00:00.000000Z,CSAT,2,renewal,Comentário inteiramente sintético.,event-B0279-v1,6a796e17fc09473382a12c8fbcd05d1f96ce3b7f4fb61d0ac4c0b8e494d5a056,ok
survey-demo,B0280,customer-0140,2,2026-08-03T12:00:00.000000Z,2026-08-01T12:00:00.000000Z,2026-08-01T12:00:00.000000Z,NPS,3,onboarding,Comentário inteiramente sintético.,event-B0280-v2,2407923fff49eea954ff07a97eda12d49bba90f436bc255685ada0884453720e,ok
survey-demo,B0281,customer-0140,1,2026-08-01T12:00:00.000000Z,2026-08-01T12:00:00.000000Z,2026-08-01T12:00:00.000000Z,NPS,1,service,Comentário inteiramente sintético.,event-B0281-v1,a47891da3307195db5dce84d160a297db0a5f95a7755bb309c7274aa3715fb06,ok
survey-demo,B0282,customer-0141,1,2026-08-01T12:00:00.000000Z,2026-08-01T12:00:00.000000Z,2026-08-01T12:00:00.000000Z,CSAT,1,support,Comentário inteiramente sintético.,event-B0282-v1,d018cbba25984edde7dc4d19a22edb801a2b3f77cb5e2eca940eeb89c7af3f56,ok
survey-demo,B0283,customer-0141,1,2026-08-01T12:00:00.000000Z,2026-08-01T12:00:00.000000Z,2026-08-01T12:00:00.000000Z,NPS,8,renewal,Comentário inteiramente sintético.,event-B0283-v1,927cae3424f4a6f82d9b686b2da292e16705970e34d1eb3d138e658b431bbf65,ok
survey-demo,B0284,customer-0142,1,2026-08-01T12:00:00.000000Z,2026-08-01T12:00:00.000000Z,2026-08-01T12:00:00.000000Z,NPS,4,onboarding,Comentário inteiramente sintético.,event-B0284-v1,b47fd3ba500c1acc9d4b99c5dc5a747aee90e2f63aa1d6f6dbf61dc24e0bb41f,ok
survey-demo,B0285,customer-0142,1,2026-08-01T12:00:00.000000Z,2026-08-01T12:00:00.000000Z,2026-08-01T12:00:00.000000Z,CSAT,2,service,Comentário inteiramente sintético.,event-B0285-v1,28ceed477a74a922723ec781c23cfd86b0b747a8dcbbc3704c38f8debf2afd01,ok
survey-demo,B0286,customer-0143,1,2026-08-01T12:00:00.000000Z,2026-08-01T12:00:00.000000Z,2026-08-01T12:00:00.000000Z,NPS,7,support,Comentário inteiramente sintético.,event-B0286-v1,b9e2ce0ef2e60e9b899038010c47adc85e56c2b240e8e4963886478df9b48877,ok
survey-demo,B0287,customer-0143,1,2026-08-01T12:00:00.000000Z,2026-08-01T12:00:00.000000Z,2026-08-01T12:00:00.000000Z,NPS,9,renewal,Comentário inteiramente sintético.,event-B0287-v1,cca4421b82062eae46663b08e7c1fd07a5e816ab64a34b5fc21171b4eee6e97c,ok
survey-demo,B0288,customer-0144,2,2026-08-03T12:00:00.000000Z,2026-08-01T12:00:00.000000Z,2026-08-01T12:00:00.000000Z,CSAT,5,onboarding,Comentário inteiramente sintético.,event-B0288-v2,03bff4b6867e1585e4bc19fc4ca6b8c9cf7d2f86b88ab63fbd648ae84c983d83,ok
survey-demo,B0289,customer-0144,1,2026-08-01T12:00:00.000000Z,2026-08-01T12:00:00.000000Z,2026-08-01T12:00:00.000000Z,NPS,3,service,Comentário inteiramente sintético.,event-B0289-v1,3582e17986051f5b24685b08058458d6a5d2e7abd3ba1d91b43575fafaafd812,ok
survey-demo,B0290,customer-0145,1,2026-08-01T12:00:00.000000Z,2026-08-01T12:00:00.000000Z,2026-08-01T12:00:00.000000Z,NPS,6,support,Comentário inteiramente sintético.,event-B0290-v1,50273beb09eaf8f564e6ac9139a2d0d6b60f84922655102835aec0bd88dfebe8,ok
survey-demo,B0291,customer-0145,1,2026-08-01T12:00:00.000000Z,2026-08-01T12:00:00.000000Z,2026-08-01T12:00:00.000000Z,CSAT,3,renewal,Comentário inteiramente sintético.,event-B0291-v1,7f642449c70430863857d40cce8657c75d0ed8fa3a64e9b097f8080e415f5642,ok
survey-demo,B0292,customer-0146,1,2026-08-01T12:00:00.000000Z,2026-08-01T12:00:00.000000Z,2026-08-01T12:00:00.000000Z,NPS,0,onboarding,Comentário inteiramente sintético.,event-B0292-v1,0b717af957f5883ec289ddf613882f7dda1657094f66f37125872fcf2c2b2cc5,ok
survey-demo,B0293,customer-0146,1,2026-08-01T12:00:00.000000Z,2026-08-01T12:00:00.000000Z,2026-08-01T12:00:00.000000Z,NPS,0,service,Comentário inteiramente sintético.,event-B0293-v1,d173fae91bae75d0993335c511f49aae042da56f852d954b619f5d4830ada3f2,ok
survey-demo,B0294,customer-0147,1,2026-08-01T12:00:00.000000Z,2026-08-01T12:00:00.000000Z,2026-08-01T12:00:00.000000Z,CSAT,4,support,Comentário inteiramente sintético.,event-B0294-v1,743aa0a99ada11ebf90942a5f89f6bd2d63feb892a6c4e302b603d9c9a921714,ok
survey-demo,B0295,customer-0147,1,2026-08-01T12:00:00.000000Z,2026-08-01T12:00:00.000000Z,2026-08-01T12:00:00.000000Z,NPS,6,renewal,Comentário inteiramente sintético.,event-B0295-v1,af8aea87c7124998e762b1b3dca350069d30bd16165c95ed5bb69ba61305fa9f,ok
survey-demo,B0296,customer-0148,2,2026-08-03T12:00:00.000000Z,2026-08-01T12:00:00.000000Z,2026-08-01T12:00:00.000000Z,NPS,9,onboarding,Comentário inteiramente sintético.,event-B0296-v2,63c9d9a4e9d2b4a24fbbaaeb0726b905ee15419755dc7fa3c3b3106050e31282,ok
survey-demo,B0297,customer-0148,1,2026-08-01T12:00:00.000000Z,2026-08-01T12:00:00.000000Z,2026-08-01T12:00:00.000000Z,CSAT,3,service,Comentário inteiramente sintético.,event-B0297-v1,3cb1a4308eacefdc6d3f29e63f58c49da7de457701155e4fb1bcfb776ca52ed7,ok
survey-demo,B0298,customer-0149,1,2026-08-01T12:00:00.000000Z,2026-08-01T12:00:00.000000Z,2026-08-01T12:00:00.000000Z,NPS,7,support,Comentário inteiramente sintético.,event-B0298-v1,c857c1b5404f9e15a1e9d84afb1652c5fb7f8fb6866ffec9e0bfb76a0478d9ab,ok
survey-demo,B0299,customer-0149,1,2026-08-01T12:00:00.000000Z,2026-08-01T12:00:00.000000Z,2026-08-01T12:00:00.000000Z,NPS,10,renewal,Comentário inteiramente sintético.,event-B0299-v1,3032b69da9d28b82f77ba8cb69699c6de5de20d62ec740d4a4bc9af19d8ad98d,ok
survey-demo,B0300,customer-0150,1,2026-08-01T12:00:00.000000Z,2026-08-01T12:00:00.000000Z,2026-08-01T12:00:00.000000Z,CSAT,1,onboarding,Comentário inteiramente sintético.,event-B0300-v1,57f806f0fd50b8fc736538b23bc381bf1636a942cb0bc2a97b63c437dca06429,has_rejected_history
survey-demo,B0301,customer-0150,1,2026-08-01T12:00:00.000000Z,2026-08-01T12:00:00.000000Z,2026-08-01T12:00:00.000000Z,NPS,8,service,Comentário inteiramente sintético.,event-B0301-v1,f9e979cad58d3ff19892a921f589a838436797c259ef9bc5644c1a62cb7aa265,ok
survey-demo,B0302,customer-0151,1,2026-08-01T12:00:00.000000Z,2026-08-01T12:00:00.000000Z,2026-08-01T12:00:00.000000Z,NPS,10,support,Comentário inteiramente sintético.,event-B0302-v1,8730ade7e250566a2d12e2ece3ac7bfddd0e67294a98d0d3c05099c4cc2cfe00,ok
survey-demo,B0303,customer-0151,1,2026-08-01T12:00:00.000000Z,2026-08-01T12:00:00.000000Z,2026-08-01T12:00:00.000000Z,CSAT,2,renewal,Comentário inteiramente sintético.,event-B0303-v1,65d3d8750b634c5976bbc5cf5a7ff4848a974734bd0c4873b20ada625a868057,ok
survey-demo,B0304,customer-0152,2,2026-08-03T12:00:00.000000Z,2026-08-01T12:00:00.000000Z,2026-08-01T12:00:00.000000Z,NPS,7,onboarding,Comentário inteiramente sintético.,event-B0304-v2,7817b8ac8fb236987264050436b7ffbf1af7ca71dfb404f273522f667293ee9d,ok
survey-demo,B0305,customer-0152,1,2026-08-01T12:00:00.000000Z,2026-08-01T12:00:00.000000Z,2026-08-01T12:00:00.000000Z,NPS,9,service,Comentário inteiramente sintético.,event-B0305-v1,c99e400f7307827dfe34ecab8867f2007d07ca99738b9e6cdc6e9249015897f7,ok
survey-demo,B0306,customer-0153,1,2026-08-01T12:00:00.000000Z,2026-08-01T12:00:00.000000Z,2026-08-01T12:00:00.000000Z,CSAT,5,support,Comentário inteiramente sintético.,event-B0306-v1,89f27f1c30bc84bd49dd942c2f9dcff9c8f04a4df56c517f4042afec8af45edb,ok
survey-demo,B0307,customer-0153,1,2026-08-01T12:00:00.000000Z,2026-08-01T12:00:00.000000Z,2026-08-01T12:00:00.000000Z,NPS,10,renewal,Comentário inteiramente sintético.,event-B0307-v1,7f7a2f10959f69613a61071536131b9d0006ac84efe0a489118534a9a51ab5b5,ok
survey-demo,B0308,customer-0154,1,2026-08-01T12:00:00.000000Z,2026-08-01T12:00:00.000000Z,2026-08-01T12:00:00.000000Z,NPS,3,onboarding,Comentário inteiramente sintético.,event-B0308-v1,84b6499b9f89cc50d9b347bc37af03f4c9c650b0ed55f2a1bc1ab63d93d69556,ok
survey-demo,B0309,customer-0154,1,2026-08-01T12:00:00.000000Z,2026-08-01T12:00:00.000000Z,2026-08-01T12:00:00.000000Z,CSAT,2,service,Comentário inteiramente sintético.,event-B0309-v1,93988d88affc2cfb9630a522d2e5132cc945aa0f2b74fa9de6253989dae9e9b0,ok
survey-demo,B0310,customer-0155,1,2026-08-01T12:00:00.000000Z,2026-08-01T12:00:00.000000Z,2026-08-01T12:00:00.000000Z,NPS,4,support,Comentário inteiramente sintético.,event-B0310-v1,9e4bfa45123e8fb8ef147989eca7fee9d1149805ea4d7a866af84640a09d4358,ok
survey-demo,B0311,customer-0155,1,2026-08-01T12:00:00.000000Z,2026-08-01T12:00:00.000000Z,2026-08-01T12:00:00.000000Z,NPS,9,renewal,Comentário inteiramente sintético.,event-B0311-v1,ba7d6b5b3dc1b057bfecfbf2184f4d81d3cf10ce7ab88a6748ace2b85d84da85,ok
survey-demo,B0312,customer-0156,2,2026-08-03T12:00:00.000000Z,2026-08-01T12:00:00.000000Z,2026-08-01T12:00:00.000000Z,CSAT,5,onboarding,Comentário inteiramente sintético.,event-B0312-v2,db356672688d85f880172c208feafbe74f9797b1759a24508ac334951301a003,ok
survey-demo,B0313,customer-0156,1,2026-08-01T12:00:00.000000Z,2026-08-01T12:00:00.000000Z,2026-08-01T12:00:00.000000Z,NPS,1,service,Comentário inteiramente sintético.,event-B0313-v1,354da8b07b141c05c191550f5916f8427529b1025663905b0fbd3f348eb5da76,ok
survey-demo,B0314,customer-0157,1,2026-08-01T12:00:00.000000Z,2026-08-01T12:00:00.000000Z,2026-08-01T12:00:00.000000Z,NPS,7,support,Comentário inteiramente sintético.,event-B0314-v1,499d0ef52b1e741a46d9f497cd67fdb82e10d8f52d4d5bbe6eedae46f645728b,ok
survey-demo,B0315,customer-0157,1,2026-08-01T12:00:00.000000Z,2026-08-01T12:00:00.000000Z,2026-08-01T12:00:00.000000Z,CSAT,5,renewal,Comentário inteiramente sintético.,event-B0315-v1,9e04bfc6c2cb19d5835a0e518bca5f903837d1b87fe1a66930c8ea330aa81f27,ok
survey-demo,B0316,customer-0158,1,2026-08-01T12:00:00.000000Z,2026-08-01T12:00:00.000000Z,2026-08-01T12:00:00.000000Z,NPS,1,onboarding,Comentário inteiramente sintético.,event-B0316-v1,667772b492782fe55f40ec4494728941b818acd44e720875ee756fc953912114,ok
survey-demo,B0317,customer-0158,1,2026-08-01T12:00:00.000000Z,2026-08-01T12:00:00.000000Z,2026-08-01T12:00:00.000000Z,NPS,8,service,Comentário inteiramente sintético.,event-B0317-v1,d07b42eeb1ea7f626b6db0f4ef270b5a0944048a9a6a158735384f763f7a2930,ok
survey-demo,B0318,customer-0159,1,2026-08-01T12:00:00.000000Z,2026-08-01T12:00:00.000000Z,2026-08-01T12:00:00.000000Z,CSAT,4,support,Comentário inteiramente sintético.,event-B0318-v1,04d4c36193ec52b6f48271aca3014c253713a0f6bc5dc2e943681a65dcf1f7ba,ok
survey-demo,B0319,customer-0159,1,2026-08-01T12:00:00.000000Z,2026-08-01T12:00:00.000000Z,2026-08-01T12:00:00.000000Z,NPS,9,renewal,Comentário inteiramente sintético.,event-B0319-v1,eb1a8a56de0b7b8545a9e75a90effba1cde4cbf82de8e10092d4a282e646300d,ok
survey-demo,B0320,customer-0160,2,2026-08-03T12:00:00.000000Z,2026-08-01T12:00:00.000000Z,2026-08-01T12:00:00.000000Z,NPS,7,onboarding,Comentário inteiramente sintético.,event-B0320-v2,032ebbfdd37e74e21ffb872cfd8087715cd77cb37de8129fcd3853f25b6c6072,ok
survey-demo,B0321,customer-0160,1,2026-08-01T12:00:00.000000Z,2026-08-01T12:00:00.000000Z,2026-08-01T12:00:00.000000Z,CSAT,1,service,Comentário inteiramente sintético.,event-B0321-v1,b333ad3bc17fb9c22e6f3b1c20cf72386cd48892e5c16133bdaa92a9a175a4bc,ok
survey-demo,B0322,customer-0161,1,2026-08-01T12:00:00.000000Z,2026-08-01T12:00:00.000000Z,2026-08-01T12:00:00.000000Z,NPS,7,support,Comentário inteiramente sintético.,event-B0322-v1,028f97272049ca97a1d573cb558f9f289fd7417389e99711dac28c1865c1221e,ok
survey-demo,B0323,customer-0161,1,2026-08-01T12:00:00.000000Z,2026-08-01T12:00:00.000000Z,2026-08-01T12:00:00.000000Z,NPS,7,renewal,Comentário inteiramente sintético.,event-B0323-v1,a453a8b0a8fc8a0b44f591979658bf553f09cbc983eb9637c6098e6ff99e1803,ok
survey-demo,B0324,customer-0162,1,2026-08-01T12:00:00.000000Z,2026-08-01T12:00:00.000000Z,2026-08-01T12:00:00.000000Z,CSAT,3,onboarding,Comentário inteiramente sintético.,event-B0324-v1,bb64d3a8654fff3edc4ecc079e405ed2b28bf1f4ab8e0965c0ccb76f77dea1cf,ok
survey-demo,B0325,customer-0162,1,2026-08-01T12:00:00.000000Z,2026-08-01T12:00:00.000000Z,2026-08-01T12:00:00.000000Z,NPS,3,service,Comentário inteiramente sintético.,event-B0325-v1,8cf1ba70ce2e75a3200ee3d706263a532271a38d7e7bc59164a1c1fd591e4aee,ok
survey-demo,B0326,customer-0163,1,2026-08-01T12:00:00.000000Z,2026-08-01T12:00:00.000000Z,2026-08-01T12:00:00.000000Z,NPS,2,support,Comentário inteiramente sintético.,event-B0326-v1,907291313478abc053ade64b2738c2763aff43756aa9065ea8c6111d2d7ebee4,ok
survey-demo,B0327,customer-0163,1,2026-08-01T12:00:00.000000Z,2026-08-01T12:00:00.000000Z,2026-08-01T12:00:00.000000Z,CSAT,3,renewal,Comentário inteiramente sintético.,event-B0327-v1,4adc7cbded6ab691b879b7fe5501571ad8ff8cdd1e635225f378f6aa5e04e357,ok
survey-demo,B0328,customer-0164,2,2026-08-03T12:00:00.000000Z,2026-08-01T12:00:00.000000Z,2026-08-01T12:00:00.000000Z,NPS,3,onboarding,Comentário inteiramente sintético.,event-B0328-v2,72760fe2f79928bb8bd958c420ef48d26640d6e2b12aebcba4686d05dbf54218,ok
survey-demo,B0329,customer-0164,1,2026-08-01T12:00:00.000000Z,2026-08-01T12:00:00.000000Z,2026-08-01T12:00:00.000000Z,NPS,4,service,Comentário inteiramente sintético.,event-B0329-v1,31da0915f0456d306454e629b14e0917af6d63acfcb313224007a934dcd7f805,ok
survey-demo,B0330,customer-0165,1,2026-08-01T12:00:00.000000Z,2026-08-01T12:00:00.000000Z,2026-08-01T12:00:00.000000Z,CSAT,2,support,Comentário inteiramente sintético.,event-B0330-v1,0e6a8ad010a0ac87a4a4f8d799cef8b35001f5c8f6e5f59bd55486ca9c6ca13f,ok
survey-demo,B0331,customer-0165,1,2026-08-01T12:00:00.000000Z,2026-08-01T12:00:00.000000Z,2026-08-01T12:00:00.000000Z,NPS,2,renewal,Comentário inteiramente sintético.,event-B0331-v1,97825d9eca7c86f28c86da56dacfe9bff0be15248d8c8696f5dcc83bfe04e2e0,ok
survey-demo,B0332,customer-0166,1,2026-08-01T12:00:00.000000Z,2026-08-01T12:00:00.000000Z,2026-08-01T12:00:00.000000Z,NPS,8,onboarding,Comentário inteiramente sintético.,event-B0332-v1,557fb0f5ef4987058922e871155e8dce4df6693f338b09ee2d269174a2b02c23,ok
survey-demo,B0333,customer-0166,1,2026-08-01T12:00:00.000000Z,2026-08-01T12:00:00.000000Z,2026-08-01T12:00:00.000000Z,CSAT,4,service,Comentário inteiramente sintético.,event-B0333-v1,89ce3f3508a2bdc437f2f5f5f8bc69a8df595677d2ef396cd4a5e86f068b3612,ok
survey-demo,B0334,customer-0167,1,2026-08-01T12:00:00.000000Z,2026-08-01T12:00:00.000000Z,2026-08-01T12:00:00.000000Z,NPS,4,support,Comentário inteiramente sintético.,event-B0334-v1,a84c8d3898ad6da8f6ca544f8b7cd8d71968a0bb55a085a672fa817f44dc09d7,ok
survey-demo,B0335,customer-0167,1,2026-08-01T12:00:00.000000Z,2026-08-01T12:00:00.000000Z,2026-08-01T12:00:00.000000Z,NPS,10,renewal,Comentário inteiramente sintético.,event-B0335-v1,9ad0309fbbdfe40206c4ecd708fcca0a86c38aac93a004fc14e8ae0ef788c833,ok
survey-demo,B0336,customer-0168,2,2026-08-03T12:00:00.000000Z,2026-08-01T12:00:00.000000Z,2026-08-01T12:00:00.000000Z,CSAT,5,onboarding,Comentário inteiramente sintético.,event-B0336-v2,b29908f615946bf11b05693650194311e692903f706e7ce2cb006911d5148e5e,ok
survey-demo,B0337,customer-0168,1,2026-08-01T12:00:00.000000Z,2026-08-01T12:00:00.000000Z,2026-08-01T12:00:00.000000Z,NPS,6,service,Comentário inteiramente sintético.,event-B0337-v1,13570b6ae424c7fbc7ad98b88b0fb165429f9ab8392ab02196c0dff23d852a7a,ok
survey-demo,B0338,customer-0169,1,2026-08-01T12:00:00.000000Z,2026-08-01T12:00:00.000000Z,2026-08-01T12:00:00.000000Z,NPS,3,support,Comentário inteiramente sintético.,event-B0338-v1,404f2fe75dbc108d12af2ce901bcc965e284f0d3d4e90da5715438d016b027e5,ok
survey-demo,B0339,customer-0169,1,2026-08-01T12:00:00.000000Z,2026-08-01T12:00:00.000000Z,2026-08-01T12:00:00.000000Z,CSAT,4,renewal,Comentário inteiramente sintético.,event-B0339-v1,a273492ed432dab0ac5ae5713e26e043f29652aeab70b277e72c068d362cee9f,ok
survey-demo,B0340,customer-0170,1,2026-08-01T12:00:00.000000Z,2026-08-01T12:00:00.000000Z,2026-08-01T12:00:00.000000Z,NPS,0,onboarding,Comentário inteiramente sintético.,event-B0340-v1,c794d93559f688d1bf11c01e1825d41da99d47d5036e01398006531d8b7f4b0b,ok
survey-demo,B0341,customer-0170,1,2026-08-01T12:00:00.000000Z,2026-08-01T12:00:00.000000Z,2026-08-01T12:00:00.000000Z,NPS,8,service,Comentário inteiramente sintético.,event-B0341-v1,2a5f23b872437794a8076672abbad5ec743112c42bfada15d009b5a578fea22a,ok
survey-demo,B0342,customer-0171,1,2026-08-01T12:00:00.000000Z,2026-08-01T12:00:00.000000Z,2026-08-01T12:00:00.000000Z,CSAT,4,support,Comentário inteiramente sintético.,event-B0342-v1,3b7fdc63aa9ae31ad6d318619453707b32893ff337b94da3de3a5c8438f3ae9f,ok
survey-demo,B0343,customer-0171,1,2026-08-01T12:00:00.000000Z,2026-08-01T12:00:00.000000Z,2026-08-01T12:00:00.000000Z,NPS,7,renewal,Comentário inteiramente sintético.,event-B0343-v1,dc1e523db128dab5eed7808fb80511566292fb433b1c3ab685ff9e75fd17f8ba,ok
survey-demo,B0344,customer-0172,2,2026-08-03T12:00:00.000000Z,2026-08-01T12:00:00.000000Z,2026-08-01T12:00:00.000000Z,NPS,4,onboarding,Comentário inteiramente sintético.,event-B0344-v2,fef4915a4b790ce01013e4273dba3f03297f522a5d6ded92f832ed5630bbfb17,ok
survey-demo,B0345,customer-0172,1,2026-08-01T12:00:00.000000Z,2026-08-01T12:00:00.000000Z,2026-08-01T12:00:00.000000Z,CSAT,2,service,Comentário inteiramente sintético.,event-B0345-v1,70a6ca7d582d22fe826d7f8c6e8bec58d90a1cf550838f478ffbaee8e226e787,ok
survey-demo,B0346,customer-0173,1,2026-08-01T12:00:00.000000Z,2026-08-01T12:00:00.000000Z,2026-08-01T12:00:00.000000Z,NPS,3,support,Comentário inteiramente sintético.,event-B0346-v1,675e8b4e9f041162996e993b360d3631ba23f3d6414575cb7ff733af8c423401,ok
survey-demo,B0347,customer-0173,1,2026-08-01T12:00:00.000000Z,2026-08-01T12:00:00.000000Z,2026-08-01T12:00:00.000000Z,NPS,8,renewal,Comentário inteiramente sintético.,event-B0347-v1,fb1e7ebd960846b7a8f8f6c9e0d6391dc645116cff1939dca811eec5e094255b,ok
survey-demo,B0348,customer-0174,1,2026-08-01T12:00:00.000000Z,2026-08-01T12:00:00.000000Z,2026-08-01T12:00:00.000000Z,CSAT,5,onboarding,Comentário inteiramente sintético.,event-B0348-v1,1833a0c5c50a0806f05bcafd4a7fbc4c6eba126c73e2e852850a432caf939d52,ok
survey-demo,B0349,customer-0174,1,2026-08-01T12:00:00.000000Z,2026-08-01T12:00:00.000000Z,2026-08-01T12:00:00.000000Z,NPS,6,service,Comentário inteiramente sintético.,event-B0349-v1,fe4d3180286bcf903e421e9823b102095323c54b2f2dbda92a03b2a48535d738,ok
survey-demo,B0350,customer-0175,1,2026-08-01T12:00:00.000000Z,2026-08-01T12:00:00.000000Z,2026-08-01T12:00:00.000000Z,NPS,4,support,Comentário inteiramente sintético.,event-B0350-v1,283f40ac3b186164b6151ecfb03db05cf3a2b89a20c5d64bd01785c31ea19cd7,ok
survey-demo,B0351,customer-0175,1,2026-08-01T12:00:00.000000Z,2026-08-01T12:00:00.000000Z,2026-08-01T12:00:00.000000Z,CSAT,1,renewal,Comentário inteiramente sintético.,event-B0351-v1,12f4d64dd458c4e9541b2519935e4f42de226a50d562ac94f4450a5aa6c9aacf,ok
survey-demo,B0352,customer-0176,2,2026-08-03T12:00:00.000000Z,2026-08-01T12:00:00.000000Z,2026-08-01T12:00:00.000000Z,NPS,3,onboarding,Comentário inteiramente sintético.,event-B0352-v2,a8c9b03f66930e60e58ca7484ab7d71b2313897c676b87297a14ae6879f64a82,ok
survey-demo,B0353,customer-0176,1,2026-08-01T12:00:00.000000Z,2026-08-01T12:00:00.000000Z,2026-08-01T12:00:00.000000Z,NPS,1,service,Comentário inteiramente sintético.,event-B0353-v1,ccbdf775737350cc9f400e5b6d58c05498b0966adddc199d3809b2e39811ea78,ok
survey-demo,B0354,customer-0177,1,2026-08-01T12:00:00.000000Z,2026-08-01T12:00:00.000000Z,2026-08-01T12:00:00.000000Z,CSAT,5,support,Comentário inteiramente sintético.,event-B0354-v1,6c19c36e37f3585d1e54e5091426b10febaa95ad7bf1642463c9304b40a067f0,ok
survey-demo,B0355,customer-0177,1,2026-08-01T12:00:00.000000Z,2026-08-01T12:00:00.000000Z,2026-08-01T12:00:00.000000Z,NPS,4,renewal,Comentário inteiramente sintético.,event-B0355-v1,1a74d7fb6eddd173d233bcdccbef8c8ad9bc434454f4880401ba3fd03841a149,ok
survey-demo,B0356,customer-0178,1,2026-08-01T12:00:00.000000Z,2026-08-01T12:00:00.000000Z,2026-08-01T12:00:00.000000Z,NPS,6,onboarding,Comentário inteiramente sintético.,event-B0356-v1,0ba337b62847745a3eaf0259883f795d0ddf227407be728b11c4eb35386bf04a,ok
survey-demo,B0357,customer-0178,1,2026-08-01T12:00:00.000000Z,2026-08-01T12:00:00.000000Z,2026-08-01T12:00:00.000000Z,CSAT,5,service,Comentário inteiramente sintético.,event-B0357-v1,32d9f321f05807c6a66d83828c47795d760c39689beebf27f8873d3e6d1fd6e2,ok
survey-demo,B0358,customer-0179,1,2026-08-01T12:00:00.000000Z,2026-08-01T12:00:00.000000Z,2026-08-01T12:00:00.000000Z,NPS,9,support,Comentário inteiramente sintético.,event-B0358-v1,4628f03cd1fa835b4f3d486f4668817ebc8af50ac47fe5c9b757ffad959d3869,ok
survey-demo,B0359,customer-0179,1,2026-08-01T12:00:00.000000Z,2026-08-01T12:00:00.000000Z,2026-08-01T12:00:00.000000Z,NPS,4,renewal,Comentário inteiramente sintético.,event-B0359-v1,774111b316043659919fc042dbc0d41d7d72e9430cf9d4a1b4cf1bce85236118,ok
survey-demo,B0360,customer-0180,2,2026-08-03T12:00:00.000000Z,2026-08-01T12:00:00.000000Z,2026-08-01T12:00:00.000000Z,CSAT,4,onboarding,Comentário inteiramente sintético.,event-B0360-v2,d11d6c6ef904db2c2ad038091d5ddaf9112af0f35f92cb3d6c3e746d4697de0a,has_rejected_history
survey-demo,B0361,customer-0180,1,2026-08-01T12:00:00.000000Z,2026-08-01T12:00:00.000000Z,2026-08-01T12:00:00.000000Z,NPS,10,service,Comentário inteiramente sintético.,event-B0361-v1,9b715873ddf64e975774c892507643ee149039819d124e533c1ee00d0836898c,ok
survey-demo,B0362,customer-0181,1,2026-08-01T12:00:00.000000Z,2026-08-01T12:00:00.000000Z,2026-08-01T12:00:00.000000Z,NPS,4,support,Comentário inteiramente sintético.,event-B0362-v1,dd27bd87b8e8cbfd1dee3fa2238d3e863e9b66958b0f793dadb46ca70dd4c64f,ok
survey-demo,B0363,customer-0181,1,2026-08-01T12:00:00.000000Z,2026-08-01T12:00:00.000000Z,2026-08-01T12:00:00.000000Z,CSAT,1,renewal,Comentário inteiramente sintético.,event-B0363-v1,d7909adcb925a7e2bb821635037958eee8b866ffd34ffb7fafb4820be8505e1d,ok
survey-demo,B0364,customer-0182,1,2026-08-01T12:00:00.000000Z,2026-08-01T12:00:00.000000Z,2026-08-01T12:00:00.000000Z,NPS,1,onboarding,Comentário inteiramente sintético.,event-B0364-v1,9e10243dff7be1508809ea402e787f072a81a9c89fce2fa14fe051011b7c9997,ok
survey-demo,B0365,customer-0182,1,2026-08-01T12:00:00.000000Z,2026-08-01T12:00:00.000000Z,2026-08-01T12:00:00.000000Z,NPS,4,service,Comentário inteiramente sintético.,event-B0365-v1,8a9c8f0a1f44f24ff8629ed87aeefd6ad0b2672dd8b89d554bfbcdfa9ad3b3bd,ok
survey-demo,B0366,customer-0183,1,2026-08-01T12:00:00.000000Z,2026-08-01T12:00:00.000000Z,2026-08-01T12:00:00.000000Z,CSAT,4,support,Comentário inteiramente sintético.,event-B0366-v1,7f56392172bed110ead1c49016245b5f50f0db83d65fc1d84e50bc77c04662b3,ok
survey-demo,B0367,customer-0183,1,2026-08-01T12:00:00.000000Z,2026-08-01T12:00:00.000000Z,2026-08-01T12:00:00.000000Z,NPS,7,renewal,Comentário inteiramente sintético.,event-B0367-v1,b6f00197ac2ec57aac8447a3c0b30c4b0458e1a3e4f388af147959e435d5a79f,ok
survey-demo,B0368,customer-0184,2,2026-08-03T12:00:00.000000Z,2026-08-01T12:00:00.000000Z,2026-08-01T12:00:00.000000Z,NPS,9,onboarding,Comentário inteiramente sintético.,event-B0368-v2,fc75e5ec6bc49f6efe9c69a0d62ebf8987651cb496c0bdfd39ca999fa96b06a9,ok
survey-demo,B0369,customer-0184,1,2026-08-01T12:00:00.000000Z,2026-08-01T12:00:00.000000Z,2026-08-01T12:00:00.000000Z,CSAT,4,service,Comentário inteiramente sintético.,event-B0369-v1,11b2c50a4ea0dd649741bc6e6c379264d9bb3cfef0cdde0b390074af3daee0a5,ok
survey-demo,B0370,customer-0185,1,2026-08-01T12:00:00.000000Z,2026-08-01T12:00:00.000000Z,2026-08-01T12:00:00.000000Z,NPS,5,support,Comentário inteiramente sintético.,event-B0370-v1,428f0da930a4147d5ab3a194fa89d307b6c4303cae78dcedb3bafc007ee44e66,ok
survey-demo,B0371,customer-0185,1,2026-08-01T12:00:00.000000Z,2026-08-01T12:00:00.000000Z,2026-08-01T12:00:00.000000Z,NPS,1,renewal,Comentário inteiramente sintético.,event-B0371-v1,1f13d04baed081cde778257a2b7e22d71da2d910ad7e1a7f812541fa88a31a3e,ok
survey-demo,B0372,customer-0186,1,2026-08-01T12:00:00.000000Z,2026-08-01T12:00:00.000000Z,2026-08-01T12:00:00.000000Z,CSAT,4,onboarding,Comentário inteiramente sintético.,event-B0372-v1,106a69de1ca28a876f00d62c33346a9ac104a113aa278675c7e53ee30421a43b,ok
survey-demo,B0373,customer-0186,1,2026-08-01T12:00:00.000000Z,2026-08-01T12:00:00.000000Z,2026-08-01T12:00:00.000000Z,NPS,4,service,Comentário inteiramente sintético.,event-B0373-v1,6dfdf3f7be369f00f5b1ce66aa685c67c0374690ac57cb81bf7fb4cea6f52fa6,ok
survey-demo,B0374,customer-0187,1,2026-08-01T12:00:00.000000Z,2026-08-01T12:00:00.000000Z,2026-08-01T12:00:00.000000Z,NPS,7,support,Comentário inteiramente sintético.,event-B0374-v1,73b9e21dff56c062b95423dbbee2d586a7084aab5cffd418ec295cd5f3cd3a25,ok
survey-demo,B0375,customer-0187,1,2026-08-01T12:00:00.000000Z,2026-08-01T12:00:00.000000Z,2026-08-01T12:00:00.000000Z,CSAT,3,renewal,Comentário inteiramente sintético.,event-B0375-v1,cf64b89fe66293616ea388e4dd7ff877367aa9592950b9995adef625f73f46c3,ok
survey-demo,B0376,customer-0188,2,2026-08-03T12:00:00.000000Z,2026-08-01T12:00:00.000000Z,2026-08-01T12:00:00.000000Z,NPS,2,onboarding,Comentário inteiramente sintético.,event-B0376-v2,7890eff878c50735cca7443400d2d409bce9d8deda3f4363205a2ebc2077e5d3,ok
survey-demo,B0377,customer-0188,1,2026-08-01T12:00:00.000000Z,2026-08-01T12:00:00.000000Z,2026-08-01T12:00:00.000000Z,NPS,5,service,Comentário inteiramente sintético.,event-B0377-v1,022f520461688ed49bed6827e54bf66980815ffdebed8d3009b317ca17d48ca5,ok
survey-demo,B0378,customer-0189,1,2026-08-01T12:00:00.000000Z,2026-08-01T12:00:00.000000Z,2026-08-01T12:00:00.000000Z,CSAT,5,support,Comentário inteiramente sintético.,event-B0378-v1,4e2f0ca054c4f20206731733ff61d960db8818902338223d425b56166fd41d46,ok
survey-demo,B0379,customer-0189,1,2026-08-01T12:00:00.000000Z,2026-08-01T12:00:00.000000Z,2026-08-01T12:00:00.000000Z,NPS,5,renewal,Comentário inteiramente sintético.,event-B0379-v1,24c74fd3e3a7ddc0e9a6000ff9b4f410e8cb5a7f86e2cd084272d5f39a768fd5,ok
survey-demo,B0380,customer-0190,1,2026-08-01T12:00:00.000000Z,2026-08-01T12:00:00.000000Z,2026-08-01T12:00:00.000000Z,NPS,6,onboarding,Comentário inteiramente sintético.,event-B0380-v1,2dbb398cc6caacd45e6935a936bb6397fe81752b8c3e6f24b6b877147e06cecb,ok
survey-demo,B0381,customer-0190,1,2026-08-01T12:00:00.000000Z,2026-08-01T12:00:00.000000Z,2026-08-01T12:00:00.000000Z,CSAT,4,service,Comentário inteiramente sintético.,event-B0381-v1,12885050a47b1a463b82b0f9a95a45227895b9161ebee8976ea999c90b78a56e,ok
survey-demo,B0382,customer-0191,1,2026-08-01T12:00:00.000000Z,2026-08-01T12:00:00.000000Z,2026-08-01T12:00:00.000000Z,NPS,6,support,Comentário inteiramente sintético.,event-B0382-v1,f69aef288e63d7ca18391bfc9ea9fbcab8470bd973a19ca28473547d66842a6a,ok
survey-demo,B0383,customer-0191,1,2026-08-01T12:00:00.000000Z,2026-08-01T12:00:00.000000Z,2026-08-01T12:00:00.000000Z,NPS,3,renewal,Comentário inteiramente sintético.,event-B0383-v1,52ce72ff4ad2c114e2f56221b9cb04afe0fb3d1cc94f8355df3ef6b0b82c426a,ok
survey-demo,B0384,customer-0192,2,2026-08-03T12:00:00.000000Z,2026-08-01T12:00:00.000000Z,2026-08-01T12:00:00.000000Z,CSAT,5,onboarding,Comentário inteiramente sintético.,event-B0384-v2,aeb9c55b2e7e04b1356ecf5efa95c1cbbd380d20fd9599c6f27a75040f0365da,ok
survey-demo,B0385,customer-0192,1,2026-08-01T12:00:00.000000Z,2026-08-01T12:00:00.000000Z,2026-08-01T12:00:00.000000Z,NPS,8,service,Comentário inteiramente sintético.,event-B0385-v1,79bd049681a0e78c1d2d449d827b2886d2aa0d2ab391221ae7f0695bfa784c3d,ok
survey-demo,B0386,customer-0193,1,2026-08-01T12:00:00.000000Z,2026-08-01T12:00:00.000000Z,2026-08-01T12:00:00.000000Z,NPS,10,support,Comentário inteiramente sintético.,event-B0386-v1,d96689d540c5971cde479f6cdc586b61a481e6ae1511360e0186557535fec5f4,ok
survey-demo,B0387,customer-0193,1,2026-08-01T12:00:00.000000Z,2026-08-01T12:00:00.000000Z,2026-08-01T12:00:00.000000Z,CSAT,1,renewal,Comentário inteiramente sintético.,event-B0387-v1,71ec790f0ff93d31175c3e30be097d21744b6eabc56f3d0110b4105c23fac32b,ok
survey-demo,B0388,customer-0194,1,2026-08-01T12:00:00.000000Z,2026-08-01T12:00:00.000000Z,2026-08-01T12:00:00.000000Z,NPS,6,onboarding,Comentário inteiramente sintético.,event-B0388-v1,7d9cd51167885084d5aa8af71d3ea71b96ede1eacd503d8730e3a1ea56337106,ok
survey-demo,B0389,customer-0194,1,2026-08-01T12:00:00.000000Z,2026-08-01T12:00:00.000000Z,2026-08-01T12:00:00.000000Z,NPS,4,service,Comentário inteiramente sintético.,event-B0389-v1,6f85556140be457013640d9ec334aadcfe58bedf285a2235d4978a0d6bb4b64e,ok
survey-demo,B0390,customer-0195,1,2026-08-01T12:00:00.000000Z,2026-08-01T12:00:00.000000Z,2026-08-01T12:00:00.000000Z,CSAT,2,support,Comentário inteiramente sintético.,event-B0390-v1,d43fba7b33688aee23d1cbbfa32ba3e5bce2491085c7f97194e4bf864a14ed2e,ok
survey-demo,B0391,customer-0195,1,2026-08-01T12:00:00.000000Z,2026-08-01T12:00:00.000000Z,2026-08-01T12:00:00.000000Z,NPS,1,renewal,Comentário inteiramente sintético.,event-B0391-v1,38fb193f257a44d5b2600c7afc7b351de38c7e93973b5aa82630f81a9ecb181c,ok
survey-demo,B0392,customer-0196,2,2026-08-03T12:00:00.000000Z,2026-08-01T12:00:00.000000Z,2026-08-01T12:00:00.000000Z,NPS,10,onboarding,Comentário inteiramente sintético.,event-B0392-v2,30f36f7118489b95b2c267fe6a552b6c6db508bfbfda119a48f44b160b3fc621,ok
survey-demo,B0393,customer-0196,1,2026-08-01T12:00:00.000000Z,2026-08-01T12:00:00.000000Z,2026-08-01T12:00:00.000000Z,CSAT,3,service,Comentário inteiramente sintético.,event-B0393-v1,e5b9b678eb718fdee9fe3811d8635c9201374f6b394b87aae213ada86e685b44,ok
survey-demo,B0394,customer-0197,1,2026-08-01T12:00:00.000000Z,2026-08-01T12:00:00.000000Z,2026-08-01T12:00:00.000000Z,NPS,5,support,Comentário inteiramente sintético.,event-B0394-v1,43b4eec44a8ad2532778345926b371056a773f4730ed2f4ae7e21a55c8778a83,ok
survey-demo,B0395,customer-0197,1,2026-08-01T12:00:00.000000Z,2026-08-01T12:00:00.000000Z,2026-08-01T12:00:00.000000Z,NPS,3,renewal,Comentário inteiramente sintético.,event-B0395-v1,3a3fffc96565aa75f8cec34fb1a0d62465084a26a21e02fb3b5fe28e6e4dae75,ok
survey-demo,B0396,customer-0198,1,2026-08-01T12:00:00.000000Z,2026-08-01T12:00:00.000000Z,2026-08-01T12:00:00.000000Z,CSAT,5,onboarding,Comentário inteiramente sintético.,event-B0396-v1,7511387e32c528c35d5de452cb2fc25ee5aa1e54a85db445a0c2281f9ac6fcec,ok
survey-demo,B0397,customer-0198,1,2026-08-01T12:00:00.000000Z,2026-08-01T12:00:00.000000Z,2026-08-01T12:00:00.000000Z,NPS,2,service,Comentário inteiramente sintético.,event-B0397-v1,341a16ca60c2085119a776d708be26917578e113aac23cf33ff64a31b7e00260,ok
survey-demo,B0398,customer-0199,1,2026-08-01T12:00:00.000000Z,2026-08-01T12:00:00.000000Z,2026-08-01T12:00:00.000000Z,NPS,0,support,Comentário inteiramente sintético.,event-B0398-v1,7869644c2e726a939a17aa00a507d800f014c0273dd3897790592a3751b38559,ok
survey-demo,B0399,customer-0199,1,2026-08-01T12:00:00.000000Z,2026-08-01T12:00:00.000000Z,2026-08-01T12:00:00.000000Z,CSAT,4,renewal,Comentário inteiramente sintético.,event-B0399-v1,0e1aec50433931ff87c8a108bd4341ca6831ab014384f83dd60d6b897564c090,ok
survey-demo,B0400,customer-0200,2,2026-08-03T12:00:00.000000Z,2026-08-01T12:00:00.000000Z,2026-08-01T12:00:00.000000Z,NPS,3,onboarding,Comentário inteiramente sintético.,event-B0400-v2,9bfd0de1c04b8132f6038c9449cdc4a12a9b53bf48350bfc2c019612da3c4e07,ok
survey-demo,B0401,customer-0200,1,2026-08-01T12:00:00.000000Z,2026-08-01T12:00:00.000000Z,2026-08-01T12:00:00.000000Z,NPS,3,service,Comentário inteiramente sintético.,event-B0401-v1,90c10716cbad8921e92f9f7faf5eaea358a5b92d70d558385ba960b11c23b16a,ok
survey-demo,B0402,customer-0201,1,2026-08-01T12:00:00.000000Z,2026-08-01T12:00:00.000000Z,2026-08-01T12:00:00.000000Z,CSAT,5,support,Comentário inteiramente sintético.,event-B0402-v1,40f2a48ddc349ed715718c297dc7e396d36184a423b647b3c26c531c8736026d,ok
survey-demo,B0403,customer-0201,1,2026-08-01T12:00:00.000000Z,2026-08-01T12:00:00.000000Z,2026-08-01T12:00:00.000000Z,NPS,10,renewal,Comentário inteiramente sintético.,event-B0403-v1,fa2c7b9d256042dec5e7aca9e22e95376966a3718e551e68da5106025cbf9203,ok
survey-demo,B0404,customer-0202,1,2026-08-01T12:00:00.000000Z,2026-08-01T12:00:00.000000Z,2026-08-01T12:00:00.000000Z,NPS,9,onboarding,Comentário inteiramente sintético.,event-B0404-v1,bc1f862a542d17131e41fb71f75bedc4b4b6a0055f63bf1c538b0f170245455b,ok
survey-demo,B0405,customer-0202,1,2026-08-01T12:00:00.000000Z,2026-08-01T12:00:00.000000Z,2026-08-01T12:00:00.000000Z,CSAT,4,service,Comentário inteiramente sintético.,event-B0405-v1,554cb4d5379b54067a974591360a8f3d59548ea7b7c4997142103a7485169e60,ok
survey-demo,B0406,customer-0203,1,2026-08-01T12:00:00.000000Z,2026-08-01T12:00:00.000000Z,2026-08-01T12:00:00.000000Z,NPS,1,support,Comentário inteiramente sintético.,event-B0406-v1,7392ca3e0534838fa25348623d9d6abf6a60d4662832562bc1eb20848ddc6b67,ok
survey-demo,B0407,customer-0203,1,2026-08-01T12:00:00.000000Z,2026-08-01T12:00:00.000000Z,2026-08-01T12:00:00.000000Z,NPS,4,renewal,Comentário inteiramente sintético.,event-B0407-v1,02ab5dc570e91943d50d82488e934479717a9a335f2cbe9fc93adc83be037756,ok
survey-demo,B0408,customer-0204,2,2026-08-03T12:00:00.000000Z,2026-08-01T12:00:00.000000Z,2026-08-01T12:00:00.000000Z,CSAT,4,onboarding,Comentário inteiramente sintético.,event-B0408-v2,e2f734f2988cc9fbd94e74c9070b9729e5c4ed8e69a7ef60b4734d8f1244d9c8,ok
survey-demo,B0409,customer-0204,1,2026-08-01T12:00:00.000000Z,2026-08-01T12:00:00.000000Z,2026-08-01T12:00:00.000000Z,NPS,4,service,Comentário inteiramente sintético.,event-B0409-v1,fb302e5b444fc0c769af8e571d90370fba115221b092d8ec3b984424ff0c6b96,ok
survey-demo,B0410,customer-0205,1,2026-08-01T12:00:00.000000Z,2026-08-01T12:00:00.000000Z,2026-08-01T12:00:00.000000Z,NPS,7,support,Comentário inteiramente sintético.,event-B0410-v1,12c3a59ff51117264c24f4475da6aed70239ba05d3dad411e2785c5fe2fdb8fa,ok
survey-demo,B0411,customer-0205,1,2026-08-01T12:00:00.000000Z,2026-08-01T12:00:00.000000Z,2026-08-01T12:00:00.000000Z,CSAT,5,renewal,Comentário inteiramente sintético.,event-B0411-v1,dc46b0d1af3d66b67980915b9ce120797681806f8df822aa08c0f1d42efb2c06,ok
survey-demo,B0412,customer-0206,1,2026-08-01T12:00:00.000000Z,2026-08-01T12:00:00.000000Z,2026-08-01T12:00:00.000000Z,NPS,0,onboarding,Comentário inteiramente sintético.,event-B0412-v1,a9961773b4020edc155b54b668397f8deaaff0c8ede3debb8fbde2ef7129eb5e,ok
survey-demo,B0413,customer-0206,1,2026-08-01T12:00:00.000000Z,2026-08-01T12:00:00.000000Z,2026-08-01T12:00:00.000000Z,NPS,2,service,Comentário inteiramente sintético.,event-B0413-v1,28b180b9e3ca2dc8dde5b0e2cc7a149d39eba6ef5366f0d73065b5a166765252,ok
survey-demo,B0414,customer-0207,1,2026-08-01T12:00:00.000000Z,2026-08-01T12:00:00.000000Z,2026-08-01T12:00:00.000000Z,CSAT,4,support,Comentário inteiramente sintético.,event-B0414-v1,e2cc45972f066589902cfdad3b8beaa97a6f9da0dc75310d4aba917730a84b75,ok
survey-demo,B0415,customer-0207,1,2026-08-01T12:00:00.000000Z,2026-08-01T12:00:00.000000Z,2026-08-01T12:00:00.000000Z,NPS,10,renewal,Comentário inteiramente sintético.,event-B0415-v1,8188feb39acb4efad74988ca9998aa8f305896f6f13e76345ac7616c354af599,ok
survey-demo,B0416,customer-0208,2,2026-08-03T12:00:00.000000Z,2026-08-01T12:00:00.000000Z,2026-08-01T12:00:00.000000Z,NPS,4,onboarding,Comentário inteiramente sintético.,event-B0416-v2,ad17bfc5db35cfaa9e7c6b67e18423ac4123d553cb025130c6d9e97537f6b060,ok
survey-demo,B0417,customer-0208,1,2026-08-01T12:00:00.000000Z,2026-08-01T12:00:00.000000Z,2026-08-01T12:00:00.000000Z,CSAT,4,service,Comentário inteiramente sintético.,event-B0417-v1,d0f86bae2c98997b77a4c292157eeea8f749faf148b0c0fda67bef4dc1d83b68,ok
survey-demo,B0418,customer-0209,1,2026-08-01T12:00:00.000000Z,2026-08-01T12:00:00.000000Z,2026-08-01T12:00:00.000000Z,NPS,1,support,Comentário inteiramente sintético.,event-B0418-v1,05b81ac5d4ce7fcf5bc6464f5b5cf4eeb196b290a6838bcc5a1c8135ece31f8f,ok
survey-demo,B0419,customer-0209,1,2026-08-01T12:00:00.000000Z,2026-08-01T12:00:00.000000Z,2026-08-01T12:00:00.000000Z,NPS,8,renewal,Comentário inteiramente sintético.,event-B0419-v1,e653a0f924348538a5325a113a9cc8711c7ae5a5ef842296fc4398447711c698,ok
survey-demo,B0420,customer-0210,1,2026-08-01T12:00:00.000000Z,2026-08-01T12:00:00.000000Z,2026-08-01T12:00:00.000000Z,CSAT,4,onboarding,Comentário inteiramente sintético.,event-B0420-v1,4fb733d4fffd7fe585c9f53b25e38b1c860fdda053fa8445839d68b19996f3db,has_rejected_history
survey-demo,B0421,customer-0210,1,2026-08-01T12:00:00.000000Z,2026-08-01T12:00:00.000000Z,2026-08-01T12:00:00.000000Z,NPS,8,service,Comentário inteiramente sintético.,event-B0421-v1,cd32e0963ce25d0db2f10284eb34932a478767a0a047315fa1c7e2a79e059cc7,ok
survey-demo,B0422,customer-0211,1,2026-08-01T12:00:00.000000Z,2026-08-01T12:00:00.000000Z,2026-08-01T12:00:00.000000Z,NPS,9,support,Comentário inteiramente sintético.,event-B0422-v1,374ea846c6f6e64419bc18ea45df56410ee67982a5a7388cb2a403458a321beb,ok
survey-demo,B0423,customer-0211,1,2026-08-01T12:00:00.000000Z,2026-08-01T12:00:00.000000Z,2026-08-01T12:00:00.000000Z,CSAT,3,renewal,Comentário inteiramente sintético.,event-B0423-v1,453afc189d5fd6e2bd243d0c002ec9b4bd2ce038e83a586b237dd521cf3e5890,ok
survey-demo,B0424,customer-0212,2,2026-08-03T12:00:00.000000Z,2026-08-01T12:00:00.000000Z,2026-08-01T12:00:00.000000Z,NPS,8,onboarding,Comentário inteiramente sintético.,event-B0424-v2,226730a949c823c51c4b41e53a60adf8e9bad86d58ec9d6913d1164c260a8ba1,ok
survey-demo,B0425,customer-0212,1,2026-08-01T12:00:00.000000Z,2026-08-01T12:00:00.000000Z,2026-08-01T12:00:00.000000Z,NPS,1,service,Comentário inteiramente sintético.,event-B0425-v1,ec87262650ae5f97a766c49b6927229ed999e0b39aa199ebb10113f2a88d50b8,ok
survey-demo,B0426,customer-0213,1,2026-08-01T12:00:00.000000Z,2026-08-01T12:00:00.000000Z,2026-08-01T12:00:00.000000Z,CSAT,2,support,Comentário inteiramente sintético.,event-B0426-v1,eacec0b8329f155faa0cbc1978f587153a668531c902aefce51510b26225c657,ok
survey-demo,B0427,customer-0213,1,2026-08-01T12:00:00.000000Z,2026-08-01T12:00:00.000000Z,2026-08-01T12:00:00.000000Z,NPS,8,renewal,Comentário inteiramente sintético.,event-B0427-v1,a53290cb195ce041feb1fe3eb7d833fce7f0b5085aabde1ae50acce437f830cd,ok
survey-demo,B0428,customer-0214,1,2026-08-01T12:00:00.000000Z,2026-08-01T12:00:00.000000Z,2026-08-01T12:00:00.000000Z,NPS,6,onboarding,Comentário inteiramente sintético.,event-B0428-v1,75e832ceb51dff4dcc1439aa6c5a29841409b0f5a73476d1aefdbf1bd8704037,ok
survey-demo,B0429,customer-0214,1,2026-08-01T12:00:00.000000Z,2026-08-01T12:00:00.000000Z,2026-08-01T12:00:00.000000Z,CSAT,4,service,Comentário inteiramente sintético.,event-B0429-v1,dad3eb7e20ebd330a178b657f7db08537883b092230a9974e64783fdc31a2688,ok
survey-demo,B0430,customer-0215,1,2026-08-01T12:00:00.000000Z,2026-08-01T12:00:00.000000Z,2026-08-01T12:00:00.000000Z,NPS,6,support,Comentário inteiramente sintético.,event-B0430-v1,5ec516693117780d6d2a06e240b72bb025db028feac9353d807d892d9309755c,ok
survey-demo,B0431,customer-0215,1,2026-08-01T12:00:00.000000Z,2026-08-01T12:00:00.000000Z,2026-08-01T12:00:00.000000Z,NPS,2,renewal,Comentário inteiramente sintético.,event-B0431-v1,9c436cec8540d4076db1822e77ea359a58a2cff0386caa7b69b4f101a39aa95c,ok
survey-demo,B0432,customer-0216,2,2026-08-03T12:00:00.000000Z,2026-08-01T12:00:00.000000Z,2026-08-01T12:00:00.000000Z,CSAT,5,onboarding,Comentário inteiramente sintético.,event-B0432-v2,ee7667c196889cfdcb70f46cf71dd00f28f5ef723d691b59ae0c6e4824a7b083,ok
survey-demo,B0433,customer-0216,1,2026-08-01T12:00:00.000000Z,2026-08-01T12:00:00.000000Z,2026-08-01T12:00:00.000000Z,NPS,0,service,Comentário inteiramente sintético.,event-B0433-v1,6b45300192d784cf8442e1776916cc0e6da08950edc9cb67acb8fca86c0a3af7,ok
survey-demo,B0434,customer-0217,1,2026-08-01T12:00:00.000000Z,2026-08-01T12:00:00.000000Z,2026-08-01T12:00:00.000000Z,NPS,3,support,Comentário inteiramente sintético.,event-B0434-v1,1e20a20efbc6f5da19f5c41e190b5351399f6fc0965069a5721c1ac68e2a8629,ok
survey-demo,B0435,customer-0217,1,2026-08-01T12:00:00.000000Z,2026-08-01T12:00:00.000000Z,2026-08-01T12:00:00.000000Z,CSAT,3,renewal,Comentário inteiramente sintético.,event-B0435-v1,34048688b4baace5f5dfd70aba4d89f1b77b955d4dc149906f471dafd04fb996,ok
survey-demo,B0436,customer-0218,1,2026-08-01T12:00:00.000000Z,2026-08-01T12:00:00.000000Z,2026-08-01T12:00:00.000000Z,NPS,10,onboarding,Comentário inteiramente sintético.,event-B0436-v1,ece3722da012d0899285f7f7e9f7afb331a2bfa3b6ef71e6806b0c0984e78393,ok
survey-demo,B0437,customer-0218,1,2026-08-01T12:00:00.000000Z,2026-08-01T12:00:00.000000Z,2026-08-01T12:00:00.000000Z,NPS,4,service,Comentário inteiramente sintético.,event-B0437-v1,603d96d8074a4fcc4382c50275ba5e66f28ac41f72e4c675f75303fc900abe99,ok
survey-demo,B0438,customer-0219,1,2026-08-01T12:00:00.000000Z,2026-08-01T12:00:00.000000Z,2026-08-01T12:00:00.000000Z,CSAT,5,support,Comentário inteiramente sintético.,event-B0438-v1,c871a8688ce2b836ea1c43bdb9a2b3334e13e58b61acb026e9a49c3b2d054c89,ok
survey-demo,B0439,customer-0219,1,2026-08-01T12:00:00.000000Z,2026-08-01T12:00:00.000000Z,2026-08-01T12:00:00.000000Z,NPS,1,renewal,Comentário inteiramente sintético.,event-B0439-v1,6daa3a9ef563a0d46c3d94ff984afd1e8fb466962508ae07df8c3669a9887ffb,ok
survey-demo,B0440,customer-0220,2,2026-08-03T12:00:00.000000Z,2026-08-01T12:00:00.000000Z,2026-08-01T12:00:00.000000Z,NPS,6,onboarding,Comentário inteiramente sintético.,event-B0440-v2,b3cff8bbecc618a1eeb27a88a8f82a963352f70c8acdc9bef3d0d2c7d2e3173d,ok
survey-demo,B0441,customer-0220,1,2026-08-01T12:00:00.000000Z,2026-08-01T12:00:00.000000Z,2026-08-01T12:00:00.000000Z,CSAT,2,service,Comentário inteiramente sintético.,event-B0441-v1,b8fcf009c09adde67d16972d98b7d29607721001cfdba4d7932456dc7856ffe3,ok
survey-demo,B0442,customer-0221,1,2026-08-01T12:00:00.000000Z,2026-08-01T12:00:00.000000Z,2026-08-01T12:00:00.000000Z,NPS,8,support,Comentário inteiramente sintético.,event-B0442-v1,8a9f3b77ebbb74422d8e586d28212db37c6686fa2d7edf02298d8d5c6fcb0d43,ok
survey-demo,B0443,customer-0221,1,2026-08-01T12:00:00.000000Z,2026-08-01T12:00:00.000000Z,2026-08-01T12:00:00.000000Z,NPS,9,renewal,Comentário inteiramente sintético.,event-B0443-v1,384f49bdcf51225498cc0cbd6b0f1332f7654be4e1ab1f8f78c434ad0860a3f8,ok
survey-demo,B0444,customer-0222,1,2026-08-01T12:00:00.000000Z,2026-08-01T12:00:00.000000Z,2026-08-01T12:00:00.000000Z,CSAT,1,onboarding,Comentário inteiramente sintético.,event-B0444-v1,d438999bccd6ff58927ff29ba8f3615f0bb4d6aaf258e3a3964249587023dcac,ok
survey-demo,B0445,customer-0222,1,2026-08-01T12:00:00.000000Z,2026-08-01T12:00:00.000000Z,2026-08-01T12:00:00.000000Z,NPS,0,service,Comentário inteiramente sintético.,event-B0445-v1,e6a7c4c528ff190b174cde48edf9aa506e1f9543c80f22d0297bef6d6981ac5a,ok
survey-demo,B0446,customer-0223,1,2026-08-01T12:00:00.000000Z,2026-08-01T12:00:00.000000Z,2026-08-01T12:00:00.000000Z,NPS,0,support,Comentário inteiramente sintético.,event-B0446-v1,a36308a582d8e5f175375bea18a5a6984fe6f63a13ed782ff4cbd576b340e284,ok
survey-demo,B0447,customer-0223,1,2026-08-01T12:00:00.000000Z,2026-08-01T12:00:00.000000Z,2026-08-01T12:00:00.000000Z,CSAT,3,renewal,Comentário inteiramente sintético.,event-B0447-v1,47a87224ab67c9954314be1db25d5711c7a8f169310eeb41735feb8a250b9794,ok
survey-demo,B0448,customer-0224,2,2026-08-03T12:00:00.000000Z,2026-08-01T12:00:00.000000Z,2026-08-01T12:00:00.000000Z,NPS,4,onboarding,Comentário inteiramente sintético.,event-B0448-v2,841a8a100c517ed57dd16cd55d6063605b4dd679219c7e6e96380dcd28014c33,ok
survey-demo,B0449,customer-0224,1,2026-08-01T12:00:00.000000Z,2026-08-01T12:00:00.000000Z,2026-08-01T12:00:00.000000Z,NPS,3,service,Comentário inteiramente sintético.,event-B0449-v1,60cfd13e5d645e33e16b7e0eb49020c8767a7723ca15009f972a683cee45aa00,ok
survey-demo,B0450,customer-0225,1,2026-08-01T12:00:00.000000Z,2026-08-01T12:00:00.000000Z,2026-08-01T12:00:00.000000Z,CSAT,1,support,Comentário inteiramente sintético.,event-B0450-v1,37869164f5584d3a20b31c0004555eb2a502af9bd7ced5400319a4060c4a44ff,ok
survey-demo,B0451,customer-0225,1,2026-08-01T12:00:00.000000Z,2026-08-01T12:00:00.000000Z,2026-08-01T12:00:00.000000Z,NPS,6,renewal,Comentário inteiramente sintético.,event-B0451-v1,15eab7861e1f2b7fb04e889ef6b9c3f1d18e34048478b00f667f73767013a4e9,ok
survey-demo,B0452,customer-0226,1,2026-08-01T12:00:00.000000Z,2026-08-01T12:00:00.000000Z,2026-08-01T12:00:00.000000Z,NPS,6,onboarding,Comentário inteiramente sintético.,event-B0452-v1,3251dcce8c2223ee474364dd260ed5c14f5a9bb1042cb4dc14de04108808564f,ok
survey-demo,B0453,customer-0226,1,2026-08-01T12:00:00.000000Z,2026-08-01T12:00:00.000000Z,2026-08-01T12:00:00.000000Z,CSAT,5,service,Comentário inteiramente sintético.,event-B0453-v1,5956bf6b571ff87aed4426c3c88f0502c28eb209dd4f3507143a1cdf10e20d88,ok
survey-demo,B0454,customer-0227,1,2026-08-01T12:00:00.000000Z,2026-08-01T12:00:00.000000Z,2026-08-01T12:00:00.000000Z,NPS,10,support,Comentário inteiramente sintético.,event-B0454-v1,4705537ae73e2930481b4995305b7bb7519c9ef81b700fb67b1e9e28ecc603f5,ok
survey-demo,B0455,customer-0227,1,2026-08-01T12:00:00.000000Z,2026-08-01T12:00:00.000000Z,2026-08-01T12:00:00.000000Z,NPS,9,renewal,Comentário inteiramente sintético.,event-B0455-v1,d24467677659e7a9ba0953489fb86df35828a524ff4abdb915b70c3c95a1eeca,ok
survey-demo,B0456,customer-0228,2,2026-08-03T12:00:00.000000Z,2026-08-01T12:00:00.000000Z,2026-08-01T12:00:00.000000Z,CSAT,5,onboarding,Comentário inteiramente sintético.,event-B0456-v2,251f8dab55569e21b09e6cada2db1f2cf7ac24e848d737583af01358c744b965,ok
survey-demo,B0457,customer-0228,1,2026-08-01T12:00:00.000000Z,2026-08-01T12:00:00.000000Z,2026-08-01T12:00:00.000000Z,NPS,4,service,Comentário inteiramente sintético.,event-B0457-v1,97b7ef07ef63e7f32d2389f963ac5ac09efcc96c273891c3fdd4eecccada5547,ok
survey-demo,B0458,customer-0229,1,2026-08-01T12:00:00.000000Z,2026-08-01T12:00:00.000000Z,2026-08-01T12:00:00.000000Z,NPS,2,support,Comentário inteiramente sintético.,event-B0458-v1,fc6264345b98f520b1bb0741d039ca7af2245ef49405d484e50bf449173e4560,ok
survey-demo,B0459,customer-0229,1,2026-08-01T12:00:00.000000Z,2026-08-01T12:00:00.000000Z,2026-08-01T12:00:00.000000Z,CSAT,2,renewal,Comentário inteiramente sintético.,event-B0459-v1,9f4c9c2e932542cff1b4d69ab2b3988a95f11cb0aacdcc8c38ac5bc9b7e7102c,ok
survey-demo,B0460,customer-0230,1,2026-08-01T12:00:00.000000Z,2026-08-01T12:00:00.000000Z,2026-08-01T12:00:00.000000Z,NPS,9,onboarding,Comentário inteiramente sintético.,event-B0460-v1,a3a853cdd2375100e33ad167b5bde0ce0ae0a5813e0e2012a0ac589c85b49e07,ok
survey-demo,B0461,customer-0230,1,2026-08-01T12:00:00.000000Z,2026-08-01T12:00:00.000000Z,2026-08-01T12:00:00.000000Z,NPS,6,service,Comentário inteiramente sintético.,event-B0461-v1,b53a0bc707da32156778e4b4448d76935aed0204a3868bb54ca682d2453f49bd,ok
survey-demo,B0462,customer-0231,1,2026-08-01T12:00:00.000000Z,2026-08-01T12:00:00.000000Z,2026-08-01T12:00:00.000000Z,CSAT,3,support,Comentário inteiramente sintético.,event-B0462-v1,f4493c7f323d5b20ff0977b2ab4342c924ac7e5ab84c513ce0da071208f92863,ok
survey-demo,B0463,customer-0231,1,2026-08-01T12:00:00.000000Z,2026-08-01T12:00:00.000000Z,2026-08-01T12:00:00.000000Z,NPS,8,renewal,Comentário inteiramente sintético.,event-B0463-v1,e3cfa077542c7b2aee2b1eeae249f0d0f59e629d5a1cbf56743f7481a0bef2f2,ok
survey-demo,B0464,customer-0232,2,2026-08-03T12:00:00.000000Z,2026-08-01T12:00:00.000000Z,2026-08-01T12:00:00.000000Z,NPS,6,onboarding,Comentário inteiramente sintético.,event-B0464-v2,b45e02c9a2ed52a9cf16a6bf7edf6c1a784efdf52adf797d9664e12c3fdb3be3,ok
survey-demo,B0465,customer-0232,1,2026-08-01T12:00:00.000000Z,2026-08-01T12:00:00.000000Z,2026-08-01T12:00:00.000000Z,CSAT,2,service,Comentário inteiramente sintético.,event-B0465-v1,64af5872b0153810dd35b0ba9964f04c7373b97025c813522694cdd8d4c3101f,ok
survey-demo,B0466,customer-0233,1,2026-08-01T12:00:00.000000Z,2026-08-01T12:00:00.000000Z,2026-08-01T12:00:00.000000Z,NPS,2,support,Comentário inteiramente sintético.,event-B0466-v1,56109a8b5a3bbe3c70554090dfc9a14d180b9c79968384ef8a7dce0c3e58ecaa,ok
survey-demo,B0467,customer-0233,1,2026-08-01T12:00:00.000000Z,2026-08-01T12:00:00.000000Z,2026-08-01T12:00:00.000000Z,NPS,0,renewal,Comentário inteiramente sintético.,event-B0467-v1,5410cd95075267afa2db62fc61a468f7805ec3fe181dd38fc4736505305af7cb,ok
survey-demo,B0468,customer-0234,1,2026-08-01T12:00:00.000000Z,2026-08-01T12:00:00.000000Z,2026-08-01T12:00:00.000000Z,CSAT,1,onboarding,Comentário inteiramente sintético.,event-B0468-v1,de1cb53278442ba0ed6b2519fafd23bd7ea45da52e73fd1604c3f1eb52996cc1,ok
survey-demo,B0469,customer-0234,1,2026-08-01T12:00:00.000000Z,2026-08-01T12:00:00.000000Z,2026-08-01T12:00:00.000000Z,NPS,6,service,Comentário inteiramente sintético.,event-B0469-v1,f3a5bf67771cb96dfff4fbbee430eea4ff90a9103d047842773de482e3a82807,ok
survey-demo,B0470,customer-0235,1,2026-08-01T12:00:00.000000Z,2026-08-01T12:00:00.000000Z,2026-08-01T12:00:00.000000Z,NPS,9,support,Comentário inteiramente sintético.,event-B0470-v1,9af5e627d1735c6e687e8f15a35c2f9e5f509c633345cfc1abf9c86a047e5a9e,ok
survey-demo,B0471,customer-0235,1,2026-08-01T12:00:00.000000Z,2026-08-01T12:00:00.000000Z,2026-08-01T12:00:00.000000Z,CSAT,2,renewal,Comentário inteiramente sintético.,event-B0471-v1,4909def19343f5c9451e386a3bc53440aaeb8d0e1c90786f17d8034ee12779b5,ok
survey-demo,B0472,customer-0236,2,2026-08-03T12:00:00.000000Z,2026-08-01T12:00:00.000000Z,2026-08-01T12:00:00.000000Z,NPS,10,onboarding,Comentário inteiramente sintético.,event-B0472-v2,87c4702de05119b9b131c8950bbd8c7467a93f19ccb5137436f5655840ed3f49,ok
survey-demo,B0473,customer-0236,1,2026-08-01T12:00:00.000000Z,2026-08-01T12:00:00.000000Z,2026-08-01T12:00:00.000000Z,NPS,8,service,Comentário inteiramente sintético.,event-B0473-v1,33ddbdc3e36580da8a60e87b8f485064c64c1d0e6b62e06e2626545c2d50b5b8,ok
survey-demo,B0474,customer-0237,1,2026-08-01T12:00:00.000000Z,2026-08-01T12:00:00.000000Z,2026-08-01T12:00:00.000000Z,CSAT,5,support,Comentário inteiramente sintético.,event-B0474-v1,0a15b5715c2737d5066d5be1a9dec0382a75afde9aad0228ae5e6163cf738a45,ok
survey-demo,B0475,customer-0237,1,2026-08-01T12:00:00.000000Z,2026-08-01T12:00:00.000000Z,2026-08-01T12:00:00.000000Z,NPS,1,renewal,Comentário inteiramente sintético.,event-B0475-v1,0a022d8e4b7bede106628eca73674fe941d6d6f6ae008faccb041c14a60b8252,ok
survey-demo,B0476,customer-0238,1,2026-08-01T12:00:00.000000Z,2026-08-01T12:00:00.000000Z,2026-08-01T12:00:00.000000Z,NPS,9,onboarding,Comentário inteiramente sintético.,event-B0476-v1,fc36184b784c11eded41882480c4123dfcc31b01c97848b22b7b90543df2b198,ok
survey-demo,B0477,customer-0238,1,2026-08-01T12:00:00.000000Z,2026-08-01T12:00:00.000000Z,2026-08-01T12:00:00.000000Z,CSAT,2,service,Comentário inteiramente sintético.,event-B0477-v1,b9ea3fa7f4b5e7bf64628a487eddb97cc6b8a5070d410afe76c34e361604566a,ok
survey-demo,B0478,customer-0239,1,2026-08-01T12:00:00.000000Z,2026-08-01T12:00:00.000000Z,2026-08-01T12:00:00.000000Z,NPS,6,support,Comentário inteiramente sintético.,event-B0478-v1,67f1da459945e167a2cbf70f51ca00c4a5dc425a238d9477d9f5edd4fed26a94,ok
survey-demo,B0479,customer-0239,1,2026-08-01T12:00:00.000000Z,2026-08-01T12:00:00.000000Z,2026-08-01T12:00:00.000000Z,NPS,3,renewal,Comentário inteiramente sintético.,event-B0479-v1,b779c18bb68d4ef037cf50091adc4f02a6864331794c96dbd7e7590946d2cafb,ok
survey-demo,B0480,customer-0240,2,2026-08-03T12:00:00.000000Z,2026-08-01T12:00:00.000000Z,2026-08-01T12:00:00.000000Z,CSAT,5,onboarding,Comentário inteiramente sintético.,event-B0480-v2,9ec350e562956b2fc28619a7d432a8171883b465bc1676e6fee08c51d06e01b4,has_rejected_history
survey-demo,B0481,customer-0240,1,2026-08-01T12:00:00.000000Z,2026-08-01T12:00:00.000000Z,2026-08-01T12:00:00.000000Z,NPS,6,service,Comentário inteiramente sintético.,event-B0481-v1,ca9fcdf2136b40690342c1d47e75ed345d5f5f129145b33d2a9f7324945a2761,ok
survey-demo,B0482,customer-0241,1,2026-08-01T12:00:00.000000Z,2026-08-01T12:00:00.000000Z,2026-08-01T12:00:00.000000Z,NPS,2,support,Comentário inteiramente sintético.,event-B0482-v1,9c91fbe292687f33ecf10bcaaedd72c1d28b4519074513c6c9e50c65b3efca4e,ok
survey-demo,B0483,customer-0241,1,2026-08-01T12:00:00.000000Z,2026-08-01T12:00:00.000000Z,2026-08-01T12:00:00.000000Z,CSAT,5,renewal,Comentário inteiramente sintético.,event-B0483-v1,3cd386bffdf4ed13c628383ef6ee32af3a9d70178cc2cad92a26e69e384376c0,ok
survey-demo,B0484,customer-0242,1,2026-08-01T12:00:00.000000Z,2026-08-01T12:00:00.000000Z,2026-08-01T12:00:00.000000Z,NPS,0,onboarding,Comentário inteiramente sintético.,event-B0484-v1,a6df7db8af34b97aeaf7b79a65d9277c5f945e74ae173c2063f80b9b3c976777,ok
survey-demo,B0485,customer-0242,1,2026-08-01T12:00:00.000000Z,2026-08-01T12:00:00.000000Z,2026-08-01T12:00:00.000000Z,NPS,10,service,Comentário inteiramente sintético.,event-B0485-v1,10978dce8eea60955f2bd31041146edb20260a861f3fbde8129ff49cc65b6a8d,ok
survey-demo,B0486,customer-0243,1,2026-08-01T12:00:00.000000Z,2026-08-01T12:00:00.000000Z,2026-08-01T12:00:00.000000Z,CSAT,1,support,Comentário inteiramente sintético.,event-B0486-v1,08f08b977161e8059b27c5753871e49b9b9ca99ef2bd1f4e6ac8ce14d58921e7,ok
survey-demo,B0487,customer-0243,1,2026-08-01T12:00:00.000000Z,2026-08-01T12:00:00.000000Z,2026-08-01T12:00:00.000000Z,NPS,0,renewal,Comentário inteiramente sintético.,event-B0487-v1,3fb90d2c25185786ad75a2aab3cef03f881b2283f938f2653d86f4ed42d1f73e,ok
survey-demo,B0488,customer-0244,2,2026-08-03T12:00:00.000000Z,2026-08-01T12:00:00.000000Z,2026-08-01T12:00:00.000000Z,NPS,8,onboarding,Comentário inteiramente sintético.,event-B0488-v2,f19806d75900f94817ab0a5df8847f13b1501003a29c3f76a6bcf9fa31c0f3f9,ok
survey-demo,B0489,customer-0244,1,2026-08-01T12:00:00.000000Z,2026-08-01T12:00:00.000000Z,2026-08-01T12:00:00.000000Z,CSAT,5,service,Comentário inteiramente sintético.,event-B0489-v1,9215025d5d65bbc7913528dc22e6277a2ea368f782f7eca5f22c64ee59925da7,ok
survey-demo,B0490,customer-0245,1,2026-08-01T12:00:00.000000Z,2026-08-01T12:00:00.000000Z,2026-08-01T12:00:00.000000Z,NPS,4,support,Comentário inteiramente sintético.,event-B0490-v1,05500f69097cc905def2e22ed9464c5c86b49c205527f497e76b34ffeb9e8d29,ok
survey-demo,B0491,customer-0245,1,2026-08-01T12:00:00.000000Z,2026-08-01T12:00:00.000000Z,2026-08-01T12:00:00.000000Z,NPS,7,renewal,Comentário inteiramente sintético.,event-B0491-v1,0f2b7697d1a6f0fce641d29387519687193c3ea793823b39da6e82ad6f25f42f,ok
survey-demo,B0492,customer-0246,1,2026-08-01T12:00:00.000000Z,2026-08-01T12:00:00.000000Z,2026-08-01T12:00:00.000000Z,CSAT,5,onboarding,Comentário inteiramente sintético.,event-B0492-v1,2820a893a23966d7642b8a69e479151e51b552e7a798b7144487ce713e0f7292,ok
survey-demo,B0493,customer-0246,1,2026-08-01T12:00:00.000000Z,2026-08-01T12:00:00.000000Z,2026-08-01T12:00:00.000000Z,NPS,10,service,Comentário inteiramente sintético.,event-B0493-v1,d060c294ef7ad4f0d2e2c4055b37b73d9f10b96fd98b7b69491e5673e578c3f3,ok
survey-demo,B0494,customer-0247,1,2026-08-01T12:00:00.000000Z,2026-08-01T12:00:00.000000Z,2026-08-01T12:00:00.000000Z,NPS,5,support,Comentário inteiramente sintético.,event-B0494-v1,211ef87defeb7c647904f08dc8b4bb7ed25faf7cafc2f248fbc8fef6dee0cbe3,ok
survey-demo,B0495,customer-0247,1,2026-08-01T12:00:00.000000Z,2026-08-01T12:00:00.000000Z,2026-08-01T12:00:00.000000Z,CSAT,1,renewal,Comentário inteiramente sintético.,event-B0495-v1,073265d2f27be11d48c53050cbec91373958ca4fe28b81f8b77d2c67c527dbdf,ok
survey-demo,B0496,customer-0248,2,2026-08-03T12:00:00.000000Z,2026-08-01T12:00:00.000000Z,2026-08-01T12:00:00.000000Z,NPS,10,onboarding,Comentário inteiramente sintético.,event-B0496-v2,713469f64c2b09066487aca96bbf1ba9937c5be3f0ca50131e042e4e43f19876,ok
survey-demo,B0497,customer-0248,1,2026-08-01T12:00:00.000000Z,2026-08-01T12:00:00.000000Z,2026-08-01T12:00:00.000000Z,NPS,3,service,Comentário inteiramente sintético.,event-B0497-v1,cf7d72cd229aa83f9b5f53387f5c268dd351f308feb515703354aeda428fd9f4,ok
survey-demo,B0498,customer-0249,1,2026-08-01T12:00:00.000000Z,2026-08-01T12:00:00.000000Z,2026-08-01T12:00:00.000000Z,CSAT,5,support,Comentário inteiramente sintético.,event-B0498-v1,f159f3d12f9bdbbce277096bc9e7368eeda47e2942b3da61000886fac11dbd11,ok
survey-demo,B0499,customer-0249,1,2026-08-01T12:00:00.000000Z,2026-08-01T12:00:00.000000Z,2026-08-01T12:00:00.000000Z,NPS,10,renewal,Comentário inteiramente sintético.,event-B0499-v1,acd0018d3e0bdb9e080a69ce6622101776d8bd59ba2a6c6a332a63cfa9b29f52,ok
survey-demo,B0500,customer-0250,1,2026-08-01T12:00:00.000000Z,2026-08-01T12:00:00.000000Z,2026-08-01T12:00:00.000000Z,NPS,8,onboarding,Comentário inteiramente sintético.,event-B0500-v1,d3469d8abfae9869c7223fb3d165f70335e68c34db418502ccd40d3b1c57c26f,ok
survey-demo,B0501,customer-0250,1,2026-08-01T12:00:00.000000Z,2026-08-01T12:00:00.000000Z,2026-08-01T12:00:00.000000Z,CSAT,3,service,Comentário inteiramente sintético.,event-B0501-v1,eb17c2bc1d145277f5b7187aeb88dc92c0f20a8f56e6d4cb0a862be2e5541afe,ok
survey-demo,B0502,customer-0251,1,2026-08-01T12:00:00.000000Z,2026-08-01T12:00:00.000000Z,2026-08-01T12:00:00.000000Z,NPS,5,support,Comentário inteiramente sintético.,event-B0502-v1,077ccd1cf15b4d85c150051599f2079d38076b308a864f4698f1eb4642bc5048,ok
survey-demo,B0503,customer-0251,1,2026-08-01T12:00:00.000000Z,2026-08-01T12:00:00.000000Z,2026-08-01T12:00:00.000000Z,NPS,7,renewal,Comentário inteiramente sintético.,event-B0503-v1,315178f586dcd88241d5bd6916c92089fe0947c3780bfb5e5a11a6bf97ad9b08,ok
survey-demo,B0504,customer-0252,2,2026-08-03T12:00:00.000000Z,2026-08-01T12:00:00.000000Z,2026-08-01T12:00:00.000000Z,CSAT,5,onboarding,Comentário inteiramente sintético.,event-B0504-v2,6cfbeec52fdcefd872eeb0b5f2d4dcbd6416873b383e239e0ef359370662b7d8,ok
survey-demo,B0505,customer-0252,1,2026-08-01T12:00:00.000000Z,2026-08-01T12:00:00.000000Z,2026-08-01T12:00:00.000000Z,NPS,2,service,Comentário inteiramente sintético.,event-B0505-v1,bf6345b8f9638747a8d0970737d8c571b4414c991e8ad080ec237dd856ceb750,ok
survey-demo,B0506,customer-0253,1,2026-08-01T12:00:00.000000Z,2026-08-01T12:00:00.000000Z,2026-08-01T12:00:00.000000Z,NPS,7,support,Comentário inteiramente sintético.,event-B0506-v1,9414cba93a04916a476b77dfb01045ca6ffc396be241f9e1eaf4215369d65fd6,ok
survey-demo,B0507,customer-0253,1,2026-08-01T12:00:00.000000Z,2026-08-01T12:00:00.000000Z,2026-08-01T12:00:00.000000Z,CSAT,4,renewal,Comentário inteiramente sintético.,event-B0507-v1,8a1eee14bce0d420c3b057d02dc76ff4e897838043122d399e8ef6ec4f00163f,ok
survey-demo,B0508,customer-0254,1,2026-08-01T12:00:00.000000Z,2026-08-01T12:00:00.000000Z,2026-08-01T12:00:00.000000Z,NPS,2,onboarding,Comentário inteiramente sintético.,event-B0508-v1,e738a8981deb8399cf725ee4d7bdc7cd8e5248a0370c5565136eac2c48a64d70,ok
survey-demo,B0509,customer-0254,1,2026-08-01T12:00:00.000000Z,2026-08-01T12:00:00.000000Z,2026-08-01T12:00:00.000000Z,NPS,10,service,Comentário inteiramente sintético.,event-B0509-v1,6b6b9b84f1e63f0ba8f2229ad9f776a43be83b4be30c76e7f2ced1f57732bddd,ok
survey-demo,B0510,customer-0255,1,2026-08-01T12:00:00.000000Z,2026-08-01T12:00:00.000000Z,2026-08-01T12:00:00.000000Z,CSAT,1,support,Comentário inteiramente sintético.,event-B0510-v1,9df925e7989ebeb8ca4293d0dec7090a782b0dd40dc25850232c6b4e909a0867,ok
survey-demo,B0511,customer-0255,1,2026-08-01T12:00:00.000000Z,2026-08-01T12:00:00.000000Z,2026-08-01T12:00:00.000000Z,NPS,10,renewal,Comentário inteiramente sintético.,event-B0511-v1,d637b3a67d7ab75f17a92c215bc253478a9851bd029bfb6c82e6f7411474a022,ok
survey-demo,B0512,customer-0256,2,2026-08-03T12:00:00.000000Z,2026-08-01T12:00:00.000000Z,2026-08-01T12:00:00.000000Z,NPS,6,onboarding,Comentário inteiramente sintético.,event-B0512-v2,2d927b71de43fd96cf60e7cfa421d7e0a41e53269aaf9f75ab63e27fec8994ac,ok
survey-demo,B0513,customer-0256,1,2026-08-01T12:00:00.000000Z,2026-08-01T12:00:00.000000Z,2026-08-01T12:00:00.000000Z,CSAT,3,service,Comentário inteiramente sintético.,event-B0513-v1,77a61b4cc1206e46697902af9aba6e6a9c7e9fd4e2213e3a509bccb7d1da615d,ok
survey-demo,B0514,customer-0257,1,2026-08-01T12:00:00.000000Z,2026-08-01T12:00:00.000000Z,2026-08-01T12:00:00.000000Z,NPS,10,support,Comentário inteiramente sintético.,event-B0514-v1,7fb09dd0ff8d78010602bdcbbdf2285e83ff294d9497dcde67be437e112eef9d,ok
survey-demo,B0515,customer-0257,1,2026-08-01T12:00:00.000000Z,2026-08-01T12:00:00.000000Z,2026-08-01T12:00:00.000000Z,NPS,8,renewal,Comentário inteiramente sintético.,event-B0515-v1,17e4a7fe0c4477e9310b1d2f6844398ba93c15b3285275f8fefbbc13ce063efe,ok
survey-demo,B0516,customer-0258,1,2026-08-01T12:00:00.000000Z,2026-08-01T12:00:00.000000Z,2026-08-01T12:00:00.000000Z,CSAT,1,onboarding,Comentário inteiramente sintético.,event-B0516-v1,fc1483723593bd54de4d2f8ba29e3653ce09f8603d9ae792842188cc4656f002,ok
survey-demo,B0517,customer-0258,1,2026-08-01T12:00:00.000000Z,2026-08-01T12:00:00.000000Z,2026-08-01T12:00:00.000000Z,NPS,4,service,Comentário inteiramente sintético.,event-B0517-v1,2772ded30be1ab513d424bea490729882dacab4b824e528404da0d3aa4062ae6,ok
survey-demo,B0518,customer-0259,1,2026-08-01T12:00:00.000000Z,2026-08-01T12:00:00.000000Z,2026-08-01T12:00:00.000000Z,NPS,8,support,Comentário inteiramente sintético.,event-B0518-v1,9dfaad07323f3b7c44099fac2c1f81296fc9f9527f9dd437014d7442ee97231b,ok
survey-demo,B0519,customer-0259,1,2026-08-01T12:00:00.000000Z,2026-08-01T12:00:00.000000Z,2026-08-01T12:00:00.000000Z,CSAT,4,renewal,Comentário inteiramente sintético.,event-B0519-v1,57d1291ac8888f7843b2ec22098791a511e5d31beac0f2989d051dff27263855,ok
survey-demo,B0520,customer-0260,2,2026-08-03T12:00:00.000000Z,2026-08-01T12:00:00.000000Z,2026-08-01T12:00:00.000000Z,NPS,10,onboarding,Comentário inteiramente sintético.,event-B0520-v2,58ada2b6c63bdc65a16bb57f7fc50eb643ec100b3691223d3528fa786c1454b7,ok
survey-demo,B0521,customer-0260,1,2026-08-01T12:00:00.000000Z,2026-08-01T12:00:00.000000Z,2026-08-01T12:00:00.000000Z,NPS,0,service,Comentário inteiramente sintético.,event-B0521-v1,7f87a85985add3ab41261520986f781f69fcfaa5866a7e885046e6cf6df8d488,ok
survey-demo,B0522,customer-0261,1,2026-08-01T12:00:00.000000Z,2026-08-01T12:00:00.000000Z,2026-08-01T12:00:00.000000Z,CSAT,2,support,Comentário inteiramente sintético.,event-B0522-v1,f07e0ea883dbd9a45f53445433d814729002f3efb6f82dadba7502b5e0cafeec,ok
survey-demo,B0523,customer-0261,1,2026-08-01T12:00:00.000000Z,2026-08-01T12:00:00.000000Z,2026-08-01T12:00:00.000000Z,NPS,8,renewal,Comentário inteiramente sintético.,event-B0523-v1,115c20fe6c7147223ba46ead4093219c2ab53707e0f120ba8bc76dca358277a1,ok
survey-demo,B0524,customer-0262,1,2026-08-01T12:00:00.000000Z,2026-08-01T12:00:00.000000Z,2026-08-01T12:00:00.000000Z,NPS,6,onboarding,Comentário inteiramente sintético.,event-B0524-v1,3ebc9b2942a87b42b49515048c7a71693a1a55ac28e84fe239a77eee86668cb3,ok
survey-demo,B0525,customer-0262,1,2026-08-01T12:00:00.000000Z,2026-08-01T12:00:00.000000Z,2026-08-01T12:00:00.000000Z,CSAT,1,service,Comentário inteiramente sintético.,event-B0525-v1,5fb35992d54ce08997a3bd0754b150210e0bdea90562f9f2f801819965908a84,ok
survey-demo,B0526,customer-0263,1,2026-08-01T12:00:00.000000Z,2026-08-01T12:00:00.000000Z,2026-08-01T12:00:00.000000Z,NPS,2,support,Comentário inteiramente sintético.,event-B0526-v1,072295944a87e14aad86ff4b494faae31bc1f1ac4e7b8e36a7fcebdb4f984259,ok
survey-demo,B0527,customer-0263,1,2026-08-01T12:00:00.000000Z,2026-08-01T12:00:00.000000Z,2026-08-01T12:00:00.000000Z,NPS,8,renewal,Comentário inteiramente sintético.,event-B0527-v1,895bf8df7a05b4dc27fcc2ed71a4e8cb16609dd955512e69ecdcfbee95a916e3,ok
survey-demo,B0528,customer-0264,2,2026-08-03T12:00:00.000000Z,2026-08-01T12:00:00.000000Z,2026-08-01T12:00:00.000000Z,CSAT,3,onboarding,Comentário inteiramente sintético.,event-B0528-v2,cc02e6e961ab40d00f11484ae1b54cd7784af305dad6ce950acc656d0996a0e1,ok
survey-demo,B0529,customer-0264,1,2026-08-01T12:00:00.000000Z,2026-08-01T12:00:00.000000Z,2026-08-01T12:00:00.000000Z,NPS,3,service,Comentário inteiramente sintético.,event-B0529-v1,4c5b356b4f6577b4421b4b48c3ba42a1eab1e44723406fc088758e910f743f3e,ok
survey-demo,B0530,customer-0265,1,2026-08-01T12:00:00.000000Z,2026-08-01T12:00:00.000000Z,2026-08-01T12:00:00.000000Z,NPS,1,support,Comentário inteiramente sintético.,event-B0530-v1,576242ad77da759d02864a4d194d80ba8b4e15db835ea026d7e4d99734651177,ok
survey-demo,B0531,customer-0265,1,2026-08-01T12:00:00.000000Z,2026-08-01T12:00:00.000000Z,2026-08-01T12:00:00.000000Z,CSAT,5,renewal,Comentário inteiramente sintético.,event-B0531-v1,8eec1e65a4f2208215f486b147ba411438c7ebbde3659b049d77f596df1eae5d,ok
survey-demo,B0532,customer-0266,1,2026-08-01T12:00:00.000000Z,2026-08-01T12:00:00.000000Z,2026-08-01T12:00:00.000000Z,NPS,5,onboarding,Comentário inteiramente sintético.,event-B0532-v1,60843fe53a35406dc40d75161fe09c1647a5b15a2d0874970685ee2ef41e0f7e,ok
survey-demo,B0533,customer-0266,1,2026-08-01T12:00:00.000000Z,2026-08-01T12:00:00.000000Z,2026-08-01T12:00:00.000000Z,NPS,8,service,Comentário inteiramente sintético.,event-B0533-v1,734a816935ef32ccee9fc1468ecbc3f62f617b4d1e798b3e1b7a9b670f44376e,ok
survey-demo,B0534,customer-0267,1,2026-08-01T12:00:00.000000Z,2026-08-01T12:00:00.000000Z,2026-08-01T12:00:00.000000Z,CSAT,2,support,Comentário inteiramente sintético.,event-B0534-v1,48cadbab17c2642bcf8e8dcd8a343e9e2bef3364db089bfa19364fd47b4a0782,ok
survey-demo,B0535,customer-0267,1,2026-08-01T12:00:00.000000Z,2026-08-01T12:00:00.000000Z,2026-08-01T12:00:00.000000Z,NPS,7,renewal,Comentário inteiramente sintético.,event-B0535-v1,e2ae90265bdaeeba4e75e1cf7bf2965c86f21c27fc5c0c22387f8c14e138d75b,ok
survey-demo,B0536,customer-0268,2,2026-08-03T12:00:00.000000Z,2026-08-01T12:00:00.000000Z,2026-08-01T12:00:00.000000Z,NPS,1,onboarding,Comentário inteiramente sintético.,event-B0536-v2,0a663f00dd6a77c64a4dd043bec7413970e23287f6c5cc07c984b1fdab3b0a66,ok
survey-demo,B0537,customer-0268,1,2026-08-01T12:00:00.000000Z,2026-08-01T12:00:00.000000Z,2026-08-01T12:00:00.000000Z,CSAT,4,service,Comentário inteiramente sintético.,event-B0537-v1,4aed906751ced01ba2c611342e96d0089f289cefbb4249b95d89db12ccec491c,ok
survey-demo,B0538,customer-0269,1,2026-08-01T12:00:00.000000Z,2026-08-01T12:00:00.000000Z,2026-08-01T12:00:00.000000Z,NPS,5,support,Comentário inteiramente sintético.,event-B0538-v1,588dd0cec2abf07bd336b261384292a147f69ffe17e41da9a82eeb849563c13b,ok
survey-demo,B0539,customer-0269,1,2026-08-01T12:00:00.000000Z,2026-08-01T12:00:00.000000Z,2026-08-01T12:00:00.000000Z,NPS,7,renewal,Comentário inteiramente sintético.,event-B0539-v1,9f3990bbe4cff122086a50a6db4b8a52b0643b3578a839224784018d7d3baa20,ok
survey-demo,B0540,customer-0270,1,2026-08-01T12:00:00.000000Z,2026-08-01T12:00:00.000000Z,2026-08-01T12:00:00.000000Z,CSAT,1,onboarding,Comentário inteiramente sintético.,event-B0540-v1,3e7807d6666d3b0a478ba0b398f89d4b6116a65590b5c0f318247cf77546775f,has_rejected_history
survey-demo,B0541,customer-0270,1,2026-08-01T12:00:00.000000Z,2026-08-01T12:00:00.000000Z,2026-08-01T12:00:00.000000Z,NPS,6,service,Comentário inteiramente sintético.,event-B0541-v1,07f74a5ceecbb0685e2bf3fef8333b79229df570e1dee221a87a93422af27902,ok
survey-demo,B0542,customer-0271,1,2026-08-01T12:00:00.000000Z,2026-08-01T12:00:00.000000Z,2026-08-01T12:00:00.000000Z,NPS,0,support,Comentário inteiramente sintético.,event-B0542-v1,f8bc64643388dbe66bd672be6d3ca008539d0b0a325ea90ac33479343a04b53d,ok
survey-demo,B0543,customer-0271,1,2026-08-01T12:00:00.000000Z,2026-08-01T12:00:00.000000Z,2026-08-01T12:00:00.000000Z,CSAT,5,renewal,Comentário inteiramente sintético.,event-B0543-v1,b4bce76f341928630f56c0e398a7bcc11e9a69be001607a594f7b9ae0c2fde58,ok
survey-demo,B0544,customer-0272,2,2026-08-03T12:00:00.000000Z,2026-08-01T12:00:00.000000Z,2026-08-01T12:00:00.000000Z,NPS,10,onboarding,Comentário inteiramente sintético.,event-B0544-v2,e2d16d1f22c675f1b38506c7b3e44a7415743db19dc4d23661afd75d34b4c87a,ok
survey-demo,B0545,customer-0272,1,2026-08-01T12:00:00.000000Z,2026-08-01T12:00:00.000000Z,2026-08-01T12:00:00.000000Z,NPS,4,service,Comentário inteiramente sintético.,event-B0545-v1,4c6a4a1fffc293dd634db42b3edf76afba0c3bb57279575e008d7ca6690afb01,ok
survey-demo,B0546,customer-0273,1,2026-08-01T12:00:00.000000Z,2026-08-01T12:00:00.000000Z,2026-08-01T12:00:00.000000Z,CSAT,2,support,Comentário inteiramente sintético.,event-B0546-v1,1de504c323b3d6a692bcd58dda0f2bc347745e2b0fa49045d83859389ae82420,ok
survey-demo,B0547,customer-0273,1,2026-08-01T12:00:00.000000Z,2026-08-01T12:00:00.000000Z,2026-08-01T12:00:00.000000Z,NPS,9,renewal,Comentário inteiramente sintético.,event-B0547-v1,a16de0aaf4b172fceec5d530daed812005107069c45c87daf08b1a2d0e0dc1f4,ok
survey-demo,B0548,customer-0274,1,2026-08-01T12:00:00.000000Z,2026-08-01T12:00:00.000000Z,2026-08-01T12:00:00.000000Z,NPS,6,onboarding,Comentário inteiramente sintético.,event-B0548-v1,562dc9e787c63bceb44dd417b99fed3117cc6d3829635699ae81660fa1d93ac4,ok
survey-demo,B0549,customer-0274,1,2026-08-01T12:00:00.000000Z,2026-08-01T12:00:00.000000Z,2026-08-01T12:00:00.000000Z,CSAT,3,service,Comentário inteiramente sintético.,event-B0549-v1,e8fc5020daf0f960ddb968fe01bfc52a655f295f646ffd1a7284ac0343eb04ba,ok
survey-demo,B0550,customer-0275,1,2026-08-01T12:00:00.000000Z,2026-08-01T12:00:00.000000Z,2026-08-01T12:00:00.000000Z,NPS,7,support,Comentário inteiramente sintético.,event-B0550-v1,caf1f3360779bd4c7a8572b0cd9f40cdfb2a43a5ed7ddc2eb980af60659833c4,ok
survey-demo,B0551,customer-0275,1,2026-08-01T12:00:00.000000Z,2026-08-01T12:00:00.000000Z,2026-08-01T12:00:00.000000Z,NPS,1,renewal,Comentário inteiramente sintético.,event-B0551-v1,1d9c5f374f4440b0c0b766acd99ae7d2e32b312c1edec1aa23ffe8e42aae96cd,ok
survey-demo,B0552,customer-0276,2,2026-08-03T12:00:00.000000Z,2026-08-01T12:00:00.000000Z,2026-08-01T12:00:00.000000Z,CSAT,5,onboarding,Comentário inteiramente sintético.,event-B0552-v2,16386b85197781bcc7052c198b2551d34052cb9b9be07ebc01d25234584dd534,ok
survey-demo,B0553,customer-0276,1,2026-08-01T12:00:00.000000Z,2026-08-01T12:00:00.000000Z,2026-08-01T12:00:00.000000Z,NPS,8,service,Comentário inteiramente sintético.,event-B0553-v1,e9b8f52c6dabf1d025805aa3d607197a6c4f3c6698cb8b816fd9f9959ed3ae1a,ok
survey-demo,B0554,customer-0277,1,2026-08-01T12:00:00.000000Z,2026-08-01T12:00:00.000000Z,2026-08-01T12:00:00.000000Z,NPS,1,support,Comentário inteiramente sintético.,event-B0554-v1,268bdd67b836350849514be55c60ab10827720df7d8781e75b8e02b61244fb0a,ok
survey-demo,B0555,customer-0277,1,2026-08-01T12:00:00.000000Z,2026-08-01T12:00:00.000000Z,2026-08-01T12:00:00.000000Z,CSAT,1,renewal,Comentário inteiramente sintético.,event-B0555-v1,4bc892900d02f721ae7eaf34895193b8293735f957b9c9c96600b7233810be2c,ok
survey-demo,B0556,customer-0278,1,2026-08-01T12:00:00.000000Z,2026-08-01T12:00:00.000000Z,2026-08-01T12:00:00.000000Z,NPS,8,onboarding,Comentário inteiramente sintético.,event-B0556-v1,b696c7b5262fcd1a65f1430798fb55a60e955251634ce77aad8aa5a21e557325,ok
survey-demo,B0557,customer-0278,1,2026-08-01T12:00:00.000000Z,2026-08-01T12:00:00.000000Z,2026-08-01T12:00:00.000000Z,NPS,7,service,Comentário inteiramente sintético.,event-B0557-v1,22bc21e7e56ebc3b4f9613943c9c97c861dd975a3a6d2b69000ef023cf053129,ok
survey-demo,B0558,customer-0279,1,2026-08-01T12:00:00.000000Z,2026-08-01T12:00:00.000000Z,2026-08-01T12:00:00.000000Z,CSAT,4,support,Comentário inteiramente sintético.,event-B0558-v1,b24c5e3c4170b68fd4b681ddf5bc6cf25e5785f779115dee382b5ae0e3d48333,ok
survey-demo,B0559,customer-0279,1,2026-08-01T12:00:00.000000Z,2026-08-01T12:00:00.000000Z,2026-08-01T12:00:00.000000Z,NPS,1,renewal,Comentário inteiramente sintético.,event-B0559-v1,de82d797c9df7ea30355b4f73e567b5ed04c9550b1ad6bfaf8108c99b2db4197,ok
survey-demo,B0560,customer-0280,2,2026-08-03T12:00:00.000000Z,2026-08-01T12:00:00.000000Z,2026-08-01T12:00:00.000000Z,NPS,6,onboarding,Comentário inteiramente sintético.,event-B0560-v2,ce60b3c08fc076440d61a4ddea2a0ede914a004453931dbda04bdd51fe12b7e8,ok
survey-demo,B0561,customer-0280,1,2026-08-01T12:00:00.000000Z,2026-08-01T12:00:00.000000Z,2026-08-01T12:00:00.000000Z,CSAT,3,service,Comentário inteiramente sintético.,event-B0561-v1,7eca1e49a9ba34d901ec57248754a20217f9bd72015261792bddb0b9dd237d8b,ok
survey-demo,B0562,customer-0281,1,2026-08-01T12:00:00.000000Z,2026-08-01T12:00:00.000000Z,2026-08-01T12:00:00.000000Z,NPS,0,support,Comentário inteiramente sintético.,event-B0562-v1,6216e128109092d326a5ff2b6b55a1bf02b6fda7af41bfceace6ec7873182a47,ok
survey-demo,B0563,customer-0281,1,2026-08-01T12:00:00.000000Z,2026-08-01T12:00:00.000000Z,2026-08-01T12:00:00.000000Z,NPS,8,renewal,Comentário inteiramente sintético.,event-B0563-v1,9b7c6e6c0c3401639e9271b06b703c0299e23234b1d595760422aacc64820e57,ok
survey-demo,B0564,customer-0282,1,2026-08-01T12:00:00.000000Z,2026-08-01T12:00:00.000000Z,2026-08-01T12:00:00.000000Z,CSAT,2,onboarding,Comentário inteiramente sintético.,event-B0564-v1,aa54c71e3a4456a1dca413b3ff7ea568b14f05718bb3c9a64a8f381a0ac30c7e,ok
survey-demo,B0565,customer-0282,1,2026-08-01T12:00:00.000000Z,2026-08-01T12:00:00.000000Z,2026-08-01T12:00:00.000000Z,NPS,7,service,Comentário inteiramente sintético.,event-B0565-v1,12fb3a4e16d0ea1886a4590fa7831fcbd47f29cea7c80bae4e07a4ddef5f62c1,ok
survey-demo,B0566,customer-0283,1,2026-08-01T12:00:00.000000Z,2026-08-01T12:00:00.000000Z,2026-08-01T12:00:00.000000Z,NPS,10,support,Comentário inteiramente sintético.,event-B0566-v1,82fa22a9e9051c48387aff2be5a7bae5b52ee9a6a08125f71177605fa983c6ee,ok
survey-demo,B0567,customer-0283,1,2026-08-01T12:00:00.000000Z,2026-08-01T12:00:00.000000Z,2026-08-01T12:00:00.000000Z,CSAT,2,renewal,Comentário inteiramente sintético.,event-B0567-v1,fd215f6a7b586ba25600b22e3c86d539109f36601f6eb8760c6bc4bc3304c2ac,ok
survey-demo,B0568,customer-0284,2,2026-08-03T12:00:00.000000Z,2026-08-01T12:00:00.000000Z,2026-08-01T12:00:00.000000Z,NPS,1,onboarding,Comentário inteiramente sintético.,event-B0568-v2,d751fc4f904950ccd8e457c412f5f82da7c93bf5d43270bbbd67900cc2a801b7,ok
survey-demo,B0569,customer-0284,1,2026-08-01T12:00:00.000000Z,2026-08-01T12:00:00.000000Z,2026-08-01T12:00:00.000000Z,NPS,1,service,Comentário inteiramente sintético.,event-B0569-v1,3df8f97a21537c7e65d70e754b4e4d5379cb7832d78d8bbced19842db1d82287,ok
survey-demo,B0570,customer-0285,1,2026-08-01T12:00:00.000000Z,2026-08-01T12:00:00.000000Z,2026-08-01T12:00:00.000000Z,CSAT,1,support,Comentário inteiramente sintético.,event-B0570-v1,1f27cc523fd267f351ebd313ff274da364ac606870029d7c8e330be28e65051c,ok
survey-demo,B0571,customer-0285,1,2026-08-01T12:00:00.000000Z,2026-08-01T12:00:00.000000Z,2026-08-01T12:00:00.000000Z,NPS,7,renewal,Comentário inteiramente sintético.,event-B0571-v1,ee3c4038d8c3daa81f8edc66d619edfd868e86e9e9d5b4b53677e802e8132650,ok
survey-demo,B0572,customer-0286,1,2026-08-01T12:00:00.000000Z,2026-08-01T12:00:00.000000Z,2026-08-01T12:00:00.000000Z,NPS,0,onboarding,Comentário inteiramente sintético.,event-B0572-v1,652f700a73d682e2736f23ea8e8dbf48d6f54d29fc1a7a020f6e0fc90387e599,ok
survey-demo,B0573,customer-0286,1,2026-08-01T12:00:00.000000Z,2026-08-01T12:00:00.000000Z,2026-08-01T12:00:00.000000Z,CSAT,1,service,Comentário inteiramente sintético.,event-B0573-v1,b84ed1b88a1785c051e7b44f6ecac87511355a0870fbb14fe2aff5b64f7d7d23,ok
survey-demo,B0574,customer-0287,1,2026-08-01T12:00:00.000000Z,2026-08-01T12:00:00.000000Z,2026-08-01T12:00:00.000000Z,NPS,0,support,Comentário inteiramente sintético.,event-B0574-v1,7806e0320d926ef685b76ec0051d81257079e78dd8405d5aeb2ed8c30510a1dc,ok
survey-demo,B0575,customer-0287,1,2026-08-01T12:00:00.000000Z,2026-08-01T12:00:00.000000Z,2026-08-01T12:00:00.000000Z,NPS,8,renewal,Comentário inteiramente sintético.,event-B0575-v1,7a0021bca47e5c48cc2db8737be59239bad80afcf8f0c6da5573ee22691da2d3,ok
survey-demo,B0576,customer-0288,2,2026-08-03T12:00:00.000000Z,2026-08-01T12:00:00.000000Z,2026-08-01T12:00:00.000000Z,CSAT,2,onboarding,Comentário inteiramente sintético.,event-B0576-v2,f664357b9421238e72bd8bf4c3485d83051fe6b1f6ce6d0103d7e7e0ecd491f0,ok
survey-demo,B0577,customer-0288,1,2026-08-01T12:00:00.000000Z,2026-08-01T12:00:00.000000Z,2026-08-01T12:00:00.000000Z,NPS,10,service,Comentário inteiramente sintético.,event-B0577-v1,8164da2f6328a75b451c0b8b829a97ba82553fd88e75fe3fca1dcd92d8eae260,ok
survey-demo,B0578,customer-0289,1,2026-08-01T12:00:00.000000Z,2026-08-01T12:00:00.000000Z,2026-08-01T12:00:00.000000Z,NPS,10,support,Comentário inteiramente sintético.,event-B0578-v1,7f4dbe047cb20f0cdf0c7c0cb0436acdb1102d2bad54a058904e0148c7ebc4b8,ok
survey-demo,B0579,customer-0289,1,2026-08-01T12:00:00.000000Z,2026-08-01T12:00:00.000000Z,2026-08-01T12:00:00.000000Z,CSAT,4,renewal,Comentário inteiramente sintético.,event-B0579-v1,4953cd257c1073269a82a3c8399cc9c20f38b2b5b802108182da9aa1f882b586,ok
survey-demo,B0580,customer-0290,1,2026-08-01T12:00:00.000000Z,2026-08-01T12:00:00.000000Z,2026-08-01T12:00:00.000000Z,NPS,3,onboarding,Comentário inteiramente sintético.,event-B0580-v1,3e52417e8b292d80dc449021bb5cf08e4e442930fa491fdbb04a89775af52417,ok
survey-demo,B0581,customer-0290,1,2026-08-01T12:00:00.000000Z,2026-08-01T12:00:00.000000Z,2026-08-01T12:00:00.000000Z,NPS,6,service,Comentário inteiramente sintético.,event-B0581-v1,ca07e6e97252941fca93f659cd1ef5e7559b8a43d3a6839feee03d6754bcc0e2,ok
survey-demo,B0582,customer-0291,1,2026-08-01T12:00:00.000000Z,2026-08-01T12:00:00.000000Z,2026-08-01T12:00:00.000000Z,CSAT,5,support,Comentário inteiramente sintético.,event-B0582-v1,d9f208b553d73d937c95c2ea33e6a4fdbd84be8e898a19af14b4b6660585c754,ok
survey-demo,B0583,customer-0291,1,2026-08-01T12:00:00.000000Z,2026-08-01T12:00:00.000000Z,2026-08-01T12:00:00.000000Z,NPS,4,renewal,Comentário inteiramente sintético.,event-B0583-v1,5b874e53582dad252808a851c5c3ceb04ea47c535740586a8ba9f65ca579aec9,ok
survey-demo,B0584,customer-0292,2,2026-08-03T12:00:00.000000Z,2026-08-01T12:00:00.000000Z,2026-08-01T12:00:00.000000Z,NPS,7,onboarding,Comentário inteiramente sintético.,event-B0584-v2,b0946a47289426d3067fda06a3fdb6eb59ce54955edbab205c3932eb05649780,ok
survey-demo,B0585,customer-0292,1,2026-08-01T12:00:00.000000Z,2026-08-01T12:00:00.000000Z,2026-08-01T12:00:00.000000Z,CSAT,1,service,Comentário inteiramente sintético.,event-B0585-v1,ede95b1adc8f4daf29a047aeff8f6d26d04b6b452a463e95340e9df3a725801e,ok
survey-demo,B0586,customer-0293,1,2026-08-01T12:00:00.000000Z,2026-08-01T12:00:00.000000Z,2026-08-01T12:00:00.000000Z,NPS,5,support,Comentário inteiramente sintético.,event-B0586-v1,a0a2d07981c23a6dc79493fe83fe24b2ac892234dcf7eefa805a32f87a56f633,ok
survey-demo,B0587,customer-0293,1,2026-08-01T12:00:00.000000Z,2026-08-01T12:00:00.000000Z,2026-08-01T12:00:00.000000Z,NPS,4,renewal,Comentário inteiramente sintético.,event-B0587-v1,f17c776d35c4106c3056c2fb95cf6939310fdbe8dc093c8bc647ce7bb8ee8bc0,ok
survey-demo,B0588,customer-0294,1,2026-08-01T12:00:00.000000Z,2026-08-01T12:00:00.000000Z,2026-08-01T12:00:00.000000Z,CSAT,1,onboarding,Comentário inteiramente sintético.,event-B0588-v1,84c1a6fbe2b38027081c2e045ea8c5bd751b2e179a82beee7c0f3532e0466a63,ok
survey-demo,B0589,customer-0294,1,2026-08-01T12:00:00.000000Z,2026-08-01T12:00:00.000000Z,2026-08-01T12:00:00.000000Z,NPS,7,service,Comentário inteiramente sintético.,event-B0589-v1,b854562fd728bc356eb386da2a77f42ef29a32db4b228046a9f5aa38e020c344,ok
survey-demo,B0590,customer-0295,1,2026-08-01T12:00:00.000000Z,2026-08-01T12:00:00.000000Z,2026-08-01T12:00:00.000000Z,NPS,8,support,Comentário inteiramente sintético.,event-B0590-v1,0424e9988b282f0aad8a6de99b28da14a2e1176eb2f00c8b9c4e900e88cadfda,ok
survey-demo,B0591,customer-0295,1,2026-08-01T12:00:00.000000Z,2026-08-01T12:00:00.000000Z,2026-08-01T12:00:00.000000Z,CSAT,5,renewal,Comentário inteiramente sintético.,event-B0591-v1,ccd396f5c275c997eea570cf8d77fcaf4a8fc98d01b62585cd3147ebada17561,ok
survey-demo,B0592,customer-0296,2,2026-08-03T12:00:00.000000Z,2026-08-01T12:00:00.000000Z,2026-08-01T12:00:00.000000Z,NPS,1,onboarding,Comentário inteiramente sintético.,event-B0592-v2,bd93f2210509c5a288efbbf8dce37f237bdd0f7ba93b9c9f7437f048fa496607,ok
survey-demo,B0593,customer-0296,1,2026-08-01T12:00:00.000000Z,2026-08-01T12:00:00.000000Z,2026-08-01T12:00:00.000000Z,NPS,10,service,Comentário inteiramente sintético.,event-B0593-v1,02e9292887165f00ed8e08bf82a9a53ff309c1629dcbceebd1b2a4701c1511de,ok
survey-demo,B0594,customer-0297,1,2026-08-01T12:00:00.000000Z,2026-08-01T12:00:00.000000Z,2026-08-01T12:00:00.000000Z,CSAT,2,support,Comentário inteiramente sintético.,event-B0594-v1,92f7ed0dd8335e6c58e1632d7e1aa3c1c00d069996cb63386e08c71f5238a426,ok
survey-demo,B0595,customer-0297,1,2026-08-01T12:00:00.000000Z,2026-08-01T12:00:00.000000Z,2026-08-01T12:00:00.000000Z,NPS,1,renewal,Comentário inteiramente sintético.,event-B0595-v1,8ceef56be1a72c815a49e3f7842d8ca1810567ada04cbadb941fce37535e5b2e,ok
survey-demo,B0596,customer-0298,1,2026-08-01T12:00:00.000000Z,2026-08-01T12:00:00.000000Z,2026-08-01T12:00:00.000000Z,NPS,2,onboarding,Comentário inteiramente sintético.,event-B0596-v1,132c5e7a0daa15eb51503b471596e8c56c85103cca64463f8061be879a17e3d9,ok
survey-demo,B0597,customer-0298,1,2026-08-01T12:00:00.000000Z,2026-08-01T12:00:00.000000Z,2026-08-01T12:00:00.000000Z,CSAT,1,service,Comentário inteiramente sintético.,event-B0597-v1,398c9836e07f90de5bf98ba1081ddd16bad93eb1759bb26fe0a597e73160f9c5,ok
survey-demo,B0598,customer-0299,1,2026-08-01T12:00:00.000000Z,2026-08-01T12:00:00.000000Z,2026-08-01T12:00:00.000000Z,NPS,9,support,Comentário inteiramente sintético.,event-B0598-v1,d377b8f1af451c198e7b444a4688908980f22ca99463d2b44b6ad42c40b17df0,ok
survey-demo,B0599,customer-0299,1,2026-08-01T12:00:00.000000Z,2026-08-01T12:00:00.000000Z,2026-08-01T12:00:00.000000Z,NPS,3,renewal,Comentário inteiramente sintético.,event-B0599-v1,bae87733e1fae4e8ac66f1f64cc91ceff392be88e3cb78031cb87dded7989188,ok
survey-demo,B0600,customer-0300,2,2026-08-03T12:00:00.000000Z,2026-08-01T12:00:00.000000Z,2026-08-01T12:00:00.000000Z,CSAT,5,onboarding,Comentário inteiramente sintético.,event-B0600-v2,d77ef4faf71c4a06a552b61a119eb6aa5719b58c166a80304c8f9cc0a4610dad,has_rejected_history
survey-demo,B0601,customer-0300,1,2026-08-01T12:00:00.000000Z,2026-08-01T12:00:00.000000Z,2026-08-01T12:00:00.000000Z,NPS,2,service,Comentário inteiramente sintético.,event-B0601-v1,dac4f78c8285369f1c5b8f9552e0a138754b2641864f0439cd0cd94bcd0fa60b,ok
survey-demo,B0602,customer-0301,1,2026-08-01T12:00:00.000000Z,2026-08-01T12:00:00.000000Z,2026-08-01T12:00:00.000000Z,NPS,6,support,Comentário inteiramente sintético.,event-B0602-v1,08048e98eaa206d2f12185c4fce050c3c4849c3ed40bf097756f7105295efa30,ok
survey-demo,B0603,customer-0301,1,2026-08-01T12:00:00.000000Z,2026-08-01T12:00:00.000000Z,2026-08-01T12:00:00.000000Z,CSAT,4,renewal,Comentário inteiramente sintético.,event-B0603-v1,a1229defe327617f72eaaf5745c5d3fdab7dae274651f85d8f84c48eacf0433c,ok
survey-demo,B0604,customer-0302,1,2026-08-01T12:00:00.000000Z,2026-08-01T12:00:00.000000Z,2026-08-01T12:00:00.000000Z,NPS,1,onboarding,Comentário inteiramente sintético.,event-B0604-v1,26fda84a98b435f6bddfbdfa15dd8cec24260da4831fd486b30cad05a3cb57b0,ok
survey-demo,B0605,customer-0302,1,2026-08-01T12:00:00.000000Z,2026-08-01T12:00:00.000000Z,2026-08-01T12:00:00.000000Z,NPS,4,service,Comentário inteiramente sintético.,event-B0605-v1,db82532799bd9d2f93363410b358d59e9ba5d1e64aa9c070526228953bf4dee2,ok
survey-demo,B0606,customer-0303,1,2026-08-01T12:00:00.000000Z,2026-08-01T12:00:00.000000Z,2026-08-01T12:00:00.000000Z,CSAT,1,support,Comentário inteiramente sintético.,event-B0606-v1,96c817e712ff93ea4a0ecee118795424fba698c33bf792d24ac2ed2dcbe89a4f,ok
survey-demo,B0607,customer-0303,1,2026-08-01T12:00:00.000000Z,2026-08-01T12:00:00.000000Z,2026-08-01T12:00:00.000000Z,NPS,7,renewal,Comentário inteiramente sintético.,event-B0607-v1,2735040e5a954361a27b4dce8a36577075bd4bb2ca17d51a755fc0501feed96a,ok
survey-demo,B0608,customer-0304,2,2026-08-03T12:00:00.000000Z,2026-08-01T12:00:00.000000Z,2026-08-01T12:00:00.000000Z,NPS,7,onboarding,Comentário inteiramente sintético.,event-B0608-v2,b35d4d731218c8e5e80d42599c8db7c44ba2dd2fc3ee16c1ed058a334279fba9,ok
survey-demo,B0609,customer-0304,1,2026-08-01T12:00:00.000000Z,2026-08-01T12:00:00.000000Z,2026-08-01T12:00:00.000000Z,CSAT,1,service,Comentário inteiramente sintético.,event-B0609-v1,1e65183b963cb332a0975847a962481f670b5d26f54847d8c8032a33e65c7b6b,ok
survey-demo,B0610,customer-0305,1,2026-08-01T12:00:00.000000Z,2026-08-01T12:00:00.000000Z,2026-08-01T12:00:00.000000Z,NPS,6,support,Comentário inteiramente sintético.,event-B0610-v1,37b1c741a951c2c16ce1bc711892d738dad3bb6cd0044f535e60e5c63379b042,ok
survey-demo,B0611,customer-0305,1,2026-08-01T12:00:00.000000Z,2026-08-01T12:00:00.000000Z,2026-08-01T12:00:00.000000Z,NPS,8,renewal,Comentário inteiramente sintético.,event-B0611-v1,e3d16affc9c7e0a6bc4898c9807cb6d089d2664275e488247b419bd3ec11e077,ok
survey-demo,B0612,customer-0306,1,2026-08-01T12:00:00.000000Z,2026-08-01T12:00:00.000000Z,2026-08-01T12:00:00.000000Z,CSAT,3,onboarding,Comentário inteiramente sintético.,event-B0612-v1,41a09feef0da12f77d4d7a1c0f3db72c5535717e5e7b5f074e806ceca9b2d5e9,ok
survey-demo,B0613,customer-0306,1,2026-08-01T12:00:00.000000Z,2026-08-01T12:00:00.000000Z,2026-08-01T12:00:00.000000Z,NPS,8,service,Comentário inteiramente sintético.,event-B0613-v1,41e6e6bd92b0dddc64b3a05a2cc139fa9c5c079c368080e1f4a16b270c87e7d5,ok
survey-demo,B0614,customer-0307,1,2026-08-01T12:00:00.000000Z,2026-08-01T12:00:00.000000Z,2026-08-01T12:00:00.000000Z,NPS,6,support,Comentário inteiramente sintético.,event-B0614-v1,8a2548938313f5f0edd3e9ef73c4c8b5baee3f5f82099229f4703c035c4a1349,ok
survey-demo,B0615,customer-0307,1,2026-08-01T12:00:00.000000Z,2026-08-01T12:00:00.000000Z,2026-08-01T12:00:00.000000Z,CSAT,2,renewal,Comentário inteiramente sintético.,event-B0615-v1,4c46ced1652f3b3a3bdcd0d13b64550237f7293bed95416b8e5836bb110061a7,ok
survey-demo,B0616,customer-0308,2,2026-08-03T12:00:00.000000Z,2026-08-01T12:00:00.000000Z,2026-08-01T12:00:00.000000Z,NPS,3,onboarding,Comentário inteiramente sintético.,event-B0616-v2,d16c95f688b04fd1ac6119dbca6d8544e4cef0bbee37974b0027e30c566440ac,ok
survey-demo,B0617,customer-0308,1,2026-08-01T12:00:00.000000Z,2026-08-01T12:00:00.000000Z,2026-08-01T12:00:00.000000Z,NPS,1,service,Comentário inteiramente sintético.,event-B0617-v1,067a7047b480bc0f3893f2ab2ca701f8cedd8d9431fd15cce0a216533aac7698,ok
survey-demo,B0618,customer-0309,1,2026-08-01T12:00:00.000000Z,2026-08-01T12:00:00.000000Z,2026-08-01T12:00:00.000000Z,CSAT,1,support,Comentário inteiramente sintético.,event-B0618-v1,fe2230f68dc34e925fcf7e34f5adb623be852651bfd7ef835240b09abd94fb8c,ok
survey-demo,B0619,customer-0309,1,2026-08-01T12:00:00.000000Z,2026-08-01T12:00:00.000000Z,2026-08-01T12:00:00.000000Z,NPS,3,renewal,Comentário inteiramente sintético.,event-B0619-v1,86de2aea3c1217d92d78bf5d1542506a55c5922a8841686afb4c1d566aa53e37,ok
survey-demo,B0620,customer-0310,1,2026-08-01T12:00:00.000000Z,2026-08-01T12:00:00.000000Z,2026-08-01T12:00:00.000000Z,NPS,6,onboarding,Comentário inteiramente sintético.,event-B0620-v1,e12d961d88a7f41ce78108d12cbb2f1b999bd5ccbb9855f78ae3a1459687d3cc,ok
survey-demo,B0621,customer-0310,1,2026-08-01T12:00:00.000000Z,2026-08-01T12:00:00.000000Z,2026-08-01T12:00:00.000000Z,CSAT,4,service,Comentário inteiramente sintético.,event-B0621-v1,b4cfc062fa0cb14a854745bdde751fe1e3a484a8edfe6bdbe132665934412885,ok
survey-demo,B0622,customer-0311,1,2026-08-01T12:00:00.000000Z,2026-08-01T12:00:00.000000Z,2026-08-01T12:00:00.000000Z,NPS,8,support,Comentário inteiramente sintético.,event-B0622-v1,39832d1e6b97076d0400135a838278cb8be08ec6c3b737350618c94248b3e218,ok
survey-demo,B0623,customer-0311,1,2026-08-01T12:00:00.000000Z,2026-08-01T12:00:00.000000Z,2026-08-01T12:00:00.000000Z,NPS,1,renewal,Comentário inteiramente sintético.,event-B0623-v1,6f3d7e4a78413da1f75950240f9334419914052aabc0ae1df55eb092f83260ac,ok
survey-demo,B0624,customer-0312,2,2026-08-03T12:00:00.000000Z,2026-08-01T12:00:00.000000Z,2026-08-01T12:00:00.000000Z,CSAT,4,onboarding,Comentário inteiramente sintético.,event-B0624-v2,2073bf5856dd104e8bfde56475d0787d5aca84f2c142ea7a4c9fa46693b7fde1,ok
survey-demo,B0625,customer-0312,1,2026-08-01T12:00:00.000000Z,2026-08-01T12:00:00.000000Z,2026-08-01T12:00:00.000000Z,NPS,6,service,Comentário inteiramente sintético.,event-B0625-v1,67c137468d57ef1d8b5b8d84eae2e138734446e125728e235a25701a61a62a60,ok
survey-demo,B0626,customer-0313,1,2026-08-01T12:00:00.000000Z,2026-08-01T12:00:00.000000Z,2026-08-01T12:00:00.000000Z,NPS,8,support,Comentário inteiramente sintético.,event-B0626-v1,e0cf472c38848895f520f3a1062b9fb699caef1730eac3101ec1837d2d2595eb,ok
survey-demo,B0627,customer-0313,1,2026-08-01T12:00:00.000000Z,2026-08-01T12:00:00.000000Z,2026-08-01T12:00:00.000000Z,CSAT,4,renewal,Comentário inteiramente sintético.,event-B0627-v1,2debcead433ee17b026d0307e823bab0e273ef3c2bc0b7c194cf4fe95a06aa8b,ok
survey-demo,B0628,customer-0314,1,2026-08-01T12:00:00.000000Z,2026-08-01T12:00:00.000000Z,2026-08-01T12:00:00.000000Z,NPS,6,onboarding,Comentário inteiramente sintético.,event-B0628-v1,6854300492052a69656a2732a82e7c59ea2c8af03bba4cf3fa30f1f861a62398,ok
survey-demo,B0629,customer-0314,1,2026-08-01T12:00:00.000000Z,2026-08-01T12:00:00.000000Z,2026-08-01T12:00:00.000000Z,NPS,2,service,Comentário inteiramente sintético.,event-B0629-v1,2ae655649bc3af143bf9be0a27ded7768563ef9b2a6dd5181bc22fe4396fb52b,ok
survey-demo,B0630,customer-0315,1,2026-08-01T12:00:00.000000Z,2026-08-01T12:00:00.000000Z,2026-08-01T12:00:00.000000Z,CSAT,1,support,Comentário inteiramente sintético.,event-B0630-v1,ab283d7b23e52e4385931198911c36701542bf92dc766b91cdf30e4ffa707c35,ok
survey-demo,B0631,customer-0315,1,2026-08-01T12:00:00.000000Z,2026-08-01T12:00:00.000000Z,2026-08-01T12:00:00.000000Z,NPS,6,renewal,Comentário inteiramente sintético.,event-B0631-v1,eedd3980f81c49daa292f65f9e5cbeaf3fda396119f2add384f2670b6302b66a,ok
survey-demo,B0632,customer-0316,2,2026-08-03T12:00:00.000000Z,2026-08-01T12:00:00.000000Z,2026-08-01T12:00:00.000000Z,NPS,3,onboarding,Comentário inteiramente sintético.,event-B0632-v2,a0404fe12f3e93f5ffa572d11109f2b199cc31073574655a3f8ac8b0e51543f9,ok
survey-demo,B0633,customer-0316,1,2026-08-01T12:00:00.000000Z,2026-08-01T12:00:00.000000Z,2026-08-01T12:00:00.000000Z,CSAT,1,service,Comentário inteiramente sintético.,event-B0633-v1,93a41277035bdbaeb2d487aaf7e11567b29c8f5b9a08a23f9d8349104583d3b2,ok
survey-demo,B0634,customer-0317,1,2026-08-01T12:00:00.000000Z,2026-08-01T12:00:00.000000Z,2026-08-01T12:00:00.000000Z,NPS,10,support,Comentário inteiramente sintético.,event-B0634-v1,043e96a54e23964a997d8bda6ce9315634fc5618bccc055eeefe9fd70ecacc57,ok
survey-demo,B0635,customer-0317,1,2026-08-01T12:00:00.000000Z,2026-08-01T12:00:00.000000Z,2026-08-01T12:00:00.000000Z,NPS,2,renewal,Comentário inteiramente sintético.,event-B0635-v1,fb25216cc84655a511689e173e78b57a882ac553743c81b4c7b2e2eb62803f06,ok
survey-demo,B0636,customer-0318,1,2026-08-01T12:00:00.000000Z,2026-08-01T12:00:00.000000Z,2026-08-01T12:00:00.000000Z,CSAT,5,onboarding,Comentário inteiramente sintético.,event-B0636-v1,931a4f363424e7cb6df19df9c3ba0977907f26d35bfc9d343bdbfebdfba9c61e,ok
survey-demo,B0637,customer-0318,1,2026-08-01T12:00:00.000000Z,2026-08-01T12:00:00.000000Z,2026-08-01T12:00:00.000000Z,NPS,2,service,Comentário inteiramente sintético.,event-B0637-v1,1560c40b622ea49361650cf54f01e717cb551dc9eed0767f8560078adfd10d1b,ok
survey-demo,B0638,customer-0319,1,2026-08-01T12:00:00.000000Z,2026-08-01T12:00:00.000000Z,2026-08-01T12:00:00.000000Z,NPS,7,support,Comentário inteiramente sintético.,event-B0638-v1,0ae41d0f5b8dfb8560746bd1dba43e8dfe1fe6ff96f0497b6aba742bec61befd,ok
survey-demo,B0639,customer-0319,1,2026-08-01T12:00:00.000000Z,2026-08-01T12:00:00.000000Z,2026-08-01T12:00:00.000000Z,CSAT,5,renewal,Comentário inteiramente sintético.,event-B0639-v1,94822fa7be83bb6a2a43cbc5ae248e02481d41d5988f352a56f0ad57d7cc32c3,ok
survey-demo,B0640,customer-0320,2,2026-08-03T12:00:00.000000Z,2026-08-01T12:00:00.000000Z,2026-08-01T12:00:00.000000Z,NPS,6,onboarding,Comentário inteiramente sintético.,event-B0640-v2,ea30c825ef73103d93ea70c5ddb37e816f133f8e340ac09fc285fc37e5416a65,ok
survey-demo,B0641,customer-0320,1,2026-08-01T12:00:00.000000Z,2026-08-01T12:00:00.000000Z,2026-08-01T12:00:00.000000Z,NPS,7,service,Comentário inteiramente sintético.,event-B0641-v1,3292d780975b9e47fa4ac3de4f40bcb9d8b8b78d057604b47ca02fe26aeefc4a,ok
survey-demo,B0642,customer-0321,1,2026-08-01T12:00:00.000000Z,2026-08-01T12:00:00.000000Z,2026-08-01T12:00:00.000000Z,CSAT,2,support,Comentário inteiramente sintético.,event-B0642-v1,bdfc0e3196150dc6d8b48b54557c9e15710c6f8d7a4632b31fc65b624e1b9edd,ok
survey-demo,B0643,customer-0321,1,2026-08-01T12:00:00.000000Z,2026-08-01T12:00:00.000000Z,2026-08-01T12:00:00.000000Z,NPS,6,renewal,Comentário inteiramente sintético.,event-B0643-v1,dcff66ab095cb68270482914d2c014910584cc1056e12516a7ab36c0c9434b63,ok
survey-demo,B0644,customer-0322,1,2026-08-01T12:00:00.000000Z,2026-08-01T12:00:00.000000Z,2026-08-01T12:00:00.000000Z,NPS,7,onboarding,Comentário inteiramente sintético.,event-B0644-v1,fd57633cfd5a4f7dcd8dd99fa26a4227cb416aff15cbe258c48ab815815e7aaa,ok
survey-demo,B0645,customer-0322,1,2026-08-01T12:00:00.000000Z,2026-08-01T12:00:00.000000Z,2026-08-01T12:00:00.000000Z,CSAT,2,service,Comentário inteiramente sintético.,event-B0645-v1,99e464cb5f1da78811a87beb275ce9244d78641510f96fbbb2132c7280eb1dc8,ok
survey-demo,B0646,customer-0323,1,2026-08-01T12:00:00.000000Z,2026-08-01T12:00:00.000000Z,2026-08-01T12:00:00.000000Z,NPS,0,support,Comentário inteiramente sintético.,event-B0646-v1,d5d382ff5114e4462dbbe0608951529ce395b9c263b3897e1f93c6d4e2b695b5,ok
survey-demo,B0647,customer-0323,1,2026-08-01T12:00:00.000000Z,2026-08-01T12:00:00.000000Z,2026-08-01T12:00:00.000000Z,NPS,2,renewal,Comentário inteiramente sintético.,event-B0647-v1,cb0ed45cdf797ab11852e1d44eaaf4bf9ad96c6b0c03b58eeb20bcdc322e302c,ok
survey-demo,B0648,customer-0324,2,2026-08-03T12:00:00.000000Z,2026-08-01T12:00:00.000000Z,2026-08-01T12:00:00.000000Z,CSAT,5,onboarding,Comentário inteiramente sintético.,event-B0648-v2,9dee5ca15386e25ba20b4744d0d33dbed0980535f0622a5b00cfee45c27393bb,ok
survey-demo,B0649,customer-0324,1,2026-08-01T12:00:00.000000Z,2026-08-01T12:00:00.000000Z,2026-08-01T12:00:00.000000Z,NPS,8,service,Comentário inteiramente sintético.,event-B0649-v1,efba422e84834734852125c52a64df516793622818aefc62e033bbb7c87c0cbf,ok
survey-demo,B0650,customer-0325,1,2026-08-01T12:00:00.000000Z,2026-08-01T12:00:00.000000Z,2026-08-01T12:00:00.000000Z,NPS,8,support,Comentário inteiramente sintético.,event-B0650-v1,51c0585ecdd58bbf2cca9f211ef8147782a7a3cc54baf77741e83265b7d33c9b,ok
survey-demo,B0651,customer-0325,1,2026-08-01T12:00:00.000000Z,2026-08-01T12:00:00.000000Z,2026-08-01T12:00:00.000000Z,CSAT,2,renewal,Comentário inteiramente sintético.,event-B0651-v1,44549db7124b41319ebbbda239b217db7a0abbf3a543be1dd3f6ced2cc941c08,ok
survey-demo,B0652,customer-0326,1,2026-08-01T12:00:00.000000Z,2026-08-01T12:00:00.000000Z,2026-08-01T12:00:00.000000Z,NPS,5,onboarding,Comentário inteiramente sintético.,event-B0652-v1,ab916790971e4126d87f9bc7f3307a1d033594d1f26cd6c771533d9acf0c225d,ok
survey-demo,B0653,customer-0326,1,2026-08-01T12:00:00.000000Z,2026-08-01T12:00:00.000000Z,2026-08-01T12:00:00.000000Z,NPS,10,service,Comentário inteiramente sintético.,event-B0653-v1,b4418d5484c374cd6dda9be8e7f7f179f5d63a7a61d5dfff9301dfa926586aa4,ok
survey-demo,B0654,customer-0327,1,2026-08-01T12:00:00.000000Z,2026-08-01T12:00:00.000000Z,2026-08-01T12:00:00.000000Z,CSAT,4,support,Comentário inteiramente sintético.,event-B0654-v1,a7497aefe3265e5a57f7796ff8e4f8af4a43763295f8871a5d1776674ce67dd6,ok
survey-demo,B0655,customer-0327,1,2026-08-01T12:00:00.000000Z,2026-08-01T12:00:00.000000Z,2026-08-01T12:00:00.000000Z,NPS,8,renewal,Comentário inteiramente sintético.,event-B0655-v1,08032cbfbfbca92eb23d657afee769e68f02fea02d950f57e20b43e8f9aa50e7,ok
survey-demo,B0656,customer-0328,2,2026-08-03T12:00:00.000000Z,2026-08-01T12:00:00.000000Z,2026-08-01T12:00:00.000000Z,NPS,8,onboarding,Comentário inteiramente sintético.,event-B0656-v2,dc3b5852e2216bdeeb23576608d5ec86d98aa7d81cbb8b1fd109dfba7ecf424c,ok
survey-demo,B0657,customer-0328,1,2026-08-01T12:00:00.000000Z,2026-08-01T12:00:00.000000Z,2026-08-01T12:00:00.000000Z,CSAT,3,service,Comentário inteiramente sintético.,event-B0657-v1,f608e0ae462c2eee7e8e3f8b6b50c5552d8063212aa4a94c594045ae8b7c7c28,ok
survey-demo,B0658,customer-0329,1,2026-08-01T12:00:00.000000Z,2026-08-01T12:00:00.000000Z,2026-08-01T12:00:00.000000Z,NPS,10,support,Comentário inteiramente sintético.,event-B0658-v1,a70e60fb98bef7e3d71f43f2f136916d6897a678a81c5cd303114712e3af825d,ok
survey-demo,B0659,customer-0329,1,2026-08-01T12:00:00.000000Z,2026-08-01T12:00:00.000000Z,2026-08-01T12:00:00.000000Z,NPS,1,renewal,Comentário inteiramente sintético.,event-B0659-v1,cec659dccb63f1fe7bdcc3b41b699483cdd95b6c5fd9ebec13b0eeee0a175ab4,ok
survey-demo,B0660,customer-0330,1,2026-08-01T12:00:00.000000Z,2026-08-01T12:00:00.000000Z,2026-08-01T12:00:00.000000Z,CSAT,2,onboarding,Comentário inteiramente sintético.,event-B0660-v1,53e950a867004031f5acbd5278c954b321d50c907e469795d88505ed32b8448a,has_rejected_history
survey-demo,B0661,customer-0330,1,2026-08-01T12:00:00.000000Z,2026-08-01T12:00:00.000000Z,2026-08-01T12:00:00.000000Z,NPS,7,service,Comentário inteiramente sintético.,event-B0661-v1,f1b2ded40f7c709106a742e6ec42ab5262b7a0b07569238eda1f692c3fefd4ee,ok
survey-demo,B0662,customer-0331,1,2026-08-01T12:00:00.000000Z,2026-08-01T12:00:00.000000Z,2026-08-01T12:00:00.000000Z,NPS,2,support,Comentário inteiramente sintético.,event-B0662-v1,807266de95d043994c603cf52a1d871005e770c0aeaeb766fbeeaee09c62149f,ok
survey-demo,B0663,customer-0331,1,2026-08-01T12:00:00.000000Z,2026-08-01T12:00:00.000000Z,2026-08-01T12:00:00.000000Z,CSAT,2,renewal,Comentário inteiramente sintético.,event-B0663-v1,a304730c7484a5c6d0bb6b54dfda6d5e9eb65e8ebba5db33f1b3f1c21847fe43,ok
survey-demo,B0664,customer-0332,2,2026-08-03T12:00:00.000000Z,2026-08-01T12:00:00.000000Z,2026-08-01T12:00:00.000000Z,NPS,2,onboarding,Comentário inteiramente sintético.,event-B0664-v2,a172ef734f52aa33349f9b9ec478e97dadaf5b51a7c9ce7be14552183b30555b,ok
survey-demo,B0665,customer-0332,1,2026-08-01T12:00:00.000000Z,2026-08-01T12:00:00.000000Z,2026-08-01T12:00:00.000000Z,NPS,3,service,Comentário inteiramente sintético.,event-B0665-v1,9c81bb240246784d2a5219ac9c5bc899c29b392caedd711ee60e806cc9621bb3,ok
survey-demo,B0666,customer-0333,1,2026-08-01T12:00:00.000000Z,2026-08-01T12:00:00.000000Z,2026-08-01T12:00:00.000000Z,CSAT,1,support,Comentário inteiramente sintético.,event-B0666-v1,654c474cff491881de14b5269be1dc73aab9736066453352d6e9a519480310e8,ok
survey-demo,B0667,customer-0333,1,2026-08-01T12:00:00.000000Z,2026-08-01T12:00:00.000000Z,2026-08-01T12:00:00.000000Z,NPS,0,renewal,Comentário inteiramente sintético.,event-B0667-v1,a04fc5aa08fcaede4d518cb396973696b1bdde9b8e995568888a8a306cfe5dc7,ok
survey-demo,B0668,customer-0334,1,2026-08-01T12:00:00.000000Z,2026-08-01T12:00:00.000000Z,2026-08-01T12:00:00.000000Z,NPS,1,onboarding,Comentário inteiramente sintético.,event-B0668-v1,667c5cfc0b3247f14516532d066b8d39ff6845e9556966154a07b731fddb6b58,ok
survey-demo,B0669,customer-0334,1,2026-08-01T12:00:00.000000Z,2026-08-01T12:00:00.000000Z,2026-08-01T12:00:00.000000Z,CSAT,2,service,Comentário inteiramente sintético.,event-B0669-v1,5488a7ec0e3f7d3201e574922a03a0cff9e6df6e508f30e82a21f34f8c54f92e,ok
survey-demo,B0670,customer-0335,1,2026-08-01T12:00:00.000000Z,2026-08-01T12:00:00.000000Z,2026-08-01T12:00:00.000000Z,NPS,9,support,Comentário inteiramente sintético.,event-B0670-v1,e96e8ab5152d9c4a4422199e7d3d409a3c0fc61601cfb1463cc97c3e8a45476d,ok
survey-demo,B0671,customer-0335,1,2026-08-01T12:00:00.000000Z,2026-08-01T12:00:00.000000Z,2026-08-01T12:00:00.000000Z,NPS,1,renewal,Comentário inteiramente sintético.,event-B0671-v1,e3ae539494d5fd65394620a7698e2718793d1ad5d72f649723b1462a594d8563,ok
survey-demo,B0672,customer-0336,2,2026-08-03T12:00:00.000000Z,2026-08-01T12:00:00.000000Z,2026-08-01T12:00:00.000000Z,CSAT,2,onboarding,Comentário inteiramente sintético.,event-B0672-v2,44a10f5bde7ee5011880010bb49fa2b87e1052afe7c9d749ca7a5ddb0270df85,ok
survey-demo,B0673,customer-0336,1,2026-08-01T12:00:00.000000Z,2026-08-01T12:00:00.000000Z,2026-08-01T12:00:00.000000Z,NPS,4,service,Comentário inteiramente sintético.,event-B0673-v1,fb514cc0f013a35e2789ecccba8b162fcb3608ba7cf700ebec4595aad9873afa,ok
survey-demo,B0674,customer-0337,1,2026-08-01T12:00:00.000000Z,2026-08-01T12:00:00.000000Z,2026-08-01T12:00:00.000000Z,NPS,8,support,Comentário inteiramente sintético.,event-B0674-v1,41444d21237364d4bb07d27eaf9d03a83c959bff0e3ec453b9c3356c6f3eee19,ok
survey-demo,B0675,customer-0337,1,2026-08-01T12:00:00.000000Z,2026-08-01T12:00:00.000000Z,2026-08-01T12:00:00.000000Z,CSAT,3,renewal,Comentário inteiramente sintético.,event-B0675-v1,9d5cb9e873940dc79ab3a615955708134dd915ae775a991951257c81b0dfde1a,ok
survey-demo,B0676,customer-0338,1,2026-08-01T12:00:00.000000Z,2026-08-01T12:00:00.000000Z,2026-08-01T12:00:00.000000Z,NPS,9,onboarding,Comentário inteiramente sintético.,event-B0676-v1,e937c2137f82d5d38bd8103c50e7d0e76f236d5e668a2ed8e9c2d3993ac1e4f1,ok
survey-demo,B0677,customer-0338,1,2026-08-01T12:00:00.000000Z,2026-08-01T12:00:00.000000Z,2026-08-01T12:00:00.000000Z,NPS,10,service,Comentário inteiramente sintético.,event-B0677-v1,6b8d5cd24f5e34254bcb1cfad250d94343792caeda09bf8dd48be57eedf86c63,ok
survey-demo,B0678,customer-0339,1,2026-08-01T12:00:00.000000Z,2026-08-01T12:00:00.000000Z,2026-08-01T12:00:00.000000Z,CSAT,2,support,Comentário inteiramente sintético.,event-B0678-v1,c117aa068303a2468eb0ba1ef2cce829a686e1c7aca833f8fbed66027b923231,ok
survey-demo,B0679,customer-0339,1,2026-08-01T12:00:00.000000Z,2026-08-01T12:00:00.000000Z,2026-08-01T12:00:00.000000Z,NPS,5,renewal,Comentário inteiramente sintético.,event-B0679-v1,071cd93cdf6f871ffd34826e0a22be5edb0b564bbe35c84853e34c034d788f43,ok
survey-demo,B0680,customer-0340,2,2026-08-03T12:00:00.000000Z,2026-08-01T12:00:00.000000Z,2026-08-01T12:00:00.000000Z,NPS,2,onboarding,Comentário inteiramente sintético.,event-B0680-v2,e52c995ccda070d9079bb53a36c290fbfa6ea31cb563362bafcf6d82ace34c7e,ok
survey-demo,B0681,customer-0340,1,2026-08-01T12:00:00.000000Z,2026-08-01T12:00:00.000000Z,2026-08-01T12:00:00.000000Z,CSAT,2,service,Comentário inteiramente sintético.,event-B0681-v1,aa090194b803a2e1640fe025f59a792a8a987f88a497bf64f52e9b5b4b5b4c54,ok
survey-demo,B0682,customer-0341,1,2026-08-01T12:00:00.000000Z,2026-08-01T12:00:00.000000Z,2026-08-01T12:00:00.000000Z,NPS,7,support,Comentário inteiramente sintético.,event-B0682-v1,6585540152db5ebbc0721226e288e0b1c1df9c245e2f2c57be3b67d30bc99b33,ok
survey-demo,B0683,customer-0341,1,2026-08-01T12:00:00.000000Z,2026-08-01T12:00:00.000000Z,2026-08-01T12:00:00.000000Z,NPS,3,renewal,Comentário inteiramente sintético.,event-B0683-v1,8f4c20d47b912bc08efd83aa50c210da70b49c7bdf5b787071ecd4d85d6beb65,ok
survey-demo,B0684,customer-0342,1,2026-08-01T12:00:00.000000Z,2026-08-01T12:00:00.000000Z,2026-08-01T12:00:00.000000Z,CSAT,1,onboarding,Comentário inteiramente sintético.,event-B0684-v1,55c850dec17ff002997ad9d756412a75ac2891827b4fed5a6ae7718f2548400d,ok
survey-demo,B0685,customer-0342,1,2026-08-01T12:00:00.000000Z,2026-08-01T12:00:00.000000Z,2026-08-01T12:00:00.000000Z,NPS,1,service,Comentário inteiramente sintético.,event-B0685-v1,95c1e35f3201bd937e39ec35d83dcab34270ab6c3137bf32027950579b557728,ok
survey-demo,B0686,customer-0343,1,2026-08-01T12:00:00.000000Z,2026-08-01T12:00:00.000000Z,2026-08-01T12:00:00.000000Z,NPS,3,support,Comentário inteiramente sintético.,event-B0686-v1,48b58e8ef680d42023bd22bfc7b978f25c41ead3bba048fd5b379d2fd414f220,ok
survey-demo,B0687,customer-0343,1,2026-08-01T12:00:00.000000Z,2026-08-01T12:00:00.000000Z,2026-08-01T12:00:00.000000Z,CSAT,5,renewal,Comentário inteiramente sintético.,event-B0687-v1,b4c5a34f467a77d7670b521c41fec18d34e1839c06befb3efc2c7ece9be17f0a,ok
survey-demo,B0688,customer-0344,2,2026-08-03T12:00:00.000000Z,2026-08-01T12:00:00.000000Z,2026-08-01T12:00:00.000000Z,NPS,6,onboarding,Comentário inteiramente sintético.,event-B0688-v2,b47e96a27ebb41aef651a719274ce9180c35975d416f645aadb2d71d3de91ddb,ok
survey-demo,B0689,customer-0344,1,2026-08-01T12:00:00.000000Z,2026-08-01T12:00:00.000000Z,2026-08-01T12:00:00.000000Z,NPS,3,service,Comentário inteiramente sintético.,event-B0689-v1,df90c875e7bd7a1b3cab8645fccd83fdf619e98a6d20fa51989df1910fe980fe,ok
survey-demo,B0690,customer-0345,1,2026-08-01T12:00:00.000000Z,2026-08-01T12:00:00.000000Z,2026-08-01T12:00:00.000000Z,CSAT,4,support,Comentário inteiramente sintético.,event-B0690-v1,c1507c009f9cfa011c6357bb7335a56a0aa9dd5c127b58208f77d21e35fae329,ok
survey-demo,B0691,customer-0345,1,2026-08-01T12:00:00.000000Z,2026-08-01T12:00:00.000000Z,2026-08-01T12:00:00.000000Z,NPS,1,renewal,Comentário inteiramente sintético.,event-B0691-v1,67306e7f9d574eebce9b066ec1dcaab401758c5d53649a859c8264478b88d5f0,ok
survey-demo,B0692,customer-0346,1,2026-08-01T12:00:00.000000Z,2026-08-01T12:00:00.000000Z,2026-08-01T12:00:00.000000Z,NPS,1,onboarding,Comentário inteiramente sintético.,event-B0692-v1,bd56811da94d6d63e9078391f4c6982fbb77e44601ebf34b284cc9e312f03031,ok
survey-demo,B0693,customer-0346,1,2026-08-01T12:00:00.000000Z,2026-08-01T12:00:00.000000Z,2026-08-01T12:00:00.000000Z,CSAT,4,service,Comentário inteiramente sintético.,event-B0693-v1,b6dfdcb91f0e470338f7e64a0f2eda004a571aaf63e3bb9c9f1f8a04a2e02d13,ok
survey-demo,B0694,customer-0347,1,2026-08-01T12:00:00.000000Z,2026-08-01T12:00:00.000000Z,2026-08-01T12:00:00.000000Z,NPS,3,support,Comentário inteiramente sintético.,event-B0694-v1,eb9fea174bb27782d0b8619187ada87de90a4c3f55e445ee83fab7d69b987888,ok
survey-demo,B0695,customer-0347,1,2026-08-01T12:00:00.000000Z,2026-08-01T12:00:00.000000Z,2026-08-01T12:00:00.000000Z,NPS,0,renewal,Comentário inteiramente sintético.,event-B0695-v1,84a9fcae2eeaba50f29e0a8ba76d678cd0ef3bc0bbda8865779d57944e25ed9e,ok
survey-demo,B0696,customer-0348,2,2026-08-03T12:00:00.000000Z,2026-08-01T12:00:00.000000Z,2026-08-01T12:00:00.000000Z,CSAT,5,onboarding,Comentário inteiramente sintético.,event-B0696-v2,c4ed68b845cfad49d117e6eac09eb393f5f07aa67000e150c647c56bc39f3681,ok
survey-demo,B0697,customer-0348,1,2026-08-01T12:00:00.000000Z,2026-08-01T12:00:00.000000Z,2026-08-01T12:00:00.000000Z,NPS,6,service,Comentário inteiramente sintético.,event-B0697-v1,8b326358735f63d8c2b90e4204ed0010f613244abe19bacb07869abca8173548,ok
survey-demo,B0698,customer-0349,1,2026-08-01T12:00:00.000000Z,2026-08-01T12:00:00.000000Z,2026-08-01T12:00:00.000000Z,NPS,8,support,Comentário inteiramente sintético.,event-B0698-v1,ac600144b0464b6e52390de42ca54bb0cac6da904ac316681ce096d76d5d0667,ok
survey-demo,B0699,customer-0349,1,2026-08-01T12:00:00.000000Z,2026-08-01T12:00:00.000000Z,2026-08-01T12:00:00.000000Z,CSAT,1,renewal,Comentário inteiramente sintético.,event-B0699-v1,f65354cbf08b111f4cc4ec3d9dc17f70ceac34e8580df95f9ba239cae658a6cb,ok
survey-demo,B0700,customer-0350,1,2026-08-01T12:00:00.000000Z,2026-08-01T12:00:00.000000Z,2026-08-01T12:00:00.000000Z,NPS,0,onboarding,Comentário inteiramente sintético.,event-B0700-v1,6e01ea53a7669347f60fc9c96cffe72b8b7235d7432e5af382e02522c5b9e1fe,ok
survey-demo,B0701,customer-0350,1,2026-08-01T12:00:00.000000Z,2026-08-01T12:00:00.000000Z,2026-08-01T12:00:00.000000Z,NPS,9,service,Comentário inteiramente sintético.,event-B0701-v1,160b17ef101bedbc7a9576348689e7cec796a75c0eb7cf93481aa62817e903b3,ok
survey-demo,B0702,customer-0351,1,2026-08-01T12:00:00.000000Z,2026-08-01T12:00:00.000000Z,2026-08-01T12:00:00.000000Z,CSAT,2,support,Comentário inteiramente sintético.,event-B0702-v1,94c10f51a43c05992a7c7c4820b572f8ca63ec0913b5ba15f72a8b4840bc86db,ok
survey-demo,B0703,customer-0351,1,2026-08-01T12:00:00.000000Z,2026-08-01T12:00:00.000000Z,2026-08-01T12:00:00.000000Z,NPS,0,renewal,Comentário inteiramente sintético.,event-B0703-v1,79ae83b96d730813fdee04efea5f33d35163e8efe58322f0efafb957ed217aa7,ok
survey-demo,B0704,customer-0352,2,2026-08-03T12:00:00.000000Z,2026-08-01T12:00:00.000000Z,2026-08-01T12:00:00.000000Z,NPS,2,onboarding,Comentário inteiramente sintético.,event-B0704-v2,0be41c005ce26a882989f8a5f7aa6bed452e42beb83e9702bfc38435e68499dd,ok
survey-demo,B0705,customer-0352,1,2026-08-01T12:00:00.000000Z,2026-08-01T12:00:00.000000Z,2026-08-01T12:00:00.000000Z,CSAT,5,service,Comentário inteiramente sintético.,event-B0705-v1,f87b1117c72ee5d555bda3bf793beef1397ad3f8e765048b75b1ca1567e556ef,ok
survey-demo,B0706,customer-0353,1,2026-08-01T12:00:00.000000Z,2026-08-01T12:00:00.000000Z,2026-08-01T12:00:00.000000Z,NPS,1,support,Comentário inteiramente sintético.,event-B0706-v1,e0c24b8e5057670a7d02e0558a2e7fe821f06b841589e9eca4dbd9916be5db69,ok
survey-demo,B0707,customer-0353,1,2026-08-01T12:00:00.000000Z,2026-08-01T12:00:00.000000Z,2026-08-01T12:00:00.000000Z,NPS,0,renewal,Comentário inteiramente sintético.,event-B0707-v1,35793f52b4090120e5669d67e254e8d204feac6080716d734c0652e5a4181df5,ok
survey-demo,B0708,customer-0354,1,2026-08-01T12:00:00.000000Z,2026-08-01T12:00:00.000000Z,2026-08-01T12:00:00.000000Z,CSAT,1,onboarding,Comentário inteiramente sintético.,event-B0708-v1,fe51cc3de23bf48e7e6002da045ee233d6c110c28c2deb5b92a7c2fb6b00d9a9,ok
survey-demo,B0709,customer-0354,1,2026-08-01T12:00:00.000000Z,2026-08-01T12:00:00.000000Z,2026-08-01T12:00:00.000000Z,NPS,5,service,Comentário inteiramente sintético.,event-B0709-v1,453fb025e9036c2e46de96a9a6e68c4fa445d3c38bd59fcbd6adcfd271a2169c,ok
survey-demo,B0710,customer-0355,1,2026-08-01T12:00:00.000000Z,2026-08-01T12:00:00.000000Z,2026-08-01T12:00:00.000000Z,NPS,10,support,Comentário inteiramente sintético.,event-B0710-v1,5b68a3942805f85a7c9c866869065eed79740f5a7ef71fd0cacf7e8497d4d44a,ok
survey-demo,B0711,customer-0355,1,2026-08-01T12:00:00.000000Z,2026-08-01T12:00:00.000000Z,2026-08-01T12:00:00.000000Z,CSAT,1,renewal,Comentário inteiramente sintético.,event-B0711-v1,99b22a419d912ef0c36a526dcc9c175dc1a2c80c0425c27398f80d5faa7592d4,ok
survey-demo,B0712,customer-0356,2,2026-08-03T12:00:00.000000Z,2026-08-01T12:00:00.000000Z,2026-08-01T12:00:00.000000Z,NPS,3,onboarding,Comentário inteiramente sintético.,event-B0712-v2,15bf7415f309f4e7537cf717a76bc1d55ce2d12a3142a9c55b5187cf7e397130,ok
survey-demo,B0713,customer-0356,1,2026-08-01T12:00:00.000000Z,2026-08-01T12:00:00.000000Z,2026-08-01T12:00:00.000000Z,NPS,4,service,Comentário inteiramente sintético.,event-B0713-v1,89a7d9bc1a03510c006d26463b795ba100c97b8ffefaa4ee5085ae34495ad69b,ok
survey-demo,B0714,customer-0357,1,2026-08-01T12:00:00.000000Z,2026-08-01T12:00:00.000000Z,2026-08-01T12:00:00.000000Z,CSAT,2,support,Comentário inteiramente sintético.,event-B0714-v1,d84e7cca37c716df02128874954212f22e4946b4e7174a917c975b42753cb953,ok
survey-demo,B0715,customer-0357,1,2026-08-01T12:00:00.000000Z,2026-08-01T12:00:00.000000Z,2026-08-01T12:00:00.000000Z,NPS,0,renewal,Comentário inteiramente sintético.,event-B0715-v1,0d94ab109f1939e94dbe43cb8ebff53161de7b31e07c7c42c0ad2836cec1e2ae,ok
survey-demo,B0716,customer-0358,1,2026-08-01T12:00:00.000000Z,2026-08-01T12:00:00.000000Z,2026-08-01T12:00:00.000000Z,NPS,5,onboarding,Comentário inteiramente sintético.,event-B0716-v1,9d9cd21a5415eec1425fc8e2bc3095cc7d7454a05db4c4b228667cf600f5d428,ok
survey-demo,B0717,customer-0358,1,2026-08-01T12:00:00.000000Z,2026-08-01T12:00:00.000000Z,2026-08-01T12:00:00.000000Z,CSAT,4,service,Comentário inteiramente sintético.,event-B0717-v1,e73a33eddbd82b95efe7694bb45182d4d37ceafaa261da6b5a9cce8e86a46f1b,ok
survey-demo,B0718,customer-0359,1,2026-08-01T12:00:00.000000Z,2026-08-01T12:00:00.000000Z,2026-08-01T12:00:00.000000Z,NPS,10,support,Comentário inteiramente sintético.,event-B0718-v1,e3ffd2258aa10b0c3a7f3a9cb94753d6a3bb4b44da79219a13fdec9555dc3aeb,ok
survey-demo,B0719,customer-0359,1,2026-08-01T12:00:00.000000Z,2026-08-01T12:00:00.000000Z,2026-08-01T12:00:00.000000Z,NPS,3,renewal,Comentário inteiramente sintético.,event-B0719-v1,3835f89811c059c3330c06971a8279bbda01752ee21bba594f847f814063a7c5,ok
survey-demo,B0720,customer-0360,2,2026-08-03T12:00:00.000000Z,2026-08-01T12:00:00.000000Z,2026-08-01T12:00:00.000000Z,CSAT,2,onboarding,Comentário inteiramente sintético.,event-B0720-v2,0225cf32bfc7f187b35496736dae778be3689979eb94b2bf1318f26b2fcc010e,has_rejected_history
survey-demo,B0721,customer-0360,1,2026-08-01T12:00:00.000000Z,2026-08-01T12:00:00.000000Z,2026-08-01T12:00:00.000000Z,NPS,9,service,Comentário inteiramente sintético.,event-B0721-v1,360daf06d382473b629071936247c70629bbd6ee36c3848d247c5309dfa80512,ok
survey-demo,B0722,customer-0361,1,2026-08-01T12:00:00.000000Z,2026-08-01T12:00:00.000000Z,2026-08-01T12:00:00.000000Z,NPS,10,support,Comentário inteiramente sintético.,event-B0722-v1,91db673700e0b276b7d93302e1fa25191ea37b47cedbea9cdc2d1ed325cc2753,ok
survey-demo,B0723,customer-0361,1,2026-08-01T12:00:00.000000Z,2026-08-01T12:00:00.000000Z,2026-08-01T12:00:00.000000Z,CSAT,3,renewal,Comentário inteiramente sintético.,event-B0723-v1,a9fadf63b0a5735ffb352fa0ef1af04d06a6346480413068267f95b6d9684518,ok
survey-demo,B0724,customer-0362,1,2026-08-01T12:00:00.000000Z,2026-08-01T12:00:00.000000Z,2026-08-01T12:00:00.000000Z,NPS,7,onboarding,Comentário inteiramente sintético.,event-B0724-v1,2631ca6a7d45b37d0f28c39d9a39e216c0a523a3ebdab48583e030abff711a09,ok
survey-demo,B0725,customer-0362,1,2026-08-01T12:00:00.000000Z,2026-08-01T12:00:00.000000Z,2026-08-01T12:00:00.000000Z,NPS,7,service,Comentário inteiramente sintético.,event-B0725-v1,e4ad0e0f81fad68fe44d2f33e37129815d6640ea8c4b0dc64123955861eed4c3,ok
survey-demo,B0726,customer-0363,1,2026-08-01T12:00:00.000000Z,2026-08-01T12:00:00.000000Z,2026-08-01T12:00:00.000000Z,CSAT,4,support,Comentário inteiramente sintético.,event-B0726-v1,fc6c383f534a42643af5b70d4e81cfbcfae866ca33ebb39cb9dcd477d504e124,ok
survey-demo,B0727,customer-0363,1,2026-08-01T12:00:00.000000Z,2026-08-01T12:00:00.000000Z,2026-08-01T12:00:00.000000Z,NPS,8,renewal,Comentário inteiramente sintético.,event-B0727-v1,44003a4113bdf36c47393b050ef089024b6f2812d8d2db4a3e0741683e6a87a8,ok
survey-demo,B0728,customer-0364,2,2026-08-03T12:00:00.000000Z,2026-08-01T12:00:00.000000Z,2026-08-01T12:00:00.000000Z,NPS,7,onboarding,Comentário inteiramente sintético.,event-B0728-v2,0705fa6b23df737d5127b2fdf526b2fe0a13be93bf30c2f0c9cf6a3fe0887df2,ok
survey-demo,B0729,customer-0364,1,2026-08-01T12:00:00.000000Z,2026-08-01T12:00:00.000000Z,2026-08-01T12:00:00.000000Z,CSAT,1,service,Comentário inteiramente sintético.,event-B0729-v1,a92a98f4a1c2d117c1977a7db788ba113b341bfae6662dc162e26e8369851087,ok
survey-demo,B0730,customer-0365,1,2026-08-01T12:00:00.000000Z,2026-08-01T12:00:00.000000Z,2026-08-01T12:00:00.000000Z,NPS,6,support,Comentário inteiramente sintético.,event-B0730-v1,a36b7d1ee8ca195ec970a746cbb3970992ed410292d8b30550836937ef6c773d,ok
survey-demo,B0731,customer-0365,1,2026-08-01T12:00:00.000000Z,2026-08-01T12:00:00.000000Z,2026-08-01T12:00:00.000000Z,NPS,5,renewal,Comentário inteiramente sintético.,event-B0731-v1,3c3156a1c94e9d21feb0fce25af6999e7601d04e0e68ef88eb020b1daf274b53,ok
survey-demo,B0732,customer-0366,1,2026-08-01T12:00:00.000000Z,2026-08-01T12:00:00.000000Z,2026-08-01T12:00:00.000000Z,CSAT,2,onboarding,Comentário inteiramente sintético.,event-B0732-v1,11836b2ce111ac0e1143fb774cf1317788bc58970be36565e3b68a699c980ba5,ok
survey-demo,B0733,customer-0366,1,2026-08-01T12:00:00.000000Z,2026-08-01T12:00:00.000000Z,2026-08-01T12:00:00.000000Z,NPS,9,service,Comentário inteiramente sintético.,event-B0733-v1,db07ab30ac815c8b22b6d440983bfc1caa1a1ebb430729e4460cd4c21197f160,ok
survey-demo,B0734,customer-0367,1,2026-08-01T12:00:00.000000Z,2026-08-01T12:00:00.000000Z,2026-08-01T12:00:00.000000Z,NPS,4,support,Comentário inteiramente sintético.,event-B0734-v1,8be06bdcc5e64ce09f8f82ce04b0c3f3afa217f63f917db0e6642799913d9edf,ok
survey-demo,B0735,customer-0367,1,2026-08-01T12:00:00.000000Z,2026-08-01T12:00:00.000000Z,2026-08-01T12:00:00.000000Z,CSAT,2,renewal,Comentário inteiramente sintético.,event-B0735-v1,75a8facf92105c360e6a6dc1763be4a9fd1acff65595201e2c15e69ca9355b5b,ok
survey-demo,B0736,customer-0368,2,2026-08-03T12:00:00.000000Z,2026-08-01T12:00:00.000000Z,2026-08-01T12:00:00.000000Z,NPS,6,onboarding,Comentário inteiramente sintético.,event-B0736-v2,893e6928ef3fa6bc986bb9962b425445c771782912e0a94cd0e6d62ab8080385,ok
survey-demo,B0737,customer-0368,1,2026-08-01T12:00:00.000000Z,2026-08-01T12:00:00.000000Z,2026-08-01T12:00:00.000000Z,NPS,6,service,Comentário inteiramente sintético.,event-B0737-v1,04202819c22bf0449275a97d71f068c4ece9a580174c0b7e6661b087cdcf3f2c,ok
survey-demo,B0738,customer-0369,1,2026-08-01T12:00:00.000000Z,2026-08-01T12:00:00.000000Z,2026-08-01T12:00:00.000000Z,CSAT,3,support,Comentário inteiramente sintético.,event-B0738-v1,f35e6a260b29ef51e24e21b2cc14582df3fba12bd86cd26f923e78446666f11b,ok
survey-demo,B0739,customer-0369,1,2026-08-01T12:00:00.000000Z,2026-08-01T12:00:00.000000Z,2026-08-01T12:00:00.000000Z,NPS,10,renewal,Comentário inteiramente sintético.,event-B0739-v1,82d3ee8d643632c8a838f3d366a3a893c2908dc7c13f028892131ddd868dbc66,ok
survey-demo,B0740,customer-0370,1,2026-08-01T12:00:00.000000Z,2026-08-01T12:00:00.000000Z,2026-08-01T12:00:00.000000Z,NPS,5,onboarding,Comentário inteiramente sintético.,event-B0740-v1,adfba4e80879ecbf17c94b7f38db0e287856b358bdc5bbffd153e3de6cf45d0c,ok
survey-demo,B0741,customer-0370,1,2026-08-01T12:00:00.000000Z,2026-08-01T12:00:00.000000Z,2026-08-01T12:00:00.000000Z,CSAT,4,service,Comentário inteiramente sintético.,event-B0741-v1,d0a37748af427a0ba4fa3177003fce6a8da539cc34737edf5050257c09f0afbf,ok
survey-demo,B0742,customer-0371,1,2026-08-01T12:00:00.000000Z,2026-08-01T12:00:00.000000Z,2026-08-01T12:00:00.000000Z,NPS,10,support,Comentário inteiramente sintético.,event-B0742-v1,56a90b8f9ba8f7afe750916850a9ff91763b91d31b6e77a8c59a56b2efa1af10,ok
survey-demo,B0743,customer-0371,1,2026-08-01T12:00:00.000000Z,2026-08-01T12:00:00.000000Z,2026-08-01T12:00:00.000000Z,NPS,4,renewal,Comentário inteiramente sintético.,event-B0743-v1,3ef778f5915fc83c6f61c4980327659e1907bd9a0ab409ea2d78ab6b9d066599,ok
survey-demo,B0744,customer-0372,2,2026-08-03T12:00:00.000000Z,2026-08-01T12:00:00.000000Z,2026-08-01T12:00:00.000000Z,CSAT,4,onboarding,Comentário inteiramente sintético.,event-B0744-v2,10c5be066d9d3884974a06502b92711b1e53c08ccfcb97a8b9a83c41fdfe1ba6,ok
survey-demo,B0745,customer-0372,1,2026-08-01T12:00:00.000000Z,2026-08-01T12:00:00.000000Z,2026-08-01T12:00:00.000000Z,NPS,10,service,Comentário inteiramente sintético.,event-B0745-v1,81e23112d5a7d402508a338d15e147262b975fde0eb7245e9ee9469c67a5fbd6,ok
survey-demo,B0746,customer-0373,1,2026-08-01T12:00:00.000000Z,2026-08-01T12:00:00.000000Z,2026-08-01T12:00:00.000000Z,NPS,10,support,Comentário inteiramente sintético.,event-B0746-v1,5b4b65752263409cd7632e801f0a05d3f9b5ad118b888556ec94cac220a7cdd8,ok
survey-demo,B0747,customer-0373,1,2026-08-01T12:00:00.000000Z,2026-08-01T12:00:00.000000Z,2026-08-01T12:00:00.000000Z,CSAT,1,renewal,Comentário inteiramente sintético.,event-B0747-v1,8bae9a54bcd88cdbaf33c3e1c561827f7599f2eecbd2315ea1815c6b446def0e,ok
survey-demo,B0748,customer-0374,1,2026-08-01T12:00:00.000000Z,2026-08-01T12:00:00.000000Z,2026-08-01T12:00:00.000000Z,NPS,7,onboarding,Comentário inteiramente sintético.,event-B0748-v1,5a1d5c6cede85c59a1342bcf6fb261009fd3ea50afd513d34cff91943e615372,ok
survey-demo,B0749,customer-0374,1,2026-08-01T12:00:00.000000Z,2026-08-01T12:00:00.000000Z,2026-08-01T12:00:00.000000Z,NPS,3,service,Comentário inteiramente sintético.,event-B0749-v1,28ebbe9bba583f05358eae9e83056327b2b282b98923fa42a97e8190a0bdee42,ok
survey-demo,B0750,customer-0375,1,2026-08-01T12:00:00.000000Z,2026-08-01T12:00:00.000000Z,2026-08-01T12:00:00.000000Z,CSAT,4,support,Comentário inteiramente sintético.,event-B0750-v1,253f61146ca9f02639e5b6fc7ccc188a9c8b13a7e883170c3288ddb7934fc641,ok
survey-demo,B0751,customer-0375,1,2026-08-01T12:00:00.000000Z,2026-08-01T12:00:00.000000Z,2026-08-01T12:00:00.000000Z,NPS,9,renewal,Comentário inteiramente sintético.,event-B0751-v1,a01133056f55685f64190c476c230e66927d88a116e130f1dce666a4f7086eb9,ok
survey-demo,B0752,customer-0376,2,2026-08-03T12:00:00.000000Z,2026-08-01T12:00:00.000000Z,2026-08-01T12:00:00.000000Z,NPS,1,onboarding,Comentário inteiramente sintético.,event-B0752-v2,fb2c8f2bca769e46ef8788fae06b2a21ef7790f96df7131881ad272d3e28a046,ok
survey-demo,B0753,customer-0376,1,2026-08-01T12:00:00.000000Z,2026-08-01T12:00:00.000000Z,2026-08-01T12:00:00.000000Z,CSAT,3,service,Comentário inteiramente sintético.,event-B0753-v1,e9b695671f5eb6d997d7b2b4b35dff9ade17f1c624ebe601e8956f5ae986be72,ok
survey-demo,B0754,customer-0377,1,2026-08-01T12:00:00.000000Z,2026-08-01T12:00:00.000000Z,2026-08-01T12:00:00.000000Z,NPS,5,support,Comentário inteiramente sintético.,event-B0754-v1,aede9060c9cc88a5767603bef93e2b3c8694e5622d5d6f56f7efeb6326dada97,ok
survey-demo,B0755,customer-0377,1,2026-08-01T12:00:00.000000Z,2026-08-01T12:00:00.000000Z,2026-08-01T12:00:00.000000Z,NPS,8,renewal,Comentário inteiramente sintético.,event-B0755-v1,a67a680ca4f9d94a0d33d4ed018be965770d7291f29eba7a3ca32ed2d857243d,ok
survey-demo,B0756,customer-0378,1,2026-08-01T12:00:00.000000Z,2026-08-01T12:00:00.000000Z,2026-08-01T12:00:00.000000Z,CSAT,3,onboarding,Comentário inteiramente sintético.,event-B0756-v1,79ea6f38af36134e2c33b73670864cd9f2e3020797e3dbc277044e5f6aafcd6b,ok
survey-demo,B0757,customer-0378,1,2026-08-01T12:00:00.000000Z,2026-08-01T12:00:00.000000Z,2026-08-01T12:00:00.000000Z,NPS,3,service,Comentário inteiramente sintético.,event-B0757-v1,c9fcba6127eef54fbbb418469c7b50a2943a87048a8cdd2c46a17a97b7869038,ok
survey-demo,B0758,customer-0379,1,2026-08-01T12:00:00.000000Z,2026-08-01T12:00:00.000000Z,2026-08-01T12:00:00.000000Z,NPS,3,support,Comentário inteiramente sintético.,event-B0758-v1,63f4ceee71b47f4f6e96985bba13676600fa304b7e325cd60c29337c1a6f3aac,ok
survey-demo,B0759,customer-0379,1,2026-08-01T12:00:00.000000Z,2026-08-01T12:00:00.000000Z,2026-08-01T12:00:00.000000Z,CSAT,1,renewal,Comentário inteiramente sintético.,event-B0759-v1,d032b81a750e8e95609b1c0682f703427e11f81cb46376b547a1f21d340b1109,ok
survey-demo,B0760,customer-0380,2,2026-08-03T12:00:00.000000Z,2026-08-01T12:00:00.000000Z,2026-08-01T12:00:00.000000Z,NPS,3,onboarding,Comentário inteiramente sintético.,event-B0760-v2,1bcdb1b132db555d9db686f10d64c97b31145b2e118b4773c026486be9963ae9,ok
survey-demo,B0761,customer-0380,1,2026-08-01T12:00:00.000000Z,2026-08-01T12:00:00.000000Z,2026-08-01T12:00:00.000000Z,NPS,5,service,Comentário inteiramente sintético.,event-B0761-v1,9b9366fe4c389bb8a227f3f91dd120154981f9f15753ee18b47a0ee7c397ddf5,ok
survey-demo,B0762,customer-0381,1,2026-08-01T12:00:00.000000Z,2026-08-01T12:00:00.000000Z,2026-08-01T12:00:00.000000Z,CSAT,4,support,Comentário inteiramente sintético.,event-B0762-v1,85e0d2f2a5b81e297fa2571b0d1f10d0843514f7df59abe3bdd73cd031af707a,ok
survey-demo,B0763,customer-0381,1,2026-08-01T12:00:00.000000Z,2026-08-01T12:00:00.000000Z,2026-08-01T12:00:00.000000Z,NPS,7,renewal,Comentário inteiramente sintético.,event-B0763-v1,de2576f6c7a9c52637ea7754d5435fe42c15a87096627ee3ab32a76da391ed9d,ok
survey-demo,B0764,customer-0382,1,2026-08-01T12:00:00.000000Z,2026-08-01T12:00:00.000000Z,2026-08-01T12:00:00.000000Z,NPS,7,onboarding,Comentário inteiramente sintético.,event-B0764-v1,e3cb0bdad350fc0db4bf3dd88903dfee2c0db81953a3c8fcc0297d0ba2034218,ok
survey-demo,B0765,customer-0382,1,2026-08-01T12:00:00.000000Z,2026-08-01T12:00:00.000000Z,2026-08-01T12:00:00.000000Z,CSAT,5,service,Comentário inteiramente sintético.,event-B0765-v1,d5c38b6b135516fea5a8f286bdddb424f9c587554b7fbedb2b79a3a225081824,ok
survey-demo,B0766,customer-0383,1,2026-08-01T12:00:00.000000Z,2026-08-01T12:00:00.000000Z,2026-08-01T12:00:00.000000Z,NPS,9,support,Comentário inteiramente sintético.,event-B0766-v1,11a17e591f18c03b0b4be8d1fbc1fa844f99840fd252f18bc41f1b03a6fcfad2,ok
survey-demo,B0767,customer-0383,1,2026-08-01T12:00:00.000000Z,2026-08-01T12:00:00.000000Z,2026-08-01T12:00:00.000000Z,NPS,7,renewal,Comentário inteiramente sintético.,event-B0767-v1,ce2e1536fc82c4066457cd18ea3d670bbd2599229dd2618084e7b0f0cf9ecb1e,ok
survey-demo,B0768,customer-0384,2,2026-08-03T12:00:00.000000Z,2026-08-01T12:00:00.000000Z,2026-08-01T12:00:00.000000Z,CSAT,2,onboarding,Comentário inteiramente sintético.,event-B0768-v2,f162c90b0bf7464d6f12c377673067d2bff1be47c60e41394116da5134b02d74,ok
survey-demo,B0769,customer-0384,1,2026-08-01T12:00:00.000000Z,2026-08-01T12:00:00.000000Z,2026-08-01T12:00:00.000000Z,NPS,8,service,Comentário inteiramente sintético.,event-B0769-v1,5908236d826bbefa0eb0351782f3474c860372dd19d32e4507d9c8b5dda1c0ed,ok
survey-demo,B0770,customer-0385,1,2026-08-01T12:00:00.000000Z,2026-08-01T12:00:00.000000Z,2026-08-01T12:00:00.000000Z,NPS,6,support,Comentário inteiramente sintético.,event-B0770-v1,9d1318de3a6caffe29f92d5502c4c8dffd345d071896cfb3b76cd96393d86874,ok
survey-demo,B0771,customer-0385,1,2026-08-01T12:00:00.000000Z,2026-08-01T12:00:00.000000Z,2026-08-01T12:00:00.000000Z,CSAT,3,renewal,Comentário inteiramente sintético.,event-B0771-v1,4a18d6c8b26d272009c87b9c3336d66ea03501be70c0727db108f61bf81a9d29,ok
survey-demo,B0772,customer-0386,1,2026-08-01T12:00:00.000000Z,2026-08-01T12:00:00.000000Z,2026-08-01T12:00:00.000000Z,NPS,0,onboarding,Comentário inteiramente sintético.,event-B0772-v1,dd929f797bad6c20350a72136c32e0f8b12a35d9a24541d9268560d4f4438b87,ok
survey-demo,B0773,customer-0386,1,2026-08-01T12:00:00.000000Z,2026-08-01T12:00:00.000000Z,2026-08-01T12:00:00.000000Z,NPS,7,service,Comentário inteiramente sintético.,event-B0773-v1,4336ae3f8b80938ab27f7639346a220aebfdc3c3525771653d799e6b5082398d,ok
survey-demo,B0774,customer-0387,1,2026-08-01T12:00:00.000000Z,2026-08-01T12:00:00.000000Z,2026-08-01T12:00:00.000000Z,CSAT,3,support,Comentário inteiramente sintético.,event-B0774-v1,214c12c4c438c9dd081baea83af18fbc4acf307b4e7eb03920c52e7742680897,ok
survey-demo,B0775,customer-0387,1,2026-08-01T12:00:00.000000Z,2026-08-01T12:00:00.000000Z,2026-08-01T12:00:00.000000Z,NPS,0,renewal,Comentário inteiramente sintético.,event-B0775-v1,4b54f31549ba43f9f2b75c1df5279ff758612e46a05ec5c55bbc6702661b8588,ok
survey-demo,B0776,customer-0388,2,2026-08-03T12:00:00.000000Z,2026-08-01T12:00:00.000000Z,2026-08-01T12:00:00.000000Z,NPS,7,onboarding,Comentário inteiramente sintético.,event-B0776-v2,f0caa5507c6ea1c821c3b40211000d72aab82fd40215d486fd0ca13c3e6f5fb9,ok
survey-demo,B0777,customer-0388,1,2026-08-01T12:00:00.000000Z,2026-08-01T12:00:00.000000Z,2026-08-01T12:00:00.000000Z,CSAT,3,service,Comentário inteiramente sintético.,event-B0777-v1,4c9ede895e4d7710566c999aac61dcc851f8bdbe380e3e18d794e29caf6aa0d2,ok
survey-demo,B0778,customer-0389,1,2026-08-01T12:00:00.000000Z,2026-08-01T12:00:00.000000Z,2026-08-01T12:00:00.000000Z,NPS,5,support,Comentário inteiramente sintético.,event-B0778-v1,332cc4b207e23c2b14a2b7a8ec0d09289e0d91d181b20ba421d879a76d55703f,ok
survey-demo,B0779,customer-0389,1,2026-08-01T12:00:00.000000Z,2026-08-01T12:00:00.000000Z,2026-08-01T12:00:00.000000Z,NPS,2,renewal,Comentário inteiramente sintético.,event-B0779-v1,0cefd57d4d8d851664aebf6fa8ddeb25c5f0af19433b1c221e892fdf0ccf2f2b,ok
survey-demo,B0780,customer-0390,1,2026-08-01T12:00:00.000000Z,2026-08-01T12:00:00.000000Z,2026-08-01T12:00:00.000000Z,CSAT,5,onboarding,Comentário inteiramente sintético.,event-B0780-v1,7bb8b16c7beb2b3137b76b2f4bc330ba80c79af49d5eb37aa90421624c818f1d,has_rejected_history
survey-demo,B0781,customer-0390,1,2026-08-01T12:00:00.000000Z,2026-08-01T12:00:00.000000Z,2026-08-01T12:00:00.000000Z,NPS,5,service,Comentário inteiramente sintético.,event-B0781-v1,b3edefb03f2d3e1748b6bbbeefe569b0c085f9368e63229099d59696bd77073a,ok
survey-demo,B0782,customer-0391,1,2026-08-01T12:00:00.000000Z,2026-08-01T12:00:00.000000Z,2026-08-01T12:00:00.000000Z,NPS,4,support,Comentário inteiramente sintético.,event-B0782-v1,f559718509a2d23a9b11050905d7d2b7c85d158ba1c5fd6e59093fcb2e776b6f,ok
survey-demo,B0783,customer-0391,1,2026-08-01T12:00:00.000000Z,2026-08-01T12:00:00.000000Z,2026-08-01T12:00:00.000000Z,CSAT,2,renewal,Comentário inteiramente sintético.,event-B0783-v1,3cb11a12542b637cdd4c36812741495e10f97cc96e97ec3eb397417429583637,ok
survey-demo,B0784,customer-0392,2,2026-08-03T12:00:00.000000Z,2026-08-01T12:00:00.000000Z,2026-08-01T12:00:00.000000Z,NPS,10,onboarding,Comentário inteiramente sintético.,event-B0784-v2,b41a4f6a09295ecf935ae390c460a784264d0f6b940a5cc1be3b78666ff0066c,ok
survey-demo,B0785,customer-0392,1,2026-08-01T12:00:00.000000Z,2026-08-01T12:00:00.000000Z,2026-08-01T12:00:00.000000Z,NPS,1,service,Comentário inteiramente sintético.,event-B0785-v1,5efb8a90554ed874310fa1f522dc004a070b3f4c05a5f82df4169a9d091bae7c,ok
survey-demo,B0786,customer-0393,1,2026-08-01T12:00:00.000000Z,2026-08-01T12:00:00.000000Z,2026-08-01T12:00:00.000000Z,CSAT,2,support,Comentário inteiramente sintético.,event-B0786-v1,7fd7745a7a79f1c90522c467f316195e85303d494e5b464a760ab857cbbe8e5c,ok
survey-demo,B0787,customer-0393,1,2026-08-01T12:00:00.000000Z,2026-08-01T12:00:00.000000Z,2026-08-01T12:00:00.000000Z,NPS,9,renewal,Comentário inteiramente sintético.,event-B0787-v1,c069fdc1895338f7b6e318ebade14903309de78dda8d11e4c4163e0c9e5936ae,ok
survey-demo,B0788,customer-0394,1,2026-08-01T12:00:00.000000Z,2026-08-01T12:00:00.000000Z,2026-08-01T12:00:00.000000Z,NPS,1,onboarding,Comentário inteiramente sintético.,event-B0788-v1,90203c8ad33a7470a962b57428ef7cff0f7ed3f7dc8695d2fcb7e389702362ca,ok
survey-demo,B0789,customer-0394,1,2026-08-01T12:00:00.000000Z,2026-08-01T12:00:00.000000Z,2026-08-01T12:00:00.000000Z,CSAT,3,service,Comentário inteiramente sintético.,event-B0789-v1,b65c5475cb486f90bd7ff91d60e6aede96a255086c9270b8272c021a27f299ea,ok
survey-demo,B0790,customer-0395,1,2026-08-01T12:00:00.000000Z,2026-08-01T12:00:00.000000Z,2026-08-01T12:00:00.000000Z,NPS,10,support,Comentário inteiramente sintético.,event-B0790-v1,f8b385d0e9a526d5a5e84a55728ef0ee448247cdeec3d1a170095105050a516e,ok
survey-demo,B0791,customer-0395,1,2026-08-01T12:00:00.000000Z,2026-08-01T12:00:00.000000Z,2026-08-01T12:00:00.000000Z,NPS,10,renewal,Comentário inteiramente sintético.,event-B0791-v1,b76935d2c2fa8411874c0ef64d861fdaf5945f2ef6d33625bb10c0766fef44cc,ok
survey-demo,B0792,customer-0396,2,2026-08-03T12:00:00.000000Z,2026-08-01T12:00:00.000000Z,2026-08-01T12:00:00.000000Z,CSAT,5,onboarding,Comentário inteiramente sintético.,event-B0792-v2,3a221f33e14041a718eedde9dcdf5b4f9c42b2c828f57419b79444d283cf27af,ok
survey-demo,B0793,customer-0396,1,2026-08-01T12:00:00.000000Z,2026-08-01T12:00:00.000000Z,2026-08-01T12:00:00.000000Z,NPS,1,service,Comentário inteiramente sintético.,event-B0793-v1,7b0e24c0c6e0ea442f0badbd59f262e5f647d1d32e4499e8cec74247d74b2a43,ok
survey-demo,B0794,customer-0397,1,2026-08-01T12:00:00.000000Z,2026-08-01T12:00:00.000000Z,2026-08-01T12:00:00.000000Z,NPS,4,support,Comentário inteiramente sintético.,event-B0794-v1,4d71a77d5f8b556871f18012961fa9daf3ed52f871461e18d7330ec96c1f5624,ok
survey-demo,B0795,customer-0397,1,2026-08-01T12:00:00.000000Z,2026-08-01T12:00:00.000000Z,2026-08-01T12:00:00.000000Z,CSAT,1,renewal,Comentário inteiramente sintético.,event-B0795-v1,9c8caeef0a68a2c72f3ccbe16f2a53aaaccaccb7d2ed5b6c1aa8b311b66f1ec1,ok
survey-demo,B0796,customer-0398,1,2026-08-01T12:00:00.000000Z,2026-08-01T12:00:00.000000Z,2026-08-01T12:00:00.000000Z,NPS,1,onboarding,Comentário inteiramente sintético.,event-B0796-v1,6e75602feecc22cc7a4c7298f32683585ccc071150c6fecfdec8f764182eb562,ok
survey-demo,B0797,customer-0398,1,2026-08-01T12:00:00.000000Z,2026-08-01T12:00:00.000000Z,2026-08-01T12:00:00.000000Z,NPS,2,service,Comentário inteiramente sintético.,event-B0797-v1,35cdee5e6131d6d0ecafcfb7280949c0e876336dea2b582a8812dbbcf67d49a2,ok
survey-demo,B0798,customer-0399,1,2026-08-01T12:00:00.000000Z,2026-08-01T12:00:00.000000Z,2026-08-01T12:00:00.000000Z,CSAT,5,support,Comentário inteiramente sintético.,event-B0798-v1,7bde4120025ac2566b6ce5b2f6731ef7b69bf2acdf96af6fbb66345aeea47e5e,ok
survey-demo,B0799,customer-0399,1,2026-08-01T12:00:00.000000Z,2026-08-01T12:00:00.000000Z,2026-08-01T12:00:00.000000Z,NPS,5,renewal,Comentário inteiramente sintético.,event-B0799-v1,f3ea221d086038b6c87fc3dbd8bdd0525c100218eca2b5a6d9c482443aa30fe4,ok
survey-demo,B0800,customer-0400,2,2026-08-03T12:00:00.000000Z,2026-08-01T12:00:00.000000Z,2026-08-01T12:00:00.000000Z,NPS,2,onboarding,Comentário inteiramente sintético.,event-B0800-v2,d804c83b08d61996bd2a686949c0b417c2bee9f751499fedb2b755eef308dc30,ok
survey-demo,B0801,customer-0400,1,2026-08-01T12:00:00.000000Z,2026-08-01T12:00:00.000000Z,2026-08-01T12:00:00.000000Z,CSAT,1,service,Comentário inteiramente sintético.,event-B0801-v1,9feadef6d2307f74eb33a0ce835359a43d1cff8a75e211f4b120d0124e133c2f,ok
survey-demo,B0802,customer-0401,1,2026-08-01T12:00:00.000000Z,2026-08-01T12:00:00.000000Z,2026-08-01T12:00:00.000000Z,NPS,4,support,Comentário inteiramente sintético.,event-B0802-v1,ee8c5d0a0a6866fedf164dddb1aeb4c37792a0c98357a10afbe5a7a06cb822bf,ok
survey-demo,B0803,customer-0401,1,2026-08-01T12:00:00.000000Z,2026-08-01T12:00:00.000000Z,2026-08-01T12:00:00.000000Z,NPS,7,renewal,Comentário inteiramente sintético.,event-B0803-v1,9eb8959954c92a61aec134f7d636c6dd83c7f8e6f49d65b0345fe3b646034c4c,ok
survey-demo,B0804,customer-0402,1,2026-08-01T12:00:00.000000Z,2026-08-01T12:00:00.000000Z,2026-08-01T12:00:00.000000Z,CSAT,1,onboarding,Comentário inteiramente sintético.,event-B0804-v1,16038e9acd9b722b7d9c7b4fe03b062ccf2dfe8ec03710f38d66ca83a7d20406,ok
survey-demo,B0805,customer-0402,1,2026-08-01T12:00:00.000000Z,2026-08-01T12:00:00.000000Z,2026-08-01T12:00:00.000000Z,NPS,5,service,Comentário inteiramente sintético.,event-B0805-v1,31a67f1bb444a7816216ccf9160669dfc7a7b9369b8f4098fb5b7330938fc443,ok
survey-demo,B0806,customer-0403,1,2026-08-01T12:00:00.000000Z,2026-08-01T12:00:00.000000Z,2026-08-01T12:00:00.000000Z,NPS,0,support,Comentário inteiramente sintético.,event-B0806-v1,c5d646b2e07a996f0a9db03aeb77cf42af6b41a613388264ea62b805a7a35499,ok
survey-demo,B0807,customer-0403,1,2026-08-01T12:00:00.000000Z,2026-08-01T12:00:00.000000Z,2026-08-01T12:00:00.000000Z,CSAT,5,renewal,Comentário inteiramente sintético.,event-B0807-v1,9dcb534f2c83be4f6b3628b10fbe54e7f899eb883e9c45aeb0fb3594675a9a6f,ok
survey-demo,B0808,customer-0404,2,2026-08-03T12:00:00.000000Z,2026-08-01T12:00:00.000000Z,2026-08-01T12:00:00.000000Z,NPS,10,onboarding,Comentário inteiramente sintético.,event-B0808-v2,43d1f94fa93804944a12c7bd7767cb5505ebb56c6caf9b10066265bbf2091502,ok
survey-demo,B0809,customer-0404,1,2026-08-01T12:00:00.000000Z,2026-08-01T12:00:00.000000Z,2026-08-01T12:00:00.000000Z,NPS,0,service,Comentário inteiramente sintético.,event-B0809-v1,0d79ada830d426a4f1046828ce56ab8e7ea2b72f0cf2ed02cda5eda4ce87ca43,ok
survey-demo,B0810,customer-0405,1,2026-08-01T12:00:00.000000Z,2026-08-01T12:00:00.000000Z,2026-08-01T12:00:00.000000Z,CSAT,3,support,Comentário inteiramente sintético.,event-B0810-v1,ec6c4942118c502bc304c7f5ac910dc71aa0f91a87241bc8f66328c663cf5bf2,ok
survey-demo,B0811,customer-0405,1,2026-08-01T12:00:00.000000Z,2026-08-01T12:00:00.000000Z,2026-08-01T12:00:00.000000Z,NPS,3,renewal,Comentário inteiramente sintético.,event-B0811-v1,176f0b083a4e8a15efdcf058c84bb6dbc470b9ac2cc30866fee5907a57797765,ok
survey-demo,B0812,customer-0406,1,2026-08-01T12:00:00.000000Z,2026-08-01T12:00:00.000000Z,2026-08-01T12:00:00.000000Z,NPS,9,onboarding,Comentário inteiramente sintético.,event-B0812-v1,24891d074ee414ef3c84a15332e4b658fbd6d7f355553db4d5bf0f17a5089513,ok
survey-demo,B0813,customer-0406,1,2026-08-01T12:00:00.000000Z,2026-08-01T12:00:00.000000Z,2026-08-01T12:00:00.000000Z,CSAT,4,service,Comentário inteiramente sintético.,event-B0813-v1,4551d47821056ff94638cf4e04782b9f053a0f5ed5407f23ce82c9f544c5c1ff,ok
survey-demo,B0814,customer-0407,1,2026-08-01T12:00:00.000000Z,2026-08-01T12:00:00.000000Z,2026-08-01T12:00:00.000000Z,NPS,8,support,Comentário inteiramente sintético.,event-B0814-v1,020659fc166373fa48e45a57303222a2b2b1650f1f52752744d31087fed89697,ok
survey-demo,B0815,customer-0407,1,2026-08-01T12:00:00.000000Z,2026-08-01T12:00:00.000000Z,2026-08-01T12:00:00.000000Z,NPS,4,renewal,Comentário inteiramente sintético.,event-B0815-v1,25558898470ce4492e383814b1e4cd13018f9f8d286ba77a81443be90322cd0f,ok
survey-demo,B0816,customer-0408,2,2026-08-03T12:00:00.000000Z,2026-08-01T12:00:00.000000Z,2026-08-01T12:00:00.000000Z,CSAT,4,onboarding,Comentário inteiramente sintético.,event-B0816-v2,dc3cc99a27f3e8d21c1497b2f6e225a330fcf4bb13e76b717e6a1239e4a319d9,ok
survey-demo,B0817,customer-0408,1,2026-08-01T12:00:00.000000Z,2026-08-01T12:00:00.000000Z,2026-08-01T12:00:00.000000Z,NPS,6,service,Comentário inteiramente sintético.,event-B0817-v1,e952376818b902b20092b89daa34bd7a3f6a356e20c60d3bc3c48ee34b708e30,ok
survey-demo,B0818,customer-0409,1,2026-08-01T12:00:00.000000Z,2026-08-01T12:00:00.000000Z,2026-08-01T12:00:00.000000Z,NPS,2,support,Comentário inteiramente sintético.,event-B0818-v1,d0848e05cf980ac1d7132c7093e611e778a22e5a745d07b19c1074e251ca1047,ok
survey-demo,B0819,customer-0409,1,2026-08-01T12:00:00.000000Z,2026-08-01T12:00:00.000000Z,2026-08-01T12:00:00.000000Z,CSAT,5,renewal,Comentário inteiramente sintético.,event-B0819-v1,d91e539bbf24a40ec114a3a10c17ba070c1b1d44211d4ad384b9f7637db396c0,ok
survey-demo,B0820,customer-0410,1,2026-08-01T12:00:00.000000Z,2026-08-01T12:00:00.000000Z,2026-08-01T12:00:00.000000Z,NPS,6,onboarding,Comentário inteiramente sintético.,event-B0820-v1,056673514f998cb1233181d3c9382606f48fb5bdf0d52d07f6f3d927949bde61,ok
survey-demo,B0821,customer-0410,1,2026-08-01T12:00:00.000000Z,2026-08-01T12:00:00.000000Z,2026-08-01T12:00:00.000000Z,NPS,2,service,Comentário inteiramente sintético.,event-B0821-v1,04a09634121a77af3a3752fef108e7089b6575d0bd0d52f5307dff19654212c2,ok
survey-demo,B0822,customer-0411,1,2026-08-01T12:00:00.000000Z,2026-08-01T12:00:00.000000Z,2026-08-01T12:00:00.000000Z,CSAT,5,support,Comentário inteiramente sintético.,event-B0822-v1,3286df1e6e279c04f8d12dd5df05db3e058b9424d3a7cdaa76e475c4d56349c5,ok
survey-demo,B0823,customer-0411,1,2026-08-01T12:00:00.000000Z,2026-08-01T12:00:00.000000Z,2026-08-01T12:00:00.000000Z,NPS,6,renewal,Comentário inteiramente sintético.,event-B0823-v1,d0804d4df30beebe3dc50f32954328a5794de16e12ac4d0a0f7c0ec006b75fb1,ok
survey-demo,B0824,customer-0412,2,2026-08-03T12:00:00.000000Z,2026-08-01T12:00:00.000000Z,2026-08-01T12:00:00.000000Z,NPS,2,onboarding,Comentário inteiramente sintético.,event-B0824-v2,cf302a4c483e4ee27707328afc789289e21a7cf9f99664f6156fdf94902d326d,ok
survey-demo,B0825,customer-0412,1,2026-08-01T12:00:00.000000Z,2026-08-01T12:00:00.000000Z,2026-08-01T12:00:00.000000Z,CSAT,2,service,Comentário inteiramente sintético.,event-B0825-v1,78f703f9ca304ff612bd01f2fa0dfcd5a109384773ad483715425d8f7d82afd3,ok
survey-demo,B0826,customer-0413,1,2026-08-01T12:00:00.000000Z,2026-08-01T12:00:00.000000Z,2026-08-01T12:00:00.000000Z,NPS,1,support,Comentário inteiramente sintético.,event-B0826-v1,fe07b08cbd7e3b3f2085d1194f8b0665e695f61f38a031190b1fc133763e6025,ok
survey-demo,B0827,customer-0413,1,2026-08-01T12:00:00.000000Z,2026-08-01T12:00:00.000000Z,2026-08-01T12:00:00.000000Z,NPS,4,renewal,Comentário inteiramente sintético.,event-B0827-v1,76d022ab296561a44e2023ee1c5fc63b48bbb247510d28bd25ede3ffda47b64b,ok
survey-demo,B0828,customer-0414,1,2026-08-01T12:00:00.000000Z,2026-08-01T12:00:00.000000Z,2026-08-01T12:00:00.000000Z,CSAT,5,onboarding,Comentário inteiramente sintético.,event-B0828-v1,6dbffb31d85c351f54669053033250bc660989fbc93cb4564cae214b54569a97,ok
survey-demo,B0829,customer-0414,1,2026-08-01T12:00:00.000000Z,2026-08-01T12:00:00.000000Z,2026-08-01T12:00:00.000000Z,NPS,4,service,Comentário inteiramente sintético.,event-B0829-v1,dfaf18790d70d990aa640932229c87f46e03917fe8df73e87722b60805655d4e,ok
survey-demo,B0830,customer-0415,1,2026-08-01T12:00:00.000000Z,2026-08-01T12:00:00.000000Z,2026-08-01T12:00:00.000000Z,NPS,3,support,Comentário inteiramente sintético.,event-B0830-v1,b6337f23211b6c242754ad20db2e504b7ccfa777d2d0cafe4e9f950392adc7ed,ok
survey-demo,B0831,customer-0415,1,2026-08-01T12:00:00.000000Z,2026-08-01T12:00:00.000000Z,2026-08-01T12:00:00.000000Z,CSAT,4,renewal,Comentário inteiramente sintético.,event-B0831-v1,ff6f6790aa4f6f6392b45a37f2083050512fb5c94321f90a0b38a9ded76322da,ok
survey-demo,B0832,customer-0416,2,2026-08-03T12:00:00.000000Z,2026-08-01T12:00:00.000000Z,2026-08-01T12:00:00.000000Z,NPS,2,onboarding,Comentário inteiramente sintético.,event-B0832-v2,c8679a67520e3bc6cc4fc9b7ed27a170e2fc9cf93812ffb594cd117255cc7508,ok
survey-demo,B0833,customer-0416,1,2026-08-01T12:00:00.000000Z,2026-08-01T12:00:00.000000Z,2026-08-01T12:00:00.000000Z,NPS,4,service,Comentário inteiramente sintético.,event-B0833-v1,c2a9fe8cd9c79cf880f983f54d950a4523b6d1c232dbe0651c0d0f5d1a5cb10a,ok
survey-demo,B0834,customer-0417,1,2026-08-01T12:00:00.000000Z,2026-08-01T12:00:00.000000Z,2026-08-01T12:00:00.000000Z,CSAT,3,support,Comentário inteiramente sintético.,event-B0834-v1,36d26cee970ba1bf4bd0d9e5d0b6b8957a91ffca2f29e98b1222553ef33844ab,ok
survey-demo,B0835,customer-0417,1,2026-08-01T12:00:00.000000Z,2026-08-01T12:00:00.000000Z,2026-08-01T12:00:00.000000Z,NPS,0,renewal,Comentário inteiramente sintético.,event-B0835-v1,f9b1bd3cda93da10f51c11d5bf87e384add31a4987b21672be7a40b1bdfcf622,ok
survey-demo,B0836,customer-0418,1,2026-08-01T12:00:00.000000Z,2026-08-01T12:00:00.000000Z,2026-08-01T12:00:00.000000Z,NPS,8,onboarding,Comentário inteiramente sintético.,event-B0836-v1,8d54fb627dd968503db9a438112c4d397b3a02138653f66345ec1341d4d65487,ok
survey-demo,B0837,customer-0418,1,2026-08-01T12:00:00.000000Z,2026-08-01T12:00:00.000000Z,2026-08-01T12:00:00.000000Z,CSAT,1,service,Comentário inteiramente sintético.,event-B0837-v1,183377969c2a9db1c91ac7876edf9474d932d81d27b17c43c255a31cd1b0b1d2,ok
survey-demo,B0838,customer-0419,1,2026-08-01T12:00:00.000000Z,2026-08-01T12:00:00.000000Z,2026-08-01T12:00:00.000000Z,NPS,10,support,Comentário inteiramente sintético.,event-B0838-v1,ebc930c62bb14adfeef67855e488c16b603dde81042a38f6e323c3eab051e3b1,ok
survey-demo,B0839,customer-0419,1,2026-08-01T12:00:00.000000Z,2026-08-01T12:00:00.000000Z,2026-08-01T12:00:00.000000Z,NPS,9,renewal,Comentário inteiramente sintético.,event-B0839-v1,67f0a010de76d6da8bca241584a378fc2230b4d6a8dd2bbcbfbf89c64f679116,ok
survey-demo,B0840,customer-0420,2,2026-08-03T12:00:00.000000Z,2026-08-01T12:00:00.000000Z,2026-08-01T12:00:00.000000Z,CSAT,2,onboarding,Comentário inteiramente sintético.,event-B0840-v2,c379477477967701e21d5ce4b2d933265d387e6462382d717a8c21ca5c0d1337,has_rejected_history
survey-demo,B0841,customer-0420,1,2026-08-01T12:00:00.000000Z,2026-08-01T12:00:00.000000Z,2026-08-01T12:00:00.000000Z,NPS,6,service,Comentário inteiramente sintético.,event-B0841-v1,dcb6387cc43cdd77d08e0071e7fee6b79779e5bea5953001ea686444dc5ef917,ok
survey-demo,B0842,customer-0421,1,2026-08-01T12:00:00.000000Z,2026-08-01T12:00:00.000000Z,2026-08-01T12:00:00.000000Z,NPS,4,support,Comentário inteiramente sintético.,event-B0842-v1,0524cf5dd050ff8d78ccead7c81b5631f692ac519dadb1e73d375f8f65bedfa2,ok
survey-demo,B0843,customer-0421,1,2026-08-01T12:00:00.000000Z,2026-08-01T12:00:00.000000Z,2026-08-01T12:00:00.000000Z,CSAT,2,renewal,Comentário inteiramente sintético.,event-B0843-v1,094f7a28679603d8e89485d6356b3a4d7c9048388d39742c95f65fef9ba77104,ok
survey-demo,B0844,customer-0422,1,2026-08-01T12:00:00.000000Z,2026-08-01T12:00:00.000000Z,2026-08-01T12:00:00.000000Z,NPS,8,onboarding,Comentário inteiramente sintético.,event-B0844-v1,ee0ae662f67aebe2c58120467a0e3ba0c4e51ab0b1a6e0b44e06ab3db0762598,ok
survey-demo,B0845,customer-0422,1,2026-08-01T12:00:00.000000Z,2026-08-01T12:00:00.000000Z,2026-08-01T12:00:00.000000Z,NPS,9,service,Comentário inteiramente sintético.,event-B0845-v1,bfd41e63ee3a9bf56a5c67cdbcb246822d1b42cd108a43864d6c04ce5d511d8b,ok
survey-demo,B0846,customer-0423,1,2026-08-01T12:00:00.000000Z,2026-08-01T12:00:00.000000Z,2026-08-01T12:00:00.000000Z,CSAT,4,support,Comentário inteiramente sintético.,event-B0846-v1,b09835d9fb5e9b85cbbe5991b06081bb726ccc123fb6c90e59174a5e66096713,ok
survey-demo,B0847,customer-0423,1,2026-08-01T12:00:00.000000Z,2026-08-01T12:00:00.000000Z,2026-08-01T12:00:00.000000Z,NPS,1,renewal,Comentário inteiramente sintético.,event-B0847-v1,53e0b7d9e933e737dcfe332d6c6e256778851d78be25f38a5d863427b9746b17,ok
survey-demo,B0848,customer-0424,2,2026-08-03T12:00:00.000000Z,2026-08-01T12:00:00.000000Z,2026-08-01T12:00:00.000000Z,NPS,3,onboarding,Comentário inteiramente sintético.,event-B0848-v2,93f4cb4b02b59cabfb47d3ee6e1afcde8d96ca97c4b8d4706e918e1a19f2af4e,ok
survey-demo,B0849,customer-0424,1,2026-08-01T12:00:00.000000Z,2026-08-01T12:00:00.000000Z,2026-08-01T12:00:00.000000Z,CSAT,1,service,Comentário inteiramente sintético.,event-B0849-v1,09cce894ed94207c7014179b70bd6aac1b3d8ac938f429eb0cd9d2ff9c320b58,ok
survey-demo,B0850,customer-0425,1,2026-08-01T12:00:00.000000Z,2026-08-01T12:00:00.000000Z,2026-08-01T12:00:00.000000Z,NPS,1,support,Comentário inteiramente sintético.,event-B0850-v1,1ff0e5eed7ea939f4e1b3d34361beb460cdcd5d01db2f453f53a0dc2fc3d8758,ok
survey-demo,B0851,customer-0425,1,2026-08-01T12:00:00.000000Z,2026-08-01T12:00:00.000000Z,2026-08-01T12:00:00.000000Z,NPS,8,renewal,Comentário inteiramente sintético.,event-B0851-v1,6699f3ccb7f2fa6cc765bc6c84cb877faa25798c0271ec1db92c7e0d7b71e689,ok
survey-demo,B0852,customer-0426,1,2026-08-01T12:00:00.000000Z,2026-08-01T12:00:00.000000Z,2026-08-01T12:00:00.000000Z,CSAT,2,onboarding,Comentário inteiramente sintético.,event-B0852-v1,8f9cd6754884e01fb4f5e617c7c4276817a7fe65b55392a2522056cc9ef98654,ok
survey-demo,B0853,customer-0426,1,2026-08-01T12:00:00.000000Z,2026-08-01T12:00:00.000000Z,2026-08-01T12:00:00.000000Z,NPS,0,service,Comentário inteiramente sintético.,event-B0853-v1,4ae199168d72853a25e02108b0921dc35a603518975c783ac3e08731ebc716ec,ok
survey-demo,B0854,customer-0427,1,2026-08-01T12:00:00.000000Z,2026-08-01T12:00:00.000000Z,2026-08-01T12:00:00.000000Z,NPS,4,support,Comentário inteiramente sintético.,event-B0854-v1,0a2099df10652e2dd036c02661184e11cca68a5c60d89c8e3dd7ee5b34c2285e,ok
survey-demo,B0855,customer-0427,1,2026-08-01T12:00:00.000000Z,2026-08-01T12:00:00.000000Z,2026-08-01T12:00:00.000000Z,CSAT,4,renewal,Comentário inteiramente sintético.,event-B0855-v1,57c3fad229723f99297245008935f1c7830351b63d4bf68b71ad76781aa3c679,ok
survey-demo,B0856,customer-0428,2,2026-08-03T12:00:00.000000Z,2026-08-01T12:00:00.000000Z,2026-08-01T12:00:00.000000Z,NPS,2,onboarding,Comentário inteiramente sintético.,event-B0856-v2,ec8b6bf6d61c6a516ece1258b9749aa9472384726749dcf1e4458acc02b59932,ok
survey-demo,B0857,customer-0428,1,2026-08-01T12:00:00.000000Z,2026-08-01T12:00:00.000000Z,2026-08-01T12:00:00.000000Z,NPS,10,service,Comentário inteiramente sintético.,event-B0857-v1,d80daadbaf7a6f9be37dc5b074445cae75abb9ecc33bb9182e92506d18532229,ok
survey-demo,B0858,customer-0429,1,2026-08-01T12:00:00.000000Z,2026-08-01T12:00:00.000000Z,2026-08-01T12:00:00.000000Z,CSAT,4,support,Comentário inteiramente sintético.,event-B0858-v1,4423e74ed2ad5ce643cd3d5150eaf1ca53f200ffb4fc5a77c79182fa35677143,ok
survey-demo,B0859,customer-0429,1,2026-08-01T12:00:00.000000Z,2026-08-01T12:00:00.000000Z,2026-08-01T12:00:00.000000Z,NPS,6,renewal,Comentário inteiramente sintético.,event-B0859-v1,3d16bacbcc0ba036cdaec755f3917923027c8f11d4497980d773e6cd870242f4,ok
survey-demo,B0860,customer-0430,1,2026-08-01T12:00:00.000000Z,2026-08-01T12:00:00.000000Z,2026-08-01T12:00:00.000000Z,NPS,3,onboarding,Comentário inteiramente sintético.,event-B0860-v1,ffc57c97149437a071be30ac438bda929718f39b46a0fc68cc0e97806ae8da61,ok
survey-demo,B0861,customer-0430,1,2026-08-01T12:00:00.000000Z,2026-08-01T12:00:00.000000Z,2026-08-01T12:00:00.000000Z,CSAT,2,service,Comentário inteiramente sintético.,event-B0861-v1,19ec679ce5a4af991c8fab5d54208f41e4075468368387458d0a289dcf5accf7,ok
survey-demo,B0862,customer-0431,1,2026-08-01T12:00:00.000000Z,2026-08-01T12:00:00.000000Z,2026-08-01T12:00:00.000000Z,NPS,5,support,Comentário inteiramente sintético.,event-B0862-v1,ad166c3bd3af4104e5e79596e8e50828a48188b8d39416bdd74d97f5fdddbe2b,ok
survey-demo,B0863,customer-0431,1,2026-08-01T12:00:00.000000Z,2026-08-01T12:00:00.000000Z,2026-08-01T12:00:00.000000Z,NPS,5,renewal,Comentário inteiramente sintético.,event-B0863-v1,bfa5bef5aed6a98e90e5ab42665d241992785cd19d75105a24e27bf2b8a23227,ok
survey-demo,B0864,customer-0432,2,2026-08-03T12:00:00.000000Z,2026-08-01T12:00:00.000000Z,2026-08-01T12:00:00.000000Z,CSAT,5,onboarding,Comentário inteiramente sintético.,event-B0864-v2,8fc9700df5814390b5efdd48edafafc712b0bb3b4a0480d0f4c6fcb7e8a78daf,ok
survey-demo,B0865,customer-0432,1,2026-08-01T12:00:00.000000Z,2026-08-01T12:00:00.000000Z,2026-08-01T12:00:00.000000Z,NPS,10,service,Comentário inteiramente sintético.,event-B0865-v1,54032e8fa6f39dd7a4344a95581849962823797eef5fbd5e1ea917d588cbc53c,ok
survey-demo,B0866,customer-0433,1,2026-08-01T12:00:00.000000Z,2026-08-01T12:00:00.000000Z,2026-08-01T12:00:00.000000Z,NPS,5,support,Comentário inteiramente sintético.,event-B0866-v1,6317eefe099a127f06dfd87c72ef79eba00b605e38632b2211b08c21f058b3eb,ok
survey-demo,B0867,customer-0433,1,2026-08-01T12:00:00.000000Z,2026-08-01T12:00:00.000000Z,2026-08-01T12:00:00.000000Z,CSAT,1,renewal,Comentário inteiramente sintético.,event-B0867-v1,f925214fd1c4b189d299cc6b9ce0062d9d89de3a7307a642d8756adc4920c468,ok
survey-demo,B0868,customer-0434,1,2026-08-01T12:00:00.000000Z,2026-08-01T12:00:00.000000Z,2026-08-01T12:00:00.000000Z,NPS,1,onboarding,Comentário inteiramente sintético.,event-B0868-v1,75dcf673ef588accf0cd85b7eeace4b41dfda68a64ea33fd96b5fe316fb57a45,ok
survey-demo,B0869,customer-0434,1,2026-08-01T12:00:00.000000Z,2026-08-01T12:00:00.000000Z,2026-08-01T12:00:00.000000Z,NPS,5,service,Comentário inteiramente sintético.,event-B0869-v1,39cb3dbcff457fce42256e4949a909601d2415c3dd72e96dc11a01213180425b,ok
survey-demo,B0870,customer-0435,1,2026-08-01T12:00:00.000000Z,2026-08-01T12:00:00.000000Z,2026-08-01T12:00:00.000000Z,CSAT,2,support,Comentário inteiramente sintético.,event-B0870-v1,137c91f1f5d01559aacfdf80109278e563cb761ac880479e612d7f589f9d75df,ok
survey-demo,B0871,customer-0435,1,2026-08-01T12:00:00.000000Z,2026-08-01T12:00:00.000000Z,2026-08-01T12:00:00.000000Z,NPS,10,renewal,Comentário inteiramente sintético.,event-B0871-v1,94f420460e75013e3d10c652b31ee521ff568b4ee196200dcaa60096cf6bc98e,ok
survey-demo,B0872,customer-0436,2,2026-08-03T12:00:00.000000Z,2026-08-01T12:00:00.000000Z,2026-08-01T12:00:00.000000Z,NPS,10,onboarding,Comentário inteiramente sintético.,event-B0872-v2,4bc7018f29e26212aae624193cbe7fcfbb1d35d1d3aa0dad9e3d88fbfc407de5,ok
survey-demo,B0873,customer-0436,1,2026-08-01T12:00:00.000000Z,2026-08-01T12:00:00.000000Z,2026-08-01T12:00:00.000000Z,CSAT,5,service,Comentário inteiramente sintético.,event-B0873-v1,c66b4d7653c20b6b3eeb2ed7adf260f51bafaad3193280c3350c172c3c0cc3f4,ok
survey-demo,B0874,customer-0437,1,2026-08-01T12:00:00.000000Z,2026-08-01T12:00:00.000000Z,2026-08-01T12:00:00.000000Z,NPS,0,support,Comentário inteiramente sintético.,event-B0874-v1,24b06e3e9a22cbd6558d9a8f41e706e6824add24044972f52cd2016bfacc1623,ok
survey-demo,B0875,customer-0437,1,2026-08-01T12:00:00.000000Z,2026-08-01T12:00:00.000000Z,2026-08-01T12:00:00.000000Z,NPS,4,renewal,Comentário inteiramente sintético.,event-B0875-v1,9eb9c54f7ccd1e7fc121b60747a6e6dfaf2dc9bab7054886e146d651905b16b6,ok
survey-demo,B0876,customer-0438,1,2026-08-01T12:00:00.000000Z,2026-08-01T12:00:00.000000Z,2026-08-01T12:00:00.000000Z,CSAT,2,onboarding,Comentário inteiramente sintético.,event-B0876-v1,1c19a3eb415d2c32bfff83efc6939b2b2676f40ee04e48da7395623ba83b86d5,ok
survey-demo,B0877,customer-0438,1,2026-08-01T12:00:00.000000Z,2026-08-01T12:00:00.000000Z,2026-08-01T12:00:00.000000Z,NPS,5,service,Comentário inteiramente sintético.,event-B0877-v1,123568e76d0c239aea4fe422464cef71020cb27dcfd727361bb5bcc340f2be6f,ok
survey-demo,B0878,customer-0439,1,2026-08-01T12:00:00.000000Z,2026-08-01T12:00:00.000000Z,2026-08-01T12:00:00.000000Z,NPS,5,support,Comentário inteiramente sintético.,event-B0878-v1,d7a666a2e15c2993a5da065dc5df8a713f38d0b6d383896c3dc047a552be78c7,ok
survey-demo,B0879,customer-0439,1,2026-08-01T12:00:00.000000Z,2026-08-01T12:00:00.000000Z,2026-08-01T12:00:00.000000Z,CSAT,2,renewal,Comentário inteiramente sintético.,event-B0879-v1,b91ec82025428d8a3357485eec0a4f1ea32f87a9be589492e86e9d40d4ad51c4,ok
survey-demo,B0880,customer-0440,2,2026-08-03T12:00:00.000000Z,2026-08-01T12:00:00.000000Z,2026-08-01T12:00:00.000000Z,NPS,6,onboarding,Comentário inteiramente sintético.,event-B0880-v2,2b0d3accc58281a788f8b55e37054fc4482896f62c86eca37d73f97036c2fb40,ok
survey-demo,B0881,customer-0440,1,2026-08-01T12:00:00.000000Z,2026-08-01T12:00:00.000000Z,2026-08-01T12:00:00.000000Z,NPS,2,service,Comentário inteiramente sintético.,event-B0881-v1,954cde2ebf18d565daca18031e809a916943295381d7d7e9a4d11ffc963acce3,ok
survey-demo,B0882,customer-0441,1,2026-08-01T12:00:00.000000Z,2026-08-01T12:00:00.000000Z,2026-08-01T12:00:00.000000Z,CSAT,2,support,Comentário inteiramente sintético.,event-B0882-v1,e816cfe790c1fda8a536fd00d119104bc3c83b12164e1b041a4f0620797644d6,ok
survey-demo,B0883,customer-0441,1,2026-08-01T12:00:00.000000Z,2026-08-01T12:00:00.000000Z,2026-08-01T12:00:00.000000Z,NPS,8,renewal,Comentário inteiramente sintético.,event-B0883-v1,eb5245f4cdc0ba9665f7fd76e0aa4d05d8e3fb6bac1a44a8f65cf5b2ca603940,ok
survey-demo,B0884,customer-0442,1,2026-08-01T12:00:00.000000Z,2026-08-01T12:00:00.000000Z,2026-08-01T12:00:00.000000Z,NPS,3,onboarding,Comentário inteiramente sintético.,event-B0884-v1,92d82f1e504a50cc66f0444e33f5058fd7e537bf7003d0a74de21024641289f6,ok
survey-demo,B0885,customer-0442,1,2026-08-01T12:00:00.000000Z,2026-08-01T12:00:00.000000Z,2026-08-01T12:00:00.000000Z,CSAT,5,service,Comentário inteiramente sintético.,event-B0885-v1,1f310be169ab25001ef10e7cf305ea0522fa37e5712811fc9956cb26594fd70d,ok
survey-demo,B0886,customer-0443,1,2026-08-01T12:00:00.000000Z,2026-08-01T12:00:00.000000Z,2026-08-01T12:00:00.000000Z,NPS,9,support,Comentário inteiramente sintético.,event-B0886-v1,dcc07937ddc9bb960b6999f59b4250f12b566d48bbdb8cdd6f25ea2bdaf818e5,ok
survey-demo,B0887,customer-0443,1,2026-08-01T12:00:00.000000Z,2026-08-01T12:00:00.000000Z,2026-08-01T12:00:00.000000Z,NPS,3,renewal,Comentário inteiramente sintético.,event-B0887-v1,2986896182df9b3ad4b9b9b8b3206f033166cbae19697562502c7c4dc3a441fc,ok
survey-demo,B0888,customer-0444,2,2026-08-03T12:00:00.000000Z,2026-08-01T12:00:00.000000Z,2026-08-01T12:00:00.000000Z,CSAT,5,onboarding,Comentário inteiramente sintético.,event-B0888-v2,4ea844e77256bea33ff9d2131e76e002e1a42527486c0e1745da02f50d3a7f39,ok
survey-demo,B0889,customer-0444,1,2026-08-01T12:00:00.000000Z,2026-08-01T12:00:00.000000Z,2026-08-01T12:00:00.000000Z,NPS,1,service,Comentário inteiramente sintético.,event-B0889-v1,771c27c8f8a50944ff7b189481daddb61d8324dd0500f0ff69582ce0d29c91b3,ok
survey-demo,B0890,customer-0445,1,2026-08-01T12:00:00.000000Z,2026-08-01T12:00:00.000000Z,2026-08-01T12:00:00.000000Z,NPS,9,support,Comentário inteiramente sintético.,event-B0890-v1,648a519ce370da4a9ce5081fa938e26d249ba06f508cee52b8a9c25410123e2a,ok
survey-demo,B0891,customer-0445,1,2026-08-01T12:00:00.000000Z,2026-08-01T12:00:00.000000Z,2026-08-01T12:00:00.000000Z,CSAT,2,renewal,Comentário inteiramente sintético.,event-B0891-v1,f57d2baea6106ad5e01b82d1c8a14385d046e8029cf35229b1584fd80bad4c6b,ok
survey-demo,B0892,customer-0446,1,2026-08-01T12:00:00.000000Z,2026-08-01T12:00:00.000000Z,2026-08-01T12:00:00.000000Z,NPS,6,onboarding,Comentário inteiramente sintético.,event-B0892-v1,8366e54a770ead9c456c2285a58f8b707373f740c50619de22fef4efe0c28a47,ok
survey-demo,B0893,customer-0446,1,2026-08-01T12:00:00.000000Z,2026-08-01T12:00:00.000000Z,2026-08-01T12:00:00.000000Z,NPS,1,service,Comentário inteiramente sintético.,event-B0893-v1,b4090ae1bd87edaf55bb8d60aa0e2240e8e1516f34f618e27ba69b61e46e528b,ok
survey-demo,B0894,customer-0447,1,2026-08-01T12:00:00.000000Z,2026-08-01T12:00:00.000000Z,2026-08-01T12:00:00.000000Z,CSAT,1,support,Comentário inteiramente sintético.,event-B0894-v1,a89f48b299d2df72d92cf944fb0af6889b11c919431562416719f4ef1ff2ddd5,ok
survey-demo,B0895,customer-0447,1,2026-08-01T12:00:00.000000Z,2026-08-01T12:00:00.000000Z,2026-08-01T12:00:00.000000Z,NPS,6,renewal,Comentário inteiramente sintético.,event-B0895-v1,3e6b29940efc81e84e1b39cd0d8ca0e98eddb01663083cf6e5587435142baf35,ok
survey-demo,B0896,customer-0448,2,2026-08-03T12:00:00.000000Z,2026-08-01T12:00:00.000000Z,2026-08-01T12:00:00.000000Z,NPS,10,onboarding,Comentário inteiramente sintético.,event-B0896-v2,c8b6e15a9e3f6769701811d87f1d59bf6fc9ced7f05a5e3aded7cfacf387960c,ok
survey-demo,B0897,customer-0448,1,2026-08-01T12:00:00.000000Z,2026-08-01T12:00:00.000000Z,2026-08-01T12:00:00.000000Z,CSAT,3,service,Comentário inteiramente sintético.,event-B0897-v1,d2b2cbc53cb50ff07ec158777d858b4dac3886280353d9ab9ba5583311733fb9,ok
survey-demo,B0898,customer-0449,1,2026-08-01T12:00:00.000000Z,2026-08-01T12:00:00.000000Z,2026-08-01T12:00:00.000000Z,NPS,1,support,Comentário inteiramente sintético.,event-B0898-v1,a69f25d7b79b9525aa3102d3b5328315f7dcda24ae2c31e8b3dd9e88dbb54965,ok
survey-demo,B0899,customer-0449,1,2026-08-01T12:00:00.000000Z,2026-08-01T12:00:00.000000Z,2026-08-01T12:00:00.000000Z,NPS,6,renewal,Comentário inteiramente sintético.,event-B0899-v1,617fbd0c69940f7d0065c6f6df198a41f25c383376e6b6db535e983516ce0204,ok
survey-demo,B0900,customer-0450,1,2026-08-01T12:00:00.000000Z,2026-08-01T12:00:00.000000Z,2026-08-01T12:00:00.000000Z,CSAT,5,onboarding,Comentário inteiramente sintético.,event-B0900-v1,b79f3d011276ed1b75116d53e19040884d416c4e04b25e9644df07c04f5647d6,has_rejected_history
survey-demo,B0901,customer-0450,1,2026-08-01T12:00:00.000000Z,2026-08-01T12:00:00.000000Z,2026-08-01T12:00:00.000000Z,NPS,8,service,Comentário inteiramente sintético.,event-B0901-v1,cd0dfc8be6df83550cd08b3db8e5cb0b1af5dcadae97599b0a812aeb165d2872,ok
survey-demo,B0902,customer-0451,1,2026-08-01T12:00:00.000000Z,2026-08-01T12:00:00.000000Z,2026-08-01T12:00:00.000000Z,NPS,5,support,Comentário inteiramente sintético.,event-B0902-v1,5618840db693d98a49546b50d3a4f0fbf72ddd5402bd2d62c47fc26fee25393c,ok
survey-demo,B0903,customer-0451,1,2026-08-01T12:00:00.000000Z,2026-08-01T12:00:00.000000Z,2026-08-01T12:00:00.000000Z,CSAT,3,renewal,Comentário inteiramente sintético.,event-B0903-v1,34731a5d65659fc0314889c51044beed11a8874243ba4f51339fb1161a03370f,ok
survey-demo,B0904,customer-0452,2,2026-08-03T12:00:00.000000Z,2026-08-01T12:00:00.000000Z,2026-08-01T12:00:00.000000Z,NPS,1,onboarding,Comentário inteiramente sintético.,event-B0904-v2,fecda7e6268217199fbceca83b2449c105c01e9e54bf710d55ef3e050367cc64,ok
survey-demo,B0905,customer-0452,1,2026-08-01T12:00:00.000000Z,2026-08-01T12:00:00.000000Z,2026-08-01T12:00:00.000000Z,NPS,4,service,Comentário inteiramente sintético.,event-B0905-v1,f3da783202971b974496d9b571e4b238042432a28fd5806430147932846a416c,ok
survey-demo,B0906,customer-0453,1,2026-08-01T12:00:00.000000Z,2026-08-01T12:00:00.000000Z,2026-08-01T12:00:00.000000Z,CSAT,5,support,Comentário inteiramente sintético.,event-B0906-v1,1eacc164669ad1c2b35184db74281dd5636fee28ad338c787a46551d0c5ec67e,ok
survey-demo,B0907,customer-0453,1,2026-08-01T12:00:00.000000Z,2026-08-01T12:00:00.000000Z,2026-08-01T12:00:00.000000Z,NPS,2,renewal,Comentário inteiramente sintético.,event-B0907-v1,7464825182f49696f808be5b900672519151bd573eadadc05f3e8e353a1858a7,ok
survey-demo,B0908,customer-0454,1,2026-08-01T12:00:00.000000Z,2026-08-01T12:00:00.000000Z,2026-08-01T12:00:00.000000Z,NPS,0,onboarding,Comentário inteiramente sintético.,event-B0908-v1,31d2d46aa9686c18d8e6a3621ff226987912feb1a4644a2ca3603d3dd196f237,ok
survey-demo,B0909,customer-0454,1,2026-08-01T12:00:00.000000Z,2026-08-01T12:00:00.000000Z,2026-08-01T12:00:00.000000Z,CSAT,2,service,Comentário inteiramente sintético.,event-B0909-v1,0f45754bcf090e6d868386fd8676153707c544d3a10058fcbd1e9f7f0961ebd1,ok
survey-demo,B0910,customer-0455,1,2026-08-01T12:00:00.000000Z,2026-08-01T12:00:00.000000Z,2026-08-01T12:00:00.000000Z,NPS,5,support,Comentário inteiramente sintético.,event-B0910-v1,20aa7d5337818432af8064e27aadbca5408f6cf7259b587e60962110e896a2d9,ok
survey-demo,B0911,customer-0455,1,2026-08-01T12:00:00.000000Z,2026-08-01T12:00:00.000000Z,2026-08-01T12:00:00.000000Z,NPS,2,renewal,Comentário inteiramente sintético.,event-B0911-v1,4a89fa08897678d42a079d7e1ccb7d75ee4751ee7505d6b20c1398655b05edd6,ok
survey-demo,B0912,customer-0456,2,2026-08-03T12:00:00.000000Z,2026-08-01T12:00:00.000000Z,2026-08-01T12:00:00.000000Z,CSAT,2,onboarding,Comentário inteiramente sintético.,event-B0912-v2,50b85a1409b2f287b2dae36d0dc5ae7f75b37ebc6688503882a832e343e8d2af,ok
survey-demo,B0913,customer-0456,1,2026-08-01T12:00:00.000000Z,2026-08-01T12:00:00.000000Z,2026-08-01T12:00:00.000000Z,NPS,10,service,Comentário inteiramente sintético.,event-B0913-v1,af35346567f0f4cfcb1c03358e2c3d9ee5d0fb7f785feda1a91f759fa9f375ed,ok
survey-demo,B0914,customer-0457,1,2026-08-01T12:00:00.000000Z,2026-08-01T12:00:00.000000Z,2026-08-01T12:00:00.000000Z,NPS,4,support,Comentário inteiramente sintético.,event-B0914-v1,1f503e6f27e06c8a9defd5486f587b9683acb43d4a56ec8c1f2c23f3c388acaf,ok
survey-demo,B0915,customer-0457,1,2026-08-01T12:00:00.000000Z,2026-08-01T12:00:00.000000Z,2026-08-01T12:00:00.000000Z,CSAT,1,renewal,Comentário inteiramente sintético.,event-B0915-v1,aa4dd8dc0e0d342017ad66e047c04eb3d9289a7fcdfefaffd50d3fea7c062c97,ok
survey-demo,B0916,customer-0458,1,2026-08-01T12:00:00.000000Z,2026-08-01T12:00:00.000000Z,2026-08-01T12:00:00.000000Z,NPS,5,onboarding,Comentário inteiramente sintético.,event-B0916-v1,14ee1c548ce7ea0090d0bf5ed07f8922ef7ebdd2dddc18e31c2049fe46fda134,ok
survey-demo,B0917,customer-0458,1,2026-08-01T12:00:00.000000Z,2026-08-01T12:00:00.000000Z,2026-08-01T12:00:00.000000Z,NPS,7,service,Comentário inteiramente sintético.,event-B0917-v1,87835c07e035e5790135e03ccadb8e19549b683d13c941aef2263a08e43bcda6,ok
survey-demo,B0918,customer-0459,1,2026-08-01T12:00:00.000000Z,2026-08-01T12:00:00.000000Z,2026-08-01T12:00:00.000000Z,CSAT,1,support,Comentário inteiramente sintético.,event-B0918-v1,a7ec20d5b64c75d5cbd7a561d75b1df0286c15c4def8750677425614becb00a9,ok
survey-demo,B0919,customer-0459,1,2026-08-01T12:00:00.000000Z,2026-08-01T12:00:00.000000Z,2026-08-01T12:00:00.000000Z,NPS,5,renewal,Comentário inteiramente sintético.,event-B0919-v1,affc13c7bf15ed658ff07a5fec34e174ccdc279c7f5e07e7999b2c6539911768,ok
survey-demo,B0920,customer-0460,2,2026-08-03T12:00:00.000000Z,2026-08-01T12:00:00.000000Z,2026-08-01T12:00:00.000000Z,NPS,2,onboarding,Comentário inteiramente sintético.,event-B0920-v2,82020c84f5979a45f0fd5e6fd44ba2a7c41bf22d06259516b183e96bfd695123,ok
survey-demo,B0921,customer-0460,1,2026-08-01T12:00:00.000000Z,2026-08-01T12:00:00.000000Z,2026-08-01T12:00:00.000000Z,CSAT,4,service,Comentário inteiramente sintético.,event-B0921-v1,dae1feee2d369a7a1e913dbca3e6dc65c850f869b1f8827f87c819af690df815,ok
survey-demo,B0922,customer-0461,1,2026-08-01T12:00:00.000000Z,2026-08-01T12:00:00.000000Z,2026-08-01T12:00:00.000000Z,NPS,8,support,Comentário inteiramente sintético.,event-B0922-v1,9997ba40aec02aae58b265c9500b93695aa75f1599b1c2186559eea61b2778cc,ok
survey-demo,B0923,customer-0461,1,2026-08-01T12:00:00.000000Z,2026-08-01T12:00:00.000000Z,2026-08-01T12:00:00.000000Z,NPS,3,renewal,Comentário inteiramente sintético.,event-B0923-v1,2aef5bd840566affcf71c0da8602e5a9d5e3d479acbf7b34f6dc0bba720424bd,ok
survey-demo,B0924,customer-0462,1,2026-08-01T12:00:00.000000Z,2026-08-01T12:00:00.000000Z,2026-08-01T12:00:00.000000Z,CSAT,1,onboarding,Comentário inteiramente sintético.,event-B0924-v1,1890745792013b077998c6e8264c02ae3d3052381c4995e77f3adc14903d7c9d,ok
survey-demo,B0925,customer-0462,1,2026-08-01T12:00:00.000000Z,2026-08-01T12:00:00.000000Z,2026-08-01T12:00:00.000000Z,NPS,2,service,Comentário inteiramente sintético.,event-B0925-v1,32f6325b9ac4f6b359c2985ba8c0face339898d0c30995db8e277bc96800d4e4,ok
survey-demo,B0926,customer-0463,1,2026-08-01T12:00:00.000000Z,2026-08-01T12:00:00.000000Z,2026-08-01T12:00:00.000000Z,NPS,5,support,Comentário inteiramente sintético.,event-B0926-v1,5f28801a91615d3698ffa21c5845c465fd14169c23b3f7fe46424effd1dbe436,ok
survey-demo,B0927,customer-0463,1,2026-08-01T12:00:00.000000Z,2026-08-01T12:00:00.000000Z,2026-08-01T12:00:00.000000Z,CSAT,3,renewal,Comentário inteiramente sintético.,event-B0927-v1,0c6bda19650fcfcb8b7ef5bd2309e2f7186e63c22decc9d03ffcafdc442c93ee,ok
survey-demo,B0928,customer-0464,2,2026-08-03T12:00:00.000000Z,2026-08-01T12:00:00.000000Z,2026-08-01T12:00:00.000000Z,NPS,9,onboarding,Comentário inteiramente sintético.,event-B0928-v2,333b5f5246c5223e1eb3b332eb7abd42efced86d1cb823b2e8e9e017486b5727,ok
survey-demo,B0929,customer-0464,1,2026-08-01T12:00:00.000000Z,2026-08-01T12:00:00.000000Z,2026-08-01T12:00:00.000000Z,NPS,4,service,Comentário inteiramente sintético.,event-B0929-v1,a3dee9878ed447ba29038004097cbd15a2f2d9a6699eab2980945aaa0e0b8ecb,ok
survey-demo,B0930,customer-0465,1,2026-08-01T12:00:00.000000Z,2026-08-01T12:00:00.000000Z,2026-08-01T12:00:00.000000Z,CSAT,2,support,Comentário inteiramente sintético.,event-B0930-v1,6058a2c1c8fa8063ab07ad6c5662f3867aabc0472b2bac94717f6eaefc575197,ok
survey-demo,B0931,customer-0465,1,2026-08-01T12:00:00.000000Z,2026-08-01T12:00:00.000000Z,2026-08-01T12:00:00.000000Z,NPS,2,renewal,Comentário inteiramente sintético.,event-B0931-v1,622de09786864fb4476eb786e364ec8e4198bc59cb8d575ba1c81875380cba2b,ok
survey-demo,B0932,customer-0466,1,2026-08-01T12:00:00.000000Z,2026-08-01T12:00:00.000000Z,2026-08-01T12:00:00.000000Z,NPS,2,onboarding,Comentário inteiramente sintético.,event-B0932-v1,33f1678d466fdb4a0be7b7c89f59f1dbb571f33ccf4dac096777a705626bbac2,ok
survey-demo,B0933,customer-0466,1,2026-08-01T12:00:00.000000Z,2026-08-01T12:00:00.000000Z,2026-08-01T12:00:00.000000Z,CSAT,4,service,Comentário inteiramente sintético.,event-B0933-v1,1ae3720f3b27db002bd52cbd901adc827a541284c5803764635de82d88788453,ok
survey-demo,B0934,customer-0467,1,2026-08-01T12:00:00.000000Z,2026-08-01T12:00:00.000000Z,2026-08-01T12:00:00.000000Z,NPS,2,support,Comentário inteiramente sintético.,event-B0934-v1,027cf44ae6b8f2bcd1179640a2987c2c27427b6172a2c6f034e80532f195bc10,ok
survey-demo,B0935,customer-0467,1,2026-08-01T12:00:00.000000Z,2026-08-01T12:00:00.000000Z,2026-08-01T12:00:00.000000Z,NPS,0,renewal,Comentário inteiramente sintético.,event-B0935-v1,8c5b1384f11f7a3355c37f06932a261183e57de9887deb6408e3167c12056fa4,ok
survey-demo,B0936,customer-0468,2,2026-08-03T12:00:00.000000Z,2026-08-01T12:00:00.000000Z,2026-08-01T12:00:00.000000Z,CSAT,2,onboarding,Comentário inteiramente sintético.,event-B0936-v2,9c81f20b077bd8847479022a3921a91e662ce89d753c635721bb2ea5f0987b43,ok
survey-demo,B0937,customer-0468,1,2026-08-01T12:00:00.000000Z,2026-08-01T12:00:00.000000Z,2026-08-01T12:00:00.000000Z,NPS,9,service,Comentário inteiramente sintético.,event-B0937-v1,cf3f3e33545e3863db0c5183fe6139ffcfc3f5c6d9e4f0dcc8786fc0c56e204a,ok
survey-demo,B0938,customer-0469,1,2026-08-01T12:00:00.000000Z,2026-08-01T12:00:00.000000Z,2026-08-01T12:00:00.000000Z,NPS,4,support,Comentário inteiramente sintético.,event-B0938-v1,859c6ea1612980189d0446022d013685e35e9e679fdedf92fca2a251813a94f0,ok
survey-demo,B0939,customer-0469,1,2026-08-01T12:00:00.000000Z,2026-08-01T12:00:00.000000Z,2026-08-01T12:00:00.000000Z,CSAT,1,renewal,Comentário inteiramente sintético.,event-B0939-v1,b8d72bbccb0c599a8137dc439b54eb21d6258c23a8a6f422bfbaef4d796f1e3f,ok
survey-demo,B0940,customer-0470,1,2026-08-01T12:00:00.000000Z,2026-08-01T12:00:00.000000Z,2026-08-01T12:00:00.000000Z,NPS,5,onboarding,Comentário inteiramente sintético.,event-B0940-v1,f0907732a09e04a2d46fd338a64cff2b459d12bd3d9a7c7f2b7c7cf1499e00c8,ok
survey-demo,B0941,customer-0470,1,2026-08-01T12:00:00.000000Z,2026-08-01T12:00:00.000000Z,2026-08-01T12:00:00.000000Z,NPS,5,service,Comentário inteiramente sintético.,event-B0941-v1,1e8ac1d05f8e5ef551a5fd97c64f752e007d4c0f2a9b37b06f3274c1bd5ecac3,ok
survey-demo,B0942,customer-0471,1,2026-08-01T12:00:00.000000Z,2026-08-01T12:00:00.000000Z,2026-08-01T12:00:00.000000Z,CSAT,2,support,Comentário inteiramente sintético.,event-B0942-v1,180a9caf5c3e888a2e15dee1f996bb457c3aebddebd2ef8f76b3d359d8a242f4,ok
survey-demo,B0943,customer-0471,1,2026-08-01T12:00:00.000000Z,2026-08-01T12:00:00.000000Z,2026-08-01T12:00:00.000000Z,NPS,5,renewal,Comentário inteiramente sintético.,event-B0943-v1,90fa42cc1f4de3e43d261f7044c62b51d21c99074caf6c1fa4935a841a81635c,ok
survey-demo,B0944,customer-0472,2,2026-08-03T12:00:00.000000Z,2026-08-01T12:00:00.000000Z,2026-08-01T12:00:00.000000Z,NPS,3,onboarding,Comentário inteiramente sintético.,event-B0944-v2,a086b02284bed886cff252568c5aea9b8942c212796bb9e45da58f817921b073,ok
survey-demo,B0945,customer-0472,1,2026-08-01T12:00:00.000000Z,2026-08-01T12:00:00.000000Z,2026-08-01T12:00:00.000000Z,CSAT,5,service,Comentário inteiramente sintético.,event-B0945-v1,e3bbe22875c69cad6f522841bd530ae28d3bc57ca193274f5110b7eb105d0904,ok
survey-demo,B0946,customer-0473,1,2026-08-01T12:00:00.000000Z,2026-08-01T12:00:00.000000Z,2026-08-01T12:00:00.000000Z,NPS,4,support,Comentário inteiramente sintético.,event-B0946-v1,1233696d0ef8332b2b293782c8726a5411d77125b00cb8ccc20bb6f62e84a1bd,ok
survey-demo,B0947,customer-0473,1,2026-08-01T12:00:00.000000Z,2026-08-01T12:00:00.000000Z,2026-08-01T12:00:00.000000Z,NPS,2,renewal,Comentário inteiramente sintético.,event-B0947-v1,2445f512eae969ee519326a5aae1a6b3fd3332bba3cfaa9801ad2962e81cbd00,ok
survey-demo,B0948,customer-0474,1,2026-08-01T12:00:00.000000Z,2026-08-01T12:00:00.000000Z,2026-08-01T12:00:00.000000Z,CSAT,2,onboarding,Comentário inteiramente sintético.,event-B0948-v1,8f54a3decb197ead61cb5b80e8acd3b1b0b2067151b747988dd11517522be55d,ok
survey-demo,B0949,customer-0474,1,2026-08-01T12:00:00.000000Z,2026-08-01T12:00:00.000000Z,2026-08-01T12:00:00.000000Z,NPS,9,service,Comentário inteiramente sintético.,event-B0949-v1,9a1ff760f1e02974e257706bc65bd2bb0b76f975d5ab6a505f8d4d46f6907936,ok
survey-demo,B0950,customer-0475,1,2026-08-01T12:00:00.000000Z,2026-08-01T12:00:00.000000Z,2026-08-01T12:00:00.000000Z,NPS,7,support,Comentário inteiramente sintético.,event-B0950-v1,3fe5f76f71375e246a425fd0d034b6937cca697a509a87bb42e8200e02380087,ok
survey-demo,B0951,customer-0475,1,2026-08-01T12:00:00.000000Z,2026-08-01T12:00:00.000000Z,2026-08-01T12:00:00.000000Z,CSAT,3,renewal,Comentário inteiramente sintético.,event-B0951-v1,86589f7b79565b2f8cd51ba3e8418c7a70ce3325bb0f8553b4a74edfd636a9a9,ok
survey-demo,B0952,customer-0476,2,2026-08-03T12:00:00.000000Z,2026-08-01T12:00:00.000000Z,2026-08-01T12:00:00.000000Z,NPS,10,onboarding,Comentário inteiramente sintético.,event-B0952-v2,181f0414b4291818af862c04b7dd9ca55d6e791b2dc691bb80c35ddc2e0c47a6,ok
survey-demo,B0953,customer-0476,1,2026-08-01T12:00:00.000000Z,2026-08-01T12:00:00.000000Z,2026-08-01T12:00:00.000000Z,NPS,10,service,Comentário inteiramente sintético.,event-B0953-v1,4ef338c31e16c3b55e8a8cee49bf965fbe04c85e985f5276b2f6ca0ca4437bf3,ok
survey-demo,B0954,customer-0477,1,2026-08-01T12:00:00.000000Z,2026-08-01T12:00:00.000000Z,2026-08-01T12:00:00.000000Z,CSAT,2,support,Comentário inteiramente sintético.,event-B0954-v1,1977062596134aa92c01db577c2f728ef4fb216b12be9627379cea94492c4f71,ok
survey-demo,B0955,customer-0477,1,2026-08-01T12:00:00.000000Z,2026-08-01T12:00:00.000000Z,2026-08-01T12:00:00.000000Z,NPS,1,renewal,Comentário inteiramente sintético.,event-B0955-v1,e4966523c71b28e8a777be5e01c3edfbbcd70c58d856dc5474f622ae7dc2af14,ok
survey-demo,B0956,customer-0478,1,2026-08-01T12:00:00.000000Z,2026-08-01T12:00:00.000000Z,2026-08-01T12:00:00.000000Z,NPS,9,onboarding,Comentário inteiramente sintético.,event-B0956-v1,516ca7bc27e0d6bf71bace21d9557be7062246a4d428f4a4e8df02d5e5db9a65,ok
survey-demo,B0957,customer-0478,1,2026-08-01T12:00:00.000000Z,2026-08-01T12:00:00.000000Z,2026-08-01T12:00:00.000000Z,CSAT,5,service,Comentário inteiramente sintético.,event-B0957-v1,6ea390c1f3315eab03d850ce36bd77671197b208104c43952a80aa4e398f9450,ok
survey-demo,B0958,customer-0479,1,2026-08-01T12:00:00.000000Z,2026-08-01T12:00:00.000000Z,2026-08-01T12:00:00.000000Z,NPS,9,support,Comentário inteiramente sintético.,event-B0958-v1,0ec06e9703c71317e7f96732d55016ac5794d9b401071918977ddafe72fc7c5e,ok
survey-demo,B0959,customer-0479,1,2026-08-01T12:00:00.000000Z,2026-08-01T12:00:00.000000Z,2026-08-01T12:00:00.000000Z,NPS,1,renewal,Comentário inteiramente sintético.,event-B0959-v1,6b06b3260491cf82472ac8f4655117ac06a6bbc532ac5990a470532e125557f5,ok
survey-demo,B0960,customer-0480,2,2026-08-03T12:00:00.000000Z,2026-08-01T12:00:00.000000Z,2026-08-01T12:00:00.000000Z,CSAT,2,onboarding,Comentário inteiramente sintético.,event-B0960-v2,9bbccae943017cc738ee99c430f4eccd156a67f5327ea78e0be3ae59cb98d186,has_rejected_history
survey-demo,B0961,customer-0480,1,2026-08-01T12:00:00.000000Z,2026-08-01T12:00:00.000000Z,2026-08-01T12:00:00.000000Z,NPS,6,service,Comentário inteiramente sintético.,event-B0961-v1,2377b8aacc0194c89a3112fe88854094d3b165522b05d19befff1af30fced31f,ok
survey-demo,B0962,customer-0481,1,2026-08-01T12:00:00.000000Z,2026-08-01T12:00:00.000000Z,2026-08-01T12:00:00.000000Z,NPS,10,support,Comentário inteiramente sintético.,event-B0962-v1,8c562a04002e6b7f709fd2ff8cf6da7278b7378ededd64837b562d9a0c240773,ok
survey-demo,B0963,customer-0481,1,2026-08-01T12:00:00.000000Z,2026-08-01T12:00:00.000000Z,2026-08-01T12:00:00.000000Z,CSAT,4,renewal,Comentário inteiramente sintético.,event-B0963-v1,225442a981dac0dd5f7ba1080600c39035eac7163a4586d587a3f4a43954a99e,ok
survey-demo,B0964,customer-0482,1,2026-08-01T12:00:00.000000Z,2026-08-01T12:00:00.000000Z,2026-08-01T12:00:00.000000Z,NPS,0,onboarding,Comentário inteiramente sintético.,event-B0964-v1,8f519ade16fb10d3964c24bebc0feb3989b747b78846546aa36936c1f96d9bf7,ok
survey-demo,B0965,customer-0482,1,2026-08-01T12:00:00.000000Z,2026-08-01T12:00:00.000000Z,2026-08-01T12:00:00.000000Z,NPS,0,service,Comentário inteiramente sintético.,event-B0965-v1,265bdd7d1237a5d5259d3708179ec4a95c917819bfe52f8a1d0635b4792dbbe7,ok
survey-demo,B0966,customer-0483,1,2026-08-01T12:00:00.000000Z,2026-08-01T12:00:00.000000Z,2026-08-01T12:00:00.000000Z,CSAT,5,support,Comentário inteiramente sintético.,event-B0966-v1,bbe8031a2f4419e35a203503143f343d47dadb3f571b0b3c80e9fa9a6bbc297d,ok
survey-demo,B0967,customer-0483,1,2026-08-01T12:00:00.000000Z,2026-08-01T12:00:00.000000Z,2026-08-01T12:00:00.000000Z,NPS,5,renewal,Comentário inteiramente sintético.,event-B0967-v1,030f4f44e68aeca42312c04d7b2228cefcc9585251bdacaa30b6c474b1aa7aa7,ok
survey-demo,B0968,customer-0484,2,2026-08-03T12:00:00.000000Z,2026-08-01T12:00:00.000000Z,2026-08-01T12:00:00.000000Z,NPS,10,onboarding,Comentário inteiramente sintético.,event-B0968-v2,7377a8fc97bd37289d44ab729572b5a8933d1b796067ab30090c4e12fac609e4,ok
survey-demo,B0969,customer-0484,1,2026-08-01T12:00:00.000000Z,2026-08-01T12:00:00.000000Z,2026-08-01T12:00:00.000000Z,CSAT,5,service,Comentário inteiramente sintético.,event-B0969-v1,88fe27e5e45338991e0bb85b0ddfccb560ca381c1fb3ef0f408f52519a622056,ok
survey-demo,B0970,customer-0485,1,2026-08-01T12:00:00.000000Z,2026-08-01T12:00:00.000000Z,2026-08-01T12:00:00.000000Z,NPS,7,support,Comentário inteiramente sintético.,event-B0970-v1,f0321b56037a353a4ca6762f76905562b341149387a19034cd40eb7b8a4fcc44,ok
survey-demo,B0971,customer-0485,1,2026-08-01T12:00:00.000000Z,2026-08-01T12:00:00.000000Z,2026-08-01T12:00:00.000000Z,NPS,2,renewal,Comentário inteiramente sintético.,event-B0971-v1,ca78c68d9c515f60df9ee1437aef8e38326047bf5fbef21c1a34f950fad3161d,ok
survey-demo,B0972,customer-0486,1,2026-08-01T12:00:00.000000Z,2026-08-01T12:00:00.000000Z,2026-08-01T12:00:00.000000Z,CSAT,2,onboarding,Comentário inteiramente sintético.,event-B0972-v1,a73fc2be2b2bdb58c953430d333aaa80221aac968e6f6e6388f603d18a9f4fe1,ok
survey-demo,B0973,customer-0486,1,2026-08-01T12:00:00.000000Z,2026-08-01T12:00:00.000000Z,2026-08-01T12:00:00.000000Z,NPS,9,service,Comentário inteiramente sintético.,event-B0973-v1,a5455f37afcae0c28558e1e5c6fd59e726bedcc26abd5d9394812285f42b9d45,ok
survey-demo,B0974,customer-0487,1,2026-08-01T12:00:00.000000Z,2026-08-01T12:00:00.000000Z,2026-08-01T12:00:00.000000Z,NPS,6,support,Comentário inteiramente sintético.,event-B0974-v1,faef646e8dcd05a35230e8ebe5cf5291fffb77823d2cb849d01d2966a1343f24,ok
survey-demo,B0975,customer-0487,1,2026-08-01T12:00:00.000000Z,2026-08-01T12:00:00.000000Z,2026-08-01T12:00:00.000000Z,CSAT,3,renewal,Comentário inteiramente sintético.,event-B0975-v1,7cfba577bde29a95d23d09cd5a2d2ce95e973999cb0099ec454be4e80df5afa3,ok
survey-demo,B0976,customer-0488,2,2026-08-03T12:00:00.000000Z,2026-08-01T12:00:00.000000Z,2026-08-01T12:00:00.000000Z,NPS,10,onboarding,Comentário inteiramente sintético.,event-B0976-v2,065f1e97c568e09508f886a6164a28ff0c7d57530e2322133aa61fd7b345e7d8,ok
survey-demo,B0977,customer-0488,1,2026-08-01T12:00:00.000000Z,2026-08-01T12:00:00.000000Z,2026-08-01T12:00:00.000000Z,NPS,7,service,Comentário inteiramente sintético.,event-B0977-v1,2e40b8137ac3f84ddcc1721953e1d8e62bbec40690574149cdda0352bf93c078,ok
survey-demo,B0978,customer-0489,1,2026-08-01T12:00:00.000000Z,2026-08-01T12:00:00.000000Z,2026-08-01T12:00:00.000000Z,CSAT,4,support,Comentário inteiramente sintético.,event-B0978-v1,84555a765449a2884d7f4ea1e4288cc6a977d53c441f04fff3239bb98bc655ba,ok
survey-demo,B0979,customer-0489,1,2026-08-01T12:00:00.000000Z,2026-08-01T12:00:00.000000Z,2026-08-01T12:00:00.000000Z,NPS,9,renewal,Comentário inteiramente sintético.,event-B0979-v1,9aed541ef6578736f8078caf5acf0d80e615a43ce24e908c3530f144463e553c,ok
survey-demo,B0980,customer-0490,1,2026-08-01T12:00:00.000000Z,2026-08-01T12:00:00.000000Z,2026-08-01T12:00:00.000000Z,NPS,1,onboarding,Comentário inteiramente sintético.,event-B0980-v1,ce0054da930a1dfbd2721d0702bcf45082e794f8e1632d8d1de6b2a174f0657c,ok
survey-demo,B0981,customer-0490,1,2026-08-01T12:00:00.000000Z,2026-08-01T12:00:00.000000Z,2026-08-01T12:00:00.000000Z,CSAT,2,service,Comentário inteiramente sintético.,event-B0981-v1,c8e1779b26b510f99cba436cbeba347cc0f142243856a9201fb8d1c726cda8cf,ok
survey-demo,B0982,customer-0491,1,2026-08-01T12:00:00.000000Z,2026-08-01T12:00:00.000000Z,2026-08-01T12:00:00.000000Z,NPS,8,support,Comentário inteiramente sintético.,event-B0982-v1,35249ac78a234a2cb01c799f8cc9fb601f9b94b88ad3deee9492d4609609bcf4,ok
survey-demo,B0983,customer-0491,1,2026-08-01T12:00:00.000000Z,2026-08-01T12:00:00.000000Z,2026-08-01T12:00:00.000000Z,NPS,9,renewal,Comentário inteiramente sintético.,event-B0983-v1,9a75298d9a20061d3a5634d964d34618151bc064121574d3b005a2c847702d89,ok
survey-demo,B0984,customer-0492,2,2026-08-03T12:00:00.000000Z,2026-08-01T12:00:00.000000Z,2026-08-01T12:00:00.000000Z,CSAT,5,onboarding,Comentário inteiramente sintético.,event-B0984-v2,97ae1b55e0cc858066c4c1d845ef633d6dcf5117a49641de2e24cbca006411bf,ok
survey-demo,B0985,customer-0492,1,2026-08-01T12:00:00.000000Z,2026-08-01T12:00:00.000000Z,2026-08-01T12:00:00.000000Z,NPS,0,service,Comentário inteiramente sintético.,event-B0985-v1,ab04d0f673890cde7e37507cef163dba3890e93b63cd33a91c352e3e93b089a4,ok
survey-demo,B0986,customer-0493,1,2026-08-01T12:00:00.000000Z,2026-08-01T12:00:00.000000Z,2026-08-01T12:00:00.000000Z,NPS,10,support,Comentário inteiramente sintético.,event-B0986-v1,d660e41b479edba6c20236e7439045113b5f2ec67f980bd18dc8918b42176d79,ok
survey-demo,B0987,customer-0493,1,2026-08-01T12:00:00.000000Z,2026-08-01T12:00:00.000000Z,2026-08-01T12:00:00.000000Z,CSAT,1,renewal,Comentário inteiramente sintético.,event-B0987-v1,2ff7d61b3da4d7bb4c155b958da60d1e39e6df01483db613faa2e76d170f156b,ok
survey-demo,B0988,customer-0494,1,2026-08-01T12:00:00.000000Z,2026-08-01T12:00:00.000000Z,2026-08-01T12:00:00.000000Z,NPS,10,onboarding,Comentário inteiramente sintético.,event-B0988-v1,a1f04614f6ffa83507a6ccfa4d0336c01a50951eeee7f2ccb86161583992b5c6,ok
survey-demo,B0989,customer-0494,1,2026-08-01T12:00:00.000000Z,2026-08-01T12:00:00.000000Z,2026-08-01T12:00:00.000000Z,NPS,1,service,Comentário inteiramente sintético.,event-B0989-v1,e0764a5103f3e991476f40fb2501be3d125381949ff5df3db34f1e38fce9cbe9,ok
survey-demo,B0990,customer-0495,1,2026-08-01T12:00:00.000000Z,2026-08-01T12:00:00.000000Z,2026-08-01T12:00:00.000000Z,CSAT,4,support,Comentário inteiramente sintético.,event-B0990-v1,3a2f505553c1b0a16b4e9b85f6ccc03efd9d3fe2bcaf7fb55f338240ca37d8f1,ok
survey-demo,B0991,customer-0495,1,2026-08-01T12:00:00.000000Z,2026-08-01T12:00:00.000000Z,2026-08-01T12:00:00.000000Z,NPS,0,renewal,Comentário inteiramente sintético.,event-B0991-v1,7a387c1eec420d95057a534b13b1d9c5c6aa71de46098ad1697919abdd5a471d,ok
survey-demo,B0992,customer-0496,2,2026-08-03T12:00:00.000000Z,2026-08-01T12:00:00.000000Z,2026-08-01T12:00:00.000000Z,NPS,10,onboarding,Comentário inteiramente sintético.,event-B0992-v2,bed7e831ce140806810e01a7e9c07cff2b0fdca8bfe6af9fe3cf318b0420cbe3,ok
survey-demo,B0993,customer-0496,1,2026-08-01T12:00:00.000000Z,2026-08-01T12:00:00.000000Z,2026-08-01T12:00:00.000000Z,CSAT,1,service,Comentário inteiramente sintético.,event-B0993-v1,5cd8cf97f38d18e70c414c01335d79d0605bb1fb9a304f9854b22ce99e478a19,ok
survey-demo,B0994,customer-0497,1,2026-08-01T12:00:00.000000Z,2026-08-01T12:00:00.000000Z,2026-08-01T12:00:00.000000Z,NPS,4,support,Comentário inteiramente sintético.,event-B0994-v1,7fd26c935fece014169f0c75f5529ad2bfca732297fc6ae232e08a3ec486491e,ok
survey-demo,B0995,customer-0497,1,2026-08-01T12:00:00.000000Z,2026-08-01T12:00:00.000000Z,2026-08-01T12:00:00.000000Z,NPS,3,renewal,Comentário inteiramente sintético.,event-B0995-v1,113a64a9337d562c023416fb78f398a6e3705d54780e07e279760859a855d679,ok
survey-demo,B0996,customer-0498,1,2026-08-01T12:00:00.000000Z,2026-08-01T12:00:00.000000Z,2026-08-01T12:00:00.000000Z,CSAT,2,onboarding,Comentário inteiramente sintético.,event-B0996-v1,b26b84f32e6177e2756a94a839dba0a735dbbacfb4b773c5a86ef45958ac047e,ok
survey-demo,B0997,customer-0498,1,2026-08-01T12:00:00.000000Z,2026-08-01T12:00:00.000000Z,2026-08-01T12:00:00.000000Z,NPS,4,service,Comentário inteiramente sintético.,event-B0997-v1,9a793c449ad51f5afaf1afe3b337f3616026db379a6ca9fb802aafca0413052b,ok
survey-demo,B0998,customer-0499,1,2026-08-01T12:00:00.000000Z,2026-08-01T12:00:00.000000Z,2026-08-01T12:00:00.000000Z,NPS,1,support,Comentário inteiramente sintético.,event-B0998-v1,f3f86cd1848a642df2fef5de41ca1afd4a753635a6dcc2c0dc385d7af1728465,ok
survey-demo,B0999,customer-0499,1,2026-08-01T12:00:00.000000Z,2026-08-01T12:00:00.000000Z,2026-08-01T12:00:00.000000Z,CSAT,3,renewal,Comentário inteiramente sintético.,event-B0999-v1,bf2c1c35b91f2175a5a7299f0970f1933a719c604e4c8b2c5b5ff7e20879d95f,ok
survey-demo,B1000,customer-0500,2,2026-08-03T12:00:00.000000Z,2026-08-01T12:00:00.000000Z,2026-08-01T12:00:00.000000Z,NPS,10,onboarding,Comentário inteiramente sintético.,event-B1000-v2,8f5f01702fb55b2dbccdb30173160cbd8ad358c95e03b05ac8824716c387435d,ok
survey-demo,B1001,customer-0500,1,2026-08-01T12:00:00.000000Z,2026-08-01T12:00:00.000000Z,2026-08-01T12:00:00.000000Z,NPS,0,service,Comentário inteiramente sintético.,event-B1001-v1,5b11c544ed74be194066c4e7a3ec8e63d8100d51b931932d65ee32cdbf02cfe4,ok
survey-demo,B1002,customer-0501,1,2026-08-01T12:00:00.000000Z,2026-08-01T12:00:00.000000Z,2026-08-01T12:00:00.000000Z,CSAT,2,support,Comentário inteiramente sintético.,event-B1002-v1,7a836867c41d95fd4990f0120228fa3eeddfd0b30a32342f71bc6727cda31d17,ok
survey-demo,B1003,customer-0501,1,2026-08-01T12:00:00.000000Z,2026-08-01T12:00:00.000000Z,2026-08-01T12:00:00.000000Z,NPS,3,renewal,Comentário inteiramente sintético.,event-B1003-v1,8eb4470734786f085766b17fe3da55d5ae8c9853d4ec7f2036f2094efad6c720,ok
survey-demo,B1004,customer-0502,1,2026-08-01T12:00:00.000000Z,2026-08-01T12:00:00.000000Z,2026-08-01T12:00:00.000000Z,NPS,0,onboarding,Comentário inteiramente sintético.,event-B1004-v1,36233164ef9129897435bfb7e85d69bb54b193b0411b5e69253bf3b5df7538cb,ok
survey-demo,B1005,customer-0502,1,2026-08-01T12:00:00.000000Z,2026-08-01T12:00:00.000000Z,2026-08-01T12:00:00.000000Z,CSAT,1,service,Comentário inteiramente sintético.,event-B1005-v1,1d2fd35446e948f13e9ad9f657fc300ff84a35bc9534fa9019ffced12a405400,ok
survey-demo,B1006,customer-0503,1,2026-08-01T12:00:00.000000Z,2026-08-01T12:00:00.000000Z,2026-08-01T12:00:00.000000Z,NPS,10,support,Comentário inteiramente sintético.,event-B1006-v1,16f7928ef162b946dd358d2301b852bd975a59cffdb2632975f15c28faeb5e9a,ok
survey-demo,B1007,customer-0503,1,2026-08-01T12:00:00.000000Z,2026-08-01T12:00:00.000000Z,2026-08-01T12:00:00.000000Z,NPS,4,renewal,Comentário inteiramente sintético.,event-B1007-v1,78fab4edf9c382ccd0173fbfe0ab32025305510d6122b4861d56718b2b1aaadb,ok
survey-demo,B1008,customer-0504,2,2026-08-03T12:00:00.000000Z,2026-08-01T12:00:00.000000Z,2026-08-01T12:00:00.000000Z,CSAT,5,onboarding,Comentário inteiramente sintético.,event-B1008-v2,4a6ec9e21231a453665d843ed38981ac8c39b7c099a0f44ef561ef0185638515,ok
survey-demo,B1009,customer-0504,1,2026-08-01T12:00:00.000000Z,2026-08-01T12:00:00.000000Z,2026-08-01T12:00:00.000000Z,NPS,4,service,Comentário inteiramente sintético.,event-B1009-v1,40a90277335818b2b3981bbda01f9c299fddb8754828754220449216b911ece1,ok
survey-demo,B1010,customer-0505,1,2026-08-01T12:00:00.000000Z,2026-08-01T12:00:00.000000Z,2026-08-01T12:00:00.000000Z,NPS,6,support,Comentário inteiramente sintético.,event-B1010-v1,e6f1a7d2e3b2484f6e6884d29fae7656a22c9f03866d4d0caccbecc5bcb4d402,ok
survey-demo,B1011,customer-0505,1,2026-08-01T12:00:00.000000Z,2026-08-01T12:00:00.000000Z,2026-08-01T12:00:00.000000Z,CSAT,5,renewal,Comentário inteiramente sintético.,event-B1011-v1,884bb3b15c0621b59df179ffd74db012dc4e32b84b4ef1ce0c140ac609d081e3,ok
survey-demo,B1012,customer-0506,1,2026-08-01T12:00:00.000000Z,2026-08-01T12:00:00.000000Z,2026-08-01T12:00:00.000000Z,NPS,0,onboarding,Comentário inteiramente sintético.,event-B1012-v1,c6ce94493797392ef211b2396ceaf211c62760aadf65e0fde96c2bdf35ae02f5,ok
survey-demo,B1013,customer-0506,1,2026-08-01T12:00:00.000000Z,2026-08-01T12:00:00.000000Z,2026-08-01T12:00:00.000000Z,NPS,2,service,Comentário inteiramente sintético.,event-B1013-v1,43cb2fc537cf71aa36e103a562fb39f1d867043d3bf3c38585d3c944ad4f5b76,ok
survey-demo,B1014,customer-0507,1,2026-08-01T12:00:00.000000Z,2026-08-01T12:00:00.000000Z,2026-08-01T12:00:00.000000Z,CSAT,4,support,Comentário inteiramente sintético.,event-B1014-v1,ff3f9d582cfc6ee1846855791e4c2d09619cb1498c12138fbee6474e0b23b33b,ok
survey-demo,B1015,customer-0507,1,2026-08-01T12:00:00.000000Z,2026-08-01T12:00:00.000000Z,2026-08-01T12:00:00.000000Z,NPS,10,renewal,Comentário inteiramente sintético.,event-B1015-v1,7d8a67ae74a3117953c9c645c620b5003082eda9dcc5afc91f7b9d6518efdfeb,ok
survey-demo,B1016,customer-0508,2,2026-08-03T12:00:00.000000Z,2026-08-01T12:00:00.000000Z,2026-08-01T12:00:00.000000Z,NPS,9,onboarding,Comentário inteiramente sintético.,event-B1016-v2,1c7bcfb0fdd0b9284c88ae02c3adb8aff7a1c1eee0cc079b64b432d81cd19a89,ok
survey-demo,B1017,customer-0508,1,2026-08-01T12:00:00.000000Z,2026-08-01T12:00:00.000000Z,2026-08-01T12:00:00.000000Z,CSAT,3,service,Comentário inteiramente sintético.,event-B1017-v1,2e0ef2acd00ce03aae46638d52f230592959260f27d174305b0db1c778abf832,ok
survey-demo,B1018,customer-0509,1,2026-08-01T12:00:00.000000Z,2026-08-01T12:00:00.000000Z,2026-08-01T12:00:00.000000Z,NPS,6,support,Comentário inteiramente sintético.,event-B1018-v1,14425c3756652d3789ad100e750140072552ba3703d6b83c6e5d0e345993c4fb,ok
survey-demo,B1019,customer-0509,1,2026-08-01T12:00:00.000000Z,2026-08-01T12:00:00.000000Z,2026-08-01T12:00:00.000000Z,NPS,2,renewal,Comentário inteiramente sintético.,event-B1019-v1,edbb4675d944ea73aa87b0812f26f6e584ca1fe828c3af9aa6d548746ead527d,ok
survey-demo,B1020,customer-0510,1,2026-08-01T12:00:00.000000Z,2026-08-01T12:00:00.000000Z,2026-08-01T12:00:00.000000Z,CSAT,4,onboarding,Comentário inteiramente sintético.,event-B1020-v1,07b92be6c95a7c954cfbd294c5aa6e574d836d8a7cdbdadcea3bca8165c28144,has_rejected_history
survey-demo,B1021,customer-0510,1,2026-08-01T12:00:00.000000Z,2026-08-01T12:00:00.000000Z,2026-08-01T12:00:00.000000Z,NPS,5,service,Comentário inteiramente sintético.,event-B1021-v1,aa680ba6dfeb076450fcf777e726731c56f20e9629f889fa5ea87ddf6e70bbf5,ok
survey-demo,B1022,customer-0511,1,2026-08-01T12:00:00.000000Z,2026-08-01T12:00:00.000000Z,2026-08-01T12:00:00.000000Z,NPS,7,support,Comentário inteiramente sintético.,event-B1022-v1,b51f4c2ca947d856d41122a5b88f60fbd18a7bb2027bc994d88345d08b765651,ok
survey-demo,B1023,customer-0511,1,2026-08-01T12:00:00.000000Z,2026-08-01T12:00:00.000000Z,2026-08-01T12:00:00.000000Z,CSAT,1,renewal,Comentário inteiramente sintético.,event-B1023-v1,49dfc274cab5c1c85dccca97697abdeba76babfe577714b8d27c8163b15f610b,ok
survey-demo,B1024,customer-0512,2,2026-08-03T12:00:00.000000Z,2026-08-01T12:00:00.000000Z,2026-08-01T12:00:00.000000Z,NPS,5,onboarding,Comentário inteiramente sintético.,event-B1024-v2,6be75a949af21bd422590cb835b26072fe463a5e3437d866a6b2819552a0eac3,ok
survey-demo,B1025,customer-0512,1,2026-08-01T12:00:00.000000Z,2026-08-01T12:00:00.000000Z,2026-08-01T12:00:00.000000Z,NPS,2,service,Comentário inteiramente sintético.,event-B1025-v1,dd260bffe86c165b81b584020eba5083f63483efe77446ee605d765961ef4f51,ok
survey-demo,B1026,customer-0513,1,2026-08-01T12:00:00.000000Z,2026-08-01T12:00:00.000000Z,2026-08-01T12:00:00.000000Z,CSAT,5,support,Comentário inteiramente sintético.,event-B1026-v1,b46f55ee3261cc7796e3c179225da131fcf9525e308b6211158f43ae00099931,ok
survey-demo,B1027,customer-0513,1,2026-08-01T12:00:00.000000Z,2026-08-01T12:00:00.000000Z,2026-08-01T12:00:00.000000Z,NPS,8,renewal,Comentário inteiramente sintético.,event-B1027-v1,db3bba03f0b65dd7e6a5f4ef94bb2d2a728fd6bf6e55dea3d7b9d9f1e3e4473b,ok
survey-demo,B1028,customer-0514,1,2026-08-01T12:00:00.000000Z,2026-08-01T12:00:00.000000Z,2026-08-01T12:00:00.000000Z,NPS,0,onboarding,Comentário inteiramente sintético.,event-B1028-v1,3b9ebc8a32f9ef99340dc1eb8d95d32efd77974410d1283d7130383dabdcec8b,ok
survey-demo,B1029,customer-0514,1,2026-08-01T12:00:00.000000Z,2026-08-01T12:00:00.000000Z,2026-08-01T12:00:00.000000Z,CSAT,2,service,Comentário inteiramente sintético.,event-B1029-v1,a592b219354e68bd4cb2a7eb08e47940f8085985a471fc30198fd7daac79d541,ok
survey-demo,B1030,customer-0515,1,2026-08-01T12:00:00.000000Z,2026-08-01T12:00:00.000000Z,2026-08-01T12:00:00.000000Z,NPS,5,support,Comentário inteiramente sintético.,event-B1030-v1,83c05926b87dbd60af31b61049475e435a51812bb716d747315d59062b4fdd04,ok
survey-demo,B1031,customer-0515,1,2026-08-01T12:00:00.000000Z,2026-08-01T12:00:00.000000Z,2026-08-01T12:00:00.000000Z,NPS,7,renewal,Comentário inteiramente sintético.,event-B1031-v1,e3463c6a15cb082537c15901c0338348fc919758d517737b696c75d4a5fdf386,ok
survey-demo,B1032,customer-0516,2,2026-08-03T12:00:00.000000Z,2026-08-01T12:00:00.000000Z,2026-08-01T12:00:00.000000Z,CSAT,5,onboarding,Comentário inteiramente sintético.,event-B1032-v2,d014af9267bc99a7d4e297e65554b1a80436438bc2b43db613729ffc09aa6dd3,ok
survey-demo,B1033,customer-0516,1,2026-08-01T12:00:00.000000Z,2026-08-01T12:00:00.000000Z,2026-08-01T12:00:00.000000Z,NPS,9,service,Comentário inteiramente sintético.,event-B1033-v1,fa29823220633fda743cd6e0eafc21c9932cb06d5f706782554cbc7d06cb4f75,ok
survey-demo,B1034,customer-0517,1,2026-08-01T12:00:00.000000Z,2026-08-01T12:00:00.000000Z,2026-08-01T12:00:00.000000Z,NPS,0,support,Comentário inteiramente sintético.,event-B1034-v1,b787748797e545e59c3155dc59cc0577a622c2442617c1d7e1d54940638dca01,ok
survey-demo,B1035,customer-0517,1,2026-08-01T12:00:00.000000Z,2026-08-01T12:00:00.000000Z,2026-08-01T12:00:00.000000Z,CSAT,4,renewal,Comentário inteiramente sintético.,event-B1035-v1,f9e400c34e8f466250fca9d72746ebf74cb8728f2767221303240809f643f005,ok
survey-demo,B1036,customer-0518,1,2026-08-01T12:00:00.000000Z,2026-08-01T12:00:00.000000Z,2026-08-01T12:00:00.000000Z,NPS,0,onboarding,Comentário inteiramente sintético.,event-B1036-v1,eea61a4151c7b1b7e423ef809853c658e5b736d5d511b91743e062bf3c1eab94,ok
survey-demo,B1037,customer-0518,1,2026-08-01T12:00:00.000000Z,2026-08-01T12:00:00.000000Z,2026-08-01T12:00:00.000000Z,NPS,8,service,Comentário inteiramente sintético.,event-B1037-v1,5f030178129b383b311590bc870173d83157836a06e71e722a1c00540bd83edf,ok
survey-demo,B1038,customer-0519,1,2026-08-01T12:00:00.000000Z,2026-08-01T12:00:00.000000Z,2026-08-01T12:00:00.000000Z,CSAT,2,support,Comentário inteiramente sintético.,event-B1038-v1,f664ffadd320f1b4b3c2b837ff804ae28c73aa4c78dc165b5a3d95ac01a5ed4d,ok
survey-demo,B1039,customer-0519,1,2026-08-01T12:00:00.000000Z,2026-08-01T12:00:00.000000Z,2026-08-01T12:00:00.000000Z,NPS,10,renewal,Comentário inteiramente sintético.,event-B1039-v1,5eea32f931f4b9e55173af9326e608b637a14365d046d3f2095f6191c8f4b121,ok
survey-demo,B1040,customer-0520,2,2026-08-03T12:00:00.000000Z,2026-08-01T12:00:00.000000Z,2026-08-01T12:00:00.000000Z,NPS,1,onboarding,Comentário inteiramente sintético.,event-B1040-v2,ac75c42a10d4ec1ddac360ac92817c53160c96a95c46a9b27de483356e3f9756,ok
survey-demo,B1041,customer-0520,1,2026-08-01T12:00:00.000000Z,2026-08-01T12:00:00.000000Z,2026-08-01T12:00:00.000000Z,CSAT,3,service,Comentário inteiramente sintético.,event-B1041-v1,425fd62bccf329a7c581e52d1fe4f9d34a103c51368291725600b54e6875927d,ok
survey-demo,B1042,customer-0521,1,2026-08-01T12:00:00.000000Z,2026-08-01T12:00:00.000000Z,2026-08-01T12:00:00.000000Z,NPS,5,support,Comentário inteiramente sintético.,event-B1042-v1,a90692e7611bb13c3eec95f3e9c740dbed417ca44ba92b3032f434aa0f8408b3,ok
survey-demo,B1043,customer-0521,1,2026-08-01T12:00:00.000000Z,2026-08-01T12:00:00.000000Z,2026-08-01T12:00:00.000000Z,NPS,9,renewal,Comentário inteiramente sintético.,event-B1043-v1,6abe07fd854d20ff9db89a9576e4ffb817b5ea495100cc0c0a8f6dd91762eb05,ok
survey-demo,B1044,customer-0522,1,2026-08-01T12:00:00.000000Z,2026-08-01T12:00:00.000000Z,2026-08-01T12:00:00.000000Z,CSAT,4,onboarding,Comentário inteiramente sintético.,event-B1044-v1,f7c68fac6b1fe1e5bb67863974d1d9e99f4fe381483e588027cab514fb6f3551,ok
survey-demo,B1045,customer-0522,1,2026-08-01T12:00:00.000000Z,2026-08-01T12:00:00.000000Z,2026-08-01T12:00:00.000000Z,NPS,9,service,Comentário inteiramente sintético.,event-B1045-v1,c3ff1c0f72c8e281e72ffd49b72c3b48f5effa120f08e74b68de421b2670f2fb,ok
survey-demo,B1046,customer-0523,1,2026-08-01T12:00:00.000000Z,2026-08-01T12:00:00.000000Z,2026-08-01T12:00:00.000000Z,NPS,0,support,Comentário inteiramente sintético.,event-B1046-v1,a477fe573ecfc976b41578e9cf0115a1b75ca3d86d0370febffcc99911d6ab5b,ok
survey-demo,B1047,customer-0523,1,2026-08-01T12:00:00.000000Z,2026-08-01T12:00:00.000000Z,2026-08-01T12:00:00.000000Z,CSAT,3,renewal,Comentário inteiramente sintético.,event-B1047-v1,1cd0ea134ad315442caec8b1d476741ab0e2795d635e44934edf351241605964,ok
survey-demo,B1048,customer-0524,2,2026-08-03T12:00:00.000000Z,2026-08-01T12:00:00.000000Z,2026-08-01T12:00:00.000000Z,NPS,2,onboarding,Comentário inteiramente sintético.,event-B1048-v2,64a8d7cc01a62f8205f23c8608940d5a37ab5df46276301c7e96996a7441f79b,ok
survey-demo,B1049,customer-0524,1,2026-08-01T12:00:00.000000Z,2026-08-01T12:00:00.000000Z,2026-08-01T12:00:00.000000Z,NPS,10,service,Comentário inteiramente sintético.,event-B1049-v1,967d19ef0a7c00643cab0ef236f9acc7a74792d8c694a4cf2b82e20f64b3d2f0,ok
survey-demo,B1050,customer-0525,1,2026-08-01T12:00:00.000000Z,2026-08-01T12:00:00.000000Z,2026-08-01T12:00:00.000000Z,CSAT,2,support,Comentário inteiramente sintético.,event-B1050-v1,e803e65502ac4d1a98bc627e7e84a180fc3de7931bf4f70668683dfd55218ba2,ok
survey-demo,B1051,customer-0525,1,2026-08-01T12:00:00.000000Z,2026-08-01T12:00:00.000000Z,2026-08-01T12:00:00.000000Z,NPS,4,renewal,Comentário inteiramente sintético.,event-B1051-v1,cd0690fdd561e7f18d57ce6c9c69327c8417ac8fce9e21166c4faaa33fc6b206,ok
survey-demo,B1052,customer-0526,1,2026-08-01T12:00:00.000000Z,2026-08-01T12:00:00.000000Z,2026-08-01T12:00:00.000000Z,NPS,6,onboarding,Comentário inteiramente sintético.,event-B1052-v1,13ece08baabc56de6f85b1f89082f35abe334b377e66790b6c0ded31e4a9fc46,ok
survey-demo,B1053,customer-0526,1,2026-08-01T12:00:00.000000Z,2026-08-01T12:00:00.000000Z,2026-08-01T12:00:00.000000Z,CSAT,1,service,Comentário inteiramente sintético.,event-B1053-v1,e56b357997c37af02c04adecf37210db722c7ed1e65dd1839abfeded40b528d1,ok
survey-demo,B1054,customer-0527,1,2026-08-01T12:00:00.000000Z,2026-08-01T12:00:00.000000Z,2026-08-01T12:00:00.000000Z,NPS,2,support,Comentário inteiramente sintético.,event-B1054-v1,ac4ada663f1277c127a170f30573d7d0cb442e07702354d6ca777e877ed336dc,ok
survey-demo,B1055,customer-0527,1,2026-08-01T12:00:00.000000Z,2026-08-01T12:00:00.000000Z,2026-08-01T12:00:00.000000Z,NPS,7,renewal,Comentário inteiramente sintético.,event-B1055-v1,473e0d85eb40ba9966fc3899bcf23ed4f0ae0dbdb604b67abeb3a0f7e5222eab,ok
survey-demo,B1056,customer-0528,2,2026-08-03T12:00:00.000000Z,2026-08-01T12:00:00.000000Z,2026-08-01T12:00:00.000000Z,CSAT,5,onboarding,Comentário inteiramente sintético.,event-B1056-v2,b603c0e7416b39c2dbba7c79c7917b5163e24e4bf5551b34edd70114bf90d468,ok
survey-demo,B1057,customer-0528,1,2026-08-01T12:00:00.000000Z,2026-08-01T12:00:00.000000Z,2026-08-01T12:00:00.000000Z,NPS,5,service,Comentário inteiramente sintético.,event-B1057-v1,38ec98820259b7fcc9718303a50502b12b1d21835c9b22e01ea537bcddcd26df,ok
survey-demo,B1058,customer-0529,1,2026-08-01T12:00:00.000000Z,2026-08-01T12:00:00.000000Z,2026-08-01T12:00:00.000000Z,NPS,9,support,Comentário inteiramente sintético.,event-B1058-v1,0d7cc0bd263c37110daf0f2ae1a7d20610df4976ad6e0b922a855f1c0fe18ecc,ok
survey-demo,B1059,customer-0529,1,2026-08-01T12:00:00.000000Z,2026-08-01T12:00:00.000000Z,2026-08-01T12:00:00.000000Z,CSAT,3,renewal,Comentário inteiramente sintético.,event-B1059-v1,0e0aae8f7394fc900fb0a015e435260a465d44bc5d06beb4797c8bf58eb6ea55,ok
survey-demo,B1060,customer-0530,1,2026-08-01T12:00:00.000000Z,2026-08-01T12:00:00.000000Z,2026-08-01T12:00:00.000000Z,NPS,6,onboarding,Comentário inteiramente sintético.,event-B1060-v1,ab1d4a4b163ccd08c614f362757e3d07db67f8c12cab47ad626d160e5ba2821a,ok
survey-demo,B1061,customer-0530,1,2026-08-01T12:00:00.000000Z,2026-08-01T12:00:00.000000Z,2026-08-01T12:00:00.000000Z,NPS,0,service,Comentário inteiramente sintético.,event-B1061-v1,96efb5fba40bde235317015a402eeb566e2e94b69014d2ee8fbc79310630c06d,ok
survey-demo,B1062,customer-0531,1,2026-08-01T12:00:00.000000Z,2026-08-01T12:00:00.000000Z,2026-08-01T12:00:00.000000Z,CSAT,5,support,Comentário inteiramente sintético.,event-B1062-v1,a126a43998714730681d3a80837d2d0298ff5ba63871742bec4acb4103bc9fd4,ok
survey-demo,B1063,customer-0531,1,2026-08-01T12:00:00.000000Z,2026-08-01T12:00:00.000000Z,2026-08-01T12:00:00.000000Z,NPS,9,renewal,Comentário inteiramente sintético.,event-B1063-v1,5cf38e72f36d8577127043c8b4ffebaa1ef3710cd0e4d3a4cde91b2509123b46,ok
survey-demo,B1064,customer-0532,2,2026-08-03T12:00:00.000000Z,2026-08-01T12:00:00.000000Z,2026-08-01T12:00:00.000000Z,NPS,10,onboarding,Comentário inteiramente sintético.,event-B1064-v2,ee907632ed44c5904eedc684ee3992d1922ddf9632af1814c9ada70ce30e6709,ok
survey-demo,B1065,customer-0532,1,2026-08-01T12:00:00.000000Z,2026-08-01T12:00:00.000000Z,2026-08-01T12:00:00.000000Z,CSAT,4,service,Comentário inteiramente sintético.,event-B1065-v1,456ee5716d2bc96bcf21276e8082626e1261b3ed9d64d1affbda2aef8acfc168,ok
survey-demo,B1066,customer-0533,1,2026-08-01T12:00:00.000000Z,2026-08-01T12:00:00.000000Z,2026-08-01T12:00:00.000000Z,NPS,5,support,Comentário inteiramente sintético.,event-B1066-v1,ed399a59a8d39fe9408c7752e130a07edabf6c9697a4201c5bfcbf6b05c43828,ok
survey-demo,B1067,customer-0533,1,2026-08-01T12:00:00.000000Z,2026-08-01T12:00:00.000000Z,2026-08-01T12:00:00.000000Z,NPS,5,renewal,Comentário inteiramente sintético.,event-B1067-v1,1511fff3c945f15d9e8b37153ae4edd1b1dde3bbe76356b60c86b9c34b39dc9e,ok
survey-demo,B1068,customer-0534,1,2026-08-01T12:00:00.000000Z,2026-08-01T12:00:00.000000Z,2026-08-01T12:00:00.000000Z,CSAT,1,onboarding,Comentário inteiramente sintético.,event-B1068-v1,0684e75b5c481c663313b4987cf5b0f960e9f1f5b3c9e7542216a84c962b3dea,ok
survey-demo,B1069,customer-0534,1,2026-08-01T12:00:00.000000Z,2026-08-01T12:00:00.000000Z,2026-08-01T12:00:00.000000Z,NPS,8,service,Comentário inteiramente sintético.,event-B1069-v1,87d99b6532f6ebb2e4b9a751fe6c8694125d5aefb2d67d63c9456a2310738410,ok
survey-demo,B1070,customer-0535,1,2026-08-01T12:00:00.000000Z,2026-08-01T12:00:00.000000Z,2026-08-01T12:00:00.000000Z,NPS,9,support,Comentário inteiramente sintético.,event-B1070-v1,5805ab3f1bb190f2eca895b67203ec5376448344c5d061523e8304a0a624ae6d,ok
survey-demo,B1071,customer-0535,1,2026-08-01T12:00:00.000000Z,2026-08-01T12:00:00.000000Z,2026-08-01T12:00:00.000000Z,CSAT,2,renewal,Comentário inteiramente sintético.,event-B1071-v1,9d0324b6d0b3c30f36f79b41b8bac09759fec98412822c5b79641df9d264dfe5,ok
survey-demo,B1072,customer-0536,2,2026-08-03T12:00:00.000000Z,2026-08-01T12:00:00.000000Z,2026-08-01T12:00:00.000000Z,NPS,2,onboarding,Comentário inteiramente sintético.,event-B1072-v2,724e00059fe5b044e4e0eac407a19faa072166ada75d3223efce5095724eb182,ok
survey-demo,B1073,customer-0536,1,2026-08-01T12:00:00.000000Z,2026-08-01T12:00:00.000000Z,2026-08-01T12:00:00.000000Z,NPS,10,service,Comentário inteiramente sintético.,event-B1073-v1,05b579d634bddf5ef3d2c9ff21124cc13f289207af2fd4499223af045dc9fee8,ok
survey-demo,B1074,customer-0537,1,2026-08-01T12:00:00.000000Z,2026-08-01T12:00:00.000000Z,2026-08-01T12:00:00.000000Z,CSAT,1,support,Comentário inteiramente sintético.,event-B1074-v1,62d946956cc71681d0255e496fe3bfa1a9df36c30f7a0aef5c4b57a75ceaa37e,ok
survey-demo,B1075,customer-0537,1,2026-08-01T12:00:00.000000Z,2026-08-01T12:00:00.000000Z,2026-08-01T12:00:00.000000Z,NPS,1,renewal,Comentário inteiramente sintético.,event-B1075-v1,c3a13092e1fc89ebcdb341841139ea1f09d7bad4f6545f2a9eff8e0dcf7d92be,ok
survey-demo,B1076,customer-0538,1,2026-08-01T12:00:00.000000Z,2026-08-01T12:00:00.000000Z,2026-08-01T12:00:00.000000Z,NPS,2,onboarding,Comentário inteiramente sintético.,event-B1076-v1,7fded5b0cfa707d1f3e02fd4a0fd020ab45a6e9ebf60aad591d09d01cd29fbb4,ok
survey-demo,B1077,customer-0538,1,2026-08-01T12:00:00.000000Z,2026-08-01T12:00:00.000000Z,2026-08-01T12:00:00.000000Z,CSAT,2,service,Comentário inteiramente sintético.,event-B1077-v1,c902f2b2fdd03ff3abf3210e609d66d97fccb425b4743fb0f93ede6abe228e0c,ok
survey-demo,B1078,customer-0539,1,2026-08-01T12:00:00.000000Z,2026-08-01T12:00:00.000000Z,2026-08-01T12:00:00.000000Z,NPS,9,support,Comentário inteiramente sintético.,event-B1078-v1,6f97381f463c0f3ac1d98802f843c9417ac8e28bb44b82d3ef1eacbe9a804d02,ok
survey-demo,B1079,customer-0539,1,2026-08-01T12:00:00.000000Z,2026-08-01T12:00:00.000000Z,2026-08-01T12:00:00.000000Z,NPS,4,renewal,Comentário inteiramente sintético.,event-B1079-v1,bd8e03dd17436dcc668a746e0860ef2d470dc7a84b5a82a59e7a22ef7d16832e,ok
survey-demo,B1080,customer-0540,2,2026-08-03T12:00:00.000000Z,2026-08-01T12:00:00.000000Z,2026-08-01T12:00:00.000000Z,CSAT,5,onboarding,Comentário inteiramente sintético.,event-B1080-v2,61a5de336637047350335a482af57c1b46a8a769684db633445c2be387a5d581,has_rejected_history
survey-demo,B1081,customer-0540,1,2026-08-01T12:00:00.000000Z,2026-08-01T12:00:00.000000Z,2026-08-01T12:00:00.000000Z,NPS,5,service,Comentário inteiramente sintético.,event-B1081-v1,d8bdb19a9ae6fdd06d5d7e85cda4ef30cbfeffecd32f46fb208ff8c315ae568f,ok
survey-demo,B1082,customer-0541,1,2026-08-01T12:00:00.000000Z,2026-08-01T12:00:00.000000Z,2026-08-01T12:00:00.000000Z,NPS,7,support,Comentário inteiramente sintético.,event-B1082-v1,1a06cb6fe4ca379034c35665d4fb3b0db024f9d95a4043410f2126247aa2f378,ok
survey-demo,B1083,customer-0541,1,2026-08-01T12:00:00.000000Z,2026-08-01T12:00:00.000000Z,2026-08-01T12:00:00.000000Z,CSAT,2,renewal,Comentário inteiramente sintético.,event-B1083-v1,fa2ce202b18ca9a521aea1dcd45cb6220410c0e17123f83c8279771addf655dd,ok
survey-demo,B1084,customer-0542,1,2026-08-01T12:00:00.000000Z,2026-08-01T12:00:00.000000Z,2026-08-01T12:00:00.000000Z,NPS,5,onboarding,Comentário inteiramente sintético.,event-B1084-v1,33d20e6999ee1aa2601fb87ccd213a1df78a168ab67e2cae821c9ba05fa99377,ok
survey-demo,B1085,customer-0542,1,2026-08-01T12:00:00.000000Z,2026-08-01T12:00:00.000000Z,2026-08-01T12:00:00.000000Z,NPS,7,service,Comentário inteiramente sintético.,event-B1085-v1,686bca9456962cac0e1bb408b340e5e2dba2ec45c6cd75e3a24632bfdb884571,ok
survey-demo,B1086,customer-0543,1,2026-08-01T12:00:00.000000Z,2026-08-01T12:00:00.000000Z,2026-08-01T12:00:00.000000Z,CSAT,4,support,Comentário inteiramente sintético.,event-B1086-v1,805ad98b4831a4d055dbf3f0f9166e7237f5766e9bf33a58c9748e1b2ab9a254,ok
survey-demo,B1087,customer-0543,1,2026-08-01T12:00:00.000000Z,2026-08-01T12:00:00.000000Z,2026-08-01T12:00:00.000000Z,NPS,6,renewal,Comentário inteiramente sintético.,event-B1087-v1,f673cfd84a31be78e578da060e69b94c489131ce71618c33ca49aad81ead86b3,ok
survey-demo,B1088,customer-0544,2,2026-08-03T12:00:00.000000Z,2026-08-01T12:00:00.000000Z,2026-08-01T12:00:00.000000Z,NPS,10,onboarding,Comentário inteiramente sintético.,event-B1088-v2,a8f83bbcfd648f4613de0d7dc1925f2cd50a8d49625216aab0f3084eff0641ae,ok
survey-demo,B1089,customer-0544,1,2026-08-01T12:00:00.000000Z,2026-08-01T12:00:00.000000Z,2026-08-01T12:00:00.000000Z,CSAT,3,service,Comentário inteiramente sintético.,event-B1089-v1,ab9d36141f3e3c3d92002ed7f7a27a7ec2cc4e3b7f4d69cc6a7f66688497ed22,ok
survey-demo,B1090,customer-0545,1,2026-08-01T12:00:00.000000Z,2026-08-01T12:00:00.000000Z,2026-08-01T12:00:00.000000Z,NPS,4,support,Comentário inteiramente sintético.,event-B1090-v1,baaab459fed554cc1639c2570c0afd353202b47b90e68f34e2500a75a45dbe75,ok
survey-demo,B1091,customer-0545,1,2026-08-01T12:00:00.000000Z,2026-08-01T12:00:00.000000Z,2026-08-01T12:00:00.000000Z,NPS,9,renewal,Comentário inteiramente sintético.,event-B1091-v1,1ca5770ac7778fb3f062828318dd1f3e9e7e7c76bf4d3b2da2cbc40f0ce109fe,ok
survey-demo,B1092,customer-0546,1,2026-08-01T12:00:00.000000Z,2026-08-01T12:00:00.000000Z,2026-08-01T12:00:00.000000Z,CSAT,3,onboarding,Comentário inteiramente sintético.,event-B1092-v1,515f539d00446a55d8d87e13d06c32405b8565b6cbdb4c02b2f13d92ab5f9a90,ok
survey-demo,B1093,customer-0546,1,2026-08-01T12:00:00.000000Z,2026-08-01T12:00:00.000000Z,2026-08-01T12:00:00.000000Z,NPS,3,service,Comentário inteiramente sintético.,event-B1093-v1,32908df35039787375c2012a53f6e0ac231c9cb1c54f1811c529b6d394bd1dbd,ok
survey-demo,B1094,customer-0547,1,2026-08-01T12:00:00.000000Z,2026-08-01T12:00:00.000000Z,2026-08-01T12:00:00.000000Z,NPS,4,support,Comentário inteiramente sintético.,event-B1094-v1,182b2b289922ad025c8a48a95b53f55dd2588e0322917d95b0dacee0949b3744,ok
survey-demo,B1095,customer-0547,1,2026-08-01T12:00:00.000000Z,2026-08-01T12:00:00.000000Z,2026-08-01T12:00:00.000000Z,CSAT,2,renewal,Comentário inteiramente sintético.,event-B1095-v1,80ea3ba9442b6377b48a41dae7d6a35721e96188756c91e1b45107cefb6bacdc,ok
survey-demo,B1096,customer-0548,2,2026-08-03T12:00:00.000000Z,2026-08-01T12:00:00.000000Z,2026-08-01T12:00:00.000000Z,NPS,1,onboarding,Comentário inteiramente sintético.,event-B1096-v2,9bd83e1faeb5c91596245d16a239c4c655d82378ea3ccf26d384896843aa6091,ok
survey-demo,B1097,customer-0548,1,2026-08-01T12:00:00.000000Z,2026-08-01T12:00:00.000000Z,2026-08-01T12:00:00.000000Z,NPS,2,service,Comentário inteiramente sintético.,event-B1097-v1,7232ca2a219157fcacd1700d920ea5e7ef9d443f94f3f61029081bba9c1c7f40,ok
survey-demo,B1098,customer-0549,1,2026-08-01T12:00:00.000000Z,2026-08-01T12:00:00.000000Z,2026-08-01T12:00:00.000000Z,CSAT,1,support,Comentário inteiramente sintético.,event-B1098-v1,7f9837fcbc1cbfb644426b690dd72e2d89160ff636cdc90c7c7e06ce5bc39702,ok
survey-demo,B1099,customer-0549,1,2026-08-01T12:00:00.000000Z,2026-08-01T12:00:00.000000Z,2026-08-01T12:00:00.000000Z,NPS,6,renewal,Comentário inteiramente sintético.,event-B1099-v1,ac54f4fa711b8d61c609eb2308ef895132e71cc10e34ea9efead7231f4afc89a,ok
survey-demo,B1100,customer-0550,1,2026-08-01T12:00:00.000000Z,2026-08-01T12:00:00.000000Z,2026-08-01T12:00:00.000000Z,NPS,7,onboarding,Comentário inteiramente sintético.,event-B1100-v1,8bda93f379d253a5208e1a55c84a162c323d29a9285b901ab6140eca171de93f,ok
survey-demo,B1101,customer-0550,1,2026-08-01T12:00:00.000000Z,2026-08-01T12:00:00.000000Z,2026-08-01T12:00:00.000000Z,CSAT,1,service,Comentário inteiramente sintético.,event-B1101-v1,78e1b020d64fca21727517200bd9eef8c5c27d9cf09561e5a36d8db3a7e35ad7,ok
survey-demo,B1102,customer-0551,1,2026-08-01T12:00:00.000000Z,2026-08-01T12:00:00.000000Z,2026-08-01T12:00:00.000000Z,NPS,8,support,Comentário inteiramente sintético.,event-B1102-v1,918980ffff0aa28c4ed7bc0bdeb82908f5297feb93c716b4b578b6f0505c079a,ok
survey-demo,B1103,customer-0551,1,2026-08-01T12:00:00.000000Z,2026-08-01T12:00:00.000000Z,2026-08-01T12:00:00.000000Z,NPS,1,renewal,Comentário inteiramente sintético.,event-B1103-v1,8aee58500fb954990ee18a4658f5d6de71718cf9b81d8e77b11c9178c54c595c,ok
survey-demo,B1104,customer-0552,2,2026-08-03T12:00:00.000000Z,2026-08-01T12:00:00.000000Z,2026-08-01T12:00:00.000000Z,CSAT,3,onboarding,Comentário inteiramente sintético.,event-B1104-v2,42035513eaf8bdad562a30a8b60d60e9d05f7b47f05dd88940f84451cfe4d706,ok
survey-demo,B1105,customer-0552,1,2026-08-01T12:00:00.000000Z,2026-08-01T12:00:00.000000Z,2026-08-01T12:00:00.000000Z,NPS,1,service,Comentário inteiramente sintético.,event-B1105-v1,3e389cf65e7f21eb31844dc4fd5ae7de196770a6e2b5126272f6b4117894a5da,ok
survey-demo,B1106,customer-0553,1,2026-08-01T12:00:00.000000Z,2026-08-01T12:00:00.000000Z,2026-08-01T12:00:00.000000Z,NPS,0,support,Comentário inteiramente sintético.,event-B1106-v1,2dbcd3e04b6bd78c458e2a43cb2b8cc48de449851daa11b08b5b2a11474390b1,ok
survey-demo,B1107,customer-0553,1,2026-08-01T12:00:00.000000Z,2026-08-01T12:00:00.000000Z,2026-08-01T12:00:00.000000Z,CSAT,3,renewal,Comentário inteiramente sintético.,event-B1107-v1,44ed0e92bb847d1245123e9bd4e1c0ec2289fadfc66c5b7cfc7c4806eeff10db,ok
survey-demo,B1108,customer-0554,1,2026-08-01T12:00:00.000000Z,2026-08-01T12:00:00.000000Z,2026-08-01T12:00:00.000000Z,NPS,9,onboarding,Comentário inteiramente sintético.,event-B1108-v1,476ad46d193cef9ad6d93da1c85a422b49442560c5e13f6acbcd4d692eae5b1c,ok
survey-demo,B1109,customer-0554,1,2026-08-01T12:00:00.000000Z,2026-08-01T12:00:00.000000Z,2026-08-01T12:00:00.000000Z,NPS,2,service,Comentário inteiramente sintético.,event-B1109-v1,5446f011dff0a5aa24846eb754325d0b1db627f63c2572b0aff34c814e027572,ok
survey-demo,B1110,customer-0555,1,2026-08-01T12:00:00.000000Z,2026-08-01T12:00:00.000000Z,2026-08-01T12:00:00.000000Z,CSAT,1,support,Comentário inteiramente sintético.,event-B1110-v1,b928f2fe8e9ff3eedc7fbeb0569ccead3d1a8827463af0c6ea8fd20ebcd6c32e,ok
survey-demo,B1111,customer-0555,1,2026-08-01T12:00:00.000000Z,2026-08-01T12:00:00.000000Z,2026-08-01T12:00:00.000000Z,NPS,10,renewal,Comentário inteiramente sintético.,event-B1111-v1,5187c92177cc85fa4ffcd3454c788652d4af41c0d31e8ec91d3e2a3a01996731,ok
survey-demo,B1112,customer-0556,2,2026-08-03T12:00:00.000000Z,2026-08-01T12:00:00.000000Z,2026-08-01T12:00:00.000000Z,NPS,7,onboarding,Comentário inteiramente sintético.,event-B1112-v2,41de5c1247c3362142cfd5a513f0ccadd991e03a250b1b08f40cdc8910b96ae6,ok
survey-demo,B1113,customer-0556,1,2026-08-01T12:00:00.000000Z,2026-08-01T12:00:00.000000Z,2026-08-01T12:00:00.000000Z,CSAT,3,service,Comentário inteiramente sintético.,event-B1113-v1,f2b0019b6fc9407c6b3e7570900d6bcc02e0e8f8acf5f8595cd27b01e2fd2f34,ok
survey-demo,B1114,customer-0557,1,2026-08-01T12:00:00.000000Z,2026-08-01T12:00:00.000000Z,2026-08-01T12:00:00.000000Z,NPS,9,support,Comentário inteiramente sintético.,event-B1114-v1,1344ffe23ec425380df3c65cd3b812bbdc695d2649029b84c159819ef3c23551,ok
survey-demo,B1115,customer-0557,1,2026-08-01T12:00:00.000000Z,2026-08-01T12:00:00.000000Z,2026-08-01T12:00:00.000000Z,NPS,2,renewal,Comentário inteiramente sintético.,event-B1115-v1,9a0ca08b7d75a66aaa903fd24c36fcf91687d81295b661bb386c166a13e95694,ok
survey-demo,B1116,customer-0558,1,2026-08-01T12:00:00.000000Z,2026-08-01T12:00:00.000000Z,2026-08-01T12:00:00.000000Z,CSAT,4,onboarding,Comentário inteiramente sintético.,event-B1116-v1,18d8f6ddecdb448ddcd72f2db7d89ba23db661e9956e02bbf208f845e5483bc1,ok
survey-demo,B1117,customer-0558,1,2026-08-01T12:00:00.000000Z,2026-08-01T12:00:00.000000Z,2026-08-01T12:00:00.000000Z,NPS,5,service,Comentário inteiramente sintético.,event-B1117-v1,5d7814c71edbcdfef6da6e1b4d8458645428cb569bfb3d2e920778792bc35b04,ok
survey-demo,B1118,customer-0559,1,2026-08-01T12:00:00.000000Z,2026-08-01T12:00:00.000000Z,2026-08-01T12:00:00.000000Z,NPS,4,support,Comentário inteiramente sintético.,event-B1118-v1,0bd467152affb53ca7183b42298894893ddfad666dcf9105fce68a0b3930ee00,ok
survey-demo,B1119,customer-0559,1,2026-08-01T12:00:00.000000Z,2026-08-01T12:00:00.000000Z,2026-08-01T12:00:00.000000Z,CSAT,3,renewal,Comentário inteiramente sintético.,event-B1119-v1,4e2ca72cd013f220be46012dd6826f5e983d99f459832a1f4c3bba3c3d356890,ok
survey-demo,B1120,customer-0560,2,2026-08-03T12:00:00.000000Z,2026-08-01T12:00:00.000000Z,2026-08-01T12:00:00.000000Z,NPS,5,onboarding,Comentário inteiramente sintético.,event-B1120-v2,1cb3f7b07655b51774582f9b6ec2219a366147990d4d0a1efc9c7017651b4766,ok
survey-demo,B1121,customer-0560,1,2026-08-01T12:00:00.000000Z,2026-08-01T12:00:00.000000Z,2026-08-01T12:00:00.000000Z,NPS,6,service,Comentário inteiramente sintético.,event-B1121-v1,d6bfbfe2a3a5def1a441ff819243233f4b74f2d748aa21f5bf8b11902c3fe31c,ok
survey-demo,B1122,customer-0561,1,2026-08-01T12:00:00.000000Z,2026-08-01T12:00:00.000000Z,2026-08-01T12:00:00.000000Z,CSAT,3,support,Comentário inteiramente sintético.,event-B1122-v1,a5d152b7ea52cbf86f18ddc2d6576003b300ef2b1b639aa2058331dc8abae799,ok
survey-demo,B1123,customer-0561,1,2026-08-01T12:00:00.000000Z,2026-08-01T12:00:00.000000Z,2026-08-01T12:00:00.000000Z,NPS,4,renewal,Comentário inteiramente sintético.,event-B1123-v1,636a5c5c87ae25f1fef4a72448acc16b77d79a275685a7f090439e4fc9042484,ok
survey-demo,B1124,customer-0562,1,2026-08-01T12:00:00.000000Z,2026-08-01T12:00:00.000000Z,2026-08-01T12:00:00.000000Z,NPS,2,onboarding,Comentário inteiramente sintético.,event-B1124-v1,9f27903b67d419f3d4063489325e3c9a4637063f122c0cd8040701ccbcd201c5,ok
survey-demo,B1125,customer-0562,1,2026-08-01T12:00:00.000000Z,2026-08-01T12:00:00.000000Z,2026-08-01T12:00:00.000000Z,CSAT,2,service,Comentário inteiramente sintético.,event-B1125-v1,7e9d72c33930c4089a060485c280e241f83a396bf71e2cf4f67781653a579060,ok
survey-demo,B1126,customer-0563,1,2026-08-01T12:00:00.000000Z,2026-08-01T12:00:00.000000Z,2026-08-01T12:00:00.000000Z,NPS,9,support,Comentário inteiramente sintético.,event-B1126-v1,941a8f1db846f8f3281ca594eff9f444d919bdcdf22487f25bb412fe69dae124,ok
survey-demo,B1127,customer-0563,1,2026-08-01T12:00:00.000000Z,2026-08-01T12:00:00.000000Z,2026-08-01T12:00:00.000000Z,NPS,10,renewal,Comentário inteiramente sintético.,event-B1127-v1,7a3eae894595402fcfe703324a94f39fa182c027a458b24644ae33d2bff41e8a,ok
survey-demo,B1128,customer-0564,2,2026-08-03T12:00:00.000000Z,2026-08-01T12:00:00.000000Z,2026-08-01T12:00:00.000000Z,CSAT,2,onboarding,Comentário inteiramente sintético.,event-B1128-v2,218911ed257bea7ab7ffcb52c18aeea33c40a3e8c61e951372619fcdd1c17302,ok
survey-demo,B1129,customer-0564,1,2026-08-01T12:00:00.000000Z,2026-08-01T12:00:00.000000Z,2026-08-01T12:00:00.000000Z,NPS,5,service,Comentário inteiramente sintético.,event-B1129-v1,cb2caee897f65c15e44dbd38db086fa7cc9ce42880e5ece7ac7eb630fcc5b676,ok
survey-demo,B1130,customer-0565,1,2026-08-01T12:00:00.000000Z,2026-08-01T12:00:00.000000Z,2026-08-01T12:00:00.000000Z,NPS,2,support,Comentário inteiramente sintético.,event-B1130-v1,3af29d7e3afaad0c687438e8e6f600752864f1373e468dcb07493d7662376862,ok
survey-demo,B1131,customer-0565,1,2026-08-01T12:00:00.000000Z,2026-08-01T12:00:00.000000Z,2026-08-01T12:00:00.000000Z,CSAT,2,renewal,Comentário inteiramente sintético.,event-B1131-v1,5118f1c20ad04919e757384ffcfc3aa3486d73da6e4974cb9ac6c1a4421018ce,ok
survey-demo,B1132,customer-0566,1,2026-08-01T12:00:00.000000Z,2026-08-01T12:00:00.000000Z,2026-08-01T12:00:00.000000Z,NPS,9,onboarding,Comentário inteiramente sintético.,event-B1132-v1,985bd30f5091d96f549ec55082571c0c0b70122414dc1d74a2f5783161698584,ok
survey-demo,B1133,customer-0566,1,2026-08-01T12:00:00.000000Z,2026-08-01T12:00:00.000000Z,2026-08-01T12:00:00.000000Z,NPS,7,service,Comentário inteiramente sintético.,event-B1133-v1,f32c50a0d84b7ee4e5d91934d2f9c03d9eb46b735385bd2ce6257718b603e28c,ok
survey-demo,B1134,customer-0567,1,2026-08-01T12:00:00.000000Z,2026-08-01T12:00:00.000000Z,2026-08-01T12:00:00.000000Z,CSAT,1,support,Comentário inteiramente sintético.,event-B1134-v1,0e08aa1837fdbe3ae9c3ce82ec9f686dddb3d1913f77f9d3d94cde42721e55f2,ok
survey-demo,B1135,customer-0567,1,2026-08-01T12:00:00.000000Z,2026-08-01T12:00:00.000000Z,2026-08-01T12:00:00.000000Z,NPS,5,renewal,Comentário inteiramente sintético.,event-B1135-v1,3e18ccd9ac174c73264efd07e47c90d5565d4ae8943e59ae2a130718c55eaa2a,ok
survey-demo,B1136,customer-0568,2,2026-08-03T12:00:00.000000Z,2026-08-01T12:00:00.000000Z,2026-08-01T12:00:00.000000Z,NPS,10,onboarding,Comentário inteiramente sintético.,event-B1136-v2,2c7aca0edcf28b6610c9993c2daa8d593639968312e59f3fbf76121224c18fc6,ok
survey-demo,B1137,customer-0568,1,2026-08-01T12:00:00.000000Z,2026-08-01T12:00:00.000000Z,2026-08-01T12:00:00.000000Z,CSAT,3,service,Comentário inteiramente sintético.,event-B1137-v1,4572e785fdf639824eb3d5f32fc2d5cbb00a5404d20b29b83828b5be29da6a79,ok
survey-demo,B1138,customer-0569,1,2026-08-01T12:00:00.000000Z,2026-08-01T12:00:00.000000Z,2026-08-01T12:00:00.000000Z,NPS,6,support,Comentário inteiramente sintético.,event-B1138-v1,9cd6736e7a0fd55c015506d6ca5d5c38b40e0eb755331ca241bcbe555cc66888,ok
survey-demo,B1139,customer-0569,1,2026-08-01T12:00:00.000000Z,2026-08-01T12:00:00.000000Z,2026-08-01T12:00:00.000000Z,NPS,9,renewal,Comentário inteiramente sintético.,event-B1139-v1,f692ff76ef6cfcf4911685f95b5529722900d0a03f68532c04eab286d1d78735,ok
survey-demo,B1140,customer-0570,1,2026-08-01T12:00:00.000000Z,2026-08-01T12:00:00.000000Z,2026-08-01T12:00:00.000000Z,CSAT,3,onboarding,Comentário inteiramente sintético.,event-B1140-v1,0d8461fc9e955397eda961355fed3f6e55fac13a70716653f3857143f1553d07,has_rejected_history
survey-demo,B1141,customer-0570,1,2026-08-01T12:00:00.000000Z,2026-08-01T12:00:00.000000Z,2026-08-01T12:00:00.000000Z,NPS,3,service,Comentário inteiramente sintético.,event-B1141-v1,3c13389d1c2c1e8760cd59473965c69a3bf90eec2a207e9a983c7a52e9fda57a,ok
survey-demo,B1142,customer-0571,1,2026-08-01T12:00:00.000000Z,2026-08-01T12:00:00.000000Z,2026-08-01T12:00:00.000000Z,NPS,8,support,Comentário inteiramente sintético.,event-B1142-v1,6626e143b94b14bc0aeab23091a91356087e523bbde623115a8c7316df7050e7,ok
survey-demo,B1143,customer-0571,1,2026-08-01T12:00:00.000000Z,2026-08-01T12:00:00.000000Z,2026-08-01T12:00:00.000000Z,CSAT,4,renewal,Comentário inteiramente sintético.,event-B1143-v1,d44660b0a8c81dcff69b9ffc5ee590fcc3828c4bfab16c0d0b3d3fcffe511a5b,ok
survey-demo,B1144,customer-0572,2,2026-08-03T12:00:00.000000Z,2026-08-01T12:00:00.000000Z,2026-08-01T12:00:00.000000Z,NPS,1,onboarding,Comentário inteiramente sintético.,event-B1144-v2,0013d51097b486afe63feb7a1ac3b42e66cabc36b44b0b9b64afa2c1ac36846a,ok
survey-demo,B1145,customer-0572,1,2026-08-01T12:00:00.000000Z,2026-08-01T12:00:00.000000Z,2026-08-01T12:00:00.000000Z,NPS,1,service,Comentário inteiramente sintético.,event-B1145-v1,d624ae0b4e52c98413fd7a4a973ba83a48ab23c44806fd478497769f3670a6d8,ok
survey-demo,B1146,customer-0573,1,2026-08-01T12:00:00.000000Z,2026-08-01T12:00:00.000000Z,2026-08-01T12:00:00.000000Z,CSAT,3,support,Comentário inteiramente sintético.,event-B1146-v1,616b830847121923a70da65f5157ddb33d64a40b324436fbcc22e36770d5c161,ok
survey-demo,B1147,customer-0573,1,2026-08-01T12:00:00.000000Z,2026-08-01T12:00:00.000000Z,2026-08-01T12:00:00.000000Z,NPS,1,renewal,Comentário inteiramente sintético.,event-B1147-v1,e8943065db1883f47ea90d3b0a8a092bfcd7c12274db69986f2215e878675cb4,ok
survey-demo,B1148,customer-0574,1,2026-08-01T12:00:00.000000Z,2026-08-01T12:00:00.000000Z,2026-08-01T12:00:00.000000Z,NPS,9,onboarding,Comentário inteiramente sintético.,event-B1148-v1,612e40dbd3dfdea8e2d61f059ba098eb5c3be9fbf1efb4ca65e5c29c505a6235,ok
survey-demo,B1149,customer-0574,1,2026-08-01T12:00:00.000000Z,2026-08-01T12:00:00.000000Z,2026-08-01T12:00:00.000000Z,CSAT,5,service,Comentário inteiramente sintético.,event-B1149-v1,89f6f5235a2d296b29dbb8c2b5f9d81870e41ab60facdefdfc92e708842c2645,ok
survey-demo,B1150,customer-0575,1,2026-08-01T12:00:00.000000Z,2026-08-01T12:00:00.000000Z,2026-08-01T12:00:00.000000Z,NPS,1,support,Comentário inteiramente sintético.,event-B1150-v1,8a89066bed09d1786006063030bd08a3a62029250a85403b1443365b1b810345,ok
survey-demo,B1151,customer-0575,1,2026-08-01T12:00:00.000000Z,2026-08-01T12:00:00.000000Z,2026-08-01T12:00:00.000000Z,NPS,9,renewal,Comentário inteiramente sintético.,event-B1151-v1,77ee6860a6b6e7b4e1bd193621d362de8c9ae1533e2568f8dfbdf6ed53d808e6,ok
survey-demo,B1152,customer-0576,2,2026-08-03T12:00:00.000000Z,2026-08-01T12:00:00.000000Z,2026-08-01T12:00:00.000000Z,CSAT,3,onboarding,Comentário inteiramente sintético.,event-B1152-v2,925ab6b2955af78d5e529174d3d9e6de81dd91eb9c1b90b42bf3289f582b7e3a,ok
survey-demo,B1153,customer-0576,1,2026-08-01T12:00:00.000000Z,2026-08-01T12:00:00.000000Z,2026-08-01T12:00:00.000000Z,NPS,10,service,Comentário inteiramente sintético.,event-B1153-v1,45ce4cffba4705bba2080edf3195660e3a924443420f2f6b7642b4dc821a51e1,ok
survey-demo,B1154,customer-0577,1,2026-08-01T12:00:00.000000Z,2026-08-01T12:00:00.000000Z,2026-08-01T12:00:00.000000Z,NPS,6,support,Comentário inteiramente sintético.,event-B1154-v1,63483b37a59239bf0525367db58fd81b12711eaf32090973c72d22bc61d710ee,ok
survey-demo,B1155,customer-0577,1,2026-08-01T12:00:00.000000Z,2026-08-01T12:00:00.000000Z,2026-08-01T12:00:00.000000Z,CSAT,1,renewal,Comentário inteiramente sintético.,event-B1155-v1,ea33f5db2d64a97a103bc8ff50de5c5d49dbe885fb3218cd126257d703d4787c,ok
survey-demo,B1156,customer-0578,1,2026-08-01T12:00:00.000000Z,2026-08-01T12:00:00.000000Z,2026-08-01T12:00:00.000000Z,NPS,9,onboarding,Comentário inteiramente sintético.,event-B1156-v1,a29200104af37ebebe63aab51322c84a4a409b934ee166cc4ae85bbf24f7bf9f,ok
survey-demo,B1157,customer-0578,1,2026-08-01T12:00:00.000000Z,2026-08-01T12:00:00.000000Z,2026-08-01T12:00:00.000000Z,NPS,4,service,Comentário inteiramente sintético.,event-B1157-v1,7a67644752f0b6937c68174915fe808568abba841be4596dfcd606987e43913c,ok
survey-demo,B1158,customer-0579,1,2026-08-01T12:00:00.000000Z,2026-08-01T12:00:00.000000Z,2026-08-01T12:00:00.000000Z,CSAT,3,support,Comentário inteiramente sintético.,event-B1158-v1,c3c421495a537254bc8f3a7990c9153ab13004f6702f089aeff8656af1df0d0f,ok
survey-demo,B1159,customer-0579,1,2026-08-01T12:00:00.000000Z,2026-08-01T12:00:00.000000Z,2026-08-01T12:00:00.000000Z,NPS,5,renewal,Comentário inteiramente sintético.,event-B1159-v1,8480eb4ee4ff812a1b21611905194c6493b2a06ff47fe4a60a2936ebad85a4b8,ok
survey-demo,B1160,customer-0580,2,2026-08-03T12:00:00.000000Z,2026-08-01T12:00:00.000000Z,2026-08-01T12:00:00.000000Z,NPS,9,onboarding,Comentário inteiramente sintético.,event-B1160-v2,fd5a7b9699a422d283c63dd1e6f207fd4a5b1075d7c01ec61b06862d10153cdc,ok
survey-demo,B1161,customer-0580,1,2026-08-01T12:00:00.000000Z,2026-08-01T12:00:00.000000Z,2026-08-01T12:00:00.000000Z,CSAT,4,service,Comentário inteiramente sintético.,event-B1161-v1,426cac00ec4582b4fdc41ee1e95b73e83ec0de86905d764cabbe16b510f1175a,ok
survey-demo,B1162,customer-0581,1,2026-08-01T12:00:00.000000Z,2026-08-01T12:00:00.000000Z,2026-08-01T12:00:00.000000Z,NPS,1,support,Comentário inteiramente sintético.,event-B1162-v1,379ebc1c84032036c4da6c6426f3716a408ad7440b825b03216693d5d048538a,ok
survey-demo,B1163,customer-0581,1,2026-08-01T12:00:00.000000Z,2026-08-01T12:00:00.000000Z,2026-08-01T12:00:00.000000Z,NPS,7,renewal,Comentário inteiramente sintético.,event-B1163-v1,920ad0d2ec38447ae291c41ea19972b5f61c5bed240f8c96e23fb7437da57da2,ok
survey-demo,B1164,customer-0582,1,2026-08-01T12:00:00.000000Z,2026-08-01T12:00:00.000000Z,2026-08-01T12:00:00.000000Z,CSAT,3,onboarding,Comentário inteiramente sintético.,event-B1164-v1,7fb317a2a2700e9dde91823669b03aeb3811838cfab2561e088cfbc6bc94f8ab,ok
survey-demo,B1165,customer-0582,1,2026-08-01T12:00:00.000000Z,2026-08-01T12:00:00.000000Z,2026-08-01T12:00:00.000000Z,NPS,6,service,Comentário inteiramente sintético.,event-B1165-v1,fc1393092c5fa2a5563d8b6bda5bdfc90808e0cf631c97a53788b40ba6bb4771,ok
survey-demo,B1166,customer-0583,1,2026-08-01T12:00:00.000000Z,2026-08-01T12:00:00.000000Z,2026-08-01T12:00:00.000000Z,NPS,5,support,Comentário inteiramente sintético.,event-B1166-v1,4085af01b9c852de6a7cd2f70c615ada4ca92a79180b210ec7221019bafe1e41,ok
survey-demo,B1167,customer-0583,1,2026-08-01T12:00:00.000000Z,2026-08-01T12:00:00.000000Z,2026-08-01T12:00:00.000000Z,CSAT,5,renewal,Comentário inteiramente sintético.,event-B1167-v1,cf7c248dc895243dd745678daec6b2027816f73a9341578f122cfd737908bc98,ok
survey-demo,B1168,customer-0584,2,2026-08-03T12:00:00.000000Z,2026-08-01T12:00:00.000000Z,2026-08-01T12:00:00.000000Z,NPS,6,onboarding,Comentário inteiramente sintético.,event-B1168-v2,f6ab696281c3ef1f2a0dc9d43e97d8ff852499217fe92e1dc3d7fe926d45859c,ok
survey-demo,B1169,customer-0584,1,2026-08-01T12:00:00.000000Z,2026-08-01T12:00:00.000000Z,2026-08-01T12:00:00.000000Z,NPS,8,service,Comentário inteiramente sintético.,event-B1169-v1,d779cbdd240c6f9bc53e82dbf5c50caba5846828941666354673f9c7db71c196,ok
survey-demo,B1170,customer-0585,1,2026-08-01T12:00:00.000000Z,2026-08-01T12:00:00.000000Z,2026-08-01T12:00:00.000000Z,CSAT,2,support,Comentário inteiramente sintético.,event-B1170-v1,feb00593793a052887397bfb0249be968718590beae9494ab997bcef381eae63,ok
survey-demo,B1171,customer-0585,1,2026-08-01T12:00:00.000000Z,2026-08-01T12:00:00.000000Z,2026-08-01T12:00:00.000000Z,NPS,0,renewal,Comentário inteiramente sintético.,event-B1171-v1,25f0bbd065f17af2630a94897ca7cab7824fb4dd52105e96955663987211641b,ok
survey-demo,B1172,customer-0586,1,2026-08-01T12:00:00.000000Z,2026-08-01T12:00:00.000000Z,2026-08-01T12:00:00.000000Z,NPS,2,onboarding,Comentário inteiramente sintético.,event-B1172-v1,5dce8ce0d96279674c18539e21af2fc1b3933e5b1ee354bac34598cf6f426936,ok
survey-demo,B1173,customer-0586,1,2026-08-01T12:00:00.000000Z,2026-08-01T12:00:00.000000Z,2026-08-01T12:00:00.000000Z,CSAT,3,service,Comentário inteiramente sintético.,event-B1173-v1,aa8e6122064c69e35966508ecddb943bcd8a54abd33b90e80747fdedc1bacfb8,ok
survey-demo,B1174,customer-0587,1,2026-08-01T12:00:00.000000Z,2026-08-01T12:00:00.000000Z,2026-08-01T12:00:00.000000Z,NPS,2,support,Comentário inteiramente sintético.,event-B1174-v1,8f38a59c0d7a5f0c4945b6878a4a5bd22cde7485c555e184175e922ad1830e68,ok
survey-demo,B1175,customer-0587,1,2026-08-01T12:00:00.000000Z,2026-08-01T12:00:00.000000Z,2026-08-01T12:00:00.000000Z,NPS,6,renewal,Comentário inteiramente sintético.,event-B1175-v1,1f1be8f57cf3336e712a474ab8d7ca6fb0dbe349fa7bb225b232ad12b579a72d,ok
survey-demo,B1176,customer-0588,2,2026-08-03T12:00:00.000000Z,2026-08-01T12:00:00.000000Z,2026-08-01T12:00:00.000000Z,CSAT,4,onboarding,Comentário inteiramente sintético.,event-B1176-v2,bef3ff238fec03bd25b01bedef3dd587e8ff9d116ff6808f87b5234e14b39152,ok
survey-demo,B1177,customer-0588,1,2026-08-01T12:00:00.000000Z,2026-08-01T12:00:00.000000Z,2026-08-01T12:00:00.000000Z,NPS,5,service,Comentário inteiramente sintético.,event-B1177-v1,1b59d80a763fa793138bbbfb34515341aaf0120134ad3aa6e772d42bc9e1adc8,ok
survey-demo,B1178,customer-0589,1,2026-08-01T12:00:00.000000Z,2026-08-01T12:00:00.000000Z,2026-08-01T12:00:00.000000Z,NPS,8,support,Comentário inteiramente sintético.,event-B1178-v1,2cb490cd12c3b65b27f4c58163a8a6daaa17dea6a61ece93a2a8f550c6b1c70c,ok
survey-demo,B1179,customer-0589,1,2026-08-01T12:00:00.000000Z,2026-08-01T12:00:00.000000Z,2026-08-01T12:00:00.000000Z,CSAT,2,renewal,Comentário inteiramente sintético.,event-B1179-v1,f82feb986c6efb48613e12074c793a65aa86dd81b0cdf23e52f03a02dd377987,ok
survey-demo,B1180,customer-0590,1,2026-08-01T12:00:00.000000Z,2026-08-01T12:00:00.000000Z,2026-08-01T12:00:00.000000Z,NPS,1,onboarding,Comentário inteiramente sintético.,event-B1180-v1,2ce17065ad6df8fc9b5c070965ef991db61974c533661a4e274d7e76c918c0d7,ok
survey-demo,B1181,customer-0590,1,2026-08-01T12:00:00.000000Z,2026-08-01T12:00:00.000000Z,2026-08-01T12:00:00.000000Z,NPS,7,service,Comentário inteiramente sintético.,event-B1181-v1,b9f02d2fff01a3d38c234aa385ba93db6c9e73891b83aad5c5d40400dc8c0bcd,ok
survey-demo,B1182,customer-0591,1,2026-08-01T12:00:00.000000Z,2026-08-01T12:00:00.000000Z,2026-08-01T12:00:00.000000Z,CSAT,5,support,Comentário inteiramente sintético.,event-B1182-v1,51956b9394fb22199c0347c95a21a4af0d419259ddcbbe8ee4e46d19abace2e7,ok
survey-demo,B1183,customer-0591,1,2026-08-01T12:00:00.000000Z,2026-08-01T12:00:00.000000Z,2026-08-01T12:00:00.000000Z,NPS,8,renewal,Comentário inteiramente sintético.,event-B1183-v1,faa684f635d9b469dc58453a988b12031708196aec413bbfb0c69a0c8daf1cd6,ok
survey-demo,B1184,customer-0592,2,2026-08-03T12:00:00.000000Z,2026-08-01T12:00:00.000000Z,2026-08-01T12:00:00.000000Z,NPS,6,onboarding,Comentário inteiramente sintético.,event-B1184-v2,fe93ec949770c22af699747d9a61dd00992794878ad6bc7262510ccd3f8f5ab3,ok
survey-demo,B1185,customer-0592,1,2026-08-01T12:00:00.000000Z,2026-08-01T12:00:00.000000Z,2026-08-01T12:00:00.000000Z,CSAT,1,service,Comentário inteiramente sintético.,event-B1185-v1,daff9fddba77afa96a91b5b8a00ee7e43e24d6b7fff460f7006514c0c9e69b10,ok
survey-demo,B1186,customer-0593,1,2026-08-01T12:00:00.000000Z,2026-08-01T12:00:00.000000Z,2026-08-01T12:00:00.000000Z,NPS,2,support,Comentário inteiramente sintético.,event-B1186-v1,865b15edc699fb11710bebf09d486503769d207f8be5299e92ea96a9c2f28c53,ok
survey-demo,B1187,customer-0593,1,2026-08-01T12:00:00.000000Z,2026-08-01T12:00:00.000000Z,2026-08-01T12:00:00.000000Z,NPS,5,renewal,Comentário inteiramente sintético.,event-B1187-v1,cb43219184cbd2710e29546f63d8a8966d4d8431ec93b1fb29492b3353e3dacf,ok
survey-demo,B1188,customer-0594,1,2026-08-01T12:00:00.000000Z,2026-08-01T12:00:00.000000Z,2026-08-01T12:00:00.000000Z,CSAT,3,onboarding,Comentário inteiramente sintético.,event-B1188-v1,144794346f6b259eea6679997243d2de33f6cf011cc94436f41d7fc2d6023f91,ok
survey-demo,B1189,customer-0594,1,2026-08-01T12:00:00.000000Z,2026-08-01T12:00:00.000000Z,2026-08-01T12:00:00.000000Z,NPS,0,service,Comentário inteiramente sintético.,event-B1189-v1,eddbf420a1e307ff26f3ac9858815e476e8384113a9a23d5aebbc4f54716f647,ok
survey-demo,B1190,customer-0595,1,2026-08-01T12:00:00.000000Z,2026-08-01T12:00:00.000000Z,2026-08-01T12:00:00.000000Z,NPS,1,support,Comentário inteiramente sintético.,event-B1190-v1,fda7c7462d3ae76dee5597a2def71c54bd8adeaaddb22c6e924d9d0ccb130810,ok
survey-demo,B1191,customer-0595,1,2026-08-01T12:00:00.000000Z,2026-08-01T12:00:00.000000Z,2026-08-01T12:00:00.000000Z,CSAT,3,renewal,Comentário inteiramente sintético.,event-B1191-v1,061bac5fba9adaef9d24bdaa3a06dcb12d255196cb7f5de8da929d5dfa8cea8b,ok
survey-demo,B1192,customer-0596,2,2026-08-03T12:00:00.000000Z,2026-08-01T12:00:00.000000Z,2026-08-01T12:00:00.000000Z,NPS,10,onboarding,Comentário inteiramente sintético.,event-B1192-v2,b97a7ebf8c693eea2d0968f953e27259b455887278c83f775f2c6bece72d57db,ok
survey-demo,B1193,customer-0596,1,2026-08-01T12:00:00.000000Z,2026-08-01T12:00:00.000000Z,2026-08-01T12:00:00.000000Z,NPS,0,service,Comentário inteiramente sintético.,event-B1193-v1,344e01fca844158520654ccda8a7d21fd3369f8277ac15e24b04dacc90c5cec1,ok
survey-demo,B1194,customer-0597,1,2026-08-01T12:00:00.000000Z,2026-08-01T12:00:00.000000Z,2026-08-01T12:00:00.000000Z,CSAT,3,support,Comentário inteiramente sintético.,event-B1194-v1,7446b18a4cd6f08ba4f0429903fee2bac3e4c49ea30acf7a5b70a00c2530fa41,ok
survey-demo,B1195,customer-0597,1,2026-08-01T12:00:00.000000Z,2026-08-01T12:00:00.000000Z,2026-08-01T12:00:00.000000Z,NPS,6,renewal,Comentário inteiramente sintético.,event-B1195-v1,1a8e7a77236a8357897b315d70a8d61db244cb7e6ebe2abe59c39668eba32f9f,ok
survey-demo,B1196,customer-0598,1,2026-08-01T12:00:00.000000Z,2026-08-01T12:00:00.000000Z,2026-08-01T12:00:00.000000Z,NPS,1,onboarding,Comentário inteiramente sintético.,event-B1196-v1,16882e6d8f1b97d13ce74bd2ead7c35b1b264d60810a84007c99eb836ac045fa,ok
survey-demo,B1197,customer-0598,1,2026-08-01T12:00:00.000000Z,2026-08-01T12:00:00.000000Z,2026-08-01T12:00:00.000000Z,CSAT,2,service,Comentário inteiramente sintético.,event-B1197-v1,357047938f84ff562992785ca7b8ed40fbd1c6e0d08d16211af8b5fbff99e7ba,ok
survey-demo,B1198,customer-0599,1,2026-08-01T12:00:00.000000Z,2026-08-01T12:00:00.000000Z,2026-08-01T12:00:00.000000Z,NPS,6,support,Comentário inteiramente sintético.,event-B1198-v1,9fb028a63c26aff3d95ef27069a0cb34cb554f1d784dd9f530ba1fbc0e8e14d5,ok
survey-demo,B1199,customer-0599,1,2026-08-01T12:00:00.000000Z,2026-08-01T12:00:00.000000Z,2026-08-01T12:00:00.000000Z,NPS,1,renewal,Comentário inteiramente sintético.,event-B1199-v1,c861bd1bddf83288f8bb8eead25284a40f4b9d3c1591b0505d8001694f793986,ok
survey-demo,R001,customer-R001,1,2026-08-01T12:00:00.000000Z,2026-08-01T12:00:00.000000Z,2026-08-01T12:00:00.000000Z,NPS,3,support,Comentário inteiramente sintético.,event-R001-v1,3667cd8522830c469bb9192d9f1e654517f917725fc0791d7dc798ade633d414,ok
survey-demo,R002,customer-R002,1,2026-08-01T12:00:00.000000Z,2026-08-01T12:00:00.000000Z,2026-08-01T12:00:00.000000Z,NPS,10,support,Comentário inteiramente sintético.,event-R002-v1,eb770b4f43011548d518f57188195942f7339db258c1cf6ddfea02ec727e99e8,ok
survey-demo,R003,customer-R003,1,2026-08-01T12:00:00.000000Z,2026-08-01T12:00:00.000000Z,2026-08-01T12:00:00.000000Z,NPS,10,support,Comentário inteiramente sintético.,event-R003-v1,aa6722ceae3a3b7b5c89a86ce09d30710755e652420418805451a63a34837542,ok
survey-demo,R004,customer-R004,2,2026-08-03T12:00:00.000000Z,2026-08-01T12:00:00.000000Z,2026-08-01T12:00:00.000000Z,NPS,10,support,Comentário inteiramente sintético.,event-R004-v2,f074d9e53e0c55f31a1a832bdff307d3c0f4441c4129982f0afdd57bbcfdf1be,ok
survey-demo,R005,customer-R005,1,2026-08-01T12:00:00.000000Z,2026-08-01T12:00:00.000000Z,2026-08-01T12:00:00.000000Z,CSAT,4,support,Comentário inteiramente sintético.,event-R005-v1,d3e8b199c93632c2804b4b8e46d163f1eae9d60c0ca28a5263c4672a9c2a98e1,ok
survey-demo,R006,customer-R006,1,2026-08-01T12:00:00.000000Z,2026-08-01T12:00:00.000000Z,2026-08-01T12:00:00.000000Z,CSAT,5,support,Comentário inteiramente sintético.,event-R006-v1,6cc9ef35e169d975a01f069131f61e16bd45f2955485af4f3c80b76690cd85d7,ok
survey-demo,R007,customer-R007,1,2026-08-01T12:00:00.000000Z,2026-08-01T12:00:00.000000Z,2026-08-01T12:00:00.000000Z,NPS,9,support,Comentário inteiramente sintético.,event-R007-v1,67ae6d29804eae9d4997a58ab64946fd0ef3056a3bcda0f36d5ad5c96a2c0fe7,ok
survey-demo,R008,customer-returning,1,2026-08-01T12:00:00.000000Z,2026-08-01T12:00:00.000000Z,2026-08-01T12:00:00.000000Z,NPS,9,support,Comentário inteiramente sintético.,event-R008-v1,6fef5dbb35b4bb8cc04d7273b3d3cdfb52d6003857fdc7686cde80b570d80bec,ok
survey-demo,R009,customer-returning,1,2026-08-01T12:00:00.000000Z,2026-08-01T12:00:00.000000Z,2026-08-01T12:00:00.000000Z,NPS,9,support,Comentário inteiramente sintético.,event-R009-v1,266a21d1d864ea64f8205bc9d17fd8f0cd5de7390b9b03f0c09ba7a8cbbc0371,ok
survey-demo,R010,customer-R010,1,2026-08-01T12:00:00.000000Z,2026-08-01T12:00:00.000000Z,2026-08-01T12:00:00.000000Z,NPS,6,support,Comentário inteiramente sintético.,event-R010-v1,64a62d0376493bfbe494531e82e7ab3ff7cf931d7602818437d97927b9dabe0c,has_rejected_history
survey-demo,R011,customer-R011,2,2026-08-01T12:00:00.000000Z,2026-08-01T12:00:00.000000Z,2026-08-01T12:00:00.000000Z,NPS,10,support,Comentário inteiramente sintético.,event-R011-v2,54d18c30bbe710ae1279750b7e92dd00d2dbd7d114f60841115d80a94b76f9c6,ok
survey-demo,R013,customer-R013,1,2026-08-01T12:00:00.000000Z,2026-08-01T12:00:00.000000Z,2026-08-01T12:00:00.000000Z,NPS,10,support,Comentário inteiramente sintético.,event-R013-v1,52e9ed1683a612055a16046f6ab899f68b2766d624becf4d2b0bf8957dba459f,ok
survey-demo,R014,customer-R014,1,2026-08-01T12:00:00.000000Z,2026-08-01T12:00:00.000000Z,2026-08-01T12:00:00.000000Z,NPS,9,support,Comentário inteiramente sintético.,event-R014-v1,72e2ae5e54da989f62141bd9f31e82020c5410905ed661cf23e566cfabcdc723,ok
survey-demo,R015,customer-R015,1,2026-08-01T12:00:00.000000Z,2026-08-01T12:00:00.000000Z,2026-08-01T12:00:00.000000Z,NPS,9,support,Comentário inteiramente sintético.,event-R015-v1,12aa6f961536f95b2c6b96a99a732c53ed45d5f8691adfb48425f212c87675ec,ok
survey-other,R001,customer-R001,1,2026-08-01T12:00:00.000000Z,2026-08-01T12:00:00.000000Z,2026-08-01T12:00:00.000000Z,CSAT,5,support,Comentário inteiramente sintético.,event-other-R001-v1,ebc212255280c2f53010b21290a21ca30694edd6e3796903168008bb1f90d844,ok
