response_id,customer_id,journey_stage,responded_at,updated_at,event_version,nps_score,csat_score,category,comment
R000001,C000189,service,2025-01-01T08:00:00Z,2025-01-01T08:23:00Z,1,7,4,experience,The information could be clearer.
R000002,C000290,onboarding,2025-01-01T09:31:00Z,2025-01-01T10:20:00Z,1,10,5,access,Everything worked as expected.
R000003,C000131,onboarding,2025-01-01T11:02:00Z,2025-01-01T13:32:00Z,1,7,5,access,The waiting time affected the experience.
R000004,C002047,support,2025-01-01T12:33:00Z,2025-01-01T15:33:00Z,1,9,4,resolution,The information could be clearer.
R000005,C002377,support,2025-01-01T14:04:00Z,2025-01-01T16:24:00Z,1,6,5,communication,Everything worked as expected.
R000006,C000597,service,2025-01-01T15:35:00Z,2025-01-01T16:54:00Z,1,10,3,schedule,The response was quick.
R000007,C000718,service,2025-01-01T17:06:00Z,2025-01-01T18:17:00Z,1,9,3,experience,The response was quick.
R000008,C001450,support,2025-01-01T18:37:00Z,2025-01-01T20:45:00Z,1,7,3,communication,The waiting time affected the experience.
R000009,C000328,support,2025-01-01T20:08:00Z,2025-01-01T22:57:00Z,1,8,4,communication,The information could be clearer.
R000010,C001974,support,2025-01-01T21:39:00Z,2025-01-01T23:57:00Z,1,10,4,communication,I needed more than one contact.
R000011,C000024,support,2025-01-01T23:10:00Z,2025-01-01T23:58:00Z,1,7,3,communication,The response was quick.
R000012,C002343,support,2025-01-02T00:41:00Z,2025-01-02T02:02:00Z,1,7,1,communication,I needed more than one contact.
R000013,C001083,support,2025-01-02T02:12:00Z,2025-01-02T02:45:00Z,1,5,3,resolution,I needed more than one contact.
R000014,C000235,support,2025-01-02T03:43:00Z,2025-01-02T05:46:00Z,1,6,4,communication,The information could be clearer.
R000015,C001795,support,2025-01-02T05:14:00Z,2025-01-02T07:39:00Z,1,6,2,resolution,The waiting time affected the experience.
R000016,C001424,service,2025-01-02T06:45:00Z,2025-01-02T06:54:00Z,1,8,3,schedule,The response was quick.
R000017,C001395,service,2025-01-02T08:16:00Z,2025-01-16T08:33:00Z,2,5,1,experience,The response was quick.
R000018,C002194,service,2025-01-02T09:47:00Z,2025-01-02T10:35:00Z,1,7,3,experience,The response was quick.
R000019,C001836,service,2025-01-02T11:18:00Z,2025-01-02T12:55:00Z,1,10,4,experience,The information could be clearer.
R000020,C000049,service,2025-01-02T12:49:00Z,2025-01-02T14:42:00Z,1,7,5,schedule,The information could be clearer.
R000021,C000874,service,2025-01-02T14:20:00Z,2025-01-02T16:36:00Z,1,7,4,experience,Everything worked as expected.
R000022,C001064,onboarding,2025-01-02T15:51:00Z,2025-01-02T16:25:00Z,1,10,4,access,Everything worked as expected.
R000023,C002016,support,2025-01-02T17:22:00Z,2025-01-02T17:57:00Z,1,5,5,communication,The information could be clearer.
R000024,C001532,renewal,2025-01-02T18:53:00Z,2025-01-02T19:17:00Z,1,7,4,value,The information could be clearer.
R000025,C000641,onboarding,2025-01-02T20:24:00Z,2025-01-02T20:56:00Z,1,7,5,access,The response was quick.
R000026,C000257,service,2025-01-02T21:55:00Z,2025-01-02T22:40:00Z,1,10,5,schedule,The information could be clearer.
R000027,C002146,onboarding,2025-01-02T23:26:00Z,2025-01-03T00:12:00Z,1,7,5,access,Everything worked as expected.
R000028,C001855,service,2025-01-03T00:57:00Z,2025-01-03T03:31:00Z,1,8,4,experience,Everything worked as expected.
R000029,C001189,renewal,2025-01-03T02:28:00Z,2025-01-03T02:46:00Z,1,7,2,value,The waiting time affected the experience.
R000030,C000762,support,2025-01-03T03:59:00Z,2025-01-03T06:33:00Z,1,6,3,communication,The waiting time affected the experience.
R000031,C002133,support,2025-01-03T05:30:00Z,2025-01-03T07:37:00Z,1,6,3,resolution,Everything worked as expected.
R000032,C002112,onboarding,2025-01-03T07:01:00Z,2025-01-03T07:38:00Z,1,10,5,information,The waiting time affected the experience.
R000033,C000047,renewal,2025-01-03T08:32:00Z,2025-01-03T08:59:00Z,1,6,4,value,The response was quick.
R000034,C001753,support,2025-01-03T10:03:00Z,2025-01-17T10:37:00Z,2,7,2,communication,The response was quick.
R000035,C000524,renewal,2025-01-03T11:34:00Z,2025-01-03T12:58:00Z,1,7,4,value,The response was quick.
R000036,C000936,onboarding,2025-01-03T13:05:00Z,2025-01-03T14:09:00Z,1,7,5,information,The information could be clearer.
R000037,C001916,service,2025-01-03T14:36:00Z,2025-01-03T17:14:00Z,1,10,3,schedule,The response was quick.
R000038,C000226,renewal,2025-01-03T16:07:00Z,2025-01-03T17:47:00Z,1,7,5,value,The waiting time affected the experience.
R000039,C000588,service,2025-01-03T17:38:00Z,2025-01-03T19:30:00Z,1,9,3,experience,Everything worked as expected.
R000040,C001862,support,2025-01-03T19:09:00Z,2025-01-03T21:09:00Z,1,4,3,resolution,The waiting time affected the experience.
R000041,C002007,support,2025-01-03T20:40:00Z,2025-01-03T21:15:00Z,1,5,4,resolution,The response was quick.
R000042,C002318,support,2025-01-03T22:11:00Z,2025-01-03T23:18:00Z,1,5,4,resolution,I needed more than one contact.
R000043,C002083,support,2025-01-03T23:42:00Z,2025-01-03T23:47:00Z,1,7,5,communication,The response was quick.
R000044,C001798,renewal,2025-01-04T01:13:00Z,2025-01-04T03:48:00Z,1,5,4,value,The response was quick.
R000045,C000101,support,2025-01-04T02:44:00Z,2025-01-04T04:56:00Z,1,6,2,communication,The response was quick.
R000046,C001174,support,2025-01-04T04:15:00Z,2025-01-04T05:09:00Z,1,5,4,resolution,The response was quick.
R000047,C001705,service,2025-01-04T05:46:00Z,2025-01-04T07:38:00Z,1,5,4,experience,I needed more than one contact.
R000048,C002379,onboarding,2025-01-04T07:17:00Z,2025-01-04T07:58:00Z,1,8,4,information,The waiting time affected the experience.
R000049,C000106,support,2025-01-04T08:48:00Z,2025-01-04T09:08:00Z,1,8,4,resolution,The response was quick.
R000050,C002009,support,2025-01-04T10:19:00Z,2025-01-04T12:51:00Z,1,10,5,communication,The response was quick.
R000051,C002368,renewal,2025-01-04T11:50:00Z,2025-01-18T12:41:00Z,2,4,5,value,The response was quick.
R000052,C000211,onboarding,2025-01-04T13:21:00Z,2025-01-04T16:15:00Z,1,8,5,information,The waiting time affected the experience.
R000053,C000669,service,2025-01-04T14:52:00Z,2025-01-04T15:52:00Z,1,9,5,experience,I needed more than one contact.
R000054,C000714,onboarding,2025-01-04T16:23:00Z,2025-01-04T17:37:00Z,1,9,5,information,I needed more than one contact.
R000055,C001778,service,2025-01-04T17:54:00Z,2025-01-04T19:57:00Z,1,7,4,experience,The response was quick.
R000056,C000323,support,2025-01-04T19:25:00Z,2025-01-04T21:49:00Z,1,8,3,communication,The response was quick.
R000057,C000219,onboarding,2025-01-04T20:56:00Z,2025-01-04T21:02:00Z,1,9,3,information,I needed more than one contact.
R000058,C000909,service,2025-01-04T22:27:00Z,2025-01-05T00:25:00Z,1,10,4,schedule,I needed more than one contact.
R000059,C002327,onboarding,2025-01-04T23:58:00Z,2025-01-05T00:31:00Z,1,10,3,access,The information could be clearer.
R000060,C002176,service,2025-01-05T01:29:00Z,2025-01-05T01:35:00Z,1,4,4,schedule,The response was quick.
R000061,C002352,support,2025-01-05T03:00:00Z,2025-01-05T03:57:00Z,1,7,3,resolution,The waiting time affected the experience.
R000062,C000671,onboarding,2025-01-05T04:31:00Z,2025-01-05T06:46:00Z,1,7,3,access,The information could be clearer.
R000063,C000367,onboarding,2025-01-05T06:02:00Z,2025-01-05T08:09:00Z,1,7,4,access,The information could be clearer.
R000064,C000643,onboarding,2025-01-05T07:33:00Z,2025-01-05T10:33:00Z,1,10,5,information,I needed more than one contact.
R000065,C000813,service,2025-01-05T09:04:00Z,2025-01-05T10:52:00Z,1,9,4,experience,Everything worked as expected.
R000066,C001902,support,2025-01-05T10:35:00Z,2025-01-05T10:46:00Z,1,5,4,communication,The waiting time affected the experience.
R000067,C000657,onboarding,2025-01-05T12:06:00Z,2025-01-05T14:49:00Z,1,7,3,access,The response was quick.
R000068,C000635,support,2025-01-05T13:37:00Z,2025-01-19T13:46:00Z,2,6,3,resolution,The response was quick.
R000069,C000145,renewal,2025-01-05T15:08:00Z,2025-01-05T17:55:00Z,1,8,3,value,The waiting time affected the experience.
R000070,C002252,service,2025-01-05T16:39:00Z,2025-01-05T18:33:00Z,1,5,3,schedule,Everything worked as expected.
R000071,C000351,onboarding,2025-01-05T18:10:00Z,2025-01-05T18:16:00Z,1,5,4,access,The response was quick.
R000072,C001089,renewal,2025-01-05T19:41:00Z,2025-01-05T22:04:00Z,1,7,4,value,The waiting time affected the experience.
R000073,C000045,renewal,2025-01-05T21:12:00Z,2025-01-05T22:02:00Z,1,8,3,value,The information could be clearer.
R000074,C001345,service,2025-01-05T22:43:00Z,2025-01-05T23:34:00Z,1,7,3,schedule,Everything worked as expected.
R000075,C000766,support,2025-01-06T00:14:00Z,2025-01-06T01:37:00Z,1,3,4,communication,The information could be clearer.
R000076,C000585,renewal,2025-01-06T01:45:00Z,2025-01-06T04:04:00Z,1,7,3,relationship,The response was quick.
R000077,C000139,support,2025-01-06T03:16:00Z,2025-01-06T05:00:00Z,1,4,5,resolution,Everything worked as expected.
R000078,C002319,onboarding,2025-01-06T04:47:00Z,2025-01-06T05:09:00Z,1,10,3,access,The waiting time affected the experience.
R000079,C001569,support,2025-01-06T06:18:00Z,2025-01-06T06:26:00Z,1,6,3,resolution,The waiting time affected the experience.
R000080,C000870,renewal,2025-01-06T07:49:00Z,2025-01-06T08:22:00Z,1,7,4,value,The information could be clearer.
R000081,C001736,service,2025-01-06T09:20:00Z,2025-01-06T10:11:00Z,1,7,3,schedule,Everything worked as expected.
R000082,C002279,onboarding,2025-01-06T10:51:00Z,2025-01-06T13:01:00Z,1,8,5,information,The information could be clearer.
R000083,C000690,onboarding,2025-01-06T12:22:00Z,2025-01-06T14:25:00Z,1,6,4,information,Everything worked as expected.
R000084,C002124,service,2025-01-06T13:53:00Z,2025-01-06T14:35:00Z,1,9,4,experience,The response was quick.
R000085,C001443,support,2025-01-06T15:24:00Z,2025-01-20T15:50:00Z,2,7,2,resolution,Everything worked as expected.
R000086,C001301,onboarding,2025-01-06T16:55:00Z,2025-01-06T19:49:00Z,1,9,5,access,The information could be clearer.
R000087,C000399,onboarding,2025-01-06T18:26:00Z,2025-01-06T20:41:00Z,1,9,4,access,The information could be clearer.
R000088,C001486,renewal,2025-01-06T19:57:00Z,2025-01-06T21:08:00Z,1,6,4,value,Everything worked as expected.
R000089,C000316,onboarding,2025-01-06T21:28:00Z,2025-01-07T00:25:00Z,1,9,4,access,The waiting time affected the experience.
R000090,C002317,service,2025-01-06T22:59:00Z,2025-01-06T23:37:00Z,1,9,4,schedule,Everything worked as expected.
R000091,C001234,support,2025-01-07T00:30:00Z,2025-01-07T01:57:00Z,1,4,2,communication,The waiting time affected the experience.
R000092,C000546,renewal,2025-01-07T02:01:00Z,2025-01-07T03:02:00Z,1,5,3,value,I needed more than one contact.
R000093,C002140,renewal,2025-01-07T03:32:00Z,2025-01-07T05:21:00Z,1,8,5,value,The waiting time affected the experience.
R000094,C000361,service,2025-01-07T05:03:00Z,2025-01-07T06:52:00Z,1,6,4,experience,Everything worked as expected.
R000095,C000016,support,2025-01-07T06:34:00Z,2025-01-07T08:03:00Z,1,10,4,communication,I needed more than one contact.
R000096,C001277,renewal,2025-01-07T08:05:00Z,2025-01-07T08:21:00Z,1,7,4,relationship,The waiting time affected the experience.
R000097,C002224,onboarding,2025-01-07T09:36:00Z,2025-01-07T11:58:00Z,1,9,4,access,The information could be clearer.
R000098,C002307,support,2025-01-07T11:07:00Z,2025-01-07T11:29:00Z,1,8,2,resolution,The information could be clearer.
R000099,C001691,support,2025-01-07T12:38:00Z,2025-01-07T15:08:00Z,1,6,4,resolution,The information could be clearer.
R000100,C001531,support,2025-01-07T14:09:00Z,2025-01-07T16:03:00Z,1,6,3,communication,I needed more than one contact.
R000101,C000003,onboarding,2025-01-07T15:40:00Z,2025-01-07T15:54:00Z,1,10,5,information,The waiting time affected the experience.
R000102,C001127,renewal,2025-01-07T17:11:00Z,2025-01-21T17:54:00Z,2,10,5,relationship,The response was quick.
R000103,C000807,support,2025-01-07T18:42:00Z,2025-01-07T21:11:00Z,1,7,4,resolution,The response was quick.
R000104,C000564,service,2025-01-07T20:13:00Z,2025-01-07T22:48:00Z,1,8,4,experience,Everything worked as expected.
R000105,C002098,support,2025-01-07T21:44:00Z,2025-01-07T23:56:00Z,1,8,4,communication,I needed more than one contact.
R000106,C001492,service,2025-01-07T23:15:00Z,2025-01-08T01:05:00Z,1,8,5,schedule,The response was quick.
R000107,C001252,support,2025-01-08T00:46:00Z,2025-01-08T02:27:00Z,1,7,4,resolution,The waiting time affected the experience.
R000108,C002358,renewal,2025-01-08T02:17:00Z,2025-01-08T02:42:00Z,1,5,3,value,The response was quick.
R000109,C002188,renewal,2025-01-08T03:48:00Z,2025-01-08T05:45:00Z,1,7,4,relationship,The information could be clearer.
R000110,C000895,renewal,2025-01-08T05:19:00Z,2025-01-08T06:30:00Z,1,8,4,relationship,Everything worked as expected.
R000111,C000335,support,2025-01-08T06:50:00Z,2025-01-08T09:26:00Z,1,6,5,communication,The response was quick.
R000112,C000016,onboarding,2025-01-08T08:21:00Z,2025-01-08T10:27:00Z,1,8,4,information,Everything worked as expected.
R000113,C001262,service,2025-01-08T09:52:00Z,2025-01-08T11:35:00Z,1,5,4,experience,The waiting time affected the experience.
R000114,C001369,renewal,2025-01-08T11:23:00Z,2025-01-08T13:32:00Z,1,4,4,value,I needed more than one contact.
R000115,C000204,service,2025-01-08T12:54:00Z,2025-01-08T14:03:00Z,1,10,5,schedule,Everything worked as expected.
R000116,C000593,support,2025-01-08T14:25:00Z,2025-01-08T16:45:00Z,1,6,2,resolution,The response was quick.
R000117,C000046,onboarding,2025-01-08T15:56:00Z,2025-01-08T16:59:00Z,1,8,5,access,The response was quick.
R000118,C001654,renewal,2025-01-08T17:27:00Z,2025-01-08T19:23:00Z,1,5,3,value,The response was quick.
R000119,C002219,service,2025-01-08T18:58:00Z,2025-01-22T18:59:00Z,2,6,2,experience,I needed more than one contact.
R000120,C000668,service,2025-01-08T20:29:00Z,2025-01-08T23:08:00Z,1,8,4,schedule,The response was quick.
R000121,C000439,renewal,2025-01-08T22:00:00Z,2025-01-09T00:03:00Z,1,9,5,relationship,Everything worked as expected.
R000122,C001518,onboarding,2025-01-08T23:31:00Z,2025-01-08T23:49:00Z,1,10,3,access,The response was quick.
R000123,C000591,support,2025-01-09T01:02:00Z,2025-01-09T02:40:00Z,1,8,3,communication,I needed more than one contact.
R000124,C002227,renewal,2025-01-09T02:33:00Z,2025-01-09T04:54:00Z,1,8,5,relationship,Everything worked as expected.
R000125,C000496,service,2025-01-09T04:04:00Z,2025-01-09T06:51:00Z,1,6,4,experience,The response was quick.
R000126,C000164,service,2025-01-09T05:35:00Z,2025-01-09T06:08:00Z,1,10,4,schedule,The response was quick.
R000127,C001647,support,2025-01-09T07:06:00Z,2025-01-09T08:46:00Z,1,9,2,resolution,The response was quick.
R000128,C001241,onboarding,2025-01-09T08:37:00Z,2025-01-09T09:24:00Z,1,9,4,access,Everything worked as expected.
R000129,C001027,service,2025-01-09T10:08:00Z,2025-01-09T12:24:00Z,1,9,5,experience,The response was quick.
R000130,C001883,renewal,2025-01-09T11:39:00Z,2025-01-09T13:29:00Z,1,5,4,value,I needed more than one contact.
R000131,C001568,renewal,2025-01-09T13:10:00Z,2025-01-09T16:00:00Z,1,6,2,relationship,The information could be clearer.
R000132,C000410,support,2025-01-09T14:41:00Z,2025-01-09T15:01:00Z,1,6,2,resolution,Everything worked as expected.
R000133,C000078,service,2025-01-09T16:12:00Z,2025-01-09T18:48:00Z,1,7,3,experience,The information could be clearer.
R000134,C000330,service,2025-01-09T17:43:00Z,2025-01-09T18:30:00Z,1,9,3,schedule,I needed more than one contact.
R000135,C001204,service,2025-01-09T19:14:00Z,2025-01-09T20:04:00Z,1,4,5,schedule,The information could be clearer.
R000136,C000618,support,2025-01-09T20:45:00Z,2025-01-23T21:03:00Z,2,8,2,communication,The waiting time affected the experience.
R000137,C002398,renewal,2025-01-09T22:16:00Z,2025-01-09T23:23:00Z,1,6,3,relationship,I needed more than one contact.
R000138,C001446,service,2025-01-09T23:47:00Z,2025-01-10T02:01:00Z,1,7,4,schedule,I needed more than one contact.
R000139,C001530,service,2025-01-10T01:18:00Z,2025-01-10T04:09:00Z,1,10,5,schedule,The waiting time affected the experience.
R000140,C000165,onboarding,2025-01-10T02:49:00Z,2025-01-10T04:35:00Z,1,8,5,access,The information could be clearer.
R000141,C000464,service,2025-01-10T04:20:00Z,2025-01-10T06:47:00Z,1,7,4,schedule,The waiting time affected the experience.
R000142,C002120,onboarding,2025-01-10T05:51:00Z,2025-01-10T06:36:00Z,1,7,3,information,I needed more than one contact.
R000143,C000493,renewal,2025-01-10T07:22:00Z,2025-01-10T08:49:00Z,1,6,4,relationship,The waiting time affected the experience.
R000144,C001818,onboarding,2025-01-10T08:53:00Z,2025-01-10T10:10:00Z,1,6,5,information,The response was quick.
R000145,C002345,service,2025-01-10T10:24:00Z,2025-01-10T12:00:00Z,1,8,4,experience,Everything worked as expected.
R000146,C000707,service,2025-01-10T11:55:00Z,2025-01-10T13:52:00Z,1,9,5,experience,The information could be clearer.
R000147,C000790,onboarding,2025-01-10T13:26:00Z,2025-01-10T14:57:00Z,1,8,5,information,The waiting time affected the experience.
R000148,C002397,support,2025-01-10T14:57:00Z,2025-01-10T16:19:00Z,1,4,3,communication,The response was quick.
R000149,C001650,onboarding,2025-01-10T16:28:00Z,2025-01-10T18:37:00Z,1,9,5,information,The response was quick.
R000150,C001012,service,2025-01-10T17:59:00Z,2025-01-10T19:16:00Z,1,7,4,experience,The waiting time affected the experience.
R000151,C000161,support,2025-01-10T19:30:00Z,2025-01-10T22:06:00Z,1,6,3,communication,The waiting time affected the experience.
R000152,C000130,onboarding,2025-01-10T21:01:00Z,2025-01-10T23:24:00Z,1,5,4,information,The waiting time affected the experience.
R000153,C001319,support,2025-01-10T22:32:00Z,2025-01-24T23:07:00Z,2,8,3,resolution,Everything worked as expected.
R000154,C000231,service,2025-01-11T00:03:00Z,2025-01-11T00:40:00Z,1,9,5,experience,I needed more than one contact.
R000155,C001307,service,2025-01-11T01:34:00Z,2025-01-11T02:29:00Z,1,7,4,experience,Everything worked as expected.
R000156,C001209,service,2025-01-11T03:05:00Z,2025-01-11T05:50:00Z,1,7,4,schedule,The information could be clearer.
R000157,C001698,service,2025-01-11T04:36:00Z,2025-01-11T04:41:00Z,1,7,4,schedule,The information could be clearer.
R000158,C000573,service,2025-01-11T06:07:00Z,2025-01-11T08:01:00Z,1,7,4,experience,The waiting time affected the experience.
R000159,C001858,support,2025-01-11T07:38:00Z,2025-01-11T08:07:00Z,1,7,3,communication,I needed more than one contact.
R000160,C000245,onboarding,2025-01-11T09:09:00Z,2025-01-11T11:47:00Z,1,10,4,information,The response was quick.
R000161,C001616,onboarding,2025-01-11T10:40:00Z,2025-01-11T13:27:00Z,1,7,5,information,Everything worked as expected.
R000162,C000574,renewal,2025-01-11T12:11:00Z,2025-01-11T13:09:00Z,1,6,3,relationship,I needed more than one contact.
R000163,C001412,onboarding,2025-01-11T13:42:00Z,2025-01-11T14:08:00Z,1,9,4,access,The response was quick.
R000164,C001821,service,2025-01-11T15:13:00Z,2025-01-11T17:53:00Z,1,7,5,schedule,I needed more than one contact.
R000165,C000774,service,2025-01-11T16:44:00Z,2025-01-11T19:26:00Z,1,5,4,schedule,The response was quick.
R000166,C001730,support,2025-01-11T18:15:00Z,2025-01-11T18:34:00Z,1,7,4,resolution,I needed more than one contact.
R000167,C000816,onboarding,2025-01-11T19:46:00Z,2025-01-11T20:53:00Z,1,9,4,information,I needed more than one contact.
R000168,C001720,service,2025-01-11T21:17:00Z,2025-01-11T23:25:00Z,1,8,3,experience,The waiting time affected the experience.
R000169,C002286,support,2025-01-11T22:48:00Z,2025-01-12T01:36:00Z,1,8,4,resolution,The waiting time affected the experience.
R000170,C000861,service,2025-01-12T00:19:00Z,2025-01-26T01:11:00Z,2,6,4,schedule,The response was quick.
R000171,C000265,support,2025-01-12T01:50:00Z,2025-01-12T03:24:00Z,1,8,3,communication,Everything worked as expected.
R000172,C001860,service,2025-01-12T03:21:00Z,2025-01-12T05:02:00Z,1,6,3,schedule,The information could be clearer.
R000173,C002050,service,2025-01-12T04:52:00Z,2025-01-12T05:17:00Z,1,10,3,schedule,The waiting time affected the experience.
R000174,C000828,support,2025-01-12T06:23:00Z,2025-01-12T08:33:00Z,1,10,3,resolution,Everything worked as expected.
R000175,C000898,service,2025-01-12T07:54:00Z,2025-01-12T09:17:00Z,1,9,3,schedule,The information could be clearer.
R000176,C000253,support,2025-01-12T09:25:00Z,2025-01-12T11:23:00Z,1,7,3,communication,The information could be clearer.
R000177,C000604,service,2025-01-12T10:56:00Z,2025-01-12T12:55:00Z,1,10,4,schedule,The response was quick.
R000178,C001868,support,2025-01-12T12:27:00Z,2025-01-12T15:08:00Z,1,6,4,communication,The waiting time affected the experience.
R000179,C001941,service,2025-01-12T13:58:00Z,2025-01-12T16:56:00Z,1,6,4,schedule,The waiting time affected the experience.
R000180,C000592,onboarding,2025-01-12T15:29:00Z,2025-01-12T18:20:00Z,1,10,3,access,Everything worked as expected.
R000181,C001817,support,2025-01-12T17:00:00Z,2025-01-12T17:50:00Z,1,4,2,communication,Everything worked as expected.
R000182,C000522,support,2025-01-12T18:31:00Z,2025-01-12T21:29:00Z,1,6,2,communication,The waiting time affected the experience.
R000183,C001242,support,2025-01-12T20:02:00Z,2025-01-12T22:33:00Z,1,7,3,resolution,I needed more than one contact.
R000184,C001857,renewal,2025-01-12T21:33:00Z,2025-01-12T23:47:00Z,1,10,3,relationship,The information could be clearer.
R000185,C000653,support,2025-01-12T23:04:00Z,2025-01-13T00:04:00Z,1,6,3,communication,Everything worked as expected.
R000186,C000920,onboarding,2025-01-13T00:35:00Z,2025-01-13T01:15:00Z,1,4,4,access,The information could be clearer.
R000187,C001090,onboarding,2025-01-13T02:06:00Z,2025-01-27T02:16:00Z,2,9,4,access,The waiting time affected the experience.
R000188,C000335,support,2025-01-13T03:37:00Z,2025-01-13T06:27:00Z,1,4,4,resolution,Everything worked as expected.
R000189,C002374,service,2025-01-13T05:08:00Z,2025-01-13T07:48:00Z,1,10,4,schedule,I needed more than one contact.
R000190,C001839,service,2025-01-13T06:39:00Z,2025-01-13T08:53:00Z,1,10,3,experience,The response was quick.
R000191,C002325,onboarding,2025-01-13T08:10:00Z,2025-01-13T08:54:00Z,1,9,5,access,The waiting time affected the experience.
R000192,C000406,onboarding,2025-01-13T09:41:00Z,2025-01-13T11:30:00Z,1,10,4,information,The response was quick.
R000193,C000719,support,2025-01-13T11:12:00Z,2025-01-13T12:07:00Z,1,6,2,resolution,The information could be clearer.
R000194,C001512,onboarding,2025-01-13T12:43:00Z,2025-01-13T13:03:00Z,1,5,4,access,The response was quick.
R000195,C001577,support,2025-01-13T14:14:00Z,2025-01-13T16:23:00Z,1,7,5,resolution,Everything worked as expected.
R000196,C000040,service,2025-01-13T15:45:00Z,2025-01-13T16:00:00Z,1,10,2,schedule,The waiting time affected the experience.
R000197,C002107,support,2025-01-13T17:16:00Z,2025-01-13T18:56:00Z,1,4,2,communication,The waiting time affected the experience.
R000198,C002385,service,2025-01-13T18:47:00Z,2025-01-13T19:37:00Z,1,6,3,experience,I needed more than one contact.
R000199,C000631,service,2025-01-13T20:18:00Z,2025-01-13T21:00:00Z,1,10,5,schedule,Everything worked as expected.
R000200,C002327,service,2025-01-13T21:49:00Z,2025-01-14T00:37:00Z,1,2,4,experience,The waiting time affected the experience.
R000201,C000190,support,2025-01-13T23:20:00Z,2025-01-14T00:05:00Z,1,6,3,resolution,The information could be clearer.
R000202,C002177,onboarding,2025-01-14T00:51:00Z,2025-01-14T03:30:00Z,1,7,5,information,Everything worked as expected.
R000203,C001433,onboarding,2025-01-14T02:22:00Z,2025-01-14T05:12:00Z,1,5,5,access,I needed more than one contact.
R000204,C000598,renewal,2025-01-14T03:53:00Z,2025-01-28T04:20:00Z,2,8,3,relationship,I needed more than one contact.
R000205,C001768,service,2025-01-14T05:24:00Z,2025-01-14T06:43:00Z,1,10,3,schedule,The waiting time affected the experience.
R000206,C001267,support,2025-01-14T06:55:00Z,2025-01-14T09:16:00Z,1,8,4,resolution,I needed more than one contact.
R000207,C000791,service,2025-01-14T08:26:00Z,2025-01-14T10:44:00Z,1,9,3,experience,I needed more than one contact.
R000208,C000513,support,2025-01-14T09:57:00Z,2025-01-14T11:39:00Z,1,3,2,resolution,I needed more than one contact.
R000209,C002308,renewal,2025-01-14T11:28:00Z,2025-01-14T13:00:00Z,1,6,3,relationship,The response was quick.
R000210,C001414,renewal,2025-01-14T12:59:00Z,2025-01-14T13:47:00Z,1,9,3,value,The response was quick.
R000211,C000842,service,2025-01-14T14:30:00Z,2025-01-14T14:58:00Z,1,8,4,schedule,The waiting time affected the experience.
R000212,C001407,service,2025-01-14T16:01:00Z,2025-01-14T17:05:00Z,1,3,2,schedule,The response was quick.
R000213,C001396,onboarding,2025-01-14T17:32:00Z,2025-01-14T20:05:00Z,1,10,4,access,The information could be clearer.
R000214,C001939,service,2025-01-14T19:03:00Z,2025-01-14T21:31:00Z,1,10,3,experience,I needed more than one contact.
R000215,C001719,onboarding,2025-01-14T20:34:00Z,2025-01-14T21:38:00Z,1,5,3,information,The information could be clearer.
R000216,C001504,service,2025-01-14T22:05:00Z,2025-01-14T22:58:00Z,1,9,2,schedule,The response was quick.
R000217,C000615,service,2025-01-14T23:36:00Z,2025-01-15T01:43:00Z,1,7,2,experience,I needed more than one contact.
R000218,C001133,service,2025-01-15T01:07:00Z,2025-01-15T01:48:00Z,1,7,5,schedule,Everything worked as expected.
R000219,C001632,onboarding,2025-01-15T02:38:00Z,2025-01-15T04:07:00Z,1,10,4,access,The information could be clearer.
R000220,C002112,service,2025-01-15T04:09:00Z,2025-01-15T04:57:00Z,1,8,3,experience,I needed more than one contact.
R000221,C000639,service,2025-01-15T05:40:00Z,2025-01-29T06:24:00Z,2,8,3,experience,I needed more than one contact.
R000222,C001569,support,2025-01-15T07:11:00Z,2025-01-15T07:40:00Z,1,3,3,resolution,I needed more than one contact.
R000223,C000434,service,2025-01-15T08:42:00Z,2025-01-15T10:49:00Z,1,10,3,experience,I needed more than one contact.
R000224,C000287,support,2025-01-15T10:13:00Z,2025-01-15T11:37:00Z,1,5,4,resolution,Everything worked as expected.
R000225,C000096,onboarding,2025-01-15T11:44:00Z,2025-01-15T14:23:00Z,1,10,5,access,The information could be clearer.
R000226,C001894,renewal,2025-01-15T13:15:00Z,2025-01-15T16:12:00Z,1,4,3,value,The response was quick.
R000227,C002081,renewal,2025-01-15T14:46:00Z,2025-01-15T16:33:00Z,1,6,4,value,Everything worked as expected.
R000228,C000665,service,2025-01-15T16:17:00Z,2025-01-15T17:19:00Z,1,8,3,experience,The information could be clearer.
R000229,C000504,service,2025-01-15T17:48:00Z,2025-01-15T19:32:00Z,1,10,3,schedule,The response was quick.
R000230,C000996,service,2025-01-15T19:19:00Z,2025-01-15T19:40:00Z,1,4,5,experience,The information could be clearer.
R000231,C000872,onboarding,2025-01-15T20:50:00Z,2025-01-15T21:25:00Z,1,9,3,information,I needed more than one contact.
R000232,C002132,service,2025-01-15T22:21:00Z,2025-01-16T01:12:00Z,1,7,4,experience,The information could be clearer.
R000233,C001112,support,2025-01-15T23:52:00Z,2025-01-16T01:12:00Z,1,9,3,resolution,I needed more than one contact.
R000234,C001146,onboarding,2025-01-16T01:23:00Z,2025-01-16T04:00:00Z,1,8,5,information,The information could be clearer.
R000235,C002060,service,2025-01-16T02:54:00Z,2025-01-16T05:33:00Z,1,9,5,schedule,The information could be clearer.
R000236,C001913,service,2025-01-16T04:25:00Z,2025-01-16T07:00:00Z,1,5,4,experience,Everything worked as expected.
R000237,C001530,renewal,2025-01-16T05:56:00Z,2025-01-16T08:38:00Z,1,10,5,value,I needed more than one contact.
R000238,C002029,support,2025-01-16T07:27:00Z,2025-01-30T07:29:00Z,2,10,5,resolution,Everything worked as expected.
R000239,C000477,support,2025-01-16T08:58:00Z,2025-01-16T10:50:00Z,1,4,4,communication,I needed more than one contact.
R000240,C000861,support,2025-01-16T10:29:00Z,2025-01-16T11:51:00Z,1,8,2,resolution,The response was quick.
R000241,C000536,onboarding,2025-01-16T12:00:00Z,2025-01-16T13:52:00Z,1,8,4,access,The response was quick.
R000242,C002032,renewal,2025-01-16T13:31:00Z,2025-01-16T16:28:00Z,1,6,3,value,The information could be clearer.
R000243,C001229,service,2025-01-16T15:02:00Z,2025-01-16T16:18:00Z,1,4,4,experience,Everything worked as expected.
R000244,C000525,service,2025-01-16T16:33:00Z,2025-01-16T17:58:00Z,1,7,4,schedule,Everything worked as expected.
R000245,C000484,onboarding,2025-01-16T18:04:00Z,2025-01-16T20:42:00Z,1,8,4,information,The response was quick.
R000246,C000041,support,2025-01-16T19:35:00Z,2025-01-16T21:30:00Z,1,8,4,communication,The response was quick.
R000247,C000964,onboarding,2025-01-16T21:06:00Z,2025-01-17T00:01:00Z,1,10,4,access,The response was quick.
R000248,C002347,onboarding,2025-01-16T22:37:00Z,2025-01-17T00:50:00Z,1,10,4,information,Everything worked as expected.
R000249,C001963,support,2025-01-17T00:08:00Z,2025-01-17T01:44:00Z,1,8,5,resolution,Everything worked as expected.
R000250,C002082,renewal,2025-01-17T01:39:00Z,2025-01-17T03:50:00Z,1,7,5,value,The response was quick.
R000251,C001809,onboarding,2025-01-17T03:10:00Z,2025-01-17T06:05:00Z,1,10,3,access,The waiting time affected the experience.
R000252,C002346,renewal,2025-01-17T04:41:00Z,2025-01-17T06:46:00Z,1,8,3,value,The response was quick.
R000253,C001404,service,2025-01-17T06:12:00Z,2025-01-17T09:12:00Z,1,10,4,experience,The information could be clearer.
R000254,C002058,support,2025-01-17T07:43:00Z,2025-01-17T09:27:00Z,1,7,3,communication,The response was quick.
R000255,C000653,onboarding,2025-01-17T09:14:00Z,2025-01-31T09:33:00Z,2,7,5,information,Everything worked as expected.
R000256,C002052,support,2025-01-17T10:45:00Z,2025-01-17T13:14:00Z,1,7,4,resolution,Everything worked as expected.
R000257,C001534,onboarding,2025-01-17T12:16:00Z,2025-01-17T13:44:00Z,1,6,5,information,The response was quick.
R000258,C002194,service,2025-01-17T13:47:00Z,2025-01-17T16:11:00Z,1,7,3,schedule,The information could be clearer.
R000259,C000410,support,2025-01-17T15:18:00Z,2025-01-17T15:36:00Z,1,4,3,communication,I needed more than one contact.
R000260,C000329,support,2025-01-17T16:49:00Z,2025-01-17T18:41:00Z,1,6,3,communication,I needed more than one contact.
R000261,C000250,support,2025-01-17T18:20:00Z,2025-01-17T20:49:00Z,1,6,5,communication,Everything worked as expected.
R000262,C002042,support,2025-01-17T19:51:00Z,2025-01-17T20:33:00Z,1,6,4,communication,I needed more than one contact.
R000263,C001436,renewal,2025-01-17T21:22:00Z,2025-01-17T22:14:00Z,1,10,5,relationship,The information could be clearer.
R000264,C002277,service,2025-01-17T22:53:00Z,2025-01-17T23:44:00Z,1,8,4,schedule,I needed more than one contact.
R000265,C001594,service,2025-01-18T00:24:00Z,2025-01-18T00:57:00Z,1,10,4,schedule,The response was quick.
R000266,C000005,onboarding,2025-01-18T01:55:00Z,2025-01-18T03:56:00Z,1,10,4,information,I needed more than one contact.
R000267,C002362,service,2025-01-18T03:26:00Z,2025-01-18T03:31:00Z,1,6,2,experience,The waiting time affected the experience.
R000268,C000182,support,2025-01-18T04:57:00Z,2025-01-18T05:26:00Z,1,7,2,communication,The response was quick.
R000269,C002228,onboarding,2025-01-18T06:28:00Z,2025-01-18T07:54:00Z,1,8,5,information,The response was quick.
R000270,C000954,service,2025-01-18T07:59:00Z,2025-01-18T09:35:00Z,1,10,4,experience,The response was quick.
R000271,C002123,onboarding,2025-01-18T09:30:00Z,2025-01-18T11:55:00Z,1,10,5,information,The response was quick.
R000272,C000366,onboarding,2025-01-18T11:01:00Z,2025-02-01T11:37:00Z,2,7,5,access,I needed more than one contact.
R000273,C001390,renewal,2025-01-18T12:32:00Z,2025-01-18T13:13:00Z,1,10,3,value,The response was quick.
R000274,C001082,service,2025-01-18T14:03:00Z,2025-01-18T16:13:00Z,1,7,3,schedule,The information could be clearer.
R000275,C000971,support,2025-01-18T15:34:00Z,2025-01-18T16:49:00Z,1,9,3,resolution,The response was quick.
R000276,C000227,support,2025-01-18T17:05:00Z,2025-01-18T17:35:00Z,1,7,5,resolution,The response was quick.
R000277,C001756,renewal,2025-01-18T18:36:00Z,2025-01-18T18:49:00Z,1,6,4,relationship,The information could be clearer.
R000278,C000081,renewal,2025-01-18T20:07:00Z,2025-01-18T22:52:00Z,1,10,3,value,I needed more than one contact.
R000279,C002108,renewal,2025-01-18T21:38:00Z,2025-01-18T22:45:00Z,1,7,3,value,I needed more than one contact.
R000280,C002266,renewal,2025-01-18T23:09:00Z,2025-01-19T00:58:00Z,1,9,4,value,The information could be clearer.
R000281,C000905,onboarding,2025-01-19T00:40:00Z,2025-01-19T02:47:00Z,1,9,3,information,Everything worked as expected.
R000282,C000905,support,2025-01-19T02:11:00Z,2025-01-19T02:47:00Z,1,7,5,resolution,Everything worked as expected.
R000283,C001839,service,2025-01-19T03:42:00Z,2025-01-19T06:02:00Z,1,7,3,schedule,Everything worked as expected.
R000284,C002204,service,2025-01-19T05:13:00Z,2025-01-19T07:10:00Z,1,10,4,experience,The information could be clearer.
R000285,C001405,service,2025-01-19T06:44:00Z,2025-01-19T09:32:00Z,1,7,3,experience,The information could be clearer.
R000286,C000718,service,2025-01-19T08:15:00Z,2025-01-19T09:22:00Z,1,10,4,experience,I needed more than one contact.
R000287,C000764,renewal,2025-01-19T09:46:00Z,2025-01-19T11:47:00Z,1,6,3,relationship,Everything worked as expected.
R000288,C000105,service,2025-01-19T11:17:00Z,2025-01-19T11:49:00Z,1,7,4,schedule,The information could be clearer.
R000289,C001291,onboarding,2025-01-19T12:48:00Z,2025-02-02T13:41:00Z,2,9,3,access,I needed more than one contact.
R000290,C000641,service,2025-01-19T14:19:00Z,2025-01-19T16:36:00Z,1,7,2,experience,I needed more than one contact.
R000291,C001076,support,2025-01-19T15:50:00Z,2025-01-19T16:26:00Z,1,7,2,communication,I needed more than one contact.
R000292,C000216,support,2025-01-19T17:21:00Z,2025-01-19T19:23:00Z,1,6,3,communication,The information could be clearer.
R000293,C001766,onboarding,2025-01-19T18:52:00Z,2025-01-19T20:51:00Z,1,10,5,access,The information could be clearer.
R000294,C001937,onboarding,2025-01-19T20:23:00Z,2025-01-19T22:48:00Z,1,7,5,access,The information could be clearer.
R000295,C000565,service,2025-01-19T21:54:00Z,2025-01-20T00:11:00Z,1,7,4,schedule,The information could be clearer.
R000296,C001342,support,2025-01-19T23:25:00Z,2025-01-20T00:10:00Z,1,6,2,resolution,Everything worked as expected.
R000297,C001541,onboarding,2025-01-20T00:56:00Z,2025-01-20T03:33:00Z,1,6,5,information,I needed more than one contact.
R000298,C001902,service,2025-01-20T02:27:00Z,2025-01-20T05:06:00Z,1,8,2,experience,The information could be clearer.
R000299,C001241,service,2025-01-20T03:58:00Z,2025-01-20T04:34:00Z,1,8,4,experience,I needed more than one contact.
R000300,C000451,support,2025-01-20T05:29:00Z,2025-01-20T06:02:00Z,1,6,3,resolution,The response was quick.
R000301,C001126,support,2025-01-20T07:00:00Z,2025-01-20T08:19:00Z,1,7,2,resolution,Everything worked as expected.
R000302,C002042,onboarding,2025-01-20T08:31:00Z,2025-01-20T11:02:00Z,1,10,4,access,I needed more than one contact.
R000303,C001324,support,2025-01-20T10:02:00Z,2025-01-20T10:09:00Z,1,6,4,resolution,The information could be clearer.
R000304,C001569,support,2025-01-20T11:33:00Z,2025-01-20T11:47:00Z,1,6,3,resolution,Everything worked as expected.
R000305,C002159,service,2025-01-20T13:04:00Z,2025-01-20T14:12:00Z,1,6,3,schedule,The waiting time affected the experience.
R000306,C001810,renewal,2025-01-20T14:35:00Z,2025-02-03T14:46:00Z,2,10,3,relationship,The waiting time affected the experience.
R000307,C001317,service,2025-01-20T16:06:00Z,2025-01-20T16:56:00Z,1,8,4,schedule,The response was quick.
R000308,C000589,renewal,2025-01-20T17:37:00Z,2025-01-20T20:22:00Z,1,5,5,value,I needed more than one contact.
R000309,C000621,renewal,2025-01-20T19:08:00Z,2025-01-20T21:28:00Z,1,8,5,relationship,The information could be clearer.
R000310,C002119,support,2025-01-20T20:39:00Z,2025-01-20T21:53:00Z,1,8,4,communication,The information could be clearer.
R000311,C000189,service,2025-01-20T22:10:00Z,2025-01-21T00:37:00Z,1,5,4,experience,The waiting time affected the experience.
R000312,C000782,service,2025-01-20T23:41:00Z,2025-01-21T01:20:00Z,1,9,4,schedule,Everything worked as expected.
R000313,C001135,service,2025-01-21T01:12:00Z,2025-01-21T02:37:00Z,1,8,4,experience,The waiting time affected the experience.
R000314,C001529,onboarding,2025-01-21T02:43:00Z,2025-01-21T02:48:00Z,1,9,5,information,The response was quick.
R000315,C001317,service,2025-01-21T04:14:00Z,2025-01-21T07:05:00Z,1,6,5,schedule,The information could be clearer.
R000316,C001135,onboarding,2025-01-21T05:45:00Z,2025-01-21T08:08:00Z,1,9,3,access,I needed more than one contact.
R000317,C001012,support,2025-01-21T07:16:00Z,2025-01-21T07:57:00Z,1,7,4,resolution,Everything worked as expected.
R000318,C002320,support,2025-01-21T08:47:00Z,2025-01-21T09:47:00Z,1,8,4,resolution,Everything worked as expected.
R000319,C000211,support,2025-01-21T10:18:00Z,2025-01-21T13:08:00Z,1,6,5,communication,Everything worked as expected.
R000320,C000075,renewal,2025-01-21T11:49:00Z,2025-01-21T13:10:00Z,1,7,4,relationship,I needed more than one contact.
R000321,C001353,onboarding,2025-01-21T13:20:00Z,2025-01-21T14:59:00Z,1,9,5,information,The response was quick.
R000322,C000963,onboarding,2025-01-21T14:51:00Z,2025-01-21T14:57:00Z,1,8,4,access,The response was quick.
R000323,C001704,support,2025-01-21T16:22:00Z,2025-02-04T16:50:00Z,2,4,5,communication,Everything worked as expected.
R000324,C001645,support,2025-01-21T17:53:00Z,2025-01-21T18:04:00Z,1,7,3,resolution,Everything worked as expected.
R000325,C001949,service,2025-01-21T19:24:00Z,2025-01-21T21:29:00Z,1,10,4,schedule,Everything worked as expected.
R000326,C002111,service,2025-01-21T20:55:00Z,2025-01-21T21:52:00Z,1,10,4,schedule,The information could be clearer.
R000327,C002107,service,2025-01-21T22:26:00Z,2025-01-22T01:02:00Z,1,8,4,experience,The waiting time affected the experience.
R000328,C000404,support,2025-01-21T23:57:00Z,2025-01-22T02:20:00Z,1,6,4,resolution,The response was quick.
R000329,C002014,service,2025-01-22T01:28:00Z,2025-01-22T01:35:00Z,1,9,5,schedule,I needed more than one contact.
R000330,C001740,support,2025-01-22T02:59:00Z,2025-01-22T04:27:00Z,1,8,3,resolution,The waiting time affected the experience.
R000331,C000753,service,2025-01-22T04:30:00Z,2025-01-22T06:02:00Z,1,8,3,schedule,The information could be clearer.
R000332,C001643,service,2025-01-22T06:01:00Z,2025-01-22T08:47:00Z,1,5,5,schedule,The waiting time affected the experience.
R000333,C002289,support,2025-01-22T07:32:00Z,2025-01-22T08:05:00Z,1,5,4,resolution,Everything worked as expected.
R000334,C001193,service,2025-01-22T09:03:00Z,2025-01-22T11:55:00Z,1,7,4,schedule,Everything worked as expected.
R000335,C001406,service,2025-01-22T10:34:00Z,2025-01-22T12:33:00Z,1,6,4,experience,The information could be clearer.
R000336,C001514,service,2025-01-22T12:05:00Z,2025-01-22T13:24:00Z,1,8,4,schedule,Everything worked as expected.
R000337,C001443,onboarding,2025-01-22T13:36:00Z,2025-01-22T15:35:00Z,1,9,3,information,The waiting time affected the experience.
R000338,C001737,onboarding,2025-01-22T15:07:00Z,2025-01-22T17:53:00Z,1,10,4,access,Everything worked as expected.
R000339,C000286,onboarding,2025-01-22T16:38:00Z,2025-01-22T18:00:00Z,1,10,4,information,Everything worked as expected.
R000340,C002279,service,2025-01-22T18:09:00Z,2025-02-05T18:54:00Z,2,7,4,schedule,I needed more than one contact.
R000341,C001598,support,2025-01-22T19:40:00Z,2025-01-22T22:15:00Z,1,7,2,communication,The information could be clearer.
R000342,C001488,support,2025-01-22T21:11:00Z,2025-01-22T22:24:00Z,1,6,4,communication,I needed more than one contact.
R000343,C001993,onboarding,2025-01-22T22:42:00Z,2025-01-22T23:07:00Z,1,9,4,access,The information could be clearer.
R000344,C001711,onboarding,2025-01-23T00:13:00Z,2025-01-23T02:32:00Z,1,8,4,access,Everything worked as expected.
R000345,C002146,support,2025-01-23T01:44:00Z,2025-01-23T02:22:00Z,1,5,2,communication,Everything worked as expected.
R000346,C001421,support,2025-01-23T03:15:00Z,2025-01-23T04:00:00Z,1,4,3,communication,The information could be clearer.
R000347,C000729,onboarding,2025-01-23T04:46:00Z,2025-01-23T04:54:00Z,1,10,4,information,The information could be clearer.
R000348,C000170,renewal,2025-01-23T06:17:00Z,2025-01-23T06:42:00Z,1,6,5,relationship,The response was quick.
R000349,C000957,onboarding,2025-01-23T07:48:00Z,2025-01-23T09:43:00Z,1,6,4,access,The response was quick.
R000350,C001141,support,2025-01-23T09:19:00Z,2025-01-23T10:26:00Z,1,6,3,communication,The information could be clearer.
R000351,C000408,service,2025-01-23T10:50:00Z,2025-01-23T12:18:00Z,1,9,5,schedule,The information could be clearer.
R000352,C000519,support,2025-01-23T12:21:00Z,2025-01-23T14:56:00Z,1,4,4,resolution,I needed more than one contact.
R000353,C001656,service,2025-01-23T13:52:00Z,2025-01-23T14:45:00Z,1,4,3,schedule,Everything worked as expected.
R000354,C001564,onboarding,2025-01-23T15:23:00Z,2025-01-23T16:28:00Z,1,7,4,access,I needed more than one contact.
R000355,C000325,support,2025-01-23T16:54:00Z,2025-01-23T18:00:00Z,1,4,2,communication,The information could be clearer.
R000356,C000977,service,2025-01-23T18:25:00Z,2025-01-23T20:31:00Z,1,7,3,schedule,The waiting time affected the experience.
R000357,C001839,service,2025-01-23T19:56:00Z,2025-02-06T19:59:00Z,2,6,2,schedule,Everything worked as expected.
R000358,C000873,service,2025-01-23T21:27:00Z,2025-01-23T22:28:00Z,1,9,4,schedule,The response was quick.
R000359,C000466,renewal,2025-01-23T22:58:00Z,2025-01-23T23:19:00Z,1,7,3,relationship,The waiting time affected the experience.
R000360,C000339,onboarding,2025-01-24T00:29:00Z,2025-01-24T02:01:00Z,1,7,5,access,The information could be clearer.
R000361,C001518,service,2025-01-24T02:00:00Z,2025-01-24T02:50:00Z,1,10,4,schedule,The waiting time affected the experience.
R000362,C001551,service,2025-01-24T03:31:00Z,2025-01-24T04:24:00Z,1,7,4,schedule,The response was quick.
R000363,C002116,onboarding,2025-01-24T05:02:00Z,2025-01-24T05:59:00Z,1,8,4,access,I needed more than one contact.
R000364,C002023,onboarding,2025-01-24T06:33:00Z,2025-01-24T06:56:00Z,1,8,3,information,Everything worked as expected.
R000365,C002043,support,2025-01-24T08:04:00Z,2025-01-24T10:04:00Z,1,6,4,communication,The response was quick.
R000366,C000112,onboarding,2025-01-24T09:35:00Z,2025-01-24T11:01:00Z,1,10,5,access,The waiting time affected the experience.
R000367,C001338,support,2025-01-24T11:06:00Z,2025-01-24T11:35:00Z,1,6,4,communication,The response was quick.
R000368,C001190,service,2025-01-24T12:37:00Z,2025-01-24T15:05:00Z,1,7,5,schedule,The information could be clearer.
R000369,C000122,service,2025-01-24T14:08:00Z,2025-01-24T16:13:00Z,1,8,5,experience,The response was quick.
R000370,C001581,renewal,2025-01-24T15:39:00Z,2025-01-24T17:04:00Z,1,9,4,relationship,The waiting time affected the experience.
R000371,C000066,support,2025-01-24T17:10:00Z,2025-01-24T17:28:00Z,1,6,4,communication,Everything worked as expected.
R000372,C002380,onboarding,2025-01-24T18:41:00Z,2025-01-24T19:47:00Z,1,7,4,information,The information could be clearer.
R000373,C001773,service,2025-01-24T20:12:00Z,2025-01-24T20:24:00Z,1,9,5,schedule,The information could be clearer.
R000374,C001131,onboarding,2025-01-24T21:43:00Z,2025-02-07T22:03:00Z,2,8,4,access,The information could be clearer.
R000375,C000421,renewal,2025-01-24T23:14:00Z,2025-01-25T01:39:00Z,1,8,3,value,I needed more than one contact.
R000376,C001112,service,2025-01-25T00:45:00Z,2025-01-25T03:10:00Z,1,6,5,experience,Everything worked as expected.
R000377,C000737,service,2025-01-25T02:16:00Z,2025-01-25T04:54:00Z,1,5,5,experience,The information could be clearer.
R000378,C001741,service,2025-01-25T03:47:00Z,2025-01-25T04:25:00Z,1,7,4,schedule,I needed more than one contact.
R000379,C000596,onboarding,2025-01-25T05:18:00Z,2025-01-25T07:40:00Z,1,3,5,information,Everything worked as expected.
R000380,C001632,renewal,2025-01-25T06:49:00Z,2025-01-25T07:27:00Z,1,6,4,relationship,The response was quick.
R000381,C001206,onboarding,2025-01-25T08:20:00Z,2025-01-25T10:41:00Z,1,6,4,information,The information could be clearer.
R000382,C001426,onboarding,2025-01-25T09:51:00Z,2025-01-25T09:56:00Z,1,8,4,information,Everything worked as expected.
R000383,C001873,service,2025-01-25T11:22:00Z,2025-01-25T12:29:00Z,1,8,5,experience,I needed more than one contact.
R000384,C000370,support,2025-01-25T12:53:00Z,2025-01-25T14:42:00Z,1,8,3,communication,The response was quick.
R000385,C001545,service,2025-01-25T14:24:00Z,2025-01-25T16:04:00Z,1,9,4,schedule,The information could be clearer.
R000386,C000532,renewal,2025-01-25T15:55:00Z,2025-01-25T16:20:00Z,1,9,3,value,The response was quick.
R000387,C001889,service,2025-01-25T17:26:00Z,2025-01-25T18:47:00Z,1,9,4,experience,The information could be clearer.
R000388,C001528,service,2025-01-25T18:57:00Z,2025-01-25T20:05:00Z,1,10,4,experience,The response was quick.
R000389,C002274,onboarding,2025-01-25T20:28:00Z,2025-01-25T21:42:00Z,1,7,3,access,Everything worked as expected.
R000390,C000424,renewal,2025-01-25T21:59:00Z,2025-01-25T22:54:00Z,1,8,4,relationship,The waiting time affected the experience.
R000391,C002204,service,2025-01-25T23:30:00Z,2025-02-09T00:07:00Z,2,8,2,experience,The response was quick.
R000392,C000227,onboarding,2025-01-26T01:01:00Z,2025-01-26T02:08:00Z,1,6,5,access,I needed more than one contact.
R000393,C000738,service,2025-01-26T02:32:00Z,2025-01-26T04:29:00Z,1,6,5,schedule,The information could be clearer.
R000394,C000762,support,2025-01-26T04:03:00Z,2025-01-26T05:27:00Z,1,6,4,resolution,The information could be clearer.
R000395,C000859,service,2025-01-26T05:34:00Z,2025-01-26T07:52:00Z,1,8,3,experience,The information could be clearer.
R000396,C000846,support,2025-01-26T07:05:00Z,2025-01-26T07:58:00Z,1,8,3,resolution,I needed more than one contact.
R000397,C001269,support,2025-01-26T08:36:00Z,2025-01-26T09:16:00Z,1,7,2,resolution,I needed more than one contact.
R000398,C002056,service,2025-01-26T10:07:00Z,2025-01-26T11:11:00Z,1,6,4,experience,The information could be clearer.
R000399,C000495,support,2025-01-26T11:38:00Z,2025-01-26T14:18:00Z,1,6,3,resolution,The waiting time affected the experience.
R000400,C002047,service,2025-01-26T13:09:00Z,2025-01-26T14:38:00Z,1,9,4,experience,The waiting time affected the experience.
R000401,C000501,service,2025-01-26T14:40:00Z,2025-01-26T16:56:00Z,1,6,3,experience,I needed more than one contact.
R000402,C000314,onboarding,2025-01-26T16:11:00Z,2025-01-26T18:26:00Z,1,8,3,information,I needed more than one contact.
R000403,C001932,service,2025-01-26T17:42:00Z,2025-01-26T19:20:00Z,1,6,3,experience,The information could be clearer.
R000404,C001965,onboarding,2025-01-26T19:13:00Z,2025-01-26T21:47:00Z,1,9,5,access,Everything worked as expected.
R000405,C000595,service,2025-01-26T20:44:00Z,2025-01-26T22:22:00Z,1,9,5,experience,The waiting time affected the experience.
R000406,C001289,onboarding,2025-01-26T22:15:00Z,2025-01-27T00:14:00Z,1,7,4,information,The information could be clearer.
R000407,C001138,service,2025-01-26T23:46:00Z,2025-01-27T02:23:00Z,1,10,5,experience,The waiting time affected the experience.
R000408,C000233,support,2025-01-27T01:17:00Z,2025-02-10T02:11:00Z,2,5,2,communication,The information could be clearer.
R000409,C001168,onboarding,2025-01-27T02:48:00Z,2025-01-27T04:06:00Z,1,6,5,information,The response was quick.
R000410,C000243,support,2025-01-27T04:19:00Z,2025-01-27T05:05:00Z,1,7,3,communication,The waiting time affected the experience.
R000411,C002017,support,2025-01-27T05:50:00Z,2025-01-27T08:17:00Z,1,7,3,communication,I needed more than one contact.
R000412,C001276,onboarding,2025-01-27T07:21:00Z,2025-01-27T08:37:00Z,1,8,4,information,The waiting time affected the experience.
R000413,C001281,service,2025-01-27T08:52:00Z,2025-01-27T09:14:00Z,1,10,5,experience,The response was quick.
R000414,C001400,support,2025-01-27T10:23:00Z,2025-01-27T12:34:00Z,1,5,4,communication,Everything worked as expected.
R000415,C002090,onboarding,2025-01-27T11:54:00Z,2025-01-27T12:31:00Z,1,9,4,access,I needed more than one contact.
R000416,C001997,support,2025-01-27T13:25:00Z,2025-01-27T15:45:00Z,1,6,4,resolution,The information could be clearer.
R000417,C000625,service,2025-01-27T14:56:00Z,2025-01-27T16:35:00Z,1,9,3,schedule,I needed more than one contact.
R000418,C000375,onboarding,2025-01-27T16:27:00Z,2025-01-27T18:39:00Z,1,10,5,access,I needed more than one contact.
R000419,C000192,onboarding,2025-01-27T17:58:00Z,2025-01-27T19:05:00Z,1,8,4,access,The information could be clearer.
R000420,C000525,support,2025-01-27T19:29:00Z,2025-01-27T22:08:00Z,1,8,3,resolution,The information could be clearer.
R000421,C002316,support,2025-01-27T21:00:00Z,2025-01-27T21:23:00Z,1,7,3,resolution,The waiting time affected the experience.
R000422,C000485,service,2025-01-27T22:31:00Z,2025-01-27T22:57:00Z,1,8,5,schedule,The response was quick.
R000423,C000247,onboarding,2025-01-28T00:02:00Z,2025-01-28T02:15:00Z,1,10,4,access,The information could be clearer.
R000424,C000342,support,2025-01-28T01:33:00Z,2025-01-28T02:31:00Z,1,9,5,resolution,Everything worked as expected.
R000425,C001822,support,2025-01-28T03:04:00Z,2025-02-11T03:16:00Z,2,5,2,resolution,I needed more than one contact.
R000426,C001544,support,2025-01-28T04:35:00Z,2025-01-28T05:23:00Z,1,5,4,communication,I needed more than one contact.
R000427,C000419,support,2025-01-28T06:06:00Z,2025-01-28T08:03:00Z,1,6,2,communication,I needed more than one contact.
R000428,C002315,support,2025-01-28T07:37:00Z,2025-01-28T08:12:00Z,1,3,3,communication,I needed more than one contact.
R000429,C001757,onboarding,2025-01-28T09:08:00Z,2025-01-28T10:17:00Z,1,10,4,access,The response was quick.
R000430,C000227,support,2025-01-28T10:39:00Z,2025-01-28T12:32:00Z,1,7,4,communication,The response was quick.
R000431,C002133,onboarding,2025-01-28T12:10:00Z,2025-01-28T13:17:00Z,1,4,5,access,I needed more than one contact.
R000432,C001370,support,2025-01-28T13:41:00Z,2025-01-28T16:23:00Z,1,5,2,communication,Everything worked as expected.
R000433,C000060,renewal,2025-01-28T15:12:00Z,2025-01-28T17:22:00Z,1,4,4,value,I needed more than one contact.
R000434,C000931,support,2025-01-28T16:43:00Z,2025-01-28T17:49:00Z,1,6,3,resolution,The response was quick.
R000435,C001705,renewal,2025-01-28T18:14:00Z,2025-01-28T19:06:00Z,1,10,4,value,I needed more than one contact.
R000436,C001780,service,2025-01-28T19:45:00Z,2025-01-28T21:54:00Z,1,8,2,schedule,The waiting time affected the experience.
R000437,C000117,renewal,2025-01-28T21:16:00Z,2025-01-28T22:05:00Z,1,8,4,value,The information could be clearer.
R000438,C001367,service,2025-01-28T22:47:00Z,2025-01-29T00:53:00Z,1,8,3,experience,The waiting time affected the experience.
R000439,C000162,onboarding,2025-01-29T00:18:00Z,2025-01-29T01:31:00Z,1,10,3,information,The waiting time affected the experience.
R000440,C001478,support,2025-01-29T01:49:00Z,2025-01-29T03:43:00Z,1,7,3,resolution,The information could be clearer.
R000441,C000445,service,2025-01-29T03:20:00Z,2025-01-29T05:42:00Z,1,9,3,schedule,The information could be clearer.
R000442,C001352,service,2025-01-29T04:51:00Z,2025-02-12T05:20:00Z,2,5,3,schedule,The response was quick.
R000443,C001508,support,2025-01-29T06:22:00Z,2025-01-29T08:44:00Z,1,7,4,communication,The waiting time affected the experience.
R000444,C001088,service,2025-01-29T07:53:00Z,2025-01-29T08:06:00Z,1,7,4,schedule,I needed more than one contact.
R000445,C000874,service,2025-01-29T09:24:00Z,2025-01-29T10:25:00Z,1,7,5,schedule,The waiting time affected the experience.
R000446,C001573,support,2025-01-29T10:55:00Z,2025-01-29T13:49:00Z,1,9,3,communication,The waiting time affected the experience.
R000447,C001203,support,2025-01-29T12:26:00Z,2025-01-29T14:48:00Z,1,8,3,communication,The waiting time affected the experience.
R000448,C001313,service,2025-01-29T13:57:00Z,2025-01-29T15:53:00Z,1,6,3,experience,I needed more than one contact.
R000449,C001224,service,2025-01-29T15:28:00Z,2025-01-29T18:19:00Z,1,8,4,experience,I needed more than one contact.
R000450,C001950,onboarding,2025-01-29T16:59:00Z,2025-01-29T18:05:00Z,1,7,4,access,I needed more than one contact.
R000451,C000196,service,2025-01-29T18:30:00Z,2025-01-29T20:16:00Z,1,10,3,schedule,The waiting time affected the experience.
R000452,C000296,onboarding,2025-01-29T20:01:00Z,2025-01-29T20:24:00Z,1,10,5,information,Everything worked as expected.
R000453,C002200,support,2025-01-29T21:32:00Z,2025-01-30T00:00:00Z,1,5,3,communication,Everything worked as expected.
R000454,C001687,support,2025-01-29T23:03:00Z,2025-01-30T00:30:00Z,1,4,4,communication,I needed more than one contact.
R000455,C001611,service,2025-01-30T00:34:00Z,2025-01-30T00:53:00Z,1,10,4,experience,The response was quick.
R000456,C000067,support,2025-01-30T02:05:00Z,2025-01-30T04:03:00Z,1,10,4,resolution,Everything worked as expected.
R000457,C001854,onboarding,2025-01-30T03:36:00Z,2025-01-30T06:08:00Z,1,4,5,access,Everything worked as expected.
R000458,C001732,onboarding,2025-01-30T05:07:00Z,2025-01-30T07:27:00Z,1,7,4,information,I needed more than one contact.
R000459,C000119,service,2025-01-30T06:38:00Z,2025-02-13T07:24:00Z,2,10,2,experience,The waiting time affected the experience.
R000460,C001350,renewal,2025-01-30T08:09:00Z,2025-01-30T09:08:00Z,1,4,4,relationship,I needed more than one contact.
R000461,C002067,support,2025-01-30T09:40:00Z,2025-01-30T09:58:00Z,1,5,3,communication,Everything worked as expected.
R000462,C001273,support,2025-01-30T11:11:00Z,2025-01-30T12:18:00Z,1,7,3,resolution,I needed more than one contact.
R000463,C000648,service,2025-01-30T12:42:00Z,2025-01-30T14:22:00Z,1,3,5,experience,The response was quick.
R000464,C000329,service,2025-01-30T14:13:00Z,2025-01-30T15:31:00Z,1,7,3,schedule,The response was quick.
R000465,C000390,service,2025-01-30T15:44:00Z,2025-01-30T17:12:00Z,1,4,3,experience,I needed more than one contact.
R000466,C000889,support,2025-01-30T17:15:00Z,2025-01-30T19:09:00Z,1,5,3,communication,The waiting time affected the experience.
R000467,C002166,support,2025-01-30T18:46:00Z,2025-01-30T19:01:00Z,1,6,4,communication,The waiting time affected the experience.
R000468,C002132,support,2025-01-30T20:17:00Z,2025-01-30T21:17:00Z,1,6,3,communication,I needed more than one contact.
R000469,C000807,onboarding,2025-01-30T21:48:00Z,2025-01-31T00:01:00Z,1,6,4,information,The response was quick.
R000470,C001858,renewal,2025-01-30T23:19:00Z,2025-01-31T00:37:00Z,1,8,5,value,The waiting time affected the experience.
R000471,C001680,support,2025-01-31T00:50:00Z,2025-01-31T02:25:00Z,1,6,3,resolution,I needed more than one contact.
R000472,C000094,service,2025-01-31T02:21:00Z,2025-01-31T02:31:00Z,1,9,3,experience,The information could be clearer.
R000473,C000557,service,2025-01-31T03:52:00Z,2025-01-31T06:06:00Z,1,6,2,schedule,The waiting time affected the experience.
R000474,C001651,support,2025-01-31T05:23:00Z,2025-01-31T06:38:00Z,1,6,3,communication,The response was quick.
R000475,C000122,support,2025-01-31T06:54:00Z,2025-01-31T07:44:00Z,1,7,5,communication,The waiting time affected the experience.
R000476,C000880,service,2025-01-31T08:25:00Z,2025-02-14T08:29:00Z,2,6,5,experience,I needed more than one contact.
R000477,C001156,renewal,2025-01-31T09:56:00Z,2025-01-31T12:02:00Z,1,8,3,value,The information could be clearer.
R000478,C001072,service,2025-01-31T11:27:00Z,2025-01-31T13:21:00Z,1,7,3,experience,Everything worked as expected.
R000479,C000309,onboarding,2025-01-31T12:58:00Z,2025-01-31T13:30:00Z,1,8,4,access,I needed more than one contact.
R000480,C001001,service,2025-01-31T14:29:00Z,2025-01-31T14:39:00Z,1,6,4,experience,The response was quick.
R000481,C001948,service,2025-01-31T16:00:00Z,2025-01-31T17:39:00Z,1,9,5,experience,The information could be clearer.
R000482,C000161,support,2025-01-31T17:31:00Z,2025-01-31T19:07:00Z,1,6,2,resolution,Everything worked as expected.
R000483,C002124,renewal,2025-01-31T19:02:00Z,2025-01-31T20:40:00Z,1,5,3,relationship,I needed more than one contact.
R000484,C000026,onboarding,2025-01-31T20:33:00Z,2025-01-31T23:08:00Z,1,9,4,access,The information could be clearer.
R000485,C001348,renewal,2025-01-31T22:04:00Z,2025-01-31T22:35:00Z,1,5,5,value,The information could be clearer.
R000486,C000577,service,2025-01-31T23:35:00Z,2025-02-01T00:04:00Z,1,5,3,experience,The waiting time affected the experience.
R000487,C001977,support,2025-02-01T01:06:00Z,2025-02-01T01:29:00Z,1,6,4,communication,The information could be clearer.
R000488,C000241,support,2025-02-01T02:37:00Z,2025-02-01T04:58:00Z,1,7,4,communication,I needed more than one contact.
R000489,C001255,onboarding,2025-02-01T04:08:00Z,2025-02-01T06:07:00Z,1,8,4,access,I needed more than one contact.
R000490,C002353,renewal,2025-02-01T05:39:00Z,2025-02-01T06:04:00Z,1,9,5,relationship,The information could be clearer.
R000491,C000423,support,2025-02-01T07:10:00Z,2025-02-01T10:03:00Z,1,8,4,communication,The information could be clearer.
R000492,C001093,service,2025-02-01T08:41:00Z,2025-02-01T09:58:00Z,1,7,3,experience,Everything worked as expected.
R000493,C001923,service,2025-02-01T10:12:00Z,2025-02-15T10:33:00Z,2,7,5,schedule,The response was quick.
R000494,C000483,support,2025-02-01T11:43:00Z,2025-02-01T12:12:00Z,1,4,4,resolution,I needed more than one contact.
R000495,C000020,service,2025-02-01T13:14:00Z,2025-02-01T16:05:00Z,1,8,4,experience,I needed more than one contact.
R000496,C001637,service,2025-02-01T14:45:00Z,2025-02-01T16:50:00Z,1,7,3,experience,The response was quick.
R000497,C000250,onboarding,2025-02-01T16:16:00Z,2025-02-01T18:44:00Z,1,10,3,information,The waiting time affected the experience.
R000498,C001083,service,2025-02-01T17:47:00Z,2025-02-01T18:06:00Z,1,7,5,experience,The information could be clearer.
R000499,C002282,onboarding,2025-02-01T19:18:00Z,2025-02-01T20:05:00Z,1,8,3,access,The response was quick.
R000500,C001513,onboarding,2025-02-01T20:49:00Z,2025-02-01T21:31:00Z,1,7,5,information,I needed more than one contact.
R000501,C000887,renewal,2025-02-01T22:20:00Z,2025-02-01T23:01:00Z,1,7,2,relationship,The response was quick.
R000502,C000238,service,2025-02-01T23:51:00Z,2025-02-02T02:03:00Z,1,5,4,experience,I needed more than one contact.
R000503,C001803,service,2025-02-02T01:22:00Z,2025-02-02T03:33:00Z,1,9,3,schedule,I needed more than one contact.
R000504,C000499,service,2025-02-02T02:53:00Z,2025-02-02T03:31:00Z,1,9,5,experience,The waiting time affected the experience.
R000505,C000297,service,2025-02-02T04:24:00Z,2025-02-02T05:17:00Z,1,9,3,experience,The waiting time affected the experience.
R000506,C001917,onboarding,2025-02-02T05:55:00Z,2025-02-02T06:49:00Z,1,10,2,access,The information could be clearer.
R000507,C000851,support,2025-02-02T07:26:00Z,2025-02-02T08:40:00Z,1,8,4,communication,The response was quick.
R000508,C001040,service,2025-02-02T08:57:00Z,2025-02-02T10:14:00Z,1,7,3,experience,The response was quick.
R000509,C001885,renewal,2025-02-02T10:28:00Z,2025-02-02T12:27:00Z,1,7,3,value,Everything worked as expected.
R000510,C000934,renewal,2025-02-02T11:59:00Z,2025-02-16T12:37:00Z,2,2,4,relationship,The response was quick.
R000511,C002146,service,2025-02-02T13:30:00Z,2025-02-02T16:02:00Z,1,8,4,experience,Everything worked as expected.
R000512,C000035,service,2025-02-02T15:01:00Z,2025-02-02T16:06:00Z,1,9,5,schedule,The response was quick.
R000513,C000097,support,2025-02-02T16:32:00Z,2025-02-02T16:38:00Z,1,6,3,communication,The response was quick.
R000514,C000532,support,2025-02-02T18:03:00Z,2025-02-02T19:52:00Z,1,9,2,communication,Everything worked as expected.
R000515,C001934,service,2025-02-02T19:34:00Z,2025-02-02T22:25:00Z,1,9,5,schedule,Everything worked as expected.
R000516,C001977,service,2025-02-02T21:05:00Z,2025-02-02T23:07:00Z,1,6,4,schedule,The waiting time affected the experience.
R000517,C001167,support,2025-02-02T22:36:00Z,2025-02-03T00:57:00Z,1,4,2,communication,Everything worked as expected.
R000518,C001702,renewal,2025-02-03T00:07:00Z,2025-02-03T01:29:00Z,1,7,5,relationship,The information could be clearer.
R000519,C001938,service,2025-02-03T01:38:00Z,2025-02-03T03:34:00Z,1,8,4,experience,The waiting time affected the experience.
R000520,C001235,support,2025-02-03T03:09:00Z,2025-02-03T06:00:00Z,1,9,2,resolution,The waiting time affected the experience.
R000521,C000685,onboarding,2025-02-03T04:40:00Z,2025-02-03T07:39:00Z,1,10,3,access,Everything worked as expected.
R000522,C001334,renewal,2025-02-03T06:11:00Z,2025-02-03T08:26:00Z,1,6,4,value,I needed more than one contact.
R000523,C002311,service,2025-02-03T07:42:00Z,2025-02-03T09:29:00Z,1,4,3,schedule,The waiting time affected the experience.
R000524,C001704,support,2025-02-03T09:13:00Z,2025-02-03T11:56:00Z,1,3,3,resolution,The information could be clearer.
R000525,C001448,onboarding,2025-02-03T10:44:00Z,2025-02-03T12:25:00Z,1,8,3,information,Everything worked as expected.
R000526,C000583,onboarding,2025-02-03T12:15:00Z,2025-02-03T13:58:00Z,1,9,3,access,I needed more than one contact.
R000527,C000952,support,2025-02-03T13:46:00Z,2025-02-17T14:41:00Z,2,7,3,communication,The response was quick.
R000528,C002089,support,2025-02-03T15:17:00Z,2025-02-03T17:57:00Z,1,7,3,communication,The information could be clearer.
R000529,C001291,support,2025-02-03T16:48:00Z,2025-02-03T17:57:00Z,1,10,3,resolution,The waiting time affected the experience.
R000530,C001097,service,2025-02-03T18:19:00Z,2025-02-03T18:32:00Z,1,5,3,schedule,Everything worked as expected.
R000531,C000078,service,2025-02-03T19:50:00Z,2025-02-03T21:29:00Z,1,4,5,experience,The response was quick.
R000532,C001808,onboarding,2025-02-03T21:21:00Z,2025-02-03T23:19:00Z,1,8,4,access,The information could be clearer.
R000533,C000162,renewal,2025-02-03T22:52:00Z,2025-02-04T00:39:00Z,1,7,4,relationship,The response was quick.
R000534,C002333,renewal,2025-02-04T00:23:00Z,2025-02-04T02:20:00Z,1,7,4,value,The information could be clearer.
R000535,C001587,support,2025-02-04T01:54:00Z,2025-02-04T02:40:00Z,1,6,3,resolution,I needed more than one contact.
R000536,C000306,renewal,2025-02-04T03:25:00Z,2025-02-04T05:50:00Z,1,6,4,value,The information could be clearer.
R000537,C001302,service,2025-02-04T04:56:00Z,2025-02-04T07:25:00Z,1,6,4,schedule,Everything worked as expected.
R000538,C001605,renewal,2025-02-04T06:27:00Z,2025-02-04T07:34:00Z,1,6,5,value,The response was quick.
R000539,C002315,onboarding,2025-02-04T07:58:00Z,2025-02-04T10:49:00Z,1,9,2,access,The waiting time affected the experience.
R000540,C001267,service,2025-02-04T09:29:00Z,2025-02-04T09:51:00Z,1,10,5,experience,Everything worked as expected.
R000541,C000003,renewal,2025-02-04T11:00:00Z,2025-02-04T11:29:00Z,1,10,5,relationship,Everything worked as expected.
R000542,C001566,onboarding,2025-02-04T12:31:00Z,2025-02-04T13:41:00Z,1,9,5,information,Everything worked as expected.
R000543,C001133,service,2025-02-04T14:02:00Z,2025-02-04T15:37:00Z,1,7,5,experience,The response was quick.
R000544,C000067,service,2025-02-04T15:33:00Z,2025-02-18T15:46:00Z,2,8,3,schedule,The waiting time affected the experience.
R000545,C001193,service,2025-02-04T17:04:00Z,2025-02-04T20:00:00Z,1,6,3,schedule,Everything worked as expected.
R000546,C000649,onboarding,2025-02-04T18:35:00Z,2025-02-04T20:30:00Z,1,10,4,access,The response was quick.
R000547,C000461,onboarding,2025-02-04T20:06:00Z,2025-02-04T21:02:00Z,1,10,5,access,I needed more than one contact.
R000548,C002293,service,2025-02-04T21:37:00Z,2025-02-04T21:47:00Z,1,6,2,schedule,The information could be clearer.
R000549,C000049,support,2025-02-04T23:08:00Z,2025-02-04T23:38:00Z,1,10,3,resolution,The information could be clearer.
R000550,C001172,support,2025-02-05T00:39:00Z,2025-02-05T03:38:00Z,1,3,4,resolution,I needed more than one contact.
R000551,C001180,service,2025-02-05T02:10:00Z,2025-02-05T04:21:00Z,1,8,4,experience,The information could be clearer.
R000552,C000183,service,2025-02-05T03:41:00Z,2025-02-05T05:08:00Z,1,9,4,experience,I needed more than one contact.
R000553,C001108,renewal,2025-02-05T05:12:00Z,2025-02-05T06:36:00Z,1,7,5,relationship,Everything worked as expected.
R000554,C000020,support,2025-02-05T06:43:00Z,2025-02-05T08:09:00Z,1,5,3,communication,The response was quick.
R000555,C000703,onboarding,2025-02-05T08:14:00Z,2025-02-05T09:31:00Z,1,8,4,access,The waiting time affected the experience.
R000556,C000267,support,2025-02-05T09:45:00Z,2025-02-05T10:39:00Z,1,1,4,communication,Everything worked as expected.
R000557,C000374,support,2025-02-05T11:16:00Z,2025-02-05T12:56:00Z,1,6,5,communication,I needed more than one contact.
R000558,C001299,support,2025-02-05T12:47:00Z,2025-02-05T15:22:00Z,1,9,2,resolution,The information could be clearer.
R000559,C000722,onboarding,2025-02-05T14:18:00Z,2025-02-05T16:57:00Z,1,7,4,access,The waiting time affected the experience.
R000560,C001983,service,2025-02-05T15:49:00Z,2025-02-05T17:21:00Z,1,4,3,experience,The information could be clearer.
R000561,C002198,service,2025-02-05T17:20:00Z,2025-02-19T17:50:00Z,2,5,3,schedule,Everything worked as expected.
R000562,C000631,support,2025-02-05T18:51:00Z,2025-02-05T21:49:00Z,1,7,4,communication,Everything worked as expected.
R000563,C001699,renewal,2025-02-05T20:22:00Z,2025-02-05T22:12:00Z,1,8,4,relationship,I needed more than one contact.
R000564,C000393,renewal,2025-02-05T21:53:00Z,2025-02-06T00:36:00Z,1,4,4,value,The information could be clearer.
R000565,C001439,service,2025-02-05T23:24:00Z,2025-02-06T01:04:00Z,1,10,4,experience,The response was quick.
R000566,C002031,support,2025-02-06T00:55:00Z,2025-02-06T02:40:00Z,1,6,3,communication,Everything worked as expected.
R000567,C002298,onboarding,2025-02-06T02:26:00Z,2025-02-06T03:43:00Z,1,8,5,access,The waiting time affected the experience.
R000568,C001538,support,2025-02-06T03:57:00Z,2025-02-06T04:11:00Z,1,4,2,resolution,The information could be clearer.
R000569,C001121,service,2025-02-06T05:28:00Z,2025-02-06T05:45:00Z,1,7,3,experience,I needed more than one contact.
R000570,C001224,service,2025-02-06T06:59:00Z,2025-02-06T09:40:00Z,1,5,4,schedule,I needed more than one contact.
R000571,C000123,renewal,2025-02-06T08:30:00Z,2025-02-06T09:48:00Z,1,5,4,relationship,The information could be clearer.
R000572,C000064,renewal,2025-02-06T10:01:00Z,2025-02-06T11:09:00Z,1,3,4,relationship,The waiting time affected the experience.
R000573,C000647,support,2025-02-06T11:32:00Z,2025-02-06T13:27:00Z,1,9,2,resolution,Everything worked as expected.
R000574,C000123,renewal,2025-02-06T13:03:00Z,2025-02-06T15:42:00Z,1,5,4,value,The response was quick.
R000575,C001357,support,2025-02-06T14:34:00Z,2025-02-06T16:39:00Z,1,6,4,resolution,The response was quick.
R000576,C000883,onboarding,2025-02-06T16:05:00Z,2025-02-06T18:19:00Z,1,8,3,information,The response was quick.
R000577,C000769,service,2025-02-06T17:36:00Z,2025-02-06T17:42:00Z,1,8,4,experience,The response was quick.
R000578,C000376,service,2025-02-06T19:07:00Z,2025-02-20T19:54:00Z,2,9,3,experience,Everything worked as expected.
R000579,C000722,support,2025-02-06T20:38:00Z,2025-02-06T22:56:00Z,1,4,4,resolution,Everything worked as expected.
R000580,C002142,service,2025-02-06T22:09:00Z,2025-02-06T22:42:00Z,1,9,4,experience,The information could be clearer.
R000581,C000176,service,2025-02-06T23:40:00Z,2025-02-07T00:18:00Z,1,9,3,schedule,The information could be clearer.
R000582,C001451,service,2025-02-07T01:11:00Z,2025-02-07T03:41:00Z,1,6,4,schedule,The waiting time affected the experience.
R000583,C000199,service,2025-02-07T02:42:00Z,2025-02-07T03:44:00Z,1,10,3,experience,I needed more than one contact.
R000584,C000919,renewal,2025-02-07T04:13:00Z,2025-02-07T05:22:00Z,1,3,4,value,The information could be clearer.
R000585,C002108,service,2025-02-07T05:44:00Z,2025-02-07T05:54:00Z,1,10,3,experience,I needed more than one contact.
R000586,C001706,service,2025-02-07T07:15:00Z,2025-02-07T09:35:00Z,1,7,4,experience,The response was quick.
R000587,C001814,support,2025-02-07T08:46:00Z,2025-02-07T09:21:00Z,1,5,3,communication,The waiting time affected the experience.
R000588,C000023,renewal,2025-02-07T10:17:00Z,2025-02-07T12:42:00Z,1,6,4,value,The information could be clearer.
R000589,C000395,renewal,2025-02-07T11:48:00Z,2025-02-07T13:06:00Z,1,6,4,value,I needed more than one contact.
R000590,C001956,onboarding,2025-02-07T13:19:00Z,2025-02-07T14:00:00Z,1,10,5,information,The response was quick.
R000591,C000471,service,2025-02-07T14:50:00Z,2025-02-07T15:10:00Z,1,8,4,experience,Everything worked as expected.
R000592,C001102,service,2025-02-07T16:21:00Z,2025-02-07T18:58:00Z,1,7,4,experience,The waiting time affected the experience.
R000593,C001471,support,2025-02-07T17:52:00Z,2025-02-07T20:00:00Z,1,6,3,communication,The information could be clearer.
R000594,C001977,service,2025-02-07T19:23:00Z,2025-02-07T21:15:00Z,1,5,2,experience,Everything worked as expected.
R000595,C001963,onboarding,2025-02-07T20:54:00Z,2025-02-21T20:59:00Z,2,7,4,access,Everything worked as expected.
R000596,C002320,service,2025-02-07T22:25:00Z,2025-02-08T00:20:00Z,1,9,4,schedule,The information could be clearer.
R000597,C000859,service,2025-02-07T23:56:00Z,2025-02-08T00:04:00Z,1,8,4,schedule,The waiting time affected the experience.
R000598,C000297,support,2025-02-08T01:27:00Z,2025-02-08T01:57:00Z,1,10,3,communication,The information could be clearer.
R000599,C000761,onboarding,2025-02-08T02:58:00Z,2025-02-08T04:14:00Z,1,7,5,information,Everything worked as expected.
R000600,C000038,support,2025-02-08T04:29:00Z,2025-02-08T06:47:00Z,1,4,4,resolution,The waiting time affected the experience.
R000601,C001887,renewal,2025-02-08T06:00:00Z,2025-02-08T06:25:00Z,1,3,4,relationship,Everything worked as expected.
R000602,C001215,support,2025-02-08T07:31:00Z,2025-02-08T09:21:00Z,1,6,4,resolution,The response was quick.
R000603,C001200,service,2025-02-08T09:02:00Z,2025-02-08T09:33:00Z,1,9,4,experience,The information could be clearer.
R000604,C000659,support,2025-02-08T10:33:00Z,2025-02-08T11:54:00Z,1,9,3,communication,The information could be clearer.
R000605,C001983,service,2025-02-08T12:04:00Z,2025-02-08T13:11:00Z,1,9,4,schedule,Everything worked as expected.
R000606,C002000,service,2025-02-08T13:35:00Z,2025-02-08T15:32:00Z,1,9,5,experience,The waiting time affected the experience.
R000607,C000249,support,2025-02-08T15:06:00Z,2025-02-08T16:21:00Z,1,8,4,resolution,The information could be clearer.
R000608,C000356,support,2025-02-08T16:37:00Z,2025-02-08T17:25:00Z,1,4,2,communication,I needed more than one contact.
R000609,C002320,service,2025-02-08T18:08:00Z,2025-02-08T19:56:00Z,1,7,3,experience,The waiting time affected the experience.
R000610,C002199,service,2025-02-08T19:39:00Z,2025-02-08T20:27:00Z,1,8,4,schedule,I needed more than one contact.
R000611,C000535,support,2025-02-08T21:10:00Z,2025-02-08T22:46:00Z,1,4,4,resolution,The response was quick.
R000612,C000488,onboarding,2025-02-08T22:41:00Z,2025-02-22T23:03:00Z,2,7,4,information,The response was quick.
R000613,C001817,support,2025-02-09T00:12:00Z,2025-02-09T02:31:00Z,1,5,3,communication,The waiting time affected the experience.
R000614,C001553,service,2025-02-09T01:43:00Z,2025-02-09T04:36:00Z,1,9,5,schedule,The response was quick.
R000615,C000545,support,2025-02-09T03:14:00Z,2025-02-09T04:55:00Z,1,5,3,resolution,The information could be clearer.
R000616,C000528,renewal,2025-02-09T04:45:00Z,2025-02-09T06:02:00Z,1,6,4,relationship,The waiting time affected the experience.
R000617,C001631,service,2025-02-09T06:16:00Z,2025-02-09T06:23:00Z,1,8,5,schedule,Everything worked as expected.
R000618,C002281,support,2025-02-09T07:47:00Z,2025-02-09T08:49:00Z,1,7,3,resolution,Everything worked as expected.
R000619,C001956,onboarding,2025-02-09T09:18:00Z,2025-02-09T09:58:00Z,1,8,3,access,I needed more than one contact.
R000620,C001059,support,2025-02-09T10:49:00Z,2025-02-09T11:45:00Z,1,7,3,communication,I needed more than one contact.
R000621,C001138,onboarding,2025-02-09T12:20:00Z,2025-02-09T12:26:00Z,1,7,5,access,The information could be clearer.
R000622,C001655,support,2025-02-09T13:51:00Z,2025-02-09T14:31:00Z,1,3,4,communication,The waiting time affected the experience.
R000623,C002352,support,2025-02-09T15:22:00Z,2025-02-09T16:36:00Z,1,6,3,communication,The waiting time affected the experience.
R000624,C001941,support,2025-02-09T16:53:00Z,2025-02-09T18:46:00Z,1,4,3,communication,Everything worked as expected.
R000625,C001178,service,2025-02-09T18:24:00Z,2025-02-09T19:41:00Z,1,8,4,schedule,The information could be clearer.
R000626,C001340,onboarding,2025-02-09T19:55:00Z,2025-02-09T22:25:00Z,1,8,5,information,The response was quick.
R000627,C000833,support,2025-02-09T21:26:00Z,2025-02-10T00:12:00Z,1,5,3,communication,The waiting time affected the experience.
R000628,C000521,service,2025-02-09T22:57:00Z,2025-02-09T23:21:00Z,1,6,4,schedule,The information could be clearer.
R000629,C000737,support,2025-02-10T00:28:00Z,2025-02-24T01:07:00Z,2,9,3,communication,The information could be clearer.
R000630,C002044,service,2025-02-10T01:59:00Z,2025-02-10T04:30:00Z,1,8,5,schedule,The waiting time affected the experience.
R000631,C001506,support,2025-02-10T03:30:00Z,2025-02-10T04:05:00Z,1,4,4,communication,The information could be clearer.
R000632,C001171,service,2025-02-10T05:01:00Z,2025-02-10T07:26:00Z,1,8,5,experience,I needed more than one contact.
R000633,C002279,service,2025-02-10T06:32:00Z,2025-02-10T07:24:00Z,1,9,4,schedule,The waiting time affected the experience.
R000634,C000115,service,2025-02-10T08:03:00Z,2025-02-10T10:51:00Z,1,3,4,experience,The waiting time affected the experience.
R000635,C001719,renewal,2025-02-10T09:34:00Z,2025-02-10T10:12:00Z,1,10,4,relationship,The information could be clearer.
R000636,C001108,service,2025-02-10T11:05:00Z,2025-02-10T12:45:00Z,1,9,5,schedule,I needed more than one contact.
R000637,C001508,support,2025-02-10T12:36:00Z,2025-02-10T15:21:00Z,1,6,5,communication,The information could be clearer.
R000638,C002019,support,2025-02-10T14:07:00Z,2025-02-10T14:43:00Z,1,8,3,communication,The response was quick.
R000639,C000209,service,2025-02-10T15:38:00Z,2025-02-10T17:15:00Z,1,10,4,schedule,Everything worked as expected.
R000640,C001902,onboarding,2025-02-10T17:09:00Z,2025-02-10T17:15:00Z,1,9,4,access,The response was quick.
R000641,C001038,support,2025-02-10T18:40:00Z,2025-02-10T20:05:00Z,1,8,3,resolution,The information could be clearer.
R000642,C001266,onboarding,2025-02-10T20:11:00Z,2025-02-10T21:36:00Z,1,7,5,information,I needed more than one contact.
R000643,C002243,onboarding,2025-02-10T21:42:00Z,2025-02-10T22:33:00Z,1,5,5,access,I needed more than one contact.
R000644,C001590,onboarding,2025-02-10T23:13:00Z,2025-02-11T01:03:00Z,1,10,5,information,I needed more than one contact.
R000645,C001722,service,2025-02-11T00:44:00Z,2025-02-11T01:40:00Z,1,6,2,experience,Everything worked as expected.
R000646,C001085,support,2025-02-11T02:15:00Z,2025-02-25T03:11:00Z,2,4,5,communication,Everything worked as expected.
R000647,C001752,renewal,2025-02-11T03:46:00Z,2025-02-11T04:25:00Z,1,7,5,relationship,The waiting time affected the experience.
R000648,C002314,service,2025-02-11T05:17:00Z,2025-02-11T08:16:00Z,1,10,4,schedule,I needed more than one contact.
R000649,C000223,support,2025-02-11T06:48:00Z,2025-02-11T07:38:00Z,1,4,3,resolution,The information could be clearer.
R000650,C000882,support,2025-02-11T08:19:00Z,2025-02-11T11:11:00Z,1,6,3,resolution,Everything worked as expected.
R000651,C001129,support,2025-02-11T09:50:00Z,2025-02-11T10:27:00Z,1,4,4,communication,The waiting time affected the experience.
R000652,C001208,support,2025-02-11T11:21:00Z,2025-02-11T12:02:00Z,1,7,3,communication,I needed more than one contact.
R000653,C000032,service,2025-02-11T12:52:00Z,2025-02-11T15:36:00Z,1,7,4,experience,The response was quick.
R000654,C000148,support,2025-02-11T14:23:00Z,2025-02-11T14:47:00Z,1,5,2,resolution,The information could be clearer.
R000655,C001922,support,2025-02-11T15:54:00Z,2025-02-11T18:39:00Z,1,6,4,communication,I needed more than one contact.
R000656,C002226,renewal,2025-02-11T17:25:00Z,2025-02-11T18:11:00Z,1,7,4,value,Everything worked as expected.
R000657,C002138,onboarding,2025-02-11T18:56:00Z,2025-02-11T19:10:00Z,1,10,4,information,I needed more than one contact.
R000658,C000133,service,2025-02-11T20:27:00Z,2025-02-11T20:58:00Z,1,10,4,schedule,The information could be clearer.
R000659,C000690,service,2025-02-11T21:58:00Z,2025-02-12T00:42:00Z,1,7,3,experience,The waiting time affected the experience.
R000660,C001228,renewal,2025-02-11T23:29:00Z,2025-02-12T01:22:00Z,1,6,5,relationship,Everything worked as expected.
R000661,C000686,service,2025-02-12T01:00:00Z,2025-02-12T01:16:00Z,1,7,5,experience,The information could be clearer.
R000662,C000990,onboarding,2025-02-12T02:31:00Z,2025-02-12T03:43:00Z,1,8,3,access,The waiting time affected the experience.
R000663,C001173,renewal,2025-02-12T04:02:00Z,2025-02-26T04:16:00Z,2,6,5,value,I needed more than one contact.
R000664,C000081,service,2025-02-12T05:33:00Z,2025-02-12T06:16:00Z,1,8,2,experience,The response was quick.
R000665,C002186,service,2025-02-12T07:04:00Z,2025-02-12T08:22:00Z,1,10,3,schedule,Everything worked as expected.
R000666,C000085,support,2025-02-12T08:35:00Z,2025-02-12T10:08:00Z,1,8,5,communication,The waiting time affected the experience.
R000667,C000037,service,2025-02-12T10:06:00Z,2025-02-12T12:05:00Z,1,7,4,experience,The waiting time affected the experience.
R000668,C000968,service,2025-02-12T11:37:00Z,2025-02-12T13:59:00Z,1,8,5,schedule,The waiting time affected the experience.
R000669,C001484,service,2025-02-12T13:08:00Z,2025-02-12T14:42:00Z,1,7,3,schedule,The information could be clearer.
R000670,C001637,service,2025-02-12T14:39:00Z,2025-02-12T17:06:00Z,1,4,2,experience,The information could be clearer.
R000671,C000643,onboarding,2025-02-12T16:10:00Z,2025-02-12T17:33:00Z,1,7,3,access,I needed more than one contact.
R000672,C001878,service,2025-02-12T17:41:00Z,2025-02-12T20:04:00Z,1,8,5,experience,The information could be clearer.
R000673,C001020,service,2025-02-12T19:12:00Z,2025-02-12T21:44:00Z,1,6,3,schedule,I needed more than one contact.
R000674,C001456,onboarding,2025-02-12T20:43:00Z,2025-02-12T21:37:00Z,1,10,4,information,Everything worked as expected.
R000675,C000139,onboarding,2025-02-12T22:14:00Z,2025-02-13T00:15:00Z,1,9,4,information,I needed more than one contact.
R000676,C000211,renewal,2025-02-12T23:45:00Z,2025-02-13T02:29:00Z,1,6,5,value,The waiting time affected the experience.
R000677,C001087,onboarding,2025-02-13T01:16:00Z,2025-02-13T03:29:00Z,1,9,4,information,The waiting time affected the experience.
R000678,C001554,support,2025-02-13T02:47:00Z,2025-02-13T03:12:00Z,1,3,4,communication,The response was quick.
R000679,C000932,support,2025-02-13T04:18:00Z,2025-02-13T06:20:00Z,1,10,4,communication,Everything worked as expected.
R000680,C000322,renewal,2025-02-13T05:49:00Z,2025-02-27T06:20:00Z,2,9,5,relationship,The response was quick.
R000681,C000441,onboarding,2025-02-13T07:20:00Z,2025-02-13T10:00:00Z,1,6,4,access,I needed more than one contact.
R000682,C000884,onboarding,2025-02-13T08:51:00Z,2025-02-13T11:00:00Z,1,8,4,access,The information could be clearer.
R000683,C002038,service,2025-02-13T10:22:00Z,2025-02-13T11:33:00Z,1,5,2,schedule,The response was quick.
R000684,C000453,onboarding,2025-02-13T11:53:00Z,2025-02-13T13:22:00Z,1,10,5,access,The response was quick.
R000685,C002051,service,2025-02-13T13:24:00Z,2025-02-13T15:29:00Z,1,6,4,schedule,I needed more than one contact.
R000686,C000377,support,2025-02-13T14:55:00Z,2025-02-13T17:08:00Z,1,6,2,communication,I needed more than one contact.
R000687,C000206,support,2025-02-13T16:26:00Z,2025-02-13T17:06:00Z,1,10,2,communication,The information could be clearer.
R000688,C000952,service,2025-02-13T17:57:00Z,2025-02-13T19:39:00Z,1,7,5,experience,The information could be clearer.
R000689,C000061,service,2025-02-13T19:28:00Z,2025-02-13T20:54:00Z,1,6,4,experience,The response was quick.
R000690,C002348,support,2025-02-13T20:59:00Z,2025-02-13T23:39:00Z,1,5,5,communication,Everything worked as expected.
R000691,C000660,support,2025-02-13T22:30:00Z,2025-02-13T22:58:00Z,1,5,3,resolution,The information could be clearer.
R000692,C000551,support,2025-02-14T00:01:00Z,2025-02-14T01:04:00Z,1,6,3,resolution,Everything worked as expected.
R000693,C000877,service,2025-02-14T01:32:00Z,2025-02-14T02:32:00Z,1,10,3,experience,The information could be clearer.
R000694,C002379,onboarding,2025-02-14T03:03:00Z,2025-02-14T05:08:00Z,1,7,5,information,I needed more than one contact.
R000695,C000547,service,2025-02-14T04:34:00Z,2025-02-14T05:19:00Z,1,6,4,experience,I needed more than one contact.
R000696,C001411,support,2025-02-14T06:05:00Z,2025-02-14T06:27:00Z,1,6,5,communication,I needed more than one contact.
R000697,C000707,service,2025-02-14T07:36:00Z,2025-02-28T08:24:00Z,2,8,5,schedule,The information could be clearer.
R000698,C001679,service,2025-02-14T09:07:00Z,2025-02-14T11:44:00Z,1,8,5,experience,The response was quick.
R000699,C001874,service,2025-02-14T10:38:00Z,2025-02-14T11:03:00Z,1,10,4,schedule,The response was quick.
R000700,C001671,support,2025-02-14T12:09:00Z,2025-02-14T13:16:00Z,1,4,4,resolution,Everything worked as expected.
R000701,C000288,onboarding,2025-02-14T13:40:00Z,2025-02-14T14:16:00Z,1,8,5,access,I needed more than one contact.
R000702,C001349,service,2025-02-14T15:11:00Z,2025-02-14T17:47:00Z,1,9,2,schedule,The information could be clearer.
R000703,C000046,onboarding,2025-02-14T16:42:00Z,2025-02-14T17:43:00Z,1,10,4,information,The waiting time affected the experience.
R000704,C000045,support,2025-02-14T18:13:00Z,2025-02-14T18:52:00Z,1,4,2,communication,The response was quick.
R000705,C000178,service,2025-02-14T19:44:00Z,2025-02-14T20:10:00Z,1,9,5,schedule,The information could be clearer.
R000706,C001455,support,2025-02-14T21:15:00Z,2025-02-14T22:01:00Z,1,6,1,resolution,The response was quick.
R000707,C001325,support,2025-02-14T22:46:00Z,2025-02-15T00:30:00Z,1,2,2,communication,I needed more than one contact.
R000708,C000058,support,2025-02-15T00:17:00Z,2025-02-15T01:40:00Z,1,8,3,communication,The response was quick.
R000709,C001842,service,2025-02-15T01:48:00Z,2025-02-15T04:01:00Z,1,9,4,schedule,The waiting time affected the experience.
R000710,C001639,support,2025-02-15T03:19:00Z,2025-02-15T05:19:00Z,1,6,4,resolution,The information could be clearer.
R000711,C001906,support,2025-02-15T04:50:00Z,2025-02-15T07:13:00Z,1,5,3,resolution,The waiting time affected the experience.
R000712,C000070,service,2025-02-15T06:21:00Z,2025-02-15T08:34:00Z,1,8,2,experience,The response was quick.
R000713,C000044,support,2025-02-15T07:52:00Z,2025-02-15T10:31:00Z,1,8,3,resolution,Everything worked as expected.
R000714,C001051,support,2025-02-15T09:23:00Z,2025-03-01T09:29:00Z,2,5,4,resolution,The information could be clearer.
R000715,C000820,service,2025-02-15T10:54:00Z,2025-02-15T13:09:00Z,1,7,5,schedule,Everything worked as expected.
R000716,C002320,onboarding,2025-02-15T12:25:00Z,2025-02-15T14:20:00Z,1,9,4,information,The information could be clearer.
R000717,C001381,onboarding,2025-02-15T13:56:00Z,2025-02-15T15:40:00Z,1,8,4,access,Everything worked as expected.
R000718,C001995,onboarding,2025-02-15T15:27:00Z,2025-02-15T18:14:00Z,1,10,3,information,I needed more than one contact.
R000719,C000852,support,2025-02-15T16:58:00Z,2025-02-15T19:11:00Z,1,5,4,communication,The information could be clearer.
R000720,C000726,onboarding,2025-02-15T18:29:00Z,2025-02-15T21:10:00Z,1,5,5,information,Everything worked as expected.
R000721,C000418,onboarding,2025-02-15T20:00:00Z,2025-02-15T21:14:00Z,1,7,5,information,The response was quick.
R000722,C000227,renewal,2025-02-15T21:31:00Z,2025-02-15T22:49:00Z,1,6,3,relationship,The response was quick.
R000723,C001038,renewal,2025-02-15T23:02:00Z,2025-02-15T23:12:00Z,1,6,4,relationship,The information could be clearer.
R000724,C002274,service,2025-02-16T00:33:00Z,2025-02-16T03:21:00Z,1,7,4,experience,The response was quick.
R000725,C000371,service,2025-02-16T02:04:00Z,2025-02-16T03:17:00Z,1,8,4,schedule,The information could be clearer.
R000726,C000310,service,2025-02-16T03:35:00Z,2025-02-16T04:06:00Z,1,6,3,experience,I needed more than one contact.
R000727,C001696,support,2025-02-16T05:06:00Z,2025-02-16T06:45:00Z,1,7,4,communication,The response was quick.
R000728,C001473,renewal,2025-02-16T06:37:00Z,2025-02-16T07:40:00Z,1,10,4,value,Everything worked as expected.
R000729,C001566,service,2025-02-16T08:08:00Z,2025-02-16T08:25:00Z,1,8,3,schedule,The information could be clearer.
R000730,C001593,service,2025-02-16T09:39:00Z,2025-02-16T10:19:00Z,1,8,5,experience,The information could be clearer.
R000731,C000688,service,2025-02-16T11:10:00Z,2025-03-02T11:33:00Z,2,4,3,experience,The waiting time affected the experience.
R000732,C001499,renewal,2025-02-16T12:41:00Z,2025-02-16T13:34:00Z,1,5,3,relationship,I needed more than one contact.
R000733,C001866,support,2025-02-16T14:12:00Z,2025-02-16T14:42:00Z,1,1,3,resolution,The waiting time affected the experience.
R000734,C002320,support,2025-02-16T15:43:00Z,2025-02-16T17:19:00Z,1,3,2,resolution,The waiting time affected the experience.
R000735,C000144,onboarding,2025-02-16T17:14:00Z,2025-02-16T19:01:00Z,1,5,4,access,I needed more than one contact.
R000736,C002077,service,2025-02-16T18:45:00Z,2025-02-16T19:00:00Z,1,6,3,schedule,The information could be clearer.
R000737,C002389,renewal,2025-02-16T20:16:00Z,2025-02-16T22:54:00Z,1,7,5,relationship,The response was quick.
R000738,C000532,support,2025-02-16T21:47:00Z,2025-02-17T00:21:00Z,1,10,3,resolution,I needed more than one contact.
R000739,C000093,support,2025-02-16T23:18:00Z,2025-02-16T23:42:00Z,1,6,3,resolution,The response was quick.
R000740,C001635,onboarding,2025-02-17T00:49:00Z,2025-02-17T02:41:00Z,1,6,5,access,Everything worked as expected.
R000741,C000890,onboarding,2025-02-17T02:20:00Z,2025-02-17T05:07:00Z,1,2,4,access,I needed more than one contact.
R000742,C000450,service,2025-02-17T03:51:00Z,2025-02-17T04:11:00Z,1,8,3,schedule,I needed more than one contact.
R000743,C001389,service,2025-02-17T05:22:00Z,2025-02-17T06:58:00Z,1,8,2,experience,The response was quick.
R000744,C000870,renewal,2025-02-17T06:53:00Z,2025-02-17T08:04:00Z,1,7,4,value,The response was quick.
R000745,C001652,renewal,2025-02-17T08:24:00Z,2025-02-17T08:35:00Z,1,10,3,relationship,The response was quick.
R000746,C000174,service,2025-02-17T09:55:00Z,2025-02-17T12:12:00Z,1,8,4,experience,The waiting time affected the experience.
R000747,C000423,support,2025-02-17T11:26:00Z,2025-02-17T12:06:00Z,1,7,3,resolution,Everything worked as expected.
R000748,C000912,onboarding,2025-02-17T12:57:00Z,2025-03-03T13:37:00Z,2,10,2,access,Everything worked as expected.
R000749,C002023,service,2025-02-17T14:28:00Z,2025-02-17T16:00:00Z,1,10,3,experience,I needed more than one contact.
R000750,C000593,service,2025-02-17T15:59:00Z,2025-02-17T16:30:00Z,1,8,5,schedule,Everything worked as expected.
R000751,C001621,service,2025-02-17T17:30:00Z,2025-02-17T18:41:00Z,1,10,4,schedule,Everything worked as expected.
R000752,C000825,onboarding,2025-02-17T19:01:00Z,2025-02-17T20:42:00Z,1,5,5,information,The waiting time affected the experience.
R000753,C001487,onboarding,2025-02-17T20:32:00Z,2025-02-17T21:58:00Z,1,5,4,information,The information could be clearer.
R000754,C000919,support,2025-02-17T22:03:00Z,2025-02-17T22:15:00Z,1,6,3,communication,I needed more than one contact.
R000755,C000455,renewal,2025-02-17T23:34:00Z,2025-02-17T23:39:00Z,1,5,4,value,I needed more than one contact.
R000756,C002346,service,2025-02-18T01:05:00Z,2025-02-18T01:59:00Z,1,7,5,schedule,The waiting time affected the experience.
R000757,C000714,support,2025-02-18T02:36:00Z,2025-02-18T04:14:00Z,1,5,3,resolution,The waiting time affected the experience.
R000758,C000469,onboarding,2025-02-18T04:07:00Z,2025-02-18T05:23:00Z,1,7,5,access,I needed more than one contact.
R000759,C000376,support,2025-02-18T05:38:00Z,2025-02-18T05:45:00Z,1,4,3,communication,Everything worked as expected.
R000760,C000126,service,2025-02-18T07:09:00Z,2025-02-18T08:50:00Z,1,5,5,schedule,The information could be clearer.
R000761,C001814,support,2025-02-18T08:40:00Z,2025-02-18T10:52:00Z,1,7,3,resolution,Everything worked as expected.
R000762,C002388,onboarding,2025-02-18T10:11:00Z,2025-02-18T10:57:00Z,1,9,5,information,Everything worked as expected.
R000763,C001039,onboarding,2025-02-18T11:42:00Z,2025-02-18T12:50:00Z,1,6,3,information,The information could be clearer.
R000764,C000701,onboarding,2025-02-18T13:13:00Z,2025-02-18T13:30:00Z,1,8,5,access,I needed more than one contact.
R000765,C002297,service,2025-02-18T14:44:00Z,2025-03-04T15:41:00Z,2,8,5,experience,I needed more than one contact.
R000766,C000071,service,2025-02-18T16:15:00Z,2025-02-18T17:05:00Z,1,9,4,schedule,Everything worked as expected.
R000767,C001785,support,2025-02-18T17:46:00Z,2025-02-18T20:37:00Z,1,4,3,resolution,I needed more than one contact.
R000768,C001962,renewal,2025-02-18T19:17:00Z,2025-02-18T19:37:00Z,1,8,4,value,Everything worked as expected.
R000769,C001383,support,2025-02-18T20:48:00Z,2025-02-18T22:05:00Z,1,8,5,resolution,I needed more than one contact.
R000770,C001011,service,2025-02-18T22:19:00Z,2025-02-19T00:37:00Z,1,7,4,experience,The response was quick.
R000771,C001305,service,2025-02-18T23:50:00Z,2025-02-19T02:22:00Z,1,8,5,schedule,The response was quick.
R000772,C002054,service,2025-02-19T01:21:00Z,2025-02-19T01:52:00Z,1,6,4,schedule,Everything worked as expected.
R000773,C001953,service,2025-02-19T02:52:00Z,2025-02-19T05:42:00Z,1,7,3,experience,Everything worked as expected.
R000774,C000427,renewal,2025-02-19T04:23:00Z,2025-02-19T04:44:00Z,1,10,3,relationship,The response was quick.
R000775,C001672,support,2025-02-19T05:54:00Z,2025-02-19T07:14:00Z,1,6,4,resolution,I needed more than one contact.
R000776,C001251,support,2025-02-19T07:25:00Z,2025-02-19T07:46:00Z,1,10,3,resolution,Everything worked as expected.
R000777,C001349,support,2025-02-19T08:56:00Z,2025-02-19T11:17:00Z,1,8,3,communication,The waiting time affected the experience.
R000778,C002220,support,2025-02-19T10:27:00Z,2025-02-19T13:00:00Z,1,4,3,communication,The waiting time affected the experience.
R000779,C002053,support,2025-02-19T11:58:00Z,2025-02-19T13:30:00Z,1,8,4,resolution,I needed more than one contact.
R000780,C001057,support,2025-02-19T13:29:00Z,2025-02-19T14:25:00Z,1,3,4,communication,I needed more than one contact.
R000781,C001214,service,2025-02-19T15:00:00Z,2025-02-19T17:49:00Z,1,5,3,experience,The waiting time affected the experience.
R000782,C001231,onboarding,2025-02-19T16:31:00Z,2025-03-05T16:46:00Z,2,7,4,access,The information could be clearer.
R000783,C001665,service,2025-02-19T18:02:00Z,2025-02-19T18:23:00Z,1,7,4,experience,I needed more than one contact.
R000784,C000899,renewal,2025-02-19T19:33:00Z,2025-02-19T19:47:00Z,1,10,5,relationship,The response was quick.
R000785,C000443,onboarding,2025-02-19T21:04:00Z,2025-02-19T23:01:00Z,1,10,3,information,Everything worked as expected.
R000786,C000389,onboarding,2025-02-19T22:35:00Z,2025-02-19T23:09:00Z,1,9,4,information,The response was quick.
R000787,C000814,support,2025-02-20T00:06:00Z,2025-02-20T00:54:00Z,1,5,3,resolution,The response was quick.
R000788,C001400,support,2025-02-20T01:37:00Z,2025-02-20T03:07:00Z,1,4,4,resolution,The response was quick.
R000789,C001729,service,2025-02-20T03:08:00Z,2025-02-20T03:19:00Z,1,6,4,experience,The response was quick.
R000790,C001814,renewal,2025-02-20T04:39:00Z,2025-02-20T06:21:00Z,1,8,4,relationship,The waiting time affected the experience.
R000791,C002345,onboarding,2025-02-20T06:10:00Z,2025-02-20T08:11:00Z,1,6,5,information,I needed more than one contact.
R000792,C000339,support,2025-02-20T07:41:00Z,2025-02-20T10:03:00Z,1,6,4,communication,The information could be clearer.
R000793,C000407,onboarding,2025-02-20T09:12:00Z,2025-02-20T10:12:00Z,1,6,5,information,The waiting time affected the experience.
R000794,C001729,renewal,2025-02-20T10:43:00Z,2025-02-20T13:24:00Z,1,2,3,relationship,The waiting time affected the experience.
R000795,C001816,service,2025-02-20T12:14:00Z,2025-02-20T12:34:00Z,1,9,3,experience,The response was quick.
R000796,C001173,service,2025-02-20T13:45:00Z,2025-02-20T14:03:00Z,1,8,5,schedule,The information could be clearer.
R000797,C001642,renewal,2025-02-20T15:16:00Z,2025-02-20T16:35:00Z,1,9,4,relationship,The information could be clearer.
R000798,C001780,onboarding,2025-02-20T16:47:00Z,2025-02-20T17:05:00Z,1,8,5,access,I needed more than one contact.
R000799,C000600,service,2025-02-20T18:18:00Z,2025-03-06T18:50:00Z,2,10,3,schedule,Everything worked as expected.
R000800,C000326,support,2025-02-20T19:49:00Z,2025-02-20T20:30:00Z,1,3,4,communication,The information could be clearer.
R000801,C001259,support,2025-02-20T21:20:00Z,2025-02-20T22:19:00Z,1,7,4,communication,The response was quick.
R000802,C000542,service,2025-02-20T22:51:00Z,2025-02-20T23:46:00Z,1,9,4,experience,The response was quick.
R000803,C002110,service,2025-02-21T00:22:00Z,2025-02-21T00:57:00Z,1,8,4,experience,I needed more than one contact.
R000804,C000989,support,2025-02-21T01:53:00Z,2025-02-21T02:32:00Z,1,6,3,communication,The waiting time affected the experience.
R000805,C001464,service,2025-02-21T03:24:00Z,2025-02-21T05:28:00Z,1,10,2,experience,Everything worked as expected.
R000806,C001192,support,2025-02-21T04:55:00Z,2025-02-21T07:23:00Z,1,5,2,resolution,The information could be clearer.
R000807,C001778,service,2025-02-21T06:26:00Z,2025-02-21T08:35:00Z,1,10,2,schedule,I needed more than one contact.
R000808,C000594,service,2025-02-21T07:57:00Z,2025-02-21T08:50:00Z,1,10,4,experience,Everything worked as expected.
R000809,C002351,renewal,2025-02-21T09:28:00Z,2025-02-21T12:08:00Z,1,6,4,value,The response was quick.
R000810,C000213,renewal,2025-02-21T10:59:00Z,2025-02-21T13:33:00Z,1,5,1,value,Everything worked as expected.
R000811,C002394,support,2025-02-21T12:30:00Z,2025-02-21T15:01:00Z,1,5,5,resolution,Everything worked as expected.
R000812,C000420,onboarding,2025-02-21T14:01:00Z,2025-02-21T14:24:00Z,1,7,4,access,Everything worked as expected.
R000813,C001777,service,2025-02-21T15:32:00Z,2025-02-21T15:39:00Z,1,10,5,experience,Everything worked as expected.
R000814,C000364,support,2025-02-21T17:03:00Z,2025-02-21T17:46:00Z,1,6,1,resolution,The response was quick.
R000815,C001981,onboarding,2025-02-21T18:34:00Z,2025-02-21T19:34:00Z,1,10,4,information,I needed more than one contact.
R000816,C002262,support,2025-02-21T20:05:00Z,2025-03-07T20:54:00Z,2,7,2,communication,The response was quick.
R000817,C001506,support,2025-02-21T21:36:00Z,2025-02-21T22:35:00Z,1,6,4,communication,The waiting time affected the experience.
R000818,C001126,support,2025-02-21T23:07:00Z,2025-02-22T01:50:00Z,1,8,5,communication,I needed more than one contact.
R000819,C001107,service,2025-02-22T00:38:00Z,2025-02-22T02:03:00Z,1,4,4,schedule,The response was quick.
R000820,C000880,onboarding,2025-02-22T02:09:00Z,2025-02-22T02:20:00Z,1,9,3,access,I needed more than one contact.
R000821,C001549,renewal,2025-02-22T03:40:00Z,2025-02-22T05:43:00Z,1,5,5,value,I needed more than one contact.
R000822,C000819,onboarding,2025-02-22T05:11:00Z,2025-02-22T06:14:00Z,1,9,5,access,The response was quick.
R000823,C001214,onboarding,2025-02-22T06:42:00Z,2025-02-22T08:03:00Z,1,7,2,access,Everything worked as expected.
R000824,C001192,onboarding,2025-02-22T08:13:00Z,2025-02-22T10:01:00Z,1,5,4,information,The information could be clearer.
R000825,C000112,onboarding,2025-02-22T09:44:00Z,2025-02-22T12:20:00Z,1,6,5,access,I needed more than one contact.
R000826,C001386,onboarding,2025-02-22T11:15:00Z,2025-02-22T11:56:00Z,1,10,4,information,The response was quick.
R000827,C001211,support,2025-02-22T12:46:00Z,2025-02-22T15:04:00Z,1,3,3,resolution,The waiting time affected the experience.
R000828,C002082,support,2025-02-22T14:17:00Z,2025-02-22T16:12:00Z,1,8,2,resolution,Everything worked as expected.
R000829,C000578,service,2025-02-22T15:48:00Z,2025-02-22T17:44:00Z,1,8,4,experience,The response was quick.
R000830,C001752,service,2025-02-22T17:19:00Z,2025-02-22T18:05:00Z,1,7,3,experience,I needed more than one contact.
R000831,C001309,service,2025-02-22T18:50:00Z,2025-02-22T19:55:00Z,1,6,3,experience,I needed more than one contact.
R000832,C001492,service,2025-02-22T20:21:00Z,2025-02-22T21:18:00Z,1,3,4,schedule,The information could be clearer.
R000833,C001745,support,2025-02-22T21:52:00Z,2025-03-08T21:59:00Z,2,9,1,resolution,The information could be clearer.
R000834,C001113,renewal,2025-02-22T23:23:00Z,2025-02-22T23:48:00Z,1,9,3,relationship,Everything worked as expected.
R000835,C002387,service,2025-02-23T00:54:00Z,2025-02-23T03:48:00Z,1,5,4,schedule,The waiting time affected the experience.
R000836,C000090,service,2025-02-23T02:25:00Z,2025-02-23T03:56:00Z,1,6,4,schedule,The information could be clearer.
R000837,C000481,service,2025-02-23T03:56:00Z,2025-02-23T04:19:00Z,1,6,5,schedule,I needed more than one contact.
R000838,C000520,onboarding,2025-02-23T05:27:00Z,2025-02-23T06:23:00Z,1,8,3,information,The response was quick.
R000839,C002116,support,2025-02-23T06:58:00Z,2025-02-23T08:08:00Z,1,4,3,communication,Everything worked as expected.
R000840,C001990,renewal,2025-02-23T08:29:00Z,2025-02-23T10:34:00Z,1,5,4,value,The information could be clearer.
R000841,C000666,support,2025-02-23T10:00:00Z,2025-02-23T12:19:00Z,1,6,4,communication,The waiting time affected the experience.
R000842,C000767,renewal,2025-02-23T11:31:00Z,2025-02-23T11:50:00Z,1,9,5,relationship,The waiting time affected the experience.
R000843,C002136,onboarding,2025-02-23T13:02:00Z,2025-02-23T15:02:00Z,1,9,3,access,I needed more than one contact.
R000844,C000759,service,2025-02-23T14:33:00Z,2025-02-23T14:38:00Z,1,10,5,experience,The response was quick.
R000845,C000530,service,2025-02-23T16:04:00Z,2025-02-23T17:10:00Z,1,9,3,schedule,The information could be clearer.
R000846,C001420,service,2025-02-23T17:35:00Z,2025-02-23T20:20:00Z,1,10,4,experience,The information could be clearer.
R000847,C001524,renewal,2025-02-23T19:06:00Z,2025-02-23T21:29:00Z,1,6,4,value,The response was quick.
R000848,C000404,renewal,2025-02-23T20:37:00Z,2025-02-23T23:06:00Z,1,6,5,relationship,Everything worked as expected.
R000849,C000228,onboarding,2025-02-23T22:08:00Z,2025-02-23T23:59:00Z,1,7,5,information,The information could be clearer.
R000850,C001653,onboarding,2025-02-23T23:39:00Z,2025-03-10T00:03:00Z,2,6,5,information,I needed more than one contact.
R000851,C001124,support,2025-02-24T01:10:00Z,2025-02-24T03:26:00Z,1,5,3,communication,The information could be clearer.
R000852,C000871,support,2025-02-24T02:41:00Z,2025-02-24T03:50:00Z,1,8,3,communication,Everything worked as expected.
R000853,C000465,renewal,2025-02-24T04:12:00Z,2025-02-24T05:37:00Z,1,6,5,relationship,The response was quick.
R000854,C000698,service,2025-02-24T05:43:00Z,2025-02-24T08:03:00Z,1,8,2,schedule,The response was quick.
R000855,C002346,service,2025-02-24T07:14:00Z,2025-02-24T08:05:00Z,1,9,3,experience,The response was quick.
R000856,C000975,onboarding,2025-02-24T08:45:00Z,2025-02-24T11:01:00Z,1,7,5,access,Everything worked as expected.
R000857,C000301,support,2025-02-24T10:16:00Z,2025-02-24T10:45:00Z,1,9,4,communication,The information could be clearer.
R000858,C001815,support,2025-02-24T11:47:00Z,2025-02-24T14:30:00Z,1,5,3,communication,I needed more than one contact.
R000859,C000004,onboarding,2025-02-24T13:18:00Z,2025-02-24T14:09:00Z,1,9,3,information,The waiting time affected the experience.
R000860,C000467,renewal,2025-02-24T14:49:00Z,2025-02-24T16:20:00Z,1,10,4,relationship,I needed more than one contact.
R000861,C000736,service,2025-02-24T16:20:00Z,2025-02-24T16:51:00Z,1,6,5,experience,I needed more than one contact.
R000862,C001604,support,2025-02-24T17:51:00Z,2025-02-24T19:07:00Z,1,6,3,resolution,The response was quick.
R000863,C001049,support,2025-02-24T19:22:00Z,2025-02-24T21:14:00Z,1,7,3,resolution,The response was quick.
R000864,C000674,support,2025-02-24T20:53:00Z,2025-02-24T21:20:00Z,1,7,3,communication,The response was quick.
R000865,C000217,support,2025-02-24T22:24:00Z,2025-02-24T22:56:00Z,1,3,3,resolution,The response was quick.
R000866,C000676,onboarding,2025-02-24T23:55:00Z,2025-02-25T00:09:00Z,1,7,3,information,The information could be clearer.
R000867,C001272,support,2025-02-25T01:26:00Z,2025-03-11T02:07:00Z,2,4,5,communication,The information could be clearer.
R000868,C001178,service,2025-02-25T02:57:00Z,2025-02-25T04:49:00Z,1,9,5,experience,The waiting time affected the experience.
R000869,C001837,onboarding,2025-02-25T04:28:00Z,2025-02-25T05:27:00Z,1,5,4,access,The response was quick.
R000870,C001743,support,2025-02-25T05:59:00Z,2025-02-25T08:12:00Z,1,7,3,communication,I needed more than one contact.
R000871,C001216,onboarding,2025-02-25T07:30:00Z,2025-02-25T10:25:00Z,1,8,5,access,The waiting time affected the experience.
R000872,C001697,support,2025-02-25T09:01:00Z,2025-02-25T10:04:00Z,1,7,3,communication,I needed more than one contact.
R000873,C000927,service,2025-02-25T10:32:00Z,2025-02-25T10:47:00Z,1,9,4,experience,The response was quick.
R000874,C000873,support,2025-02-25T12:03:00Z,2025-02-25T12:29:00Z,1,5,4,resolution,The information could be clearer.
R000875,C001372,support,2025-02-25T13:34:00Z,2025-02-25T15:49:00Z,1,5,4,resolution,I needed more than one contact.
R000876,C002168,service,2025-02-25T15:05:00Z,2025-02-25T17:05:00Z,1,8,5,experience,I needed more than one contact.
R000877,C002095,support,2025-02-25T16:36:00Z,2025-02-25T18:40:00Z,1,9,4,resolution,The information could be clearer.
R000878,C001080,support,2025-02-25T18:07:00Z,2025-02-25T18:26:00Z,1,10,2,resolution,I needed more than one contact.
R000879,C002248,onboarding,2025-02-25T19:38:00Z,2025-02-25T20:02:00Z,1,10,3,access,The information could be clearer.
R000880,C000220,onboarding,2025-02-25T21:09:00Z,2025-02-25T22:31:00Z,1,8,4,access,Everything worked as expected.
R000881,C000944,onboarding,2025-02-25T22:40:00Z,2025-02-26T00:43:00Z,1,3,4,information,The response was quick.
R000882,C001434,service,2025-02-26T00:11:00Z,2025-02-26T01:12:00Z,1,8,4,experience,Everything worked as expected.
R000883,C000235,service,2025-02-26T01:42:00Z,2025-02-26T02:35:00Z,1,9,5,schedule,The information could be clearer.
R000884,C002125,support,2025-02-26T03:13:00Z,2025-03-12T04:11:00Z,2,5,3,resolution,The waiting time affected the experience.
R000885,C001223,service,2025-02-26T04:44:00Z,2025-02-26T06:08:00Z,1,8,2,schedule,Everything worked as expected.
R000886,C001542,support,2025-02-26T06:15:00Z,2025-02-26T08:40:00Z,1,4,3,resolution,The waiting time affected the experience.
R000887,C000047,service,2025-02-26T07:46:00Z,2025-02-26T08:34:00Z,1,10,5,experience,The waiting time affected the experience.
R000888,C000790,onboarding,2025-02-26T09:17:00Z,2025-02-26T09:29:00Z,1,9,5,information,The waiting time affected the experience.
R000889,C001260,support,2025-02-26T10:48:00Z,2025-02-26T12:16:00Z,1,5,4,communication,The information could be clearer.
R000890,C001580,renewal,2025-02-26T12:19:00Z,2025-02-26T14:15:00Z,1,7,5,relationship,Everything worked as expected.
R000891,C001927,renewal,2025-02-26T13:50:00Z,2025-02-26T14:06:00Z,1,10,4,value,The waiting time affected the experience.
R000892,C000691,support,2025-02-26T15:21:00Z,2025-02-26T15:52:00Z,1,8,3,communication,Everything worked as expected.
R000893,C001372,renewal,2025-02-26T16:52:00Z,2025-02-26T19:18:00Z,1,8,3,relationship,I needed more than one contact.
R000894,C000190,support,2025-02-26T18:23:00Z,2025-02-26T20:47:00Z,1,6,3,communication,The response was quick.
R000895,C001833,support,2025-02-26T19:54:00Z,2025-02-26T20:28:00Z,1,6,3,resolution,I needed more than one contact.
R000896,C002268,service,2025-02-26T21:25:00Z,2025-02-26T22:33:00Z,1,6,4,experience,The waiting time affected the experience.
R000897,C002340,service,2025-02-26T22:56:00Z,2025-02-26T23:32:00Z,1,8,5,experience,The waiting time affected the experience.
R000898,C001703,renewal,2025-02-27T00:27:00Z,2025-02-27T01:47:00Z,1,8,4,value,The waiting time affected the experience.
R000899,C000166,service,2025-02-27T01:58:00Z,2025-02-27T02:55:00Z,1,7,3,schedule,The information could be clearer.
R000900,C002182,service,2025-02-27T03:29:00Z,2025-02-27T05:32:00Z,1,6,4,experience,The waiting time affected the experience.
R000901,C001897,renewal,2025-02-27T05:00:00Z,2025-03-13T05:16:00Z,2,5,3,relationship,The waiting time affected the experience.
R000902,C001480,support,2025-02-27T06:31:00Z,2025-02-27T06:51:00Z,1,7,3,communication,The information could be clearer.
R000903,C002081,service,2025-02-27T08:02:00Z,2025-02-27T09:53:00Z,1,7,4,experience,Everything worked as expected.
R000904,C002295,support,2025-02-27T09:33:00Z,2025-02-27T11:11:00Z,1,3,3,communication,The waiting time affected the experience.
R000905,C001486,service,2025-02-27T11:04:00Z,2025-02-27T13:47:00Z,1,6,4,schedule,I needed more than one contact.
R000906,C002176,onboarding,2025-02-27T12:35:00Z,2025-02-27T13:59:00Z,1,9,5,information,The waiting time affected the experience.
R000907,C001974,onboarding,2025-02-27T14:06:00Z,2025-02-27T16:09:00Z,1,7,5,access,The waiting time affected the experience.
R000908,C000996,support,2025-02-27T15:37:00Z,2025-02-27T17:36:00Z,1,6,4,communication,The information could be clearer.
R000909,C001975,service,2025-02-27T17:08:00Z,2025-02-27T19:40:00Z,1,9,5,schedule,The information could be clearer.
R000910,C001058,onboarding,2025-02-27T18:39:00Z,2025-02-27T19:32:00Z,1,10,5,information,The waiting time affected the experience.
R000911,C000446,service,2025-02-27T20:10:00Z,2025-02-27T20:56:00Z,1,8,3,experience,I needed more than one contact.
R000912,C002103,onboarding,2025-02-27T21:41:00Z,2025-02-27T22:17:00Z,1,9,4,information,The information could be clearer.
R000913,C001869,service,2025-02-27T23:12:00Z,2025-02-27T23:52:00Z,1,10,4,schedule,The information could be clearer.
R000914,C002276,service,2025-02-28T00:43:00Z,2025-02-28T03:17:00Z,1,7,5,experience,The waiting time affected the experience.
R000915,C000760,renewal,2025-02-28T02:14:00Z,2025-02-28T03:05:00Z,1,7,3,value,The waiting time affected the experience.
R000916,C000589,support,2025-02-28T03:45:00Z,2025-02-28T04:08:00Z,1,7,4,resolution,The waiting time affected the experience.
R000917,C001273,onboarding,2025-02-28T05:16:00Z,2025-02-28T07:35:00Z,1,10,4,access,I needed more than one contact.
R000918,C000921,onboarding,2025-02-28T06:47:00Z,2025-03-14T07:20:00Z,2,9,4,information,I needed more than one contact.
R000919,C001168,onboarding,2025-02-28T08:18:00Z,2025-02-28T08:41:00Z,1,8,4,information,The response was quick.
R000920,C000911,service,2025-02-28T09:49:00Z,2025-02-28T09:56:00Z,1,9,4,experience,Everything worked as expected.
R000921,C001736,service,2025-02-28T11:20:00Z,2025-02-28T13:28:00Z,1,10,4,schedule,I needed more than one contact.
R000922,C002332,service,2025-02-28T12:51:00Z,2025-02-28T15:39:00Z,1,10,4,schedule,The response was quick.
R000923,C001665,support,2025-02-28T14:22:00Z,2025-02-28T16:59:00Z,1,8,4,resolution,The waiting time affected the experience.
R000924,C001643,onboarding,2025-02-28T15:53:00Z,2025-02-28T17:01:00Z,1,7,4,access,The waiting time affected the experience.
R000925,C000737,support,2025-02-28T17:24:00Z,2025-02-28T19:54:00Z,1,5,3,communication,The information could be clearer.
R000926,C001897,support,2025-02-28T18:55:00Z,2025-02-28T19:15:00Z,1,6,3,communication,I needed more than one contact.
R000927,C000003,support,2025-02-28T20:26:00Z,2025-02-28T21:30:00Z,1,10,3,resolution,I needed more than one contact.
R000928,C002164,service,2025-02-28T21:57:00Z,2025-02-28T22:49:00Z,1,9,3,schedule,The response was quick.
R000929,C000811,onboarding,2025-02-28T23:28:00Z,2025-03-01T00:48:00Z,1,8,4,information,The information could be clearer.
R000930,C001522,onboarding,2025-03-01T00:59:00Z,2025-03-01T02:18:00Z,1,6,4,information,I needed more than one contact.
R000931,C001060,onboarding,2025-03-01T02:30:00Z,2025-03-01T03:12:00Z,1,8,3,information,The response was quick.
R000932,C001563,service,2025-03-01T04:01:00Z,2025-03-01T04:58:00Z,1,10,3,schedule,The information could be clearer.
R000933,C000742,support,2025-03-01T05:32:00Z,2025-03-01T07:58:00Z,1,6,4,communication,The information could be clearer.
R000934,C002010,support,2025-03-01T07:03:00Z,2025-03-01T08:36:00Z,1,10,2,communication,The waiting time affected the experience.
R000935,C002285,service,2025-03-01T08:34:00Z,2025-03-15T09:24:00Z,2,9,2,experience,I needed more than one contact.
R000936,C001988,support,2025-03-01T10:05:00Z,2025-03-01T12:20:00Z,1,2,3,communication,The information could be clearer.
R000937,C000112,support,2025-03-01T11:36:00Z,2025-03-01T14:36:00Z,1,5,3,communication,Everything worked as expected.
R000938,C001337,onboarding,2025-03-01T13:07:00Z,2025-03-01T15:42:00Z,1,8,5,access,The information could be clearer.
R000939,C000875,onboarding,2025-03-01T14:38:00Z,2025-03-01T16:47:00Z,1,9,5,access,The information could be clearer.
R000940,C000974,support,2025-03-01T16:09:00Z,2025-03-01T17:30:00Z,1,5,3,communication,The information could be clearer.
R000941,C000776,service,2025-03-01T17:40:00Z,2025-03-01T18:44:00Z,1,7,3,schedule,Everything worked as expected.
R000942,C001274,support,2025-03-01T19:11:00Z,2025-03-01T21:35:00Z,1,5,2,resolution,The response was quick.
R000943,C001089,support,2025-03-01T20:42:00Z,2025-03-01T23:32:00Z,1,7,4,resolution,The waiting time affected the experience.
R000944,C000032,service,2025-03-01T22:13:00Z,2025-03-01T22:46:00Z,1,9,5,schedule,I needed more than one contact.
R000945,C001707,service,2025-03-01T23:44:00Z,2025-03-02T01:42:00Z,1,9,3,experience,The response was quick.
R000946,C001535,support,2025-03-02T01:15:00Z,2025-03-02T01:23:00Z,1,7,4,communication,Everything worked as expected.
R000947,C002016,service,2025-03-02T02:46:00Z,2025-03-02T03:03:00Z,1,7,3,experience,I needed more than one contact.
R000948,C002229,support,2025-03-02T04:17:00Z,2025-03-02T05:38:00Z,1,5,3,communication,I needed more than one contact.
R000949,C000335,service,2025-03-02T05:48:00Z,2025-03-02T06:24:00Z,1,6,3,schedule,Everything worked as expected.
R000950,C000912,support,2025-03-02T07:19:00Z,2025-03-02T09:25:00Z,1,5,2,resolution,The response was quick.
R000951,C000498,support,2025-03-02T08:50:00Z,2025-03-02T11:50:00Z,1,4,3,communication,The response was quick.
R000952,C000013,renewal,2025-03-02T10:21:00Z,2025-03-16T10:29:00Z,2,5,2,value,The response was quick.
R000953,C001060,onboarding,2025-03-02T11:52:00Z,2025-03-02T14:05:00Z,1,8,3,access,The information could be clearer.
R000954,C002100,service,2025-03-02T13:23:00Z,2025-03-02T14:07:00Z,1,9,5,schedule,The waiting time affected the experience.
R000955,C001149,service,2025-03-02T14:54:00Z,2025-03-02T17:10:00Z,1,10,5,experience,The response was quick.
R000956,C001007,support,2025-03-02T16:25:00Z,2025-03-02T17:32:00Z,1,3,4,communication,I needed more than one contact.
R000957,C002032,onboarding,2025-03-02T17:56:00Z,2025-03-02T19:21:00Z,1,7,5,information,Everything worked as expected.
R000958,C002124,onboarding,2025-03-02T19:27:00Z,2025-03-02T20:30:00Z,1,5,4,access,Everything worked as expected.
R000959,C001803,support,2025-03-02T20:58:00Z,2025-03-02T21:18:00Z,1,7,2,resolution,The waiting time affected the experience.
R000960,C001184,service,2025-03-02T22:29:00Z,2025-03-03T01:25:00Z,1,5,4,schedule,Everything worked as expected.
R000961,C001373,support,2025-03-03T00:00:00Z,2025-03-03T00:44:00Z,1,8,2,resolution,Everything worked as expected.
R000962,C002033,onboarding,2025-03-03T01:31:00Z,2025-03-03T01:43:00Z,1,8,3,access,The response was quick.
R000963,C000316,service,2025-03-03T03:02:00Z,2025-03-03T05:05:00Z,1,6,4,schedule,The information could be clearer.
R000964,C002380,support,2025-03-03T04:33:00Z,2025-03-03T05:20:00Z,1,6,5,resolution,The information could be clearer.
R000965,C001230,onboarding,2025-03-03T06:04:00Z,2025-03-03T07:38:00Z,1,9,5,access,I needed more than one contact.
R000966,C000721,service,2025-03-03T07:35:00Z,2025-03-03T10:10:00Z,1,6,4,schedule,I needed more than one contact.
R000967,C001490,service,2025-03-03T09:06:00Z,2025-03-03T11:10:00Z,1,6,4,schedule,I needed more than one contact.
R000968,C002066,service,2025-03-03T10:37:00Z,2025-03-03T13:27:00Z,1,8,2,schedule,I needed more than one contact.
R000969,C002118,service,2025-03-03T12:08:00Z,2025-03-17T12:33:00Z,2,9,5,experience,Everything worked as expected.
R000970,C000625,support,2025-03-03T13:39:00Z,2025-03-03T16:11:00Z,1,9,4,resolution,The information could be clearer.
R000971,C000520,service,2025-03-03T15:10:00Z,2025-03-03T16:03:00Z,1,3,5,schedule,The information could be clearer.
R000972,C001480,support,2025-03-03T16:41:00Z,2025-03-03T17:44:00Z,1,5,2,communication,Everything worked as expected.
R000973,C001651,service,2025-03-03T18:12:00Z,2025-03-03T19:48:00Z,1,6,2,schedule,The response was quick.
R000974,C001635,support,2025-03-03T19:43:00Z,2025-03-03T20:33:00Z,1,6,3,communication,Everything worked as expected.
R000975,C002076,service,2025-03-03T21:14:00Z,2025-03-03T23:48:00Z,1,7,4,experience,The response was quick.
R000976,C000846,support,2025-03-03T22:45:00Z,2025-03-04T00:45:00Z,1,8,2,resolution,The response was quick.
R000977,C001669,onboarding,2025-03-04T00:16:00Z,2025-03-04T00:45:00Z,1,9,4,access,I needed more than one contact.
R000978,C000234,renewal,2025-03-04T01:47:00Z,2025-03-04T04:05:00Z,1,6,3,value,I needed more than one contact.
R000979,C000297,onboarding,2025-03-04T03:18:00Z,2025-03-04T03:29:00Z,1,7,4,information,The response was quick.
R000980,C002203,service,2025-03-04T04:49:00Z,2025-03-04T05:52:00Z,1,6,3,experience,Everything worked as expected.
R000981,C001062,service,2025-03-04T06:20:00Z,2025-03-04T06:30:00Z,1,8,3,experience,The response was quick.
R000982,C000841,service,2025-03-04T07:51:00Z,2025-03-04T09:43:00Z,1,8,5,experience,Everything worked as expected.
R000983,C000976,service,2025-03-04T09:22:00Z,2025-03-04T12:09:00Z,1,8,4,schedule,The response was quick.
R000984,C002355,support,2025-03-04T10:53:00Z,2025-03-04T13:04:00Z,1,8,3,communication,I needed more than one contact.
R000985,C001511,service,2025-03-04T12:24:00Z,2025-03-04T14:47:00Z,1,8,2,experience,The response was quick.
R000986,C000531,service,2025-03-04T13:55:00Z,2025-03-18T14:37:00Z,2,5,3,schedule,The waiting time affected the experience.
R000987,C002027,support,2025-03-04T15:26:00Z,2025-03-04T17:44:00Z,1,7,5,resolution,The information could be clearer.
R000988,C000413,onboarding,2025-03-04T16:57:00Z,2025-03-04T18:47:00Z,1,10,4,access,The response was quick.
R000989,C000280,renewal,2025-03-04T18:28:00Z,2025-03-04T18:39:00Z,1,5,5,relationship,I needed more than one contact.
R000990,C002255,service,2025-03-04T19:59:00Z,2025-03-04T22:38:00Z,1,7,5,experience,The response was quick.
R000991,C000367,support,2025-03-04T21:30:00Z,2025-03-05T00:14:00Z,1,8,4,resolution,The response was quick.
R000992,C001820,renewal,2025-03-04T23:01:00Z,2025-03-04T23:34:00Z,1,5,4,value,The information could be clearer.
R000993,C001473,support,2025-03-05T00:32:00Z,2025-03-05T03:10:00Z,1,6,4,communication,The information could be clearer.
R000994,C000847,support,2025-03-05T02:03:00Z,2025-03-05T03:44:00Z,1,4,2,communication,The information could be clearer.
R000995,C001709,onboarding,2025-03-05T03:34:00Z,2025-03-05T05:19:00Z,1,6,4,access,The waiting time affected the experience.
R000996,C001075,service,2025-03-05T05:05:00Z,2025-03-05T05:59:00Z,1,7,5,experience,Everything worked as expected.
R000997,C002034,onboarding,2025-03-05T06:36:00Z,2025-03-05T07:24:00Z,1,6,3,information,The response was quick.
R000998,C001566,support,2025-03-05T08:07:00Z,2025-03-05T09:48:00Z,1,9,5,resolution,The waiting time affected the experience.
R000999,C001847,support,2025-03-05T09:38:00Z,2025-03-05T11:33:00Z,1,4,3,communication,The information could be clearer.
R001000,C000212,renewal,2025-03-05T11:09:00Z,2025-03-05T12:25:00Z,1,6,3,value,I needed more than one contact.
R001001,C001226,service,2025-03-05T12:40:00Z,2025-03-05T14:03:00Z,1,8,5,schedule,Everything worked as expected.
R001002,C000317,onboarding,2025-03-05T14:11:00Z,2025-03-05T16:26:00Z,1,8,5,access,The waiting time affected the experience.
R001003,C001947,service,2025-03-05T15:42:00Z,2025-03-19T15:42:00Z,2,8,2,experience,The information could be clearer.
R001004,C001813,onboarding,2025-03-05T17:13:00Z,2025-03-05T18:28:00Z,1,8,4,information,The information could be clearer.
R001005,C000542,support,2025-03-05T18:44:00Z,2025-03-05T19:55:00Z,1,5,4,resolution,I needed more than one contact.
R001006,C001173,onboarding,2025-03-05T20:15:00Z,2025-03-05T21:31:00Z,1,6,3,information,The information could be clearer.
R001007,C000423,support,2025-03-05T21:46:00Z,2025-03-05T22:22:00Z,1,4,2,communication,The information could be clearer.
R001008,C002185,service,2025-03-05T23:17:00Z,2025-03-06T00:22:00Z,1,7,4,schedule,The information could be clearer.
R001009,C001387,service,2025-03-06T00:48:00Z,2025-03-06T00:53:00Z,1,8,3,experience,The response was quick.
R001010,C001465,service,2025-03-06T02:19:00Z,2025-03-06T04:54:00Z,1,4,4,schedule,The response was quick.
R001011,C000186,support,2025-03-06T03:50:00Z,2025-03-06T05:47:00Z,1,10,2,resolution,The information could be clearer.
R001012,C002172,renewal,2025-03-06T05:21:00Z,2025-03-06T05:55:00Z,1,8,4,relationship,Everything worked as expected.
R001013,C001819,onboarding,2025-03-06T06:52:00Z,2025-03-06T06:57:00Z,1,10,5,access,The information could be clearer.
R001014,C001960,service,2025-03-06T08:23:00Z,2025-03-06T08:36:00Z,1,6,3,experience,Everything worked as expected.
R001015,C002018,onboarding,2025-03-06T09:54:00Z,2025-03-06T10:34:00Z,1,8,5,information,Everything worked as expected.
R001016,C001017,onboarding,2025-03-06T11:25:00Z,2025-03-06T12:04:00Z,1,6,5,access,Everything worked as expected.
R001017,C002009,service,2025-03-06T12:56:00Z,2025-03-06T14:14:00Z,1,10,4,experience,I needed more than one contact.
R001018,C000146,support,2025-03-06T14:27:00Z,2025-03-06T15:22:00Z,1,6,3,resolution,I needed more than one contact.
R001019,C001749,support,2025-03-06T15:58:00Z,2025-03-06T18:28:00Z,1,5,2,resolution,The information could be clearer.
R001020,C001432,service,2025-03-06T17:29:00Z,2025-03-20T17:46:00Z,2,8,4,experience,The waiting time affected the experience.
R001021,C001135,support,2025-03-06T19:00:00Z,2025-03-06T21:14:00Z,1,7,3,communication,Everything worked as expected.
R001022,C000079,support,2025-03-06T20:31:00Z,2025-03-06T22:45:00Z,1,6,5,communication,I needed more than one contact.
R001023,C002300,service,2025-03-06T22:02:00Z,2025-03-07T00:44:00Z,1,9,5,schedule,I needed more than one contact.
R001024,C001038,support,2025-03-06T23:33:00Z,2025-03-07T01:47:00Z,1,10,4,communication,The response was quick.
R001025,C001437,support,2025-03-07T01:04:00Z,2025-03-07T01:29:00Z,1,8,3,communication,The information could be clearer.
R001026,C002212,onboarding,2025-03-07T02:35:00Z,2025-03-07T04:21:00Z,1,9,4,information,Everything worked as expected.
R001027,C000803,renewal,2025-03-07T04:06:00Z,2025-03-07T06:27:00Z,1,5,4,value,The waiting time affected the experience.
R001028,C000424,service,2025-03-07T05:37:00Z,2025-03-07T05:56:00Z,1,9,4,schedule,I needed more than one contact.
R001029,C002266,onboarding,2025-03-07T07:08:00Z,2025-03-07T09:25:00Z,1,9,4,information,Everything worked as expected.
R001030,C001353,support,2025-03-07T08:39:00Z,2025-03-07T10:24:00Z,1,4,4,resolution,The waiting time affected the experience.
R001031,C001055,service,2025-03-07T10:10:00Z,2025-03-07T12:35:00Z,1,10,3,schedule,The response was quick.
R001032,C000842,support,2025-03-07T11:41:00Z,2025-03-07T12:36:00Z,1,5,3,resolution,I needed more than one contact.
R001033,C000512,renewal,2025-03-07T13:12:00Z,2025-03-07T15:58:00Z,1,7,4,relationship,I needed more than one contact.
R001034,C000051,support,2025-03-07T14:43:00Z,2025-03-07T16:01:00Z,1,7,4,resolution,The response was quick.
R001035,C000186,support,2025-03-07T16:14:00Z,2025-03-07T18:51:00Z,1,7,3,resolution,The response was quick.
R001036,C000018,support,2025-03-07T17:45:00Z,2025-03-07T18:42:00Z,1,7,3,communication,The waiting time affected the experience.
R001037,C001364,onboarding,2025-03-07T19:16:00Z,2025-03-21T19:50:00Z,2,7,4,access,I needed more than one contact.
R001038,C000218,service,2025-03-07T20:47:00Z,2025-03-07T23:46:00Z,1,5,4,experience,The waiting time affected the experience.
R001039,C001594,onboarding,2025-03-07T22:18:00Z,2025-03-08T01:00:00Z,1,7,5,information,The information could be clearer.
R001040,C000970,onboarding,2025-03-07T23:49:00Z,2025-03-08T00:51:00Z,1,8,4,information,The information could be clearer.
R001041,C000736,support,2025-03-08T01:20:00Z,2025-03-08T01:35:00Z,1,8,3,resolution,I needed more than one contact.
R001042,C000504,onboarding,2025-03-08T02:51:00Z,2025-03-08T03:37:00Z,1,10,3,access,Everything worked as expected.
R001043,C000332,service,2025-03-08T04:22:00Z,2025-03-08T06:51:00Z,1,9,4,experience,I needed more than one contact.
R001044,C001635,onboarding,2025-03-08T05:53:00Z,2025-03-08T08:25:00Z,1,6,3,access,Everything worked as expected.
R001045,C000994,support,2025-03-08T07:24:00Z,2025-03-08T09:58:00Z,1,7,2,communication,The response was quick.
R001046,C000388,onboarding,2025-03-08T08:55:00Z,2025-03-08T09:59:00Z,1,6,4,access,Everything worked as expected.
R001047,C001441,service,2025-03-08T10:26:00Z,2025-03-08T12:03:00Z,1,3,3,experience,Everything worked as expected.
R001048,C001793,support,2025-03-08T11:57:00Z,2025-03-08T13:23:00Z,1,3,2,resolution,I needed more than one contact.
R001049,C002228,renewal,2025-03-08T13:28:00Z,2025-03-08T15:12:00Z,1,8,3,relationship,Everything worked as expected.
R001050,C001731,renewal,2025-03-08T14:59:00Z,2025-03-08T16:31:00Z,1,7,3,relationship,The waiting time affected the experience.
R001051,C000954,support,2025-03-08T16:30:00Z,2025-03-08T19:22:00Z,1,3,5,communication,Everything worked as expected.
R001052,C000865,support,2025-03-08T18:01:00Z,2025-03-08T19:39:00Z,1,5,3,resolution,The waiting time affected the experience.
R001053,C000550,onboarding,2025-03-08T19:32:00Z,2025-03-08T22:32:00Z,1,10,4,information,The information could be clearer.
R001054,C002016,support,2025-03-08T21:03:00Z,2025-03-22T21:54:00Z,2,4,5,resolution,The information could be clearer.
R001055,C002327,support,2025-03-08T22:34:00Z,2025-03-09T01:20:00Z,1,5,3,communication,The waiting time affected the experience.
R001056,C000108,onboarding,2025-03-09T00:05:00Z,2025-03-09T02:12:00Z,1,8,4,access,The information could be clearer.
R001057,C000168,renewal,2025-03-09T01:36:00Z,2025-03-09T04:07:00Z,1,4,5,value,The information could be clearer.
R001058,C000470,onboarding,2025-03-09T03:07:00Z,2025-03-09T04:48:00Z,1,4,3,information,I needed more than one contact.
R001059,C001588,service,2025-03-09T04:38:00Z,2025-03-09T06:53:00Z,1,5,5,experience,I needed more than one contact.
R001060,C001110,onboarding,2025-03-09T06:09:00Z,2025-03-09T07:02:00Z,1,10,3,access,The information could be clearer.
R001061,C001536,support,2025-03-09T07:40:00Z,2025-03-09T08:14:00Z,1,7,2,resolution,The waiting time affected the experience.
R001062,C001808,service,2025-03-09T09:11:00Z,2025-03-09T10:44:00Z,1,7,5,experience,Everything worked as expected.
R001063,C000906,support,2025-03-09T10:42:00Z,2025-03-09T11:21:00Z,1,7,2,resolution,The response was quick.
R001064,C000319,support,2025-03-09T12:13:00Z,2025-03-09T12:41:00Z,1,10,5,communication,I needed more than one contact.
R001065,C000060,service,2025-03-09T13:44:00Z,2025-03-09T16:40:00Z,1,5,5,experience,I needed more than one contact.
R001066,C000036,onboarding,2025-03-09T15:15:00Z,2025-03-09T18:12:00Z,1,9,4,information,The waiting time affected the experience.
R001067,C000136,onboarding,2025-03-09T16:46:00Z,2025-03-09T19:29:00Z,1,7,4,access,Everything worked as expected.
R001068,C000444,onboarding,2025-03-09T18:17:00Z,2025-03-09T21:12:00Z,1,5,5,access,The waiting time affected the experience.
R001069,C000788,support,2025-03-09T19:48:00Z,2025-03-09T21:39:00Z,1,7,5,communication,Everything worked as expected.
R001070,C001925,onboarding,2025-03-09T21:19:00Z,2025-03-09T23:33:00Z,1,8,4,information,Everything worked as expected.
R001071,C000613,service,2025-03-09T22:50:00Z,2025-03-23T22:59:00Z,2,7,4,experience,The waiting time affected the experience.
R001072,C001985,support,2025-03-10T00:21:00Z,2025-03-10T00:52:00Z,1,8,3,resolution,The waiting time affected the experience.
R001073,C002159,onboarding,2025-03-10T01:52:00Z,2025-03-10T04:15:00Z,1,10,3,access,The waiting time affected the experience.
R001074,C001135,support,2025-03-10T03:23:00Z,2025-03-10T06:00:00Z,1,8,4,resolution,Everything worked as expected.
R001075,C001149,renewal,2025-03-10T04:54:00Z,2025-03-10T06:59:00Z,1,7,4,relationship,I needed more than one contact.
R001076,C001468,service,2025-03-10T06:25:00Z,2025-03-10T06:35:00Z,1,10,4,schedule,The waiting time affected the experience.
R001077,C000933,service,2025-03-10T07:56:00Z,2025-03-10T09:01:00Z,1,9,3,experience,The response was quick.
R001078,C001467,support,2025-03-10T09:27:00Z,2025-03-10T11:29:00Z,1,10,4,communication,The information could be clearer.
R001079,C000729,support,2025-03-10T10:58:00Z,2025-03-10T13:41:00Z,1,7,3,resolution,The information could be clearer.
R001080,C001073,service,2025-03-10T12:29:00Z,2025-03-10T13:29:00Z,1,6,4,schedule,The waiting time affected the experience.
R001081,C000373,support,2025-03-10T14:00:00Z,2025-03-10T16:11:00Z,1,6,4,resolution,The response was quick.
R001082,C001522,service,2025-03-10T15:31:00Z,2025-03-10T16:12:00Z,1,10,4,experience,The response was quick.
R001083,C000279,service,2025-03-10T17:02:00Z,2025-03-10T17:35:00Z,1,7,4,experience,I needed more than one contact.
R001084,C002056,service,2025-03-10T18:33:00Z,2025-03-10T19:58:00Z,1,10,5,schedule,Everything worked as expected.
R001085,C000036,renewal,2025-03-10T20:04:00Z,2025-03-10T22:28:00Z,1,10,4,value,The waiting time affected the experience.
R001086,C002227,onboarding,2025-03-10T21:35:00Z,2025-03-11T00:29:00Z,1,10,5,information,Everything worked as expected.
R001087,C000573,onboarding,2025-03-10T23:06:00Z,2025-03-11T00:38:00Z,1,10,4,information,The response was quick.
R001088,C000619,support,2025-03-11T00:37:00Z,2025-03-25T01:03:00Z,2,7,1,resolution,I needed more than one contact.
R001089,C000256,service,2025-03-11T02:08:00Z,2025-03-11T03:57:00Z,1,7,3,experience,Everything worked as expected.
R001090,C001110,onboarding,2025-03-11T03:39:00Z,2025-03-11T04:14:00Z,1,6,5,access,The waiting time affected the experience.
R001091,C002365,support,2025-03-11T05:10:00Z,2025-03-11T06:56:00Z,1,6,4,resolution,I needed more than one contact.
R001092,C000363,renewal,2025-03-11T06:41:00Z,2025-03-11T07:46:00Z,1,5,1,relationship,The information could be clearer.
R001093,C001871,support,2025-03-11T08:12:00Z,2025-03-11T11:08:00Z,1,4,3,resolution,The waiting time affected the experience.
R001094,C001748,service,2025-03-11T09:43:00Z,2025-03-11T10:33:00Z,1,6,5,schedule,I needed more than one contact.
R001095,C001994,service,2025-03-11T11:14:00Z,2025-03-11T12:18:00Z,1,9,4,schedule,I needed more than one contact.
R001096,C000070,onboarding,2025-03-11T12:45:00Z,2025-03-11T14:48:00Z,1,10,4,information,Everything worked as expected.
R001097,C001714,service,2025-03-11T14:16:00Z,2025-03-11T15:09:00Z,1,8,4,schedule,The information could be clearer.
R001098,C002350,service,2025-03-11T15:47:00Z,2025-03-11T16:40:00Z,1,7,3,schedule,The information could be clearer.
R001099,C002322,service,2025-03-11T17:18:00Z,2025-03-11T17:36:00Z,1,8,3,experience,Everything worked as expected.
R001100,C002042,renewal,2025-03-11T18:49:00Z,2025-03-11T20:05:00Z,1,8,4,value,Everything worked as expected.
R001101,C001657,support,2025-03-11T20:20:00Z,2025-03-11T22:01:00Z,1,8,4,communication,The response was quick.
R001102,C001957,support,2025-03-11T21:51:00Z,2025-03-12T00:11:00Z,1,5,4,communication,Everything worked as expected.
R001103,C000680,renewal,2025-03-11T23:22:00Z,2025-03-11T23:33:00Z,1,3,3,value,I needed more than one contact.
R001104,C001751,support,2025-03-12T00:53:00Z,2025-03-12T01:21:00Z,1,7,4,communication,The response was quick.
R001105,C001315,support,2025-03-12T02:24:00Z,2025-03-26T03:07:00Z,2,1,4,communication,The waiting time affected the experience.
R001106,C000930,support,2025-03-12T03:55:00Z,2025-03-12T05:46:00Z,1,3,4,resolution,Everything worked as expected.
R001107,C001998,renewal,2025-03-12T05:26:00Z,2025-03-12T06:14:00Z,1,7,4,relationship,The waiting time affected the experience.
R001108,C002104,renewal,2025-03-12T06:57:00Z,2025-03-12T09:18:00Z,1,6,3,relationship,The waiting time affected the experience.
R001109,C000619,support,2025-03-12T08:28:00Z,2025-03-12T11:28:00Z,1,6,5,resolution,The information could be clearer.
R001110,C000204,service,2025-03-12T09:59:00Z,2025-03-12T12:01:00Z,1,10,5,experience,I needed more than one contact.
R001111,C000552,support,2025-03-12T11:30:00Z,2025-03-12T13:54:00Z,1,8,3,resolution,I needed more than one contact.
R001112,C001353,support,2025-03-12T13:01:00Z,2025-03-12T15:54:00Z,1,7,5,communication,The waiting time affected the experience.
R001113,C002102,service,2025-03-12T14:32:00Z,2025-03-12T16:59:00Z,1,10,3,schedule,The waiting time affected the experience.
R001114,C001047,onboarding,2025-03-12T16:03:00Z,2025-03-12T17:57:00Z,1,8,5,information,I needed more than one contact.
R001115,C000760,support,2025-03-12T17:34:00Z,2025-03-12T20:29:00Z,1,6,3,communication,I needed more than one contact.
R001116,C000585,service,2025-03-12T19:05:00Z,2025-03-12T20:17:00Z,1,10,3,experience,Everything worked as expected.
R001117,C001752,onboarding,2025-03-12T20:36:00Z,2025-03-12T23:04:00Z,1,10,5,information,The waiting time affected the experience.
R001118,C001368,service,2025-03-12T22:07:00Z,2025-03-12T22:35:00Z,1,5,4,experience,The waiting time affected the experience.
R001119,C000291,support,2025-03-12T23:38:00Z,2025-03-13T01:04:00Z,1,4,3,communication,The response was quick.
R001120,C001748,onboarding,2025-03-13T01:09:00Z,2025-03-13T01:43:00Z,1,7,4,access,I needed more than one contact.
R001121,C000899,service,2025-03-13T02:40:00Z,2025-03-13T03:51:00Z,1,9,4,experience,Everything worked as expected.
R001122,C001903,onboarding,2025-03-13T04:11:00Z,2025-03-27T04:12:00Z,2,7,4,information,Everything worked as expected.
R001123,C001993,service,2025-03-13T05:42:00Z,2025-03-13T08:21:00Z,1,7,4,schedule,The waiting time affected the experience.
R001124,C001719,support,2025-03-13T07:13:00Z,2025-03-13T10:13:00Z,1,5,3,resolution,I needed more than one contact.
R001125,C002301,support,2025-03-13T08:44:00Z,2025-03-13T11:38:00Z,1,9,3,resolution,The response was quick.
R001126,C000610,onboarding,2025-03-13T10:15:00Z,2025-03-13T11:38:00Z,1,10,5,information,Everything worked as expected.
R001127,C000653,onboarding,2025-03-13T11:46:00Z,2025-03-13T14:33:00Z,1,10,5,information,The waiting time affected the experience.
R001128,C000732,support,2025-03-13T13:17:00Z,2025-03-13T15:49:00Z,1,6,3,communication,The response was quick.
R001129,C000754,onboarding,2025-03-13T14:48:00Z,2025-03-13T17:31:00Z,1,8,5,access,The waiting time affected the experience.
R001130,C000139,service,2025-03-13T16:19:00Z,2025-03-13T19:16:00Z,1,9,3,experience,The waiting time affected the experience.
R001131,C001643,support,2025-03-13T17:50:00Z,2025-03-13T17:56:00Z,1,7,4,communication,Everything worked as expected.
R001132,C000938,service,2025-03-13T19:21:00Z,2025-03-13T20:24:00Z,1,8,4,experience,The information could be clearer.
R001133,C001664,service,2025-03-13T20:52:00Z,2025-03-13T21:38:00Z,1,6,3,schedule,The response was quick.
R001134,C000263,service,2025-03-13T22:23:00Z,2025-03-13T22:56:00Z,1,7,5,experience,I needed more than one contact.
R001135,C000270,onboarding,2025-03-13T23:54:00Z,2025-03-14T02:24:00Z,1,10,5,access,The waiting time affected the experience.
R001136,C001468,service,2025-03-14T01:25:00Z,2025-03-14T03:29:00Z,1,8,5,schedule,The information could be clearer.
R001137,C001917,renewal,2025-03-14T02:56:00Z,2025-03-14T03:17:00Z,1,5,4,relationship,I needed more than one contact.
R001138,C001376,renewal,2025-03-14T04:27:00Z,2025-03-14T06:15:00Z,1,9,5,relationship,The waiting time affected the experience.
R001139,C000047,service,2025-03-14T05:58:00Z,2025-03-28T06:16:00Z,2,8,2,experience,The information could be clearer.
R001140,C000670,service,2025-03-14T07:29:00Z,2025-03-14T08:43:00Z,1,5,2,experience,The information could be clearer.
R001141,C000350,support,2025-03-14T09:00:00Z,2025-03-14T10:09:00Z,1,4,5,communication,I needed more than one contact.
R001142,C001676,service,2025-03-14T10:31:00Z,2025-03-14T11:32:00Z,1,10,5,experience,Everything worked as expected.
R001143,C000453,support,2025-03-14T12:02:00Z,2025-03-14T12:42:00Z,1,9,4,communication,The information could be clearer.
R001144,C000456,onboarding,2025-03-14T13:33:00Z,2025-03-14T16:08:00Z,1,9,4,access,I needed more than one contact.
R001145,C002107,support,2025-03-14T15:04:00Z,2025-03-14T15:40:00Z,1,5,3,communication,I needed more than one contact.
R001146,C001356,support,2025-03-14T16:35:00Z,2025-03-14T18:18:00Z,1,6,4,resolution,The information could be clearer.
R001147,C000456,service,2025-03-14T18:06:00Z,2025-03-14T19:10:00Z,1,6,5,experience,Everything worked as expected.
R001148,C001104,support,2025-03-14T19:37:00Z,2025-03-14T21:16:00Z,1,5,2,resolution,Everything worked as expected.
R001149,C001183,service,2025-03-14T21:08:00Z,2025-03-14T23:42:00Z,1,7,4,schedule,I needed more than one contact.
R001150,C001609,renewal,2025-03-14T22:39:00Z,2025-03-15T00:20:00Z,1,9,4,value,The waiting time affected the experience.
R001151,C001137,onboarding,2025-03-15T00:10:00Z,2025-03-15T02:29:00Z,1,9,5,information,Everything worked as expected.
R001152,C000798,service,2025-03-15T01:41:00Z,2025-03-15T01:56:00Z,1,9,4,experience,The response was quick.
R001153,C002046,support,2025-03-15T03:12:00Z,2025-03-15T04:28:00Z,1,3,4,resolution,The waiting time affected the experience.
R001154,C002367,support,2025-03-15T04:43:00Z,2025-03-15T07:12:00Z,1,2,5,resolution,The waiting time affected the experience.
R001155,C002080,renewal,2025-03-15T06:14:00Z,2025-03-15T06:45:00Z,1,7,4,value,I needed more than one contact.
R001156,C000962,onboarding,2025-03-15T07:45:00Z,2025-03-29T08:20:00Z,2,7,3,information,Everything worked as expected.
R001157,C001101,renewal,2025-03-15T09:16:00Z,2025-03-15T10:04:00Z,1,8,3,value,The response was quick.
R001158,C000090,renewal,2025-03-15T10:47:00Z,2025-03-15T10:59:00Z,1,5,4,relationship,I needed more than one contact.
R001159,C001291,onboarding,2025-03-15T12:18:00Z,2025-03-15T15:18:00Z,1,8,4,access,The response was quick.
R001160,C002141,service,2025-03-15T13:49:00Z,2025-03-15T14:33:00Z,1,8,4,schedule,The waiting time affected the experience.
R001161,C000958,renewal,2025-03-15T15:20:00Z,2025-03-15T17:21:00Z,1,7,4,relationship,The information could be clearer.
R001162,C000063,support,2025-03-15T16:51:00Z,2025-03-15T19:35:00Z,1,7,4,communication,Everything worked as expected.
R001163,C000725,service,2025-03-15T18:22:00Z,2025-03-15T20:15:00Z,1,10,4,schedule,The waiting time affected the experience.
R001164,C000778,service,2025-03-15T19:53:00Z,2025-03-15T20:22:00Z,1,6,3,schedule,The waiting time affected the experience.
R001165,C000203,onboarding,2025-03-15T21:24:00Z,2025-03-16T00:06:00Z,1,5,5,information,Everything worked as expected.
R001166,C002173,onboarding,2025-03-15T22:55:00Z,2025-03-15T23:49:00Z,1,10,5,access,The information could be clearer.
R001167,C000717,service,2025-03-16T00:26:00Z,2025-03-16T01:08:00Z,1,9,4,experience,The waiting time affected the experience.
R001168,C000206,service,2025-03-16T01:57:00Z,2025-03-16T02:50:00Z,1,9,3,schedule,I needed more than one contact.
R001169,C002128,service,2025-03-16T03:28:00Z,2025-03-16T05:09:00Z,1,7,4,experience,Everything worked as expected.
R001170,C002295,service,2025-03-16T04:59:00Z,2025-03-16T05:05:00Z,1,10,4,schedule,I needed more than one contact.
R001171,C001631,service,2025-03-16T06:30:00Z,2025-03-16T08:42:00Z,1,6,4,experience,Everything worked as expected.
R001172,C000547,service,2025-03-16T08:01:00Z,2025-03-16T10:30:00Z,1,10,4,experience,Everything worked as expected.
R001173,C000988,support,2025-03-16T09:32:00Z,2025-03-30T10:24:00Z,2,4,2,resolution,The waiting time affected the experience.
R001174,C000935,support,2025-03-16T11:03:00Z,2025-03-16T13:29:00Z,1,1,4,resolution,The waiting time affected the experience.
R001175,C001781,support,2025-03-16T12:34:00Z,2025-03-16T13:26:00Z,1,5,2,communication,Everything worked as expected.
R001176,C001526,support,2025-03-16T14:05:00Z,2025-03-16T14:12:00Z,1,5,3,resolution,The information could be clearer.
R001177,C000114,renewal,2025-03-16T15:36:00Z,2025-03-16T15:47:00Z,1,8,4,value,The response was quick.
R001178,C001400,onboarding,2025-03-16T17:07:00Z,2025-03-16T19:26:00Z,1,10,5,access,I needed more than one contact.
R001179,C002014,onboarding,2025-03-16T18:38:00Z,2025-03-16T19:14:00Z,1,9,4,information,The information could be clearer.
R001180,C001878,onboarding,2025-03-16T20:09:00Z,2025-03-16T22:56:00Z,1,10,5,access,The response was quick.
R001181,C002305,onboarding,2025-03-16T21:40:00Z,2025-03-16T21:50:00Z,1,10,4,information,I needed more than one contact.
R001182,C001692,service,2025-03-16T23:11:00Z,2025-03-17T01:14:00Z,1,10,3,experience,The response was quick.
R001183,C001717,service,2025-03-17T00:42:00Z,2025-03-17T01:01:00Z,1,7,4,experience,The waiting time affected the experience.
R001184,C002170,support,2025-03-17T02:13:00Z,2025-03-17T04:53:00Z,1,6,3,communication,The waiting time affected the experience.
R001185,C000966,support,2025-03-17T03:44:00Z,2025-03-17T04:56:00Z,1,5,3,resolution,Everything worked as expected.
R001186,C002385,support,2025-03-17T05:15:00Z,2025-03-17T05:33:00Z,1,4,4,resolution,The response was quick.
R001187,C000846,onboarding,2025-03-17T06:46:00Z,2025-03-17T08:05:00Z,1,10,5,information,The response was quick.
R001188,C002316,onboarding,2025-03-17T08:17:00Z,2025-03-17T10:21:00Z,1,8,5,access,The response was quick.
R001189,C001156,onboarding,2025-03-17T09:48:00Z,2025-03-17T10:21:00Z,1,8,5,access,The waiting time affected the experience.
R001190,C001351,onboarding,2025-03-17T11:19:00Z,2025-03-31T11:29:00Z,2,9,2,access,I needed more than one contact.
R001191,C002102,service,2025-03-17T12:50:00Z,2025-03-17T13:08:00Z,1,4,4,experience,The waiting time affected the experience.
R001192,C001124,support,2025-03-17T14:21:00Z,2025-03-17T14:26:00Z,1,7,2,resolution,The waiting time affected the experience.
R001193,C001470,renewal,2025-03-17T15:52:00Z,2025-03-17T16:53:00Z,1,6,3,value,The response was quick.
R001194,C000594,service,2025-03-17T17:23:00Z,2025-03-17T18:11:00Z,1,7,4,schedule,The waiting time affected the experience.
R001195,C000761,service,2025-03-17T18:54:00Z,2025-03-17T21:28:00Z,1,8,3,schedule,The information could be clearer.
R001196,C001597,service,2025-03-17T20:25:00Z,2025-03-17T22:20:00Z,1,6,3,schedule,I needed more than one contact.
R001197,C002000,support,2025-03-17T21:56:00Z,2025-03-18T00:03:00Z,1,8,4,communication,The waiting time affected the experience.
R001198,C001819,onboarding,2025-03-17T23:27:00Z,2025-03-18T01:39:00Z,1,9,2,access,The waiting time affected the experience.
R001199,C001048,onboarding,2025-03-18T00:58:00Z,2025-03-18T01:06:00Z,1,10,5,information,The response was quick.
R001200,C000024,service,2025-03-18T02:29:00Z,2025-03-18T03:54:00Z,1,8,3,experience,The information could be clearer.
R001201,C000381,service,2025-03-18T04:00:00Z,2025-03-18T06:11:00Z,1,8,4,experience,The response was quick.
R001202,C002087,support,2025-03-18T05:31:00Z,2025-03-18T05:53:00Z,1,9,2,resolution,The waiting time affected the experience.
R001203,C000686,onboarding,2025-03-18T07:02:00Z,2025-03-18T08:19:00Z,1,9,5,information,I needed more than one contact.
R001204,C000830,onboarding,2025-03-18T08:33:00Z,2025-03-18T09:25:00Z,1,6,2,information,The response was quick.
R001205,C001386,service,2025-03-18T10:04:00Z,2025-03-18T10:52:00Z,1,8,4,schedule,The information could be clearer.
R001206,C000107,onboarding,2025-03-18T11:35:00Z,2025-03-18T13:28:00Z,1,7,4,access,I needed more than one contact.
R001207,C000127,service,2025-03-18T13:06:00Z,2025-04-01T13:33:00Z,2,4,3,schedule,I needed more than one contact.
R001208,C002294,support,2025-03-18T14:37:00Z,2025-03-18T15:22:00Z,1,7,3,resolution,The waiting time affected the experience.
R001209,C000755,support,2025-03-18T16:08:00Z,2025-03-18T18:18:00Z,1,7,5,resolution,The information could be clearer.
R001210,C000630,support,2025-03-18T17:39:00Z,2025-03-18T18:40:00Z,1,3,4,communication,Everything worked as expected.
R001211,C001443,onboarding,2025-03-18T19:10:00Z,2025-03-18T21:17:00Z,1,10,5,information,The information could be clearer.
R001212,C000118,service,2025-03-18T20:41:00Z,2025-03-18T22:33:00Z,1,10,2,experience,I needed more than one contact.
R001213,C001921,support,2025-03-18T22:12:00Z,2025-03-18T23:20:00Z,1,7,5,resolution,I needed more than one contact.
R001214,C000646,renewal,2025-03-18T23:43:00Z,2025-03-19T02:41:00Z,1,5,3,relationship,Everything worked as expected.
R001215,C001338,support,2025-03-19T01:14:00Z,2025-03-19T03:25:00Z,1,5,2,communication,Everything worked as expected.
R001216,C000462,service,2025-03-19T02:45:00Z,2025-03-19T03:24:00Z,1,6,3,experience,The information could be clearer.
R001217,C000828,support,2025-03-19T04:16:00Z,2025-03-19T05:38:00Z,1,7,2,communication,Everything worked as expected.
R001218,C001931,support,2025-03-19T05:47:00Z,2025-03-19T06:40:00Z,1,5,4,communication,The information could be clearer.
R001219,C001878,support,2025-03-19T07:18:00Z,2025-03-19T07:53:00Z,1,7,3,communication,I needed more than one contact.
R001220,C001070,service,2025-03-19T08:49:00Z,2025-03-19T11:40:00Z,1,10,5,schedule,Everything worked as expected.
R001221,C000873,onboarding,2025-03-19T10:20:00Z,2025-03-19T11:29:00Z,1,6,2,information,The response was quick.
R001222,C001802,support,2025-03-19T11:51:00Z,2025-03-19T14:30:00Z,1,7,4,resolution,The response was quick.
R001223,C002221,renewal,2025-03-19T13:22:00Z,2025-03-19T14:31:00Z,1,6,5,value,The waiting time affected the experience.
R001224,C001551,support,2025-03-19T14:53:00Z,2025-04-02T15:37:00Z,2,9,2,resolution,I needed more than one contact.
R001225,C001921,renewal,2025-03-19T16:24:00Z,2025-03-19T17:49:00Z,1,6,4,value,Everything worked as expected.
R001226,C001436,service,2025-03-19T17:55:00Z,2025-03-19T18:26:00Z,1,9,3,schedule,The information could be clearer.
R001227,C001622,support,2025-03-19T19:26:00Z,2025-03-19T20:36:00Z,1,5,3,resolution,The response was quick.
R001228,C000765,service,2025-03-19T20:57:00Z,2025-03-19T21:10:00Z,1,8,4,experience,Everything worked as expected.
R001229,C001932,service,2025-03-19T22:28:00Z,2025-03-19T22:33:00Z,1,7,5,schedule,I needed more than one contact.
R001230,C000885,renewal,2025-03-19T23:59:00Z,2025-03-20T00:20:00Z,1,4,3,value,The information could be clearer.
R001231,C000116,service,2025-03-20T01:30:00Z,2025-03-20T01:51:00Z,1,10,3,experience,I needed more than one contact.
R001232,C001492,service,2025-03-20T03:01:00Z,2025-03-20T05:04:00Z,1,10,3,schedule,The response was quick.
R001233,C000403,renewal,2025-03-20T04:32:00Z,2025-03-20T05:18:00Z,1,6,4,value,The response was quick.
R001234,C000608,support,2025-03-20T06:03:00Z,2025-03-20T06:18:00Z,1,9,3,communication,The information could be clearer.
R001235,C001392,service,2025-03-20T07:34:00Z,2025-03-20T09:40:00Z,1,5,4,experience,Everything worked as expected.
R001236,C001212,support,2025-03-20T09:05:00Z,2025-03-20T09:18:00Z,1,1,3,communication,Everything worked as expected.
R001237,C001185,support,2025-03-20T10:36:00Z,2025-03-20T12:55:00Z,1,7,2,resolution,The information could be clearer.
R001238,C000114,support,2025-03-20T12:07:00Z,2025-03-20T14:51:00Z,1,7,3,communication,Everything worked as expected.
R001239,C001184,service,2025-03-20T13:38:00Z,2025-03-20T14:23:00Z,1,9,5,experience,The information could be clearer.
R001240,C001980,service,2025-03-20T15:09:00Z,2025-03-20T15:53:00Z,1,8,2,experience,The information could be clearer.
R001241,C001015,service,2025-03-20T16:40:00Z,2025-04-03T16:42:00Z,2,8,3,experience,The waiting time affected the experience.
R001242,C001901,onboarding,2025-03-20T18:11:00Z,2025-03-20T20:02:00Z,1,4,5,information,The waiting time affected the experience.
R001243,C001868,service,2025-03-20T19:42:00Z,2025-03-20T21:39:00Z,1,6,4,experience,The response was quick.
R001244,C000451,service,2025-03-20T21:13:00Z,2025-03-20T23:01:00Z,1,7,3,schedule,The information could be clearer.
R001245,C002223,onboarding,2025-03-20T22:44:00Z,2025-03-21T01:06:00Z,1,10,5,access,The waiting time affected the experience.
R001246,C002264,renewal,2025-03-21T00:15:00Z,2025-03-21T00:37:00Z,1,10,3,value,I needed more than one contact.
R001247,C000779,support,2025-03-21T01:46:00Z,2025-03-21T02:22:00Z,1,6,3,communication,I needed more than one contact.
R001248,C000301,onboarding,2025-03-21T03:17:00Z,2025-03-21T04:11:00Z,1,8,4,access,The response was quick.
R001249,C001090,support,2025-03-21T04:48:00Z,2025-03-21T07:17:00Z,1,9,5,communication,The waiting time affected the experience.
R001250,C000226,renewal,2025-03-21T06:19:00Z,2025-03-21T08:45:00Z,1,5,2,relationship,I needed more than one contact.
R001251,C001620,onboarding,2025-03-21T07:50:00Z,2025-03-21T07:58:00Z,1,7,4,information,The response was quick.
R001252,C000471,support,2025-03-21T09:21:00Z,2025-03-21T10:00:00Z,1,5,3,communication,The response was quick.
R001253,C000312,service,2025-03-21T10:52:00Z,2025-03-21T12:02:00Z,1,8,4,experience,Everything worked as expected.
R001254,C002266,service,2025-03-21T12:23:00Z,2025-03-21T13:15:00Z,1,6,5,schedule,The response was quick.
R001255,C001403,service,2025-03-21T13:54:00Z,2025-03-21T16:06:00Z,1,9,5,experience,Everything worked as expected.
R001256,C000273,support,2025-03-21T15:25:00Z,2025-03-21T16:11:00Z,1,7,2,resolution,The information could be clearer.
R001257,C001505,renewal,2025-03-21T16:56:00Z,2025-03-21T18:12:00Z,1,8,2,value,The waiting time affected the experience.
R001258,C001118,service,2025-03-21T18:27:00Z,2025-04-04T18:46:00Z,2,10,4,experience,Everything worked as expected.
R001259,C000202,service,2025-03-21T19:58:00Z,2025-03-21T20:19:00Z,1,10,3,experience,I needed more than one contact.
R001260,C000985,renewal,2025-03-21T21:29:00Z,2025-03-21T23:34:00Z,1,6,3,value,The information could be clearer.
R001261,C002115,support,2025-03-21T23:00:00Z,2025-03-22T01:11:00Z,1,10,4,communication,The response was quick.
R001262,C000307,service,2025-03-22T00:31:00Z,2025-03-22T03:12:00Z,1,8,5,schedule,I needed more than one contact.
R001263,C001801,support,2025-03-22T02:02:00Z,2025-03-22T04:10:00Z,1,4,2,resolution,Everything worked as expected.
R001264,C000890,service,2025-03-22T03:33:00Z,2025-03-22T03:51:00Z,1,8,3,schedule,The response was quick.
R001265,C000570,renewal,2025-03-22T05:04:00Z,2025-03-22T07:18:00Z,1,8,5,relationship,The information could be clearer.
R001266,C002257,support,2025-03-22T06:35:00Z,2025-03-22T07:52:00Z,1,7,3,resolution,The response was quick.
R001267,C001806,support,2025-03-22T08:06:00Z,2025-03-22T08:59:00Z,1,4,2,resolution,Everything worked as expected.
R001268,C002218,support,2025-03-22T09:37:00Z,2025-03-22T09:46:00Z,1,6,3,communication,The response was quick.
R001269,C000501,service,2025-03-22T11:08:00Z,2025-03-22T12:15:00Z,1,6,4,experience,The information could be clearer.
R001270,C001113,onboarding,2025-03-22T12:39:00Z,2025-03-22T12:45:00Z,1,7,4,information,I needed more than one contact.
R001271,C000209,onboarding,2025-03-22T14:10:00Z,2025-03-22T16:51:00Z,1,9,5,access,I needed more than one contact.
R001272,C002041,renewal,2025-03-22T15:41:00Z,2025-03-22T17:15:00Z,1,4,4,relationship,Everything worked as expected.
R001273,C001911,renewal,2025-03-22T17:12:00Z,2025-03-22T17:40:00Z,1,8,2,value,The response was quick.
R001274,C001566,service,2025-03-22T18:43:00Z,2025-03-22T21:13:00Z,1,10,3,schedule,The response was quick.
R001275,C001835,renewal,2025-03-22T20:14:00Z,2025-04-05T20:50:00Z,2,9,4,relationship,Everything worked as expected.
R001276,C002233,service,2025-03-22T21:45:00Z,2025-03-22T23:33:00Z,1,6,2,schedule,The waiting time affected the experience.
R001277,C000818,support,2025-03-22T23:16:00Z,2025-03-22T23:57:00Z,1,3,2,resolution,The waiting time affected the experience.
R001278,C001287,renewal,2025-03-23T00:47:00Z,2025-03-23T01:02:00Z,1,8,4,relationship,The waiting time affected the experience.
R001279,C002070,support,2025-03-23T02:18:00Z,2025-03-23T04:48:00Z,1,3,5,resolution,The response was quick.
R001280,C000141,service,2025-03-23T03:49:00Z,2025-03-23T05:06:00Z,1,10,3,schedule,Everything worked as expected.
R001281,C001417,service,2025-03-23T05:20:00Z,2025-03-23T07:32:00Z,1,9,3,schedule,The waiting time affected the experience.
R001282,C001586,onboarding,2025-03-23T06:51:00Z,2025-03-23T07:54:00Z,1,9,4,access,I needed more than one contact.
R001283,C002306,support,2025-03-23T08:22:00Z,2025-03-23T10:33:00Z,1,3,2,communication,Everything worked as expected.
R001284,C000801,support,2025-03-23T09:53:00Z,2025-03-23T11:49:00Z,1,3,5,communication,Everything worked as expected.
R001285,C001388,support,2025-03-23T11:24:00Z,2025-03-23T13:06:00Z,1,7,4,resolution,The waiting time affected the experience.
R001286,C000508,service,2025-03-23T12:55:00Z,2025-03-23T13:20:00Z,1,5,4,schedule,The information could be clearer.
R001287,C002275,onboarding,2025-03-23T14:26:00Z,2025-03-23T16:27:00Z,1,9,3,information,I needed more than one contact.
R001288,C000753,support,2025-03-23T15:57:00Z,2025-03-23T17:16:00Z,1,4,4,communication,The information could be clearer.
R001289,C000836,service,2025-03-23T17:28:00Z,2025-03-23T18:36:00Z,1,8,4,schedule,The waiting time affected the experience.
R001290,C001779,support,2025-03-23T18:59:00Z,2025-03-23T21:03:00Z,1,3,4,resolution,I needed more than one contact.
R001291,C001765,renewal,2025-03-23T20:30:00Z,2025-03-23T20:48:00Z,1,6,4,value,The waiting time affected the experience.
R001292,C001314,support,2025-03-23T22:01:00Z,2025-04-06T22:54:00Z,2,5,5,resolution,I needed more than one contact.
R001293,C001893,service,2025-03-23T23:32:00Z,2025-03-24T01:44:00Z,1,7,4,schedule,The response was quick.
R001294,C002312,support,2025-03-24T01:03:00Z,2025-03-24T03:03:00Z,1,5,2,resolution,I needed more than one contact.
R001295,C001859,service,2025-03-24T02:34:00Z,2025-03-24T02:43:00Z,1,9,4,schedule,I needed more than one contact.
R001296,C001168,renewal,2025-03-24T04:05:00Z,2025-03-24T04:44:00Z,1,8,5,value,The response was quick.
R001297,C000094,service,2025-03-24T05:36:00Z,2025-03-24T06:38:00Z,1,9,2,schedule,The information could be clearer.
R001298,C001780,service,2025-03-24T07:07:00Z,2025-03-24T08:51:00Z,1,6,4,experience,I needed more than one contact.
R001299,C001988,support,2025-03-24T08:38:00Z,2025-03-24T09:21:00Z,1,7,2,resolution,The waiting time affected the experience.
R001300,C001317,support,2025-03-24T10:09:00Z,2025-03-24T11:26:00Z,1,9,3,resolution,Everything worked as expected.
R001301,C001666,support,2025-03-24T11:40:00Z,2025-03-24T13:40:00Z,1,8,4,resolution,The information could be clearer.
R001302,C000903,onboarding,2025-03-24T13:11:00Z,2025-03-24T14:18:00Z,1,7,3,information,Everything worked as expected.
R001303,C002148,support,2025-03-24T14:42:00Z,2025-03-24T16:19:00Z,1,5,4,communication,The information could be clearer.
R001304,C001281,service,2025-03-24T16:13:00Z,2025-03-24T19:08:00Z,1,8,2,schedule,The waiting time affected the experience.
R001305,C000221,service,2025-03-24T17:44:00Z,2025-03-24T20:28:00Z,1,7,4,experience,Everything worked as expected.
R001306,C001639,renewal,2025-03-24T19:15:00Z,2025-03-24T21:29:00Z,1,9,5,value,I needed more than one contact.
R001307,C002263,support,2025-03-24T20:46:00Z,2025-03-24T21:05:00Z,1,4,4,resolution,I needed more than one contact.
R001308,C002156,renewal,2025-03-24T22:17:00Z,2025-03-24T22:46:00Z,1,7,2,relationship,The information could be clearer.
R001309,C000070,support,2025-03-24T23:48:00Z,2025-04-07T23:59:00Z,2,7,4,communication,I needed more than one contact.
R001310,C000116,support,2025-03-25T01:19:00Z,2025-03-25T03:25:00Z,1,5,3,resolution,The information could be clearer.
R001311,C001181,support,2025-03-25T02:50:00Z,2025-03-25T03:49:00Z,1,7,4,resolution,Everything worked as expected.
R001312,C001979,service,2025-03-25T04:21:00Z,2025-03-25T07:02:00Z,1,5,4,schedule,Everything worked as expected.
R001313,C001870,support,2025-03-25T05:52:00Z,2025-03-25T06:30:00Z,1,4,3,resolution,Everything worked as expected.
R001314,C001779,support,2025-03-25T07:23:00Z,2025-03-25T09:30:00Z,1,5,2,resolution,The waiting time affected the experience.
R001315,C000843,service,2025-03-25T08:54:00Z,2025-03-25T09:35:00Z,1,8,3,schedule,I needed more than one contact.
R001316,C001278,onboarding,2025-03-25T10:25:00Z,2025-03-25T11:27:00Z,1,6,5,access,Everything worked as expected.
R001317,C001390,renewal,2025-03-25T11:56:00Z,2025-03-25T13:32:00Z,1,5,5,relationship,I needed more than one contact.
R001318,C000256,onboarding,2025-03-25T13:27:00Z,2025-03-25T15:59:00Z,1,6,5,information,I needed more than one contact.
R001319,C001578,renewal,2025-03-25T14:58:00Z,2025-03-25T15:25:00Z,1,7,4,relationship,I needed more than one contact.
R001320,C001721,support,2025-03-25T16:29:00Z,2025-03-25T17:45:00Z,1,6,4,communication,The response was quick.
R001321,C000410,service,2025-03-25T18:00:00Z,2025-03-25T19:43:00Z,1,5,5,schedule,The waiting time affected the experience.
R001322,C002141,onboarding,2025-03-25T19:31:00Z,2025-03-25T21:17:00Z,1,9,5,information,The waiting time affected the experience.
R001323,C002096,support,2025-03-25T21:02:00Z,2025-03-25T23:19:00Z,1,6,3,communication,Everything worked as expected.
R001324,C001838,service,2025-03-25T22:33:00Z,2025-03-26T00:55:00Z,1,8,5,schedule,I needed more than one contact.
R001325,C000867,service,2025-03-26T00:04:00Z,2025-03-26T00:26:00Z,1,7,4,experience,Everything worked as expected.
R001326,C001327,support,2025-03-26T01:35:00Z,2025-04-09T02:03:00Z,2,5,4,resolution,The information could be clearer.
R001327,C000527,support,2025-03-26T03:06:00Z,2025-03-26T04:18:00Z,1,8,2,resolution,The waiting time affected the experience.
R001328,C002249,renewal,2025-03-26T04:37:00Z,2025-03-26T06:29:00Z,1,7,3,value,The waiting time affected the experience.
R001329,C001089,support,2025-03-26T06:08:00Z,2025-03-26T06:35:00Z,1,6,4,resolution,The response was quick.
R001330,C000413,service,2025-03-26T07:39:00Z,2025-03-26T08:13:00Z,1,9,3,schedule,The information could be clearer.
R001331,C001958,service,2025-03-26T09:10:00Z,2025-03-26T11:58:00Z,1,8,4,schedule,I needed more than one contact.
R001332,C000414,onboarding,2025-03-26T10:41:00Z,2025-03-26T11:47:00Z,1,4,5,access,I needed more than one contact.
R001333,C002325,onboarding,2025-03-26T12:12:00Z,2025-03-26T14:12:00Z,1,10,4,information,The waiting time affected the experience.
R001334,C001681,renewal,2025-03-26T13:43:00Z,2025-03-26T15:11:00Z,1,7,5,relationship,Everything worked as expected.
R001335,C001965,renewal,2025-03-26T15:14:00Z,2025-03-26T15:39:00Z,1,6,4,value,Everything worked as expected.
R001336,C000082,service,2025-03-26T16:45:00Z,2025-03-26T17:14:00Z,1,8,4,experience,The waiting time affected the experience.
R001337,C000309,service,2025-03-26T18:16:00Z,2025-03-26T19:11:00Z,1,7,4,experience,I needed more than one contact.
R001338,C002222,support,2025-03-26T19:47:00Z,2025-03-26T22:28:00Z,1,9,4,resolution,The information could be clearer.
R001339,C002338,service,2025-03-26T21:18:00Z,2025-03-26T23:14:00Z,1,8,5,schedule,I needed more than one contact.
R001340,C001453,support,2025-03-26T22:49:00Z,2025-03-26T23:37:00Z,1,5,3,communication,The waiting time affected the experience.
R001341,C001357,service,2025-03-27T00:20:00Z,2025-03-27T00:51:00Z,1,6,2,schedule,The information could be clearer.
R001342,C000595,onboarding,2025-03-27T01:51:00Z,2025-03-27T03:58:00Z,1,8,4,access,I needed more than one contact.
R001343,C001015,service,2025-03-27T03:22:00Z,2025-04-10T04:07:00Z,2,6,5,experience,I needed more than one contact.
R001344,C001527,service,2025-03-27T04:53:00Z,2025-03-27T06:15:00Z,1,6,3,experience,The information could be clearer.
R001345,C000914,renewal,2025-03-27T06:24:00Z,2025-03-27T09:19:00Z,1,7,2,value,The response was quick.
R001346,C001475,support,2025-03-27T07:55:00Z,2025-03-27T10:21:00Z,1,5,3,communication,Everything worked as expected.
R001347,C000196,onboarding,2025-03-27T09:26:00Z,2025-03-27T11:10:00Z,1,10,3,access,The waiting time affected the experience.
R001348,C001429,service,2025-03-27T10:57:00Z,2025-03-27T11:10:00Z,1,10,3,experience,The waiting time affected the experience.
R001349,C001437,service,2025-03-27T12:28:00Z,2025-03-27T14:21:00Z,1,6,4,schedule,I needed more than one contact.
R001350,C000518,service,2025-03-27T13:59:00Z,2025-03-27T14:53:00Z,1,9,5,experience,I needed more than one contact.
R001351,C001271,renewal,2025-03-27T15:30:00Z,2025-03-27T16:28:00Z,1,8,2,relationship,Everything worked as expected.
R001352,C000368,renewal,2025-03-27T17:01:00Z,2025-03-27T17:29:00Z,1,9,4,value,The waiting time affected the experience.
R001353,C000365,onboarding,2025-03-27T18:32:00Z,2025-03-27T19:23:00Z,1,6,5,information,I needed more than one contact.
R001354,C002034,service,2025-03-27T20:03:00Z,2025-03-27T20:47:00Z,1,6,3,experience,I needed more than one contact.
R001355,C000657,service,2025-03-27T21:34:00Z,2025-03-28T00:25:00Z,1,7,4,experience,Everything worked as expected.
R001356,C001393,service,2025-03-27T23:05:00Z,2025-03-28T01:06:00Z,1,10,3,experience,The waiting time affected the experience.
R001357,C000224,onboarding,2025-03-28T00:36:00Z,2025-03-28T02:30:00Z,1,10,4,information,The waiting time affected the experience.
R001358,C000083,onboarding,2025-03-28T02:07:00Z,2025-03-28T03:59:00Z,1,9,5,information,Everything worked as expected.
R001359,C001348,service,2025-03-28T03:38:00Z,2025-03-28T05:16:00Z,1,3,3,schedule,I needed more than one contact.
R001360,C000249,support,2025-03-28T05:09:00Z,2025-04-11T05:12:00Z,2,5,4,communication,The waiting time affected the experience.
R001361,C000449,support,2025-03-28T06:40:00Z,2025-03-28T08:29:00Z,1,4,4,communication,The response was quick.
R001362,C000619,service,2025-03-28T08:11:00Z,2025-03-28T08:44:00Z,1,10,3,schedule,The waiting time affected the experience.
R001363,C000104,support,2025-03-28T09:42:00Z,2025-03-28T10:07:00Z,1,6,3,resolution,The waiting time affected the experience.
R001364,C001158,renewal,2025-03-28T11:13:00Z,2025-03-28T13:44:00Z,1,6,4,relationship,The response was quick.
R001365,C001032,support,2025-03-28T12:44:00Z,2025-03-28T15:32:00Z,1,10,4,communication,The response was quick.
R001366,C000795,renewal,2025-03-28T14:15:00Z,2025-03-28T15:48:00Z,1,7,4,value,The information could be clearer.
R001367,C001508,support,2025-03-28T15:46:00Z,2025-03-28T16:15:00Z,1,6,5,resolution,I needed more than one contact.
R001368,C001103,onboarding,2025-03-28T17:17:00Z,2025-03-28T19:20:00Z,1,5,5,access,The waiting time affected the experience.
R001369,C001726,onboarding,2025-03-28T18:48:00Z,2025-03-28T20:27:00Z,1,6,4,access,The response was quick.
R001370,C000298,service,2025-03-28T20:19:00Z,2025-03-28T23:16:00Z,1,8,5,schedule,The response was quick.
R001371,C000069,service,2025-03-28T21:50:00Z,2025-03-28T23:16:00Z,1,6,3,experience,I needed more than one contact.
R001372,C002173,renewal,2025-03-28T23:21:00Z,2025-03-29T01:08:00Z,1,4,3,relationship,The response was quick.
R001373,C000741,service,2025-03-29T00:52:00Z,2025-03-29T02:14:00Z,1,9,4,schedule,The information could be clearer.
R001374,C002003,support,2025-03-29T02:23:00Z,2025-03-29T04:25:00Z,1,5,3,resolution,The response was quick.
R001375,C002251,onboarding,2025-03-29T03:54:00Z,2025-03-29T04:48:00Z,1,8,4,information,The waiting time affected the experience.
R001376,C000540,support,2025-03-29T05:25:00Z,2025-03-29T08:04:00Z,1,7,4,resolution,The response was quick.
R001377,C000036,renewal,2025-03-29T06:56:00Z,2025-04-12T07:16:00Z,2,6,5,relationship,The waiting time affected the experience.
R001378,C001164,service,2025-03-29T08:27:00Z,2025-03-29T10:36:00Z,1,8,5,experience,The response was quick.
R001379,C002039,renewal,2025-03-29T09:58:00Z,2025-03-29T10:08:00Z,1,5,3,value,The information could be clearer.
R001380,C001737,service,2025-03-29T11:29:00Z,2025-03-29T12:43:00Z,1,7,3,experience,The waiting time affected the experience.
R001381,C000625,renewal,2025-03-29T13:00:00Z,2025-03-29T13:26:00Z,1,7,5,value,The waiting time affected the experience.
R001382,C000799,support,2025-03-29T14:31:00Z,2025-03-29T15:35:00Z,1,9,4,communication,I needed more than one contact.
R001383,C001760,renewal,2025-03-29T16:02:00Z,2025-03-29T16:42:00Z,1,8,3,value,Everything worked as expected.
R001384,C001621,support,2025-03-29T17:33:00Z,2025-03-29T18:26:00Z,1,6,5,resolution,Everything worked as expected.
R001385,C002034,onboarding,2025-03-29T19:04:00Z,2025-03-29T20:39:00Z,1,8,3,access,The information could be clearer.
R001386,C001668,service,2025-03-29T20:35:00Z,2025-03-29T21:17:00Z,1,7,3,experience,The waiting time affected the experience.
R001387,C000808,renewal,2025-03-29T22:06:00Z,2025-03-29T23:10:00Z,1,10,4,relationship,The waiting time affected the experience.
R001388,C000972,service,2025-03-29T23:37:00Z,2025-03-30T00:12:00Z,1,8,4,schedule,The response was quick.
R001389,C000337,service,2025-03-30T01:08:00Z,2025-03-30T01:42:00Z,1,9,4,schedule,The response was quick.
R001390,C002086,service,2025-03-30T02:39:00Z,2025-03-30T02:44:00Z,1,7,5,experience,The response was quick.
R001391,C000521,renewal,2025-03-30T04:10:00Z,2025-03-30T04:41:00Z,1,8,5,relationship,I needed more than one contact.
R001392,C001015,onboarding,2025-03-30T05:41:00Z,2025-03-30T07:57:00Z,1,4,5,information,I needed more than one contact.
R001393,C002397,support,2025-03-30T07:12:00Z,2025-03-30T08:03:00Z,1,4,4,communication,Everything worked as expected.
R001394,C001653,service,2025-03-30T08:43:00Z,2025-04-13T09:20:00Z,2,6,5,schedule,The waiting time affected the experience.
R001395,C001853,support,2025-03-30T10:14:00Z,2025-03-30T11:35:00Z,1,9,4,communication,The waiting time affected the experience.
R001396,C001220,renewal,2025-03-30T11:45:00Z,2025-03-30T12:26:00Z,1,7,3,relationship,The information could be clearer.
R001397,C001714,support,2025-03-30T13:16:00Z,2025-03-30T14:30:00Z,1,5,2,communication,Everything worked as expected.
R001398,C001406,support,2025-03-30T14:47:00Z,2025-03-30T15:49:00Z,1,5,3,resolution,I needed more than one contact.
R001399,C000829,service,2025-03-30T16:18:00Z,2025-03-30T16:25:00Z,1,5,4,experience,The response was quick.
R001400,C001858,onboarding,2025-03-30T17:49:00Z,2025-03-30T20:02:00Z,1,10,4,information,The waiting time affected the experience.
R001401,C000879,renewal,2025-03-30T19:20:00Z,2025-03-30T20:53:00Z,1,6,3,value,The response was quick.
R001402,C001602,service,2025-03-30T20:51:00Z,2025-03-30T22:31:00Z,1,8,5,experience,The response was quick.
R001403,C001081,support,2025-03-30T22:22:00Z,2025-03-31T00:57:00Z,1,5,5,communication,I needed more than one contact.
R001404,C001634,service,2025-03-30T23:53:00Z,2025-03-31T02:18:00Z,1,7,5,schedule,I needed more than one contact.
R001405,C000922,service,2025-03-31T01:24:00Z,2025-03-31T02:11:00Z,1,10,4,experience,The waiting time affected the experience.
R001406,C002180,onboarding,2025-03-31T02:55:00Z,2025-03-31T04:28:00Z,1,9,5,access,I needed more than one contact.
R001407,C002168,support,2025-03-31T04:26:00Z,2025-03-31T06:52:00Z,1,4,3,resolution,The waiting time affected the experience.
R001408,C000730,support,2025-03-31T05:57:00Z,2025-03-31T08:05:00Z,1,5,5,communication,I needed more than one contact.
R001409,C001931,renewal,2025-03-31T07:28:00Z,2025-03-31T08:28:00Z,1,9,3,relationship,Everything worked as expected.
R001410,C000487,service,2025-03-31T08:59:00Z,2025-03-31T09:05:00Z,1,10,4,schedule,Everything worked as expected.
R001411,C001615,support,2025-03-31T10:30:00Z,2025-04-14T11:24:00Z,2,7,3,resolution,I needed more than one contact.
R001412,C000537,support,2025-03-31T12:01:00Z,2025-03-31T13:39:00Z,1,3,4,resolution,Everything worked as expected.
R001413,C002233,support,2025-03-31T13:32:00Z,2025-03-31T15:28:00Z,1,7,3,communication,The information could be clearer.
R001414,C001987,support,2025-03-31T15:03:00Z,2025-03-31T16:16:00Z,1,7,1,resolution,The waiting time affected the experience.
R001415,C000962,onboarding,2025-03-31T16:34:00Z,2025-03-31T18:32:00Z,1,5,5,access,The waiting time affected the experience.
R001416,C001766,service,2025-03-31T18:05:00Z,2025-03-31T21:01:00Z,1,10,3,experience,The information could be clearer.
R001417,C001480,support,2025-03-31T19:36:00Z,2025-03-31T20:04:00Z,1,10,2,resolution,I needed more than one contact.
R001418,C001749,service,2025-03-31T21:07:00Z,2025-03-31T22:37:00Z,1,3,4,schedule,Everything worked as expected.
R001419,C000122,renewal,2025-03-31T22:38:00Z,2025-04-01T00:12:00Z,1,7,3,relationship,Everything worked as expected.
R001420,C001352,onboarding,2025-04-01T00:09:00Z,2025-04-01T02:46:00Z,1,9,4,access,The waiting time affected the experience.
R001421,C000457,service,2025-04-01T01:40:00Z,2025-04-01T04:35:00Z,1,6,5,experience,Everything worked as expected.
R001422,C000503,service,2025-04-01T03:11:00Z,2025-04-01T03:31:00Z,1,9,4,schedule,I needed more than one contact.
R001423,C001347,support,2025-04-01T04:42:00Z,2025-04-01T06:40:00Z,1,4,4,resolution,Everything worked as expected.
R001424,C002122,service,2025-04-01T06:13:00Z,2025-04-01T07:18:00Z,1,10,5,schedule,I needed more than one contact.
R001425,C002324,onboarding,2025-04-01T07:44:00Z,2025-04-01T08:10:00Z,1,9,5,information,I needed more than one contact.
R001426,C001088,support,2025-04-01T09:15:00Z,2025-04-01T09:48:00Z,1,7,5,resolution,The waiting time affected the experience.
R001427,C001089,service,2025-04-01T10:46:00Z,2025-04-01T11:23:00Z,1,6,5,schedule,The response was quick.
R001428,C000031,support,2025-04-01T12:17:00Z,2025-04-15T12:29:00Z,2,7,3,communication,Everything worked as expected.
R001429,C001717,support,2025-04-01T13:48:00Z,2025-04-01T15:26:00Z,1,4,2,resolution,The waiting time affected the experience.
R001430,C001837,renewal,2025-04-01T15:19:00Z,2025-04-01T18:04:00Z,1,7,3,value,The response was quick.
R001431,C002396,service,2025-04-01T16:50:00Z,2025-04-01T17:26:00Z,1,10,3,experience,Everything worked as expected.
R001432,C001615,service,2025-04-01T18:21:00Z,2025-04-01T18:32:00Z,1,5,3,schedule,The waiting time affected the experience.
R001433,C000333,service,2025-04-01T19:52:00Z,2025-04-01T22:01:00Z,1,6,4,schedule,The response was quick.
R001434,C001843,onboarding,2025-04-01T21:23:00Z,2025-04-01T23:59:00Z,1,8,5,access,The response was quick.
R001435,C000251,service,2025-04-01T22:54:00Z,2025-04-02T00:38:00Z,1,9,4,schedule,The waiting time affected the experience.
R001436,C002042,service,2025-04-02T00:25:00Z,2025-04-02T03:13:00Z,1,10,5,experience,The waiting time affected the experience.
R001437,C001693,onboarding,2025-04-02T01:56:00Z,2025-04-02T02:33:00Z,1,6,5,access,The response was quick.
R001438,C002262,onboarding,2025-04-02T03:27:00Z,2025-04-02T04:03:00Z,1,10,3,information,The waiting time affected the experience.
R001439,C002362,onboarding,2025-04-02T04:58:00Z,2025-04-02T07:49:00Z,1,9,5,information,The waiting time affected the experience.
R001440,C001530,support,2025-04-02T06:29:00Z,2025-04-02T07:51:00Z,1,4,2,communication,Everything worked as expected.
R001441,C001251,service,2025-04-02T08:00:00Z,2025-04-02T08:54:00Z,1,6,5,experience,Everything worked as expected.
R001442,C002382,onboarding,2025-04-02T09:31:00Z,2025-04-02T11:35:00Z,1,10,5,access,The information could be clearer.
R001443,C001191,service,2025-04-02T11:02:00Z,2025-04-02T13:33:00Z,1,7,2,schedule,The response was quick.
R001444,C002047,service,2025-04-02T12:33:00Z,2025-04-02T13:16:00Z,1,8,4,experience,The information could be clearer.
R001445,C001933,service,2025-04-02T14:04:00Z,2025-04-16T14:33:00Z,2,7,4,schedule,The waiting time affected the experience.
R001446,C001274,support,2025-04-02T15:35:00Z,2025-04-02T17:58:00Z,1,8,2,resolution,Everything worked as expected.
R001447,C000183,onboarding,2025-04-02T17:06:00Z,2025-04-02T19:12:00Z,1,9,4,access,Everything worked as expected.
R001448,C001360,onboarding,2025-04-02T18:37:00Z,2025-04-02T20:14:00Z,1,9,3,access,The information could be clearer.
R001449,C001733,service,2025-04-02T20:08:00Z,2025-04-02T21:07:00Z,1,9,5,experience,I needed more than one contact.
R001450,C001109,service,2025-04-02T21:39:00Z,2025-04-02T23:16:00Z,1,3,4,schedule,The waiting time affected the experience.
R001451,C000962,support,2025-04-02T23:10:00Z,2025-04-03T00:18:00Z,1,8,3,communication,The information could be clearer.
R001452,C002151,service,2025-04-03T00:41:00Z,2025-04-03T00:49:00Z,1,4,4,schedule,I needed more than one contact.
R001453,C001715,service,2025-04-03T02:12:00Z,2025-04-03T04:03:00Z,1,7,4,schedule,The waiting time affected the experience.
R001454,C000165,service,2025-04-03T03:43:00Z,2025-04-03T06:09:00Z,1,9,4,schedule,The response was quick.
R001455,C001100,onboarding,2025-04-03T05:14:00Z,2025-04-03T05:20:00Z,1,9,4,access,The information could be clearer.
R001456,C000659,support,2025-04-03T06:45:00Z,2025-04-03T09:02:00Z,1,6,2,communication,The information could be clearer.
R001457,C000956,service,2025-04-03T08:16:00Z,2025-04-03T10:46:00Z,1,8,5,schedule,The waiting time affected the experience.
R001458,C001830,support,2025-04-03T09:47:00Z,2025-04-03T12:42:00Z,1,7,3,communication,I needed more than one contact.
R001459,C000927,renewal,2025-04-03T11:18:00Z,2025-04-03T12:58:00Z,1,5,3,relationship,The response was quick.
R001460,C000172,onboarding,2025-04-03T12:49:00Z,2025-04-03T14:13:00Z,1,9,5,information,The response was quick.
R001461,C001683,onboarding,2025-04-03T14:20:00Z,2025-04-03T16:50:00Z,1,10,4,access,I needed more than one contact.
R001462,C001725,service,2025-04-03T15:51:00Z,2025-04-17T16:37:00Z,2,6,5,schedule,Everything worked as expected.
R001463,C001038,service,2025-04-03T17:22:00Z,2025-04-03T17:31:00Z,1,9,3,experience,The information could be clearer.
R001464,C000307,renewal,2025-04-03T18:53:00Z,2025-04-03T20:52:00Z,1,6,4,value,Everything worked as expected.
R001465,C000003,onboarding,2025-04-03T20:24:00Z,2025-04-03T22:27:00Z,1,9,5,information,I needed more than one contact.
R001466,C002267,service,2025-04-03T21:55:00Z,2025-04-03T22:58:00Z,1,8,3,schedule,The information could be clearer.
R001467,C000558,renewal,2025-04-03T23:26:00Z,2025-04-04T00:18:00Z,1,6,5,value,The information could be clearer.
R001468,C000484,support,2025-04-04T00:57:00Z,2025-04-04T03:15:00Z,1,9,3,resolution,Everything worked as expected.
R001469,C001882,support,2025-04-04T02:28:00Z,2025-04-04T03:23:00Z,1,8,3,resolution,The response was quick.
R001470,C000865,service,2025-04-04T03:59:00Z,2025-04-04T06:50:00Z,1,9,3,experience,The information could be clearer.
R001471,C001845,renewal,2025-04-04T05:30:00Z,2025-04-04T08:10:00Z,1,6,5,value,The information could be clearer.
R001472,C001644,support,2025-04-04T07:01:00Z,2025-04-04T07:33:00Z,1,8,2,resolution,The response was quick.
R001473,C002219,service,2025-04-04T08:32:00Z,2025-04-04T10:54:00Z,1,8,4,experience,The response was quick.
R001474,C002373,renewal,2025-04-04T10:03:00Z,2025-04-04T10:27:00Z,1,7,4,relationship,The response was quick.
R001475,C001947,service,2025-04-04T11:34:00Z,2025-04-04T13:56:00Z,1,10,3,schedule,Everything worked as expected.
R001476,C000677,onboarding,2025-04-04T13:05:00Z,2025-04-04T15:13:00Z,1,9,5,information,I needed more than one contact.
R001477,C002047,service,2025-04-04T14:36:00Z,2025-04-04T17:02:00Z,1,9,4,schedule,I needed more than one contact.
R001478,C000920,service,2025-04-04T16:07:00Z,2025-04-04T18:03:00Z,1,7,4,experience,The waiting time affected the experience.
R001479,C000196,support,2025-04-04T17:38:00Z,2025-04-18T17:42:00Z,2,8,3,resolution,I needed more than one contact.
R001480,C001512,onboarding,2025-04-04T19:09:00Z,2025-04-04T21:00:00Z,1,4,5,information,The waiting time affected the experience.
R001481,C000192,service,2025-04-04T20:40:00Z,2025-04-04T22:08:00Z,1,5,2,experience,The response was quick.
R001482,C001849,service,2025-04-04T22:11:00Z,2025-04-04T23:08:00Z,1,10,3,schedule,The waiting time affected the experience.
R001483,C002083,onboarding,2025-04-04T23:42:00Z,2025-04-04T23:51:00Z,1,7,5,access,The information could be clearer.
R001484,C000194,service,2025-04-05T01:13:00Z,2025-04-05T01:35:00Z,1,9,3,schedule,The waiting time affected the experience.
R001485,C001008,support,2025-04-05T02:44:00Z,2025-04-05T04:56:00Z,1,6,3,resolution,The information could be clearer.
R001486,C002353,service,2025-04-05T04:15:00Z,2025-04-05T05:38:00Z,1,7,4,experience,The information could be clearer.
R001487,C000612,renewal,2025-04-05T05:46:00Z,2025-04-05T08:13:00Z,1,8,5,relationship,The information could be clearer.
R001488,C000618,service,2025-04-05T07:17:00Z,2025-04-05T09:21:00Z,1,5,4,schedule,The information could be clearer.
R001489,C000844,onboarding,2025-04-05T08:48:00Z,2025-04-05T09:00:00Z,1,8,5,information,I needed more than one contact.
R001490,C002277,support,2025-04-05T10:19:00Z,2025-04-05T12:05:00Z,1,6,2,communication,Everything worked as expected.
R001491,C001345,support,2025-04-05T11:50:00Z,2025-04-05T14:05:00Z,1,4,3,communication,The waiting time affected the experience.
R001492,C002240,support,2025-04-05T13:21:00Z,2025-04-05T15:52:00Z,1,7,2,communication,The waiting time affected the experience.
R001493,C002050,service,2025-04-05T14:52:00Z,2025-04-05T16:30:00Z,1,9,4,schedule,The information could be clearer.
R001494,C001257,service,2025-04-05T16:23:00Z,2025-04-05T18:51:00Z,1,9,4,schedule,The information could be clearer.
R001495,C001411,service,2025-04-05T17:54:00Z,2025-04-05T20:26:00Z,1,10,4,schedule,I needed more than one contact.
R001496,C002251,service,2025-04-05T19:25:00Z,2025-04-19T19:46:00Z,2,10,3,experience,The information could be clearer.
R001497,C001867,onboarding,2025-04-05T20:56:00Z,2025-04-05T21:16:00Z,1,10,4,access,Everything worked as expected.
R001498,C002142,support,2025-04-05T22:27:00Z,2025-04-06T00:30:00Z,1,7,2,resolution,Everything worked as expected.
R001499,C000626,onboarding,2025-04-05T23:58:00Z,2025-04-06T01:42:00Z,1,6,4,access,The waiting time affected the experience.
R001500,C001975,support,2025-04-06T01:29:00Z,2025-04-06T03:39:00Z,1,6,3,resolution,Everything worked as expected.
R001501,C001069,onboarding,2025-04-06T03:00:00Z,2025-04-06T04:34:00Z,1,8,5,information,The response was quick.
R001502,C001948,service,2025-04-06T04:31:00Z,2025-04-06T06:31:00Z,1,8,5,experience,Everything worked as expected.
R001503,C001503,renewal,2025-04-06T06:02:00Z,2025-04-06T08:21:00Z,1,9,3,value,The response was quick.
R001504,C001373,support,2025-04-06T07:33:00Z,2025-04-06T08:14:00Z,1,10,2,resolution,The response was quick.
R001505,C000160,renewal,2025-04-06T09:04:00Z,2025-04-06T10:16:00Z,1,6,4,value,The waiting time affected the experience.
R001506,C001396,onboarding,2025-04-06T10:35:00Z,2025-04-06T10:59:00Z,1,8,5,access,The information could be clearer.
R001507,C001648,service,2025-04-06T12:06:00Z,2025-04-06T12:38:00Z,1,8,3,schedule,I needed more than one contact.
R001508,C001673,onboarding,2025-04-06T13:37:00Z,2025-04-06T15:56:00Z,1,6,4,information,The response was quick.
R001509,C002216,service,2025-04-06T15:08:00Z,2025-04-06T17:27:00Z,1,6,5,experience,The response was quick.
R001510,C000096,renewal,2025-04-06T16:39:00Z,2025-04-06T17:04:00Z,1,8,4,relationship,The response was quick.
R001511,C001202,renewal,2025-04-06T18:10:00Z,2025-04-06T19:51:00Z,1,6,4,relationship,I needed more than one contact.
R001512,C000729,service,2025-04-06T19:41:00Z,2025-04-06T20:04:00Z,1,7,5,schedule,The waiting time affected the experience.
R001513,C000410,service,2025-04-06T21:12:00Z,2025-04-20T21:50:00Z,2,7,3,experience,I needed more than one contact.
R001514,C000140,support,2025-04-06T22:43:00Z,2025-04-07T00:43:00Z,1,4,1,communication,The waiting time affected the experience.
R001515,C000533,service,2025-04-07T00:14:00Z,2025-04-07T02:56:00Z,1,7,3,schedule,The response was quick.
R001516,C000250,onboarding,2025-04-07T01:45:00Z,2025-04-07T02:41:00Z,1,7,5,information,Everything worked as expected.
R001517,C001170,onboarding,2025-04-07T03:16:00Z,2025-04-07T05:19:00Z,1,8,4,information,The information could be clearer.
R001518,C000104,service,2025-04-07T04:47:00Z,2025-04-07T05:04:00Z,1,7,3,schedule,The waiting time affected the experience.
R001519,C001935,support,2025-04-07T06:18:00Z,2025-04-07T07:05:00Z,1,9,4,communication,The information could be clearer.
R001520,C000118,renewal,2025-04-07T07:49:00Z,2025-04-07T07:56:00Z,1,6,3,relationship,The response was quick.
R001521,C000992,onboarding,2025-04-07T09:20:00Z,2025-04-07T11:52:00Z,1,7,4,access,Everything worked as expected.
R001522,C000194,onboarding,2025-04-07T10:51:00Z,2025-04-07T12:04:00Z,1,8,5,information,The response was quick.
R001523,C001760,renewal,2025-04-07T12:22:00Z,2025-04-07T14:36:00Z,1,10,3,value,The waiting time affected the experience.
R001524,C000423,support,2025-04-07T13:53:00Z,2025-04-07T16:25:00Z,1,7,2,resolution,I needed more than one contact.
R001525,C001038,service,2025-04-07T15:24:00Z,2025-04-07T18:01:00Z,1,9,3,experience,Everything worked as expected.
R001526,C000376,support,2025-04-07T16:55:00Z,2025-04-07T18:28:00Z,1,4,3,resolution,Everything worked as expected.
R001527,C001159,service,2025-04-07T18:26:00Z,2025-04-07T20:50:00Z,1,6,4,schedule,I needed more than one contact.
R001528,C000957,onboarding,2025-04-07T19:57:00Z,2025-04-07T21:23:00Z,1,10,4,access,The information could be clearer.
R001529,C000780,support,2025-04-07T21:28:00Z,2025-04-07T23:53:00Z,1,9,2,resolution,The response was quick.
R001530,C000223,support,2025-04-07T22:59:00Z,2025-04-21T23:54:00Z,2,6,4,communication,The response was quick.
R001531,C001880,onboarding,2025-04-08T00:30:00Z,2025-04-08T01:27:00Z,1,10,5,information,Everything worked as expected.
R001532,C000074,support,2025-04-08T02:01:00Z,2025-04-08T02:35:00Z,1,3,4,communication,Everything worked as expected.
R001533,C000685,service,2025-04-08T03:32:00Z,2025-04-08T05:09:00Z,1,7,5,experience,The response was quick.
R001534,C002387,service,2025-04-08T05:03:00Z,2025-04-08T06:48:00Z,1,7,3,experience,The waiting time affected the experience.
R001535,C000307,renewal,2025-04-08T06:34:00Z,2025-04-08T07:37:00Z,1,8,5,relationship,Everything worked as expected.
R001536,C001650,onboarding,2025-04-08T08:05:00Z,2025-04-08T09:22:00Z,1,5,5,information,I needed more than one contact.
R001537,C001334,renewal,2025-04-08T09:36:00Z,2025-04-08T12:28:00Z,1,8,4,relationship,The response was quick.
R001538,C000213,onboarding,2025-04-08T11:07:00Z,2025-04-08T13:26:00Z,1,10,4,access,The information could be clearer.
R001539,C000115,service,2025-04-08T12:38:00Z,2025-04-08T14:24:00Z,1,6,5,schedule,The response was quick.
R001540,C001169,support,2025-04-08T14:09:00Z,2025-04-08T16:50:00Z,1,7,3,communication,The response was quick.
R001541,C002065,support,2025-04-08T15:40:00Z,2025-04-08T18:21:00Z,1,6,3,communication,The information could be clearer.
R001542,C001062,service,2025-04-08T17:11:00Z,2025-04-08T17:50:00Z,1,4,5,experience,The response was quick.
R001543,C002247,renewal,2025-04-08T18:42:00Z,2025-04-08T18:56:00Z,1,6,3,relationship,The response was quick.
R001544,C000025,service,2025-04-08T20:13:00Z,2025-04-08T20:38:00Z,1,10,4,experience,The waiting time affected the experience.
R001545,C000769,support,2025-04-08T21:44:00Z,2025-04-08T22:56:00Z,1,7,4,communication,The waiting time affected the experience.
R001546,C000407,service,2025-04-08T23:15:00Z,2025-04-09T01:18:00Z,1,10,4,experience,I needed more than one contact.
R001547,C001003,service,2025-04-09T00:46:00Z,2025-04-23T00:59:00Z,2,8,3,experience,The response was quick.
R001548,C000573,service,2025-04-09T02:17:00Z,2025-04-09T03:20:00Z,1,9,4,schedule,The information could be clearer.
R001549,C000682,service,2025-04-09T03:48:00Z,2025-04-09T06:13:00Z,1,7,5,schedule,The response was quick.
R001550,C001510,onboarding,2025-04-09T05:19:00Z,2025-04-09T07:39:00Z,1,6,5,information,Everything worked as expected.
R001551,C000557,onboarding,2025-04-09T06:50:00Z,2025-04-09T09:46:00Z,1,10,3,information,The response was quick.
R001552,C002278,service,2025-04-09T08:21:00Z,2025-04-09T09:16:00Z,1,9,4,experience,The response was quick.
R001553,C001010,service,2025-04-09T09:52:00Z,2025-04-09T10:57:00Z,1,5,5,schedule,Everything worked as expected.
R001554,C000134,support,2025-04-09T11:23:00Z,2025-04-09T13:02:00Z,1,7,4,communication,The information could be clearer.
R001555,C000424,service,2025-04-09T12:54:00Z,2025-04-09T13:32:00Z,1,7,3,experience,I needed more than one contact.
R001556,C000882,renewal,2025-04-09T14:25:00Z,2025-04-09T16:56:00Z,1,9,4,value,The response was quick.
R001557,C000707,support,2025-04-09T15:56:00Z,2025-04-09T17:21:00Z,1,5,3,communication,The waiting time affected the experience.
R001558,C001285,onboarding,2025-04-09T17:27:00Z,2025-04-09T20:08:00Z,1,10,5,access,The information could be clearer.
R001559,C002148,support,2025-04-09T18:58:00Z,2025-04-09T19:47:00Z,1,9,2,communication,The response was quick.
R001560,C001106,support,2025-04-09T20:29:00Z,2025-04-09T22:41:00Z,1,7,3,resolution,The response was quick.
R001561,C000212,service,2025-04-09T22:00:00Z,2025-04-10T00:47:00Z,1,9,3,schedule,The waiting time affected the experience.
R001562,C000420,service,2025-04-09T23:31:00Z,2025-04-10T01:14:00Z,1,5,4,experience,Everything worked as expected.
R001563,C001409,onboarding,2025-04-10T01:02:00Z,2025-04-10T02:45:00Z,1,9,5,information,The information could be clearer.
R001564,C002135,renewal,2025-04-10T02:33:00Z,2025-04-24T03:03:00Z,2,6,3,relationship,Everything worked as expected.
R001565,C000032,renewal,2025-04-10T04:04:00Z,2025-04-10T04:57:00Z,1,7,3,value,Everything worked as expected.
R001566,C000724,support,2025-04-10T05:35:00Z,2025-04-10T06:02:00Z,1,6,2,communication,The waiting time affected the experience.
R001567,C001680,support,2025-04-10T07:06:00Z,2025-04-10T07:23:00Z,1,4,3,resolution,The response was quick.
R001568,C001013,support,2025-04-10T08:37:00Z,2025-04-10T11:10:00Z,1,9,4,communication,I needed more than one contact.
R001569,C000065,service,2025-04-10T10:08:00Z,2025-04-10T11:21:00Z,1,9,4,schedule,The information could be clearer.
R001570,C001029,service,2025-04-10T11:39:00Z,2025-04-10T12:42:00Z,1,6,3,schedule,I needed more than one contact.
R001571,C002154,onboarding,2025-04-10T13:10:00Z,2025-04-10T14:08:00Z,1,6,4,access,I needed more than one contact.
R001572,C000806,support,2025-04-10T14:41:00Z,2025-04-10T16:34:00Z,1,5,5,resolution,The waiting time affected the experience.
R001573,C000959,service,2025-04-10T16:12:00Z,2025-04-10T18:19:00Z,1,8,4,schedule,The waiting time affected the experience.
R001574,C001807,support,2025-04-10T17:43:00Z,2025-04-10T18:01:00Z,1,9,4,communication,The waiting time affected the experience.
R001575,C002169,onboarding,2025-04-10T19:14:00Z,2025-04-10T19:37:00Z,1,8,3,information,The information could be clearer.
R001576,C001396,support,2025-04-10T20:45:00Z,2025-04-10T23:17:00Z,1,10,3,communication,The response was quick.
R001577,C000636,onboarding,2025-04-10T22:16:00Z,2025-04-10T23:27:00Z,1,8,4,information,The information could be clearer.
R001578,C001889,renewal,2025-04-10T23:47:00Z,2025-04-11T00:52:00Z,1,9,5,relationship,I needed more than one contact.
R001579,C001715,onboarding,2025-04-11T01:18:00Z,2025-04-11T03:07:00Z,1,10,4,access,The response was quick.
R001580,C000864,support,2025-04-11T02:49:00Z,2025-04-11T02:59:00Z,1,4,3,communication,The waiting time affected the experience.
R001581,C001141,service,2025-04-11T04:20:00Z,2025-04-25T05:07:00Z,2,7,3,experience,Everything worked as expected.
R001582,C000726,service,2025-04-11T05:51:00Z,2025-04-11T08:22:00Z,1,7,5,experience,The information could be clearer.
R001583,C000573,support,2025-04-11T07:22:00Z,2025-04-11T08:41:00Z,1,5,4,communication,Everything worked as expected.
R001584,C001414,renewal,2025-04-11T08:53:00Z,2025-04-11T11:12:00Z,1,6,3,value,The information could be clearer.
R001585,C000263,renewal,2025-04-11T10:24:00Z,2025-04-11T11:36:00Z,1,6,5,relationship,Everything worked as expected.
R001586,C000187,renewal,2025-04-11T11:55:00Z,2025-04-11T13:08:00Z,1,10,3,value,The waiting time affected the experience.
R001587,C000839,service,2025-04-11T13:26:00Z,2025-04-11T15:08:00Z,1,5,4,experience,The waiting time affected the experience.
R001588,C001513,service,2025-04-11T14:57:00Z,2025-04-11T15:47:00Z,1,7,3,schedule,Everything worked as expected.
R001589,C000818,renewal,2025-04-11T16:28:00Z,2025-04-11T18:55:00Z,1,10,2,relationship,Everything worked as expected.
R001590,C001697,support,2025-04-11T17:59:00Z,2025-04-11T19:47:00Z,1,8,3,resolution,The information could be clearer.
R001591,C000921,service,2025-04-11T19:30:00Z,2025-04-11T20:56:00Z,1,7,3,schedule,The information could be clearer.
R001592,C001186,support,2025-04-11T21:01:00Z,2025-04-11T22:17:00Z,1,5,2,resolution,The waiting time affected the experience.
R001593,C001072,onboarding,2025-04-11T22:32:00Z,2025-04-11T23:34:00Z,1,7,4,information,The response was quick.
R001594,C001964,service,2025-04-12T00:03:00Z,2025-04-12T02:22:00Z,1,5,4,schedule,I needed more than one contact.
R001595,C002080,support,2025-04-12T01:34:00Z,2025-04-12T02:57:00Z,1,3,4,resolution,The information could be clearer.
R001596,C001322,support,2025-04-12T03:05:00Z,2025-04-12T04:13:00Z,1,4,4,communication,The response was quick.
R001597,C002228,support,2025-04-12T04:36:00Z,2025-04-12T06:04:00Z,1,4,4,resolution,Everything worked as expected.
R001598,C002087,service,2025-04-12T06:07:00Z,2025-04-26T06:12:00Z,2,7,5,experience,The response was quick.
R001599,C001428,renewal,2025-04-12T07:38:00Z,2025-04-12T08:23:00Z,1,5,4,relationship,The response was quick.
R001600,C000075,renewal,2025-04-12T09:09:00Z,2025-04-12T09:43:00Z,1,5,3,value,I needed more than one contact.
R001601,C002400,support,2025-04-12T10:40:00Z,2025-04-12T12:42:00Z,1,7,2,resolution,The waiting time affected the experience.
R001602,C000764,service,2025-04-12T12:11:00Z,2025-04-12T14:20:00Z,1,6,4,experience,I needed more than one contact.
R001603,C000889,renewal,2025-04-12T13:42:00Z,2025-04-12T14:42:00Z,1,10,5,relationship,The information could be clearer.
R001604,C000599,service,2025-04-12T15:13:00Z,2025-04-12T16:50:00Z,1,10,5,schedule,The waiting time affected the experience.
R001605,C001000,support,2025-04-12T16:44:00Z,2025-04-12T16:55:00Z,1,6,4,communication,Everything worked as expected.
R001606,C000137,service,2025-04-12T18:15:00Z,2025-04-12T21:00:00Z,1,5,5,experience,The information could be clearer.
R001607,C002308,support,2025-04-12T19:46:00Z,2025-04-12T19:57:00Z,1,6,2,communication,Everything worked as expected.
R001608,C000282,support,2025-04-12T21:17:00Z,2025-04-12T23:17:00Z,1,6,3,communication,The information could be clearer.
R001609,C000641,support,2025-04-12T22:48:00Z,2025-04-13T00:55:00Z,1,8,4,communication,The response was quick.
R001610,C001143,renewal,2025-04-13T00:19:00Z,2025-04-13T02:51:00Z,1,8,4,relationship,The response was quick.
R001611,C002365,renewal,2025-04-13T01:50:00Z,2025-04-13T03:33:00Z,1,8,3,value,The information could be clearer.
R001612,C001029,onboarding,2025-04-13T03:21:00Z,2025-04-13T05:21:00Z,1,8,4,access,Everything worked as expected.
R001613,C000551,support,2025-04-13T04:52:00Z,2025-04-13T06:26:00Z,1,8,4,resolution,The information could be clearer.
R001614,C001664,renewal,2025-04-13T06:23:00Z,2025-04-13T07:51:00Z,1,6,4,relationship,The waiting time affected the experience.
R001615,C001784,service,2025-04-13T07:54:00Z,2025-04-27T08:16:00Z,2,6,5,experience,Everything worked as expected.
R001616,C002366,support,2025-04-13T09:25:00Z,2025-04-13T09:58:00Z,1,5,3,communication,Everything worked as expected.
R001617,C000201,support,2025-04-13T10:56:00Z,2025-04-13T11:19:00Z,1,7,3,communication,The information could be clearer.
R001618,C000750,onboarding,2025-04-13T12:27:00Z,2025-04-13T14:26:00Z,1,6,5,access,Everything worked as expected.
R001619,C001997,service,2025-04-13T13:58:00Z,2025-04-13T16:45:00Z,1,6,5,schedule,The response was quick.
R001620,C000593,service,2025-04-13T15:29:00Z,2025-04-13T16:20:00Z,1,9,4,experience,The response was quick.
R001621,C002367,onboarding,2025-04-13T17:00:00Z,2025-04-13T18:51:00Z,1,10,5,information,Everything worked as expected.
R001622,C001532,support,2025-04-13T18:31:00Z,2025-04-13T18:40:00Z,1,4,4,communication,The waiting time affected the experience.
R001623,C000251,service,2025-04-13T20:02:00Z,2025-04-13T21:07:00Z,1,10,4,schedule,The information could be clearer.
R001624,C000936,onboarding,2025-04-13T21:33:00Z,2025-04-13T22:32:00Z,1,9,5,access,The information could be clearer.
R001625,C000050,service,2025-04-13T23:04:00Z,2025-04-13T23:58:00Z,1,7,5,schedule,Everything worked as expected.
R001626,C001174,service,2025-04-14T00:35:00Z,2025-04-14T01:25:00Z,1,7,4,experience,The waiting time affected the experience.
R001627,C001860,support,2025-04-14T02:06:00Z,2025-04-14T02:45:00Z,1,4,3,resolution,The information could be clearer.
R001628,C000891,support,2025-04-14T03:37:00Z,2025-04-14T06:24:00Z,1,6,4,communication,I needed more than one contact.
R001629,C002280,onboarding,2025-04-14T05:08:00Z,2025-04-14T05:48:00Z,1,10,5,access,The response was quick.
R001630,C002149,service,2025-04-14T06:39:00Z,2025-04-14T08:27:00Z,1,9,4,schedule,I needed more than one contact.
R001631,C002015,renewal,2025-04-14T08:10:00Z,2025-04-14T10:40:00Z,1,7,3,value,The information could be clearer.
R001632,C000518,service,2025-04-14T09:41:00Z,2025-04-28T10:20:00Z,2,7,4,experience,The information could be clearer.
R001633,C001905,service,2025-04-14T11:12:00Z,2025-04-14T12:08:00Z,1,9,3,schedule,Everything worked as expected.
R001634,C001564,onboarding,2025-04-14T12:43:00Z,2025-04-14T13:43:00Z,1,7,4,access,The information could be clearer.
R001635,C000687,service,2025-04-14T14:14:00Z,2025-04-14T14:28:00Z,1,7,4,schedule,The waiting time affected the experience.
R001636,C001162,service,2025-04-14T15:45:00Z,2025-04-14T16:30:00Z,1,10,4,schedule,I needed more than one contact.
R001637,C001660,service,2025-04-14T17:16:00Z,2025-04-14T18:24:00Z,1,8,4,schedule,The response was quick.
R001638,C000729,renewal,2025-04-14T18:47:00Z,2025-04-14T21:13:00Z,1,6,4,relationship,The waiting time affected the experience.
R001639,C000406,support,2025-04-14T20:18:00Z,2025-04-14T21:33:00Z,1,3,4,communication,The information could be clearer.
R001640,C002156,support,2025-04-14T21:49:00Z,2025-04-15T00:40:00Z,1,6,3,communication,The information could be clearer.
R001641,C000743,support,2025-04-14T23:20:00Z,2025-04-14T23:34:00Z,1,4,4,communication,The information could be clearer.
R001642,C000075,renewal,2025-04-15T00:51:00Z,2025-04-15T03:47:00Z,1,4,3,value,The waiting time affected the experience.
R001643,C000985,service,2025-04-15T02:22:00Z,2025-04-15T02:44:00Z,1,7,2,experience,I needed more than one contact.
R001644,C000231,service,2025-04-15T03:53:00Z,2025-04-15T05:07:00Z,1,9,5,schedule,The waiting time affected the experience.
R001645,C000011,onboarding,2025-04-15T05:24:00Z,2025-04-15T06:08:00Z,1,8,2,information,The response was quick.
R001646,C002277,service,2025-04-15T06:55:00Z,2025-04-15T07:09:00Z,1,10,4,schedule,The information could be clearer.
R001647,C001465,support,2025-04-15T08:26:00Z,2025-04-15T11:09:00Z,1,8,3,communication,The waiting time affected the experience.
R001648,C000512,service,2025-04-15T09:57:00Z,2025-04-15T11:40:00Z,1,4,4,schedule,The response was quick.
R001649,C000558,support,2025-04-15T11:28:00Z,2025-04-29T12:24:00Z,2,8,5,resolution,The information could be clearer.
R001650,C002149,support,2025-04-15T12:59:00Z,2025-04-15T13:44:00Z,1,6,3,resolution,The response was quick.
R001651,C001945,service,2025-04-15T14:30:00Z,2025-04-15T15:15:00Z,1,8,4,experience,Everything worked as expected.
R001652,C002193,support,2025-04-15T16:01:00Z,2025-04-15T17:05:00Z,1,8,4,communication,I needed more than one contact.
R001653,C000894,support,2025-04-15T17:32:00Z,2025-04-15T20:30:00Z,1,4,3,resolution,The response was quick.
R001654,C001523,support,2025-04-15T19:03:00Z,2025-04-15T21:01:00Z,1,5,5,communication,Everything worked as expected.
R001655,C002123,support,2025-04-15T20:34:00Z,2025-04-15T22:51:00Z,1,8,3,communication,The waiting time affected the experience.
R001656,C001873,service,2025-04-15T22:05:00Z,2025-04-15T23:44:00Z,1,6,5,experience,The response was quick.
R001657,C000227,service,2025-04-15T23:36:00Z,2025-04-16T01:18:00Z,1,8,3,experience,The information could be clearer.
R001658,C001420,support,2025-04-16T01:07:00Z,2025-04-16T02:36:00Z,1,10,2,resolution,The information could be clearer.
R001659,C000728,service,2025-04-16T02:38:00Z,2025-04-16T03:19:00Z,1,3,3,schedule,The response was quick.
R001660,C001985,onboarding,2025-04-16T04:09:00Z,2025-04-16T06:26:00Z,1,10,5,information,The response was quick.
R001661,C001093,service,2025-04-16T05:40:00Z,2025-04-16T07:12:00Z,1,9,4,schedule,The response was quick.
R001662,C001361,onboarding,2025-04-16T07:11:00Z,2025-04-16T07:25:00Z,1,10,4,information,The information could be clearer.
R001663,C001524,support,2025-04-16T08:42:00Z,2025-04-16T10:44:00Z,1,8,1,resolution,The information could be clearer.
R001664,C002100,onboarding,2025-04-16T10:13:00Z,2025-04-16T12:21:00Z,1,8,4,access,I needed more than one contact.
R001665,C002066,service,2025-04-16T11:44:00Z,2025-04-16T11:56:00Z,1,4,4,experience,Everything worked as expected.
R001666,C001792,service,2025-04-16T13:15:00Z,2025-04-30T13:29:00Z,2,8,3,experience,The information could be clearer.
R001667,C001952,service,2025-04-16T14:46:00Z,2025-04-16T17:43:00Z,1,6,3,experience,I needed more than one contact.
R001668,C000964,support,2025-04-16T16:17:00Z,2025-04-16T19:17:00Z,1,6,2,resolution,Everything worked as expected.
R001669,C000733,onboarding,2025-04-16T17:48:00Z,2025-04-16T20:46:00Z,1,8,4,information,Everything worked as expected.
R001670,C001664,service,2025-04-16T19:19:00Z,2025-04-16T21:21:00Z,1,10,2,schedule,The waiting time affected the experience.
R001671,C002209,service,2025-04-16T20:50:00Z,2025-04-16T20:55:00Z,1,1,3,experience,The response was quick.
R001672,C001316,support,2025-04-16T22:21:00Z,2025-04-17T01:04:00Z,1,6,3,resolution,The response was quick.
R001673,C000628,onboarding,2025-04-16T23:52:00Z,2025-04-17T01:57:00Z,1,7,5,access,The response was quick.
R001674,C001832,support,2025-04-17T01:23:00Z,2025-04-17T02:45:00Z,1,3,4,communication,Everything worked as expected.
R001675,C000254,service,2025-04-17T02:54:00Z,2025-04-17T04:07:00Z,1,7,5,experience,The information could be clearer.
R001676,C002039,renewal,2025-04-17T04:25:00Z,2025-04-17T06:28:00Z,1,6,3,relationship,Everything worked as expected.
R001677,C000560,service,2025-04-17T05:56:00Z,2025-04-17T06:44:00Z,1,8,4,schedule,Everything worked as expected.
R001678,C002346,renewal,2025-04-17T07:27:00Z,2025-04-17T08:06:00Z,1,6,3,relationship,The waiting time affected the experience.
R001679,C000074,onboarding,2025-04-17T08:58:00Z,2025-04-17T10:51:00Z,1,10,4,access,The waiting time affected the experience.
R001680,C000463,service,2025-04-17T10:29:00Z,2025-04-17T11:27:00Z,1,10,4,schedule,Everything worked as expected.
R001681,C001829,renewal,2025-04-17T12:00:00Z,2025-04-17T13:40:00Z,1,8,2,relationship,The waiting time affected the experience.
R001682,C002130,service,2025-04-17T13:31:00Z,2025-04-17T15:50:00Z,1,10,3,experience,The response was quick.
R001683,C002344,support,2025-04-17T15:02:00Z,2025-05-01T15:33:00Z,2,4,4,communication,Everything worked as expected.
R001684,C002366,onboarding,2025-04-17T16:33:00Z,2025-04-17T16:39:00Z,1,5,4,access,Everything worked as expected.
R001685,C001160,service,2025-04-17T18:04:00Z,2025-04-17T19:51:00Z,1,9,5,schedule,The response was quick.
R001686,C001371,renewal,2025-04-17T19:35:00Z,2025-04-17T21:19:00Z,1,6,4,relationship,Everything worked as expected.
R001687,C000107,onboarding,2025-04-17T21:06:00Z,2025-04-17T21:54:00Z,1,8,5,access,The response was quick.
R001688,C002271,renewal,2025-04-17T22:37:00Z,2025-04-17T22:59:00Z,1,6,5,relationship,The response was quick.
R001689,C000665,onboarding,2025-04-18T00:08:00Z,2025-04-18T00:49:00Z,1,7,5,access,The waiting time affected the experience.
R001690,C002284,renewal,2025-04-18T01:39:00Z,2025-04-18T04:18:00Z,1,9,3,value,Everything worked as expected.
R001691,C001158,service,2025-04-18T03:10:00Z,2025-04-18T05:05:00Z,1,8,4,experience,I needed more than one contact.
R001692,C001662,service,2025-04-18T04:41:00Z,2025-04-18T05:27:00Z,1,10,4,schedule,I needed more than one contact.
R001693,C002359,service,2025-04-18T06:12:00Z,2025-04-18T08:23:00Z,1,6,4,schedule,The response was quick.
R001694,C001957,service,2025-04-18T07:43:00Z,2025-04-18T07:49:00Z,1,3,2,schedule,I needed more than one contact.
R001695,C002389,support,2025-04-18T09:14:00Z,2025-04-18T10:00:00Z,1,6,4,resolution,The information could be clearer.
R001696,C000586,support,2025-04-18T10:45:00Z,2025-04-18T11:34:00Z,1,7,4,communication,The waiting time affected the experience.
R001697,C001247,renewal,2025-04-18T12:16:00Z,2025-04-18T14:14:00Z,1,8,5,value,Everything worked as expected.
R001698,C001670,service,2025-04-18T13:47:00Z,2025-04-18T16:41:00Z,1,9,4,schedule,The waiting time affected the experience.
R001699,C001621,support,2025-04-18T15:18:00Z,2025-04-18T16:34:00Z,1,3,4,resolution,The waiting time affected the experience.
R001700,C000226,support,2025-04-18T16:49:00Z,2025-05-02T17:37:00Z,2,5,5,resolution,The response was quick.
R001701,C002119,onboarding,2025-04-18T18:20:00Z,2025-04-18T20:51:00Z,1,6,4,information,The waiting time affected the experience.
R001702,C002326,support,2025-04-18T19:51:00Z,2025-04-18T21:29:00Z,1,4,3,communication,I needed more than one contact.
R001703,C001602,service,2025-04-18T21:22:00Z,2025-04-18T23:10:00Z,1,9,4,schedule,The waiting time affected the experience.
R001704,C001571,service,2025-04-18T22:53:00Z,2025-04-18T23:52:00Z,1,6,3,schedule,I needed more than one contact.
R001705,C000466,support,2025-04-19T00:24:00Z,2025-04-19T03:10:00Z,1,8,4,resolution,The information could be clearer.
R001706,C002158,service,2025-04-19T01:55:00Z,2025-04-19T03:18:00Z,1,5,4,schedule,The waiting time affected the experience.
R001707,C000243,onboarding,2025-04-19T03:26:00Z,2025-04-19T06:04:00Z,1,7,5,information,The information could be clearer.
R001708,C001019,service,2025-04-19T04:57:00Z,2025-04-19T07:45:00Z,1,7,3,schedule,The waiting time affected the experience.
R001709,C001664,onboarding,2025-04-19T06:28:00Z,2025-04-19T06:36:00Z,1,10,2,access,The waiting time affected the experience.
R001710,C001015,support,2025-04-19T07:59:00Z,2025-04-19T08:52:00Z,1,5,3,resolution,The waiting time affected the experience.
R001711,C002074,support,2025-04-19T09:30:00Z,2025-04-19T11:27:00Z,1,7,3,resolution,Everything worked as expected.
R001712,C000465,service,2025-04-19T11:01:00Z,2025-04-19T12:45:00Z,1,7,5,schedule,The information could be clearer.
R001713,C002068,onboarding,2025-04-19T12:32:00Z,2025-04-19T14:16:00Z,1,10,4,access,Everything worked as expected.
R001714,C001261,renewal,2025-04-19T14:03:00Z,2025-04-19T16:26:00Z,1,7,4,value,I needed more than one contact.
R001715,C000865,renewal,2025-04-19T15:34:00Z,2025-04-19T18:23:00Z,1,6,1,value,The waiting time affected the experience.
R001716,C001522,onboarding,2025-04-19T17:05:00Z,2025-04-19T18:30:00Z,1,10,3,access,Everything worked as expected.
R001717,C000476,renewal,2025-04-19T18:36:00Z,2025-05-03T18:42:00Z,2,7,3,relationship,The waiting time affected the experience.
R001718,C000924,onboarding,2025-04-19T20:07:00Z,2025-04-19T22:39:00Z,1,10,5,information,Everything worked as expected.
R001719,C001548,service,2025-04-19T21:38:00Z,2025-04-19T22:23:00Z,1,6,5,schedule,The waiting time affected the experience.
R001720,C001238,renewal,2025-04-19T23:09:00Z,2025-04-20T01:57:00Z,1,3,5,value,The response was quick.
R001721,C000436,service,2025-04-20T00:40:00Z,2025-04-20T02:20:00Z,1,10,3,schedule,I needed more than one contact.
R001722,C000298,support,2025-04-20T02:11:00Z,2025-04-20T03:49:00Z,1,6,4,communication,The waiting time affected the experience.
R001723,C000645,service,2025-04-20T03:42:00Z,2025-04-20T04:15:00Z,1,8,4,schedule,The waiting time affected the experience.
R001724,C001513,renewal,2025-04-20T05:13:00Z,2025-04-20T07:55:00Z,1,7,3,value,The response was quick.
R001725,C002116,service,2025-04-20T06:44:00Z,2025-04-20T07:52:00Z,1,10,4,schedule,The information could be clearer.
R001726,C002012,onboarding,2025-04-20T08:15:00Z,2025-04-20T10:21:00Z,1,10,3,access,Everything worked as expected.
R001727,C001996,support,2025-04-20T09:46:00Z,2025-04-20T11:25:00Z,1,5,3,communication,Everything worked as expected.
R001728,C000918,renewal,2025-04-20T11:17:00Z,2025-04-20T13:22:00Z,1,4,5,value,Everything worked as expected.
R001729,C001243,support,2025-04-20T12:48:00Z,2025-04-20T14:37:00Z,1,7,5,resolution,The information could be clearer.
R001730,C002238,onboarding,2025-04-20T14:19:00Z,2025-04-20T16:53:00Z,1,8,5,access,The information could be clearer.
R001731,C001934,service,2025-04-20T15:50:00Z,2025-04-20T17:51:00Z,1,10,4,schedule,The information could be clearer.
R001732,C001321,renewal,2025-04-20T17:21:00Z,2025-04-20T19:49:00Z,1,4,4,value,The information could be clearer.
R001733,C001756,support,2025-04-20T18:52:00Z,2025-04-20T20:18:00Z,1,3,5,communication,The response was quick.
R001734,C002202,service,2025-04-20T20:23:00Z,2025-05-04T20:46:00Z,2,6,5,experience,The information could be clearer.
R001735,C000710,onboarding,2025-04-20T21:54:00Z,2025-04-20T22:57:00Z,1,9,4,access,The waiting time affected the experience.
R001736,C000347,support,2025-04-20T23:25:00Z,2025-04-21T01:23:00Z,1,9,4,resolution,I needed more than one contact.
R001737,C000731,service,2025-04-21T00:56:00Z,2025-04-21T01:27:00Z,1,5,2,schedule,The response was quick.
R001738,C000010,support,2025-04-21T02:27:00Z,2025-04-21T04:57:00Z,1,5,4,communication,I needed more than one contact.
R001739,C001529,service,2025-04-21T03:58:00Z,2025-04-21T04:25:00Z,1,6,4,experience,The response was quick.
R001740,C001563,service,2025-04-21T05:29:00Z,2025-04-21T07:03:00Z,1,7,5,schedule,The waiting time affected the experience.
R001741,C002013,service,2025-04-21T07:00:00Z,2025-04-21T07:22:00Z,1,9,2,schedule,The waiting time affected the experience.
R001742,C002149,support,2025-04-21T08:31:00Z,2025-04-21T08:50:00Z,1,7,2,communication,The waiting time affected the experience.
R001743,C000838,support,2025-04-21T10:02:00Z,2025-04-21T10:39:00Z,1,2,3,resolution,The waiting time affected the experience.
R001744,C001013,service,2025-04-21T11:33:00Z,2025-04-21T14:16:00Z,1,9,3,schedule,The information could be clearer.
R001745,C001793,onboarding,2025-04-21T13:04:00Z,2025-04-21T14:26:00Z,1,10,3,information,Everything worked as expected.
R001746,C002023,support,2025-04-21T14:35:00Z,2025-04-21T16:09:00Z,1,9,4,resolution,Everything worked as expected.
R001747,C001158,renewal,2025-04-21T16:06:00Z,2025-04-21T17:23:00Z,1,5,1,value,The waiting time affected the experience.
R001748,C001796,support,2025-04-21T17:37:00Z,2025-04-21T20:07:00Z,1,5,5,communication,The waiting time affected the experience.
R001749,C002046,renewal,2025-04-21T19:08:00Z,2025-04-21T21:09:00Z,1,9,4,relationship,I needed more than one contact.
R001750,C000792,support,2025-04-21T20:39:00Z,2025-04-21T22:28:00Z,1,7,3,resolution,I needed more than one contact.
R001751,C001813,support,2025-04-21T22:10:00Z,2025-05-05T22:50:00Z,2,5,3,resolution,The information could be clearer.
R001752,C000427,onboarding,2025-04-21T23:41:00Z,2025-04-22T00:35:00Z,1,3,5,access,Everything worked as expected.
R001753,C001972,service,2025-04-22T01:12:00Z,2025-04-22T02:35:00Z,1,5,3,schedule,I needed more than one contact.
R001754,C000321,service,2025-04-22T02:43:00Z,2025-04-22T05:17:00Z,1,10,4,experience,The waiting time affected the experience.
R001755,C000237,support,2025-04-22T04:14:00Z,2025-04-22T04:24:00Z,1,8,2,resolution,The response was quick.
R001756,C001594,service,2025-04-22T05:45:00Z,2025-04-22T06:32:00Z,1,10,3,experience,The waiting time affected the experience.
R001757,C000384,renewal,2025-04-22T07:16:00Z,2025-04-22T08:04:00Z,1,5,5,relationship,The waiting time affected the experience.
R001758,C001886,onboarding,2025-04-22T08:47:00Z,2025-04-22T11:20:00Z,1,10,4,information,I needed more than one contact.
R001759,C000064,onboarding,2025-04-22T10:18:00Z,2025-04-22T12:56:00Z,1,7,4,information,The waiting time affected the experience.
R001760,C000271,service,2025-04-22T11:49:00Z,2025-04-22T14:45:00Z,1,8,3,experience,Everything worked as expected.
R001761,C001647,service,2025-04-22T13:20:00Z,2025-04-22T13:26:00Z,1,6,4,experience,The waiting time affected the experience.
R001762,C002180,service,2025-04-22T14:51:00Z,2025-04-22T17:17:00Z,1,8,4,experience,I needed more than one contact.
R001763,C000334,renewal,2025-04-22T16:22:00Z,2025-04-22T18:58:00Z,1,6,4,value,The information could be clearer.
R001764,C000205,onboarding,2025-04-22T17:53:00Z,2025-04-22T19:17:00Z,1,10,3,access,The response was quick.
R001765,C001656,service,2025-04-22T19:24:00Z,2025-04-22T21:16:00Z,1,10,4,experience,The response was quick.
R001766,C002086,renewal,2025-04-22T20:55:00Z,2025-04-22T23:07:00Z,1,5,2,relationship,Everything worked as expected.
R001767,C001402,renewal,2025-04-22T22:26:00Z,2025-04-23T00:59:00Z,1,6,2,relationship,The waiting time affected the experience.
R001768,C001529,renewal,2025-04-22T23:57:00Z,2025-05-07T00:54:00Z,2,9,5,relationship,I needed more than one contact.
R001769,C001002,support,2025-04-23T01:28:00Z,2025-04-23T01:57:00Z,1,7,3,communication,I needed more than one contact.
R001770,C002298,renewal,2025-04-23T02:59:00Z,2025-04-23T04:52:00Z,1,4,4,value,The information could be clearer.
R001771,C001984,service,2025-04-23T04:30:00Z,2025-04-23T07:20:00Z,1,7,3,schedule,The information could be clearer.
R001772,C001806,onboarding,2025-04-23T06:01:00Z,2025-04-23T07:32:00Z,1,6,4,access,Everything worked as expected.
R001773,C002273,service,2025-04-23T07:32:00Z,2025-04-23T09:35:00Z,1,9,3,experience,The waiting time affected the experience.
R001774,C001569,support,2025-04-23T09:03:00Z,2025-04-23T11:02:00Z,1,7,3,resolution,The information could be clearer.
R001775,C001287,onboarding,2025-04-23T10:34:00Z,2025-04-23T10:45:00Z,1,9,4,information,I needed more than one contact.
R001776,C001005,service,2025-04-23T12:05:00Z,2025-04-23T13:21:00Z,1,7,3,experience,The information could be clearer.
R001777,C000673,service,2025-04-23T13:36:00Z,2025-04-23T15:17:00Z,1,7,5,schedule,The waiting time affected the experience.
R001778,C000765,onboarding,2025-04-23T15:07:00Z,2025-04-23T16:01:00Z,1,8,4,access,The response was quick.
R001779,C000155,onboarding,2025-04-23T16:38:00Z,2025-04-23T17:05:00Z,1,10,5,access,The waiting time affected the experience.
R001780,C001686,service,2025-04-23T18:09:00Z,2025-04-23T19:31:00Z,1,7,5,experience,Everything worked as expected.
R001781,C000124,service,2025-04-23T19:40:00Z,2025-04-23T19:54:00Z,1,4,4,schedule,The information could be clearer.
R001782,C001954,support,2025-04-23T21:11:00Z,2025-04-23T21:53:00Z,1,3,2,resolution,Everything worked as expected.
R001783,C001771,support,2025-04-23T22:42:00Z,2025-04-24T01:05:00Z,1,5,5,communication,The information could be clearer.
R001784,C000644,support,2025-04-24T00:13:00Z,2025-04-24T00:37:00Z,1,8,3,communication,The waiting time affected the experience.
R001785,C002323,onboarding,2025-04-24T01:44:00Z,2025-05-08T01:59:00Z,2,8,5,access,The waiting time affected the experience.
R001786,C000797,onboarding,2025-04-24T03:15:00Z,2025-04-24T05:08:00Z,1,6,4,information,The response was quick.
R001787,C001610,service,2025-04-24T04:46:00Z,2025-04-24T06:53:00Z,1,5,2,schedule,The response was quick.
R001788,C000415,service,2025-04-24T06:17:00Z,2025-04-24T07:36:00Z,1,6,4,experience,The information could be clearer.
R001789,C000855,support,2025-04-24T07:48:00Z,2025-04-24T09:56:00Z,1,8,3,communication,Everything worked as expected.
R001790,C000633,support,2025-04-24T09:19:00Z,2025-04-24T12:00:00Z,1,6,4,communication,The waiting time affected the experience.
R001791,C002197,onboarding,2025-04-24T10:50:00Z,2025-04-24T13:15:00Z,1,8,4,access,The response was quick.
R001792,C001006,onboarding,2025-04-24T12:21:00Z,2025-04-24T14:44:00Z,1,10,4,access,The information could be clearer.
R001793,C000637,service,2025-04-24T13:52:00Z,2025-04-24T15:56:00Z,1,7,4,schedule,The information could be clearer.
R001794,C001169,service,2025-04-24T15:23:00Z,2025-04-24T16:39:00Z,1,6,3,experience,The waiting time affected the experience.
R001795,C000896,onboarding,2025-04-24T16:54:00Z,2025-04-24T18:46:00Z,1,9,5,access,I needed more than one contact.
R001796,C001993,service,2025-04-24T18:25:00Z,2025-04-24T20:18:00Z,1,8,4,schedule,The information could be clearer.
R001797,C000408,service,2025-04-24T19:56:00Z,2025-04-24T22:14:00Z,1,2,4,schedule,Everything worked as expected.
R001798,C000886,onboarding,2025-04-24T21:27:00Z,2025-04-25T00:25:00Z,1,10,4,access,The waiting time affected the experience.
R001799,C000795,service,2025-04-24T22:58:00Z,2025-04-25T00:33:00Z,1,8,5,schedule,The waiting time affected the experience.
R001800,C002056,renewal,2025-04-25T00:29:00Z,2025-04-25T01:20:00Z,1,8,3,value,I needed more than one contact.
R001801,C000227,onboarding,2025-04-25T02:00:00Z,2025-04-25T03:41:00Z,1,8,5,access,The waiting time affected the experience.
R001802,C000421,renewal,2025-04-25T03:31:00Z,2025-05-09T04:03:00Z,2,6,4,relationship,Everything worked as expected.
R001803,C000638,service,2025-04-25T05:02:00Z,2025-04-25T07:27:00Z,1,7,2,experience,Everything worked as expected.
R001804,C000046,renewal,2025-04-25T06:33:00Z,2025-04-25T09:10:00Z,1,7,4,value,The response was quick.
R001805,C002213,onboarding,2025-04-25T08:04:00Z,2025-04-25T10:38:00Z,1,10,4,information,The response was quick.
R001806,C001797,service,2025-04-25T09:35:00Z,2025-04-25T10:45:00Z,1,7,4,schedule,The waiting time affected the experience.
R001807,C001364,onboarding,2025-04-25T11:06:00Z,2025-04-25T13:13:00Z,1,10,5,information,The response was quick.
R001808,C001586,service,2025-04-25T12:37:00Z,2025-04-25T14:21:00Z,1,7,3,schedule,The waiting time affected the experience.
R001809,C000127,renewal,2025-04-25T14:08:00Z,2025-04-25T16:54:00Z,1,10,4,relationship,The response was quick.
R001810,C001523,onboarding,2025-04-25T15:39:00Z,2025-04-25T18:17:00Z,1,9,5,access,The waiting time affected the experience.
R001811,C000373,renewal,2025-04-25T17:10:00Z,2025-04-25T17:22:00Z,1,7,5,value,Everything worked as expected.
R001812,C001045,renewal,2025-04-25T18:41:00Z,2025-04-25T19:35:00Z,1,5,4,relationship,Everything worked as expected.
R001813,C000547,service,2025-04-25T20:12:00Z,2025-04-25T22:52:00Z,1,8,2,schedule,The response was quick.
R001814,C001648,support,2025-04-25T21:43:00Z,2025-04-25T22:38:00Z,1,7,3,resolution,The waiting time affected the experience.
R001815,C002359,support,2025-04-25T23:14:00Z,2025-04-26T00:40:00Z,1,5,3,resolution,The waiting time affected the experience.
R001816,C001633,service,2025-04-26T00:45:00Z,2025-04-26T01:40:00Z,1,8,4,schedule,The information could be clearer.
R001817,C000678,renewal,2025-04-26T02:16:00Z,2025-04-26T04:28:00Z,1,7,3,relationship,The waiting time affected the experience.
R001818,C001651,renewal,2025-04-26T03:47:00Z,2025-04-26T06:19:00Z,1,9,4,relationship,The response was quick.
R001819,C001812,support,2025-04-26T05:18:00Z,2025-05-10T06:07:00Z,2,6,4,resolution,The response was quick.
R001820,C002130,service,2025-04-26T06:49:00Z,2025-04-26T09:04:00Z,1,8,4,schedule,The response was quick.
R001821,C002014,service,2025-04-26T08:20:00Z,2025-04-26T09:27:00Z,1,9,4,schedule,I needed more than one contact.
R001822,C001586,onboarding,2025-04-26T09:51:00Z,2025-04-26T10:11:00Z,1,7,5,information,The response was quick.
R001823,C002329,renewal,2025-04-26T11:22:00Z,2025-04-26T13:34:00Z,1,4,4,value,The information could be clearer.
R001824,C000401,onboarding,2025-04-26T12:53:00Z,2025-04-26T15:11:00Z,1,6,4,access,Everything worked as expected.
R001825,C000393,renewal,2025-04-26T14:24:00Z,2025-04-26T15:23:00Z,1,10,3,value,I needed more than one contact.
R001826,C001813,support,2025-04-26T15:55:00Z,2025-04-26T17:01:00Z,1,6,4,resolution,Everything worked as expected.
R001827,C001747,support,2025-04-26T17:26:00Z,2025-04-26T18:46:00Z,1,7,3,communication,I needed more than one contact.
R001828,C001785,renewal,2025-04-26T18:57:00Z,2025-04-26T21:26:00Z,1,6,4,relationship,I needed more than one contact.
R001829,C002339,support,2025-04-26T20:28:00Z,2025-04-26T22:47:00Z,1,5,3,resolution,The information could be clearer.
R001830,C001312,renewal,2025-04-26T21:59:00Z,2025-04-26T23:51:00Z,1,7,4,value,Everything worked as expected.
R001831,C000935,service,2025-04-26T23:30:00Z,2025-04-27T01:21:00Z,1,6,3,experience,The waiting time affected the experience.
R001832,C000979,service,2025-04-27T01:01:00Z,2025-04-27T02:31:00Z,1,6,3,schedule,Everything worked as expected.
R001833,C001674,onboarding,2025-04-27T02:32:00Z,2025-04-27T04:09:00Z,1,8,3,access,The waiting time affected the experience.
R001834,C000936,support,2025-04-27T04:03:00Z,2025-04-27T06:56:00Z,1,5,3,resolution,The information could be clearer.
R001835,C001185,service,2025-04-27T05:34:00Z,2025-04-27T08:19:00Z,1,4,5,experience,The response was quick.
R001836,C000398,support,2025-04-27T07:05:00Z,2025-05-11T07:12:00Z,2,8,3,resolution,Everything worked as expected.
R001837,C001153,service,2025-04-27T08:36:00Z,2025-04-27T10:51:00Z,1,10,4,schedule,I needed more than one contact.
R001838,C000918,service,2025-04-27T10:07:00Z,2025-04-27T11:02:00Z,1,4,4,schedule,Everything worked as expected.
R001839,C001973,service,2025-04-27T11:38:00Z,2025-04-27T12:43:00Z,1,9,5,schedule,The waiting time affected the experience.
R001840,C001954,renewal,2025-04-27T13:09:00Z,2025-04-27T13:23:00Z,1,6,5,value,Everything worked as expected.
R001841,C001144,support,2025-04-27T14:40:00Z,2025-04-27T15:50:00Z,1,7,2,resolution,The response was quick.
R001842,C001881,renewal,2025-04-27T16:11:00Z,2025-04-27T18:58:00Z,1,7,4,value,Everything worked as expected.
R001843,C002210,support,2025-04-27T17:42:00Z,2025-04-27T18:46:00Z,1,7,4,resolution,The waiting time affected the experience.
R001844,C001655,service,2025-04-27T19:13:00Z,2025-04-27T21:16:00Z,1,9,4,experience,Everything worked as expected.
R001845,C001394,renewal,2025-04-27T20:44:00Z,2025-04-27T23:17:00Z,1,9,3,value,The response was quick.
R001846,C000313,service,2025-04-27T22:15:00Z,2025-04-27T23:21:00Z,1,8,4,experience,The response was quick.
R001847,C000840,renewal,2025-04-27T23:46:00Z,2025-04-28T01:12:00Z,1,9,3,value,The waiting time affected the experience.
R001848,C001616,service,2025-04-28T01:17:00Z,2025-04-28T03:10:00Z,1,5,3,schedule,The information could be clearer.
R001849,C001684,service,2025-04-28T02:48:00Z,2025-04-28T04:45:00Z,1,7,5,experience,I needed more than one contact.
R001850,C000087,renewal,2025-04-28T04:19:00Z,2025-04-28T04:57:00Z,1,5,5,value,Everything worked as expected.
R001851,C000509,onboarding,2025-04-28T05:50:00Z,2025-04-28T07:09:00Z,1,10,5,access,I needed more than one contact.
R001852,C001059,support,2025-04-28T07:21:00Z,2025-04-28T08:20:00Z,1,4,3,resolution,The response was quick.
R001853,C002059,onboarding,2025-04-28T08:52:00Z,2025-05-12T09:16:00Z,2,5,2,access,I needed more than one contact.
R001854,C000928,support,2025-04-28T10:23:00Z,2025-04-28T12:06:00Z,1,5,1,communication,Everything worked as expected.
R001855,C002387,service,2025-04-28T11:54:00Z,2025-04-28T12:43:00Z,1,8,5,experience,The response was quick.
R001856,C002082,support,2025-04-28T13:25:00Z,2025-04-28T16:06:00Z,1,6,3,communication,The information could be clearer.
R001857,C001231,renewal,2025-04-28T14:56:00Z,2025-04-28T16:33:00Z,1,8,3,value,Everything worked as expected.
R001858,C002400,support,2025-04-28T16:27:00Z,2025-04-28T18:38:00Z,1,6,2,communication,I needed more than one contact.
R001859,C001231,support,2025-04-28T17:58:00Z,2025-04-28T19:18:00Z,1,2,3,resolution,I needed more than one contact.
R001860,C001911,onboarding,2025-04-28T19:29:00Z,2025-04-28T20:25:00Z,1,6,4,access,The response was quick.
R001861,C001688,support,2025-04-28T21:00:00Z,2025-04-28T21:39:00Z,1,5,3,resolution,Everything worked as expected.
R001862,C000374,service,2025-04-28T22:31:00Z,2025-04-29T01:02:00Z,1,10,3,schedule,The information could be clearer.
R001863,C000417,onboarding,2025-04-29T00:02:00Z,2025-04-29T01:03:00Z,1,10,3,access,The response was quick.
R001864,C000312,service,2025-04-29T01:33:00Z,2025-04-29T03:57:00Z,1,6,5,schedule,I needed more than one contact.
R001865,C001237,service,2025-04-29T03:04:00Z,2025-04-29T04:09:00Z,1,6,4,schedule,The information could be clearer.
R001866,C002305,support,2025-04-29T04:35:00Z,2025-04-29T05:34:00Z,1,7,3,resolution,The response was quick.
R001867,C001137,service,2025-04-29T06:06:00Z,2025-04-29T08:46:00Z,1,4,2,experience,The response was quick.
R001868,C000998,onboarding,2025-04-29T07:37:00Z,2025-04-29T09:03:00Z,1,7,5,access,The response was quick.
R001869,C000243,service,2025-04-29T09:08:00Z,2025-04-29T09:27:00Z,1,9,3,schedule,Everything worked as expected.
R001870,C000112,service,2025-04-29T10:39:00Z,2025-05-13T11:20:00Z,2,8,4,schedule,The waiting time affected the experience.
R001871,C001467,support,2025-04-29T12:10:00Z,2025-04-29T14:38:00Z,1,5,4,communication,I needed more than one contact.
R001872,C001362,service,2025-04-29T13:41:00Z,2025-04-29T16:24:00Z,1,10,4,experience,The response was quick.
R001873,C002071,support,2025-04-29T15:12:00Z,2025-04-29T17:17:00Z,1,7,3,resolution,Everything worked as expected.
R001874,C000985,onboarding,2025-04-29T16:43:00Z,2025-04-29T19:01:00Z,1,10,4,access,Everything worked as expected.
R001875,C002111,support,2025-04-29T18:14:00Z,2025-04-29T18:27:00Z,1,7,5,resolution,The waiting time affected the experience.
R001876,C002143,renewal,2025-04-29T19:45:00Z,2025-04-29T20:29:00Z,1,5,4,relationship,The response was quick.
R001877,C001162,support,2025-04-29T21:16:00Z,2025-04-29T23:32:00Z,1,5,1,communication,The response was quick.
R001878,C001115,service,2025-04-29T22:47:00Z,2025-04-30T01:25:00Z,1,9,4,schedule,Everything worked as expected.
R001879,C000347,onboarding,2025-04-30T00:18:00Z,2025-04-30T02:24:00Z,1,7,4,information,The information could be clearer.
R001880,C001553,renewal,2025-04-30T01:49:00Z,2025-04-30T02:16:00Z,1,6,4,relationship,The response was quick.
R001881,C002394,support,2025-04-30T03:20:00Z,2025-04-30T05:59:00Z,1,4,4,communication,The waiting time affected the experience.
R001882,C000411,onboarding,2025-04-30T04:51:00Z,2025-04-30T07:35:00Z,1,10,4,access,The waiting time affected the experience.
R001883,C001915,service,2025-04-30T06:22:00Z,2025-04-30T08:09:00Z,1,9,4,schedule,Everything worked as expected.
R001884,C001663,onboarding,2025-04-30T07:53:00Z,2025-04-30T08:23:00Z,1,4,3,information,The response was quick.
R001885,C000732,service,2025-04-30T09:24:00Z,2025-04-30T09:55:00Z,1,7,4,experience,Everything worked as expected.
R001886,C000656,support,2025-04-30T10:55:00Z,2025-04-30T12:56:00Z,1,6,3,communication,The response was quick.
R001887,C000837,service,2025-04-30T12:26:00Z,2025-05-14T13:24:00Z,2,8,2,experience,The waiting time affected the experience.
R001888,C001970,support,2025-04-30T13:57:00Z,2025-04-30T14:44:00Z,1,7,5,resolution,The information could be clearer.
R001889,C001636,renewal,2025-04-30T15:28:00Z,2025-04-30T15:43:00Z,1,10,3,value,The waiting time affected the experience.
R001890,C000738,service,2025-04-30T16:59:00Z,2025-04-30T17:15:00Z,1,6,4,experience,The waiting time affected the experience.
R001891,C001124,support,2025-04-30T18:30:00Z,2025-04-30T19:26:00Z,1,7,2,communication,The response was quick.
R001892,C000033,renewal,2025-04-30T20:01:00Z,2025-04-30T23:01:00Z,1,6,4,relationship,I needed more than one contact.
R001893,C002100,service,2025-04-30T21:32:00Z,2025-05-01T00:18:00Z,1,8,5,schedule,The information could be clearer.
R001894,C001314,service,2025-04-30T23:03:00Z,2025-05-01T00:18:00Z,1,10,5,experience,I needed more than one contact.
R001895,C001810,onboarding,2025-05-01T00:34:00Z,2025-05-01T02:00:00Z,1,9,4,information,Everything worked as expected.
R001896,C001826,support,2025-05-01T02:05:00Z,2025-05-01T03:42:00Z,1,5,4,resolution,The waiting time affected the experience.
R001897,C000103,service,2025-05-01T03:36:00Z,2025-05-01T06:21:00Z,1,8,4,experience,Everything worked as expected.
R001898,C000269,onboarding,2025-05-01T05:07:00Z,2025-05-01T05:13:00Z,1,9,5,access,The response was quick.
R001899,C000373,onboarding,2025-05-01T06:38:00Z,2025-05-01T06:54:00Z,1,4,4,access,The information could be clearer.
R001900,C001758,onboarding,2025-05-01T08:09:00Z,2025-05-01T08:54:00Z,1,6,5,access,The information could be clearer.
R001901,C001288,support,2025-05-01T09:40:00Z,2025-05-01T09:50:00Z,1,3,3,communication,The waiting time affected the experience.
R001902,C000518,service,2025-05-01T11:11:00Z,2025-05-01T13:32:00Z,1,5,4,experience,Everything worked as expected.
R001903,C001267,service,2025-05-01T12:42:00Z,2025-05-01T13:51:00Z,1,8,4,experience,I needed more than one contact.
R001904,C001425,onboarding,2025-05-01T14:13:00Z,2025-05-15T14:29:00Z,2,7,4,information,The waiting time affected the experience.
R001905,C001036,onboarding,2025-05-01T15:44:00Z,2025-05-01T15:58:00Z,1,10,4,access,The response was quick.
R001906,C002034,support,2025-05-01T17:15:00Z,2025-05-01T18:54:00Z,1,5,3,communication,The information could be clearer.
R001907,C001835,support,2025-05-01T18:46:00Z,2025-05-01T21:00:00Z,1,4,3,resolution,The waiting time affected the experience.
R001908,C001586,support,2025-05-01T20:17:00Z,2025-05-01T20:54:00Z,1,5,3,resolution,I needed more than one contact.
R001909,C002322,service,2025-05-01T21:48:00Z,2025-05-01T22:40:00Z,1,7,4,schedule,The response was quick.
R001910,C001238,support,2025-05-01T23:19:00Z,2025-05-02T01:08:00Z,1,5,4,communication,I needed more than one contact.
R001911,C001566,service,2025-05-02T00:50:00Z,2025-05-02T02:41:00Z,1,10,3,experience,The waiting time affected the experience.
R001912,C000313,service,2025-05-02T02:21:00Z,2025-05-02T03:10:00Z,1,8,4,experience,I needed more than one contact.
R001913,C000738,service,2025-05-02T03:52:00Z,2025-05-02T04:17:00Z,1,10,4,schedule,The waiting time affected the experience.
R001914,C000084,support,2025-05-02T05:23:00Z,2025-05-02T06:43:00Z,1,6,3,communication,Everything worked as expected.
R001915,C001937,service,2025-05-02T06:54:00Z,2025-05-02T09:38:00Z,1,8,4,experience,Everything worked as expected.
R001916,C001033,support,2025-05-02T08:25:00Z,2025-05-02T10:35:00Z,1,4,3,resolution,I needed more than one contact.
R001917,C001195,support,2025-05-02T09:56:00Z,2025-05-02T11:24:00Z,1,7,2,communication,Everything worked as expected.
R001918,C000520,renewal,2025-05-02T11:27:00Z,2025-05-02T13:58:00Z,1,7,3,relationship,I needed more than one contact.
R001919,C000480,renewal,2025-05-02T12:58:00Z,2025-05-02T13:36:00Z,1,6,3,relationship,The waiting time affected the experience.
R001920,C000732,support,2025-05-02T14:29:00Z,2025-05-02T14:37:00Z,1,4,4,communication,I needed more than one contact.
R001921,C000336,service,2025-05-02T16:00:00Z,2025-05-16T16:33:00Z,2,8,5,schedule,The information could be clearer.
R001922,C001293,service,2025-05-02T17:31:00Z,2025-05-02T17:42:00Z,1,8,3,experience,The response was quick.
R001923,C001821,service,2025-05-02T19:02:00Z,2025-05-02T20:14:00Z,1,9,3,experience,The waiting time affected the experience.
R001924,C002136,support,2025-05-02T20:33:00Z,2025-05-02T21:10:00Z,1,5,2,communication,Everything worked as expected.
R001925,C001990,service,2025-05-02T22:04:00Z,2025-05-02T23:44:00Z,1,8,3,schedule,The information could be clearer.
R001926,C001369,renewal,2025-05-02T23:35:00Z,2025-05-03T00:31:00Z,1,6,5,relationship,The information could be clearer.
R001927,C000716,renewal,2025-05-03T01:06:00Z,2025-05-03T03:54:00Z,1,8,3,value,The information could be clearer.
R001928,C001637,onboarding,2025-05-03T02:37:00Z,2025-05-03T02:56:00Z,1,10,5,information,The response was quick.
R001929,C000071,renewal,2025-05-03T04:08:00Z,2025-05-03T06:36:00Z,1,5,3,relationship,Everything worked as expected.
R001930,C001193,support,2025-05-03T05:39:00Z,2025-05-03T08:03:00Z,1,6,5,communication,The response was quick.
R001931,C000084,support,2025-05-03T07:10:00Z,2025-05-03T08:04:00Z,1,5,3,resolution,Everything worked as expected.
R001932,C002290,renewal,2025-05-03T08:41:00Z,2025-05-03T10:23:00Z,1,9,3,relationship,The waiting time affected the experience.
R001933,C002242,service,2025-05-03T10:12:00Z,2025-05-03T10:52:00Z,1,8,3,experience,The waiting time affected the experience.
R001934,C001043,service,2025-05-03T11:43:00Z,2025-05-03T12:31:00Z,1,10,4,schedule,The waiting time affected the experience.
R001935,C000595,service,2025-05-03T13:14:00Z,2025-05-03T15:15:00Z,1,7,3,experience,The waiting time affected the experience.
R001936,C000465,support,2025-05-03T14:45:00Z,2025-05-03T15:34:00Z,1,6,5,communication,The waiting time affected the experience.
R001937,C001518,onboarding,2025-05-03T16:16:00Z,2025-05-03T17:08:00Z,1,8,4,access,The waiting time affected the experience.
R001938,C000984,onboarding,2025-05-03T17:47:00Z,2025-05-17T18:37:00Z,2,7,4,information,The response was quick.
R001939,C002337,renewal,2025-05-03T19:18:00Z,2025-05-03T21:37:00Z,1,3,2,relationship,The response was quick.
R001940,C001089,onboarding,2025-05-03T20:49:00Z,2025-05-03T21:28:00Z,1,8,3,access,The waiting time affected the experience.
R001941,C001048,support,2025-05-03T22:20:00Z,2025-05-03T23:31:00Z,1,6,3,resolution,Everything worked as expected.
R001942,C002281,support,2025-05-03T23:51:00Z,2025-05-04T01:10:00Z,1,5,3,communication,Everything worked as expected.
R001943,C000448,support,2025-05-04T01:22:00Z,2025-05-04T02:50:00Z,1,6,3,communication,The information could be clearer.
R001944,C000968,service,2025-05-04T02:53:00Z,2025-05-04T05:39:00Z,1,5,4,schedule,Everything worked as expected.
R001945,C000888,support,2025-05-04T04:24:00Z,2025-05-04T06:55:00Z,1,8,4,communication,I needed more than one contact.
R001946,C000389,service,2025-05-04T05:55:00Z,2025-05-04T06:01:00Z,1,5,3,schedule,Everything worked as expected.
R001947,C001619,onboarding,2025-05-04T07:26:00Z,2025-05-04T10:02:00Z,1,8,5,access,The waiting time affected the experience.
R001948,C000833,support,2025-05-04T08:57:00Z,2025-05-04T09:40:00Z,1,8,5,communication,The response was quick.
R001949,C001780,service,2025-05-04T10:28:00Z,2025-05-04T11:42:00Z,1,9,4,schedule,The waiting time affected the experience.
R001950,C000199,renewal,2025-05-04T11:59:00Z,2025-05-04T12:59:00Z,1,9,4,relationship,I needed more than one contact.
R001951,C001229,support,2025-05-04T13:30:00Z,2025-05-04T14:57:00Z,1,5,4,resolution,Everything worked as expected.
R001952,C000851,renewal,2025-05-04T15:01:00Z,2025-05-04T15:49:00Z,1,10,3,value,The response was quick.
R001953,C001658,support,2025-05-04T16:32:00Z,2025-05-04T18:41:00Z,1,4,3,resolution,The waiting time affected the experience.
R001954,C001361,service,2025-05-04T18:03:00Z,2025-05-04T18:36:00Z,1,7,4,experience,The waiting time affected the experience.
R001955,C001053,service,2025-05-04T19:34:00Z,2025-05-18T19:42:00Z,2,7,4,schedule,I needed more than one contact.
R001956,C000022,onboarding,2025-05-04T21:05:00Z,2025-05-04T22:26:00Z,1,7,3,access,I needed more than one contact.
R001957,C001486,renewal,2025-05-04T22:36:00Z,2025-05-04T23:35:00Z,1,9,3,value,Everything worked as expected.
R001958,C000863,service,2025-05-05T00:07:00Z,2025-05-05T02:47:00Z,1,8,5,schedule,The response was quick.
R001959,C000901,service,2025-05-05T01:38:00Z,2025-05-05T02:31:00Z,1,8,5,experience,The information could be clearer.
R001960,C001736,onboarding,2025-05-05T03:09:00Z,2025-05-05T05:41:00Z,1,9,4,information,The information could be clearer.
R001961,C001042,renewal,2025-05-05T04:40:00Z,2025-05-05T04:57:00Z,1,10,3,relationship,The waiting time affected the experience.
R001962,C001577,onboarding,2025-05-05T06:11:00Z,2025-05-05T09:04:00Z,1,10,4,access,The response was quick.
R001963,C001848,support,2025-05-05T07:42:00Z,2025-05-05T08:46:00Z,1,4,5,communication,Everything worked as expected.
R001964,C000775,support,2025-05-05T09:13:00Z,2025-05-05T10:08:00Z,1,3,4,communication,The response was quick.
R001965,C000796,renewal,2025-05-05T10:44:00Z,2025-05-05T12:22:00Z,1,9,3,relationship,The response was quick.
R001966,C001449,service,2025-05-05T12:15:00Z,2025-05-05T15:11:00Z,1,6,5,schedule,I needed more than one contact.
R001967,C001962,onboarding,2025-05-05T13:46:00Z,2025-05-05T15:30:00Z,1,10,5,information,The response was quick.
R001968,C001295,service,2025-05-05T15:17:00Z,2025-05-05T15:43:00Z,1,7,4,experience,I needed more than one contact.
R001969,C001426,service,2025-05-05T16:48:00Z,2025-05-05T19:18:00Z,1,10,4,experience,Everything worked as expected.
R001970,C000988,onboarding,2025-05-05T18:19:00Z,2025-05-05T20:49:00Z,1,9,3,access,I needed more than one contact.
R001971,C002060,support,2025-05-05T19:50:00Z,2025-05-05T22:49:00Z,1,5,3,communication,I needed more than one contact.
R001972,C002371,support,2025-05-05T21:21:00Z,2025-05-19T21:46:00Z,2,7,2,resolution,The information could be clearer.
R001973,C001961,renewal,2025-05-05T22:52:00Z,2025-05-05T23:04:00Z,1,8,3,relationship,The response was quick.
R001974,C000535,renewal,2025-05-06T00:23:00Z,2025-05-06T00:31:00Z,1,9,1,relationship,I needed more than one contact.
R001975,C000008,onboarding,2025-05-06T01:54:00Z,2025-05-06T04:21:00Z,1,8,5,information,The waiting time affected the experience.
R001976,C001486,service,2025-05-06T03:25:00Z,2025-05-06T04:39:00Z,1,7,4,experience,I needed more than one contact.
R001977,C000478,support,2025-05-06T04:56:00Z,2025-05-06T05:44:00Z,1,8,3,communication,I needed more than one contact.
R001978,C000661,onboarding,2025-05-06T06:27:00Z,2025-05-06T08:21:00Z,1,8,4,information,The response was quick.
R001979,C000846,onboarding,2025-05-06T07:58:00Z,2025-05-06T08:09:00Z,1,10,3,information,The response was quick.
R001980,C002239,onboarding,2025-05-06T09:29:00Z,2025-05-06T11:01:00Z,1,10,4,information,The waiting time affected the experience.
R001981,C000828,onboarding,2025-05-06T11:00:00Z,2025-05-06T11:12:00Z,1,5,5,information,The waiting time affected the experience.
R001982,C000314,support,2025-05-06T12:31:00Z,2025-05-06T14:35:00Z,1,6,4,communication,The information could be clearer.
R001983,C001942,support,2025-05-06T14:02:00Z,2025-05-06T15:36:00Z,1,6,4,communication,I needed more than one contact.
R001984,C001462,onboarding,2025-05-06T15:33:00Z,2025-05-06T17:45:00Z,1,8,4,access,I needed more than one contact.
R001985,C001381,service,2025-05-06T17:04:00Z,2025-05-06T19:08:00Z,1,8,5,experience,The waiting time affected the experience.
R001986,C000151,support,2025-05-06T18:35:00Z,2025-05-06T19:13:00Z,1,5,4,resolution,The information could be clearer.
R001987,C001078,service,2025-05-06T20:06:00Z,2025-05-06T20:59:00Z,1,10,3,schedule,The waiting time affected the experience.
R001988,C000605,support,2025-05-06T21:37:00Z,2025-05-07T00:11:00Z,1,7,3,resolution,The information could be clearer.
R001989,C001057,support,2025-05-06T23:08:00Z,2025-05-20T23:50:00Z,2,6,4,resolution,The information could be clearer.
R001990,C001910,onboarding,2025-05-07T00:39:00Z,2025-05-07T03:25:00Z,1,10,4,access,The waiting time affected the experience.
R001991,C000394,service,2025-05-07T02:10:00Z,2025-05-07T02:16:00Z,1,9,4,schedule,The information could be clearer.
R001992,C001740,onboarding,2025-05-07T03:41:00Z,2025-05-07T04:17:00Z,1,10,5,access,I needed more than one contact.
R001993,C000950,service,2025-05-07T05:12:00Z,2025-05-07T07:21:00Z,1,6,5,schedule,Everything worked as expected.
R001994,C000626,support,2025-05-07T06:43:00Z,2025-05-07T08:26:00Z,1,7,3,communication,Everything worked as expected.
R001995,C000806,onboarding,2025-05-07T08:14:00Z,2025-05-07T10:38:00Z,1,6,3,information,The response was quick.
R001996,C000511,support,2025-05-07T09:45:00Z,2025-05-07T11:48:00Z,1,4,3,resolution,I needed more than one contact.
R001997,C002177,support,2025-05-07T11:16:00Z,2025-05-07T12:37:00Z,1,8,4,communication,Everything worked as expected.
R001998,C000602,support,2025-05-07T12:47:00Z,2025-05-07T14:11:00Z,1,4,4,communication,The waiting time affected the experience.
R001999,C000949,service,2025-05-07T14:18:00Z,2025-05-07T15:49:00Z,1,9,4,experience,The information could be clearer.
R002000,C002101,support,2025-05-07T15:49:00Z,2025-05-07T16:45:00Z,1,4,3,communication,The waiting time affected the experience.
R002001,C001970,onboarding,2025-05-07T17:20:00Z,2025-05-07T18:24:00Z,1,8,3,information,The information could be clearer.
R002002,C002172,support,2025-05-07T18:51:00Z,2025-05-07T19:32:00Z,1,6,4,communication,I needed more than one contact.
R002003,C002380,onboarding,2025-05-07T20:22:00Z,2025-05-07T21:01:00Z,1,10,5,access,The information could be clearer.
R002004,C001183,onboarding,2025-05-07T21:53:00Z,2025-05-07T23:33:00Z,1,9,3,information,The response was quick.
R002005,C000194,support,2025-05-07T23:24:00Z,2025-05-08T02:22:00Z,1,6,2,resolution,The response was quick.
R002006,C000451,service,2025-05-08T00:55:00Z,2025-05-22T00:55:00Z,2,7,3,schedule,I needed more than one contact.
R002007,C001611,onboarding,2025-05-08T02:26:00Z,2025-05-08T02:40:00Z,1,6,4,information,The response was quick.
R002008,C001987,support,2025-05-08T03:57:00Z,2025-05-08T04:32:00Z,1,6,5,resolution,Everything worked as expected.
R002009,C001726,onboarding,2025-05-08T05:28:00Z,2025-05-08T07:43:00Z,1,10,3,information,The response was quick.
R002010,C000130,service,2025-05-08T06:59:00Z,2025-05-08T08:04:00Z,1,5,3,schedule,The response was quick.
R002011,C002056,service,2025-05-08T08:30:00Z,2025-05-08T10:35:00Z,1,7,3,schedule,The response was quick.
R002012,C000049,renewal,2025-05-08T10:01:00Z,2025-05-08T10:20:00Z,1,6,2,relationship,I needed more than one contact.
R002013,C000658,onboarding,2025-05-08T11:32:00Z,2025-05-08T12:14:00Z,1,9,4,access,Everything worked as expected.
R002014,C001979,onboarding,2025-05-08T13:03:00Z,2025-05-08T13:59:00Z,1,9,4,information,I needed more than one contact.
R002015,C000895,onboarding,2025-05-08T14:34:00Z,2025-05-08T17:24:00Z,1,5,3,access,I needed more than one contact.
R002016,C000075,onboarding,2025-05-08T16:05:00Z,2025-05-08T17:10:00Z,1,10,5,information,The response was quick.
R002017,C001426,renewal,2025-05-08T17:36:00Z,2025-05-08T18:34:00Z,1,7,4,value,I needed more than one contact.
R002018,C002010,service,2025-05-08T19:07:00Z,2025-05-08T19:39:00Z,1,9,3,experience,I needed more than one contact.
R002019,C002316,renewal,2025-05-08T20:38:00Z,2025-05-08T21:25:00Z,1,6,4,relationship,Everything worked as expected.
R002020,C001417,service,2025-05-08T22:09:00Z,2025-05-08T23:31:00Z,1,7,5,schedule,The information could be clearer.
R002021,C001079,service,2025-05-08T23:40:00Z,2025-05-09T01:38:00Z,1,8,3,experience,The response was quick.
R002022,C001489,support,2025-05-09T01:11:00Z,2025-05-09T03:18:00Z,1,8,4,resolution,The information could be clearer.
R002023,C000013,support,2025-05-09T02:42:00Z,2025-05-23T02:59:00Z,2,8,5,communication,The waiting time affected the experience.
R002024,C002328,support,2025-05-09T04:13:00Z,2025-05-09T05:03:00Z,1,4,2,resolution,I needed more than one contact.
R002025,C001610,service,2025-05-09T05:44:00Z,2025-05-09T06:18:00Z,1,7,5,experience,The information could be clearer.
R002026,C001975,service,2025-05-09T07:15:00Z,2025-05-09T07:51:00Z,1,5,4,schedule,The response was quick.
R002027,C000613,support,2025-05-09T08:46:00Z,2025-05-09T09:18:00Z,1,5,5,resolution,Everything worked as expected.
R002028,C000518,service,2025-05-09T10:17:00Z,2025-05-09T12:09:00Z,1,7,4,experience,Everything worked as expected.
R002029,C002157,service,2025-05-09T11:48:00Z,2025-05-09T12:39:00Z,1,8,4,experience,The waiting time affected the experience.
R002030,C001466,onboarding,2025-05-09T13:19:00Z,2025-05-09T15:06:00Z,1,10,3,access,The information could be clearer.
R002031,C001370,support,2025-05-09T14:50:00Z,2025-05-09T15:47:00Z,1,7,2,communication,I needed more than one contact.
R002032,C001256,service,2025-05-09T16:21:00Z,2025-05-09T18:30:00Z,1,6,3,experience,The information could be clearer.
R002033,C000311,service,2025-05-09T17:52:00Z,2025-05-09T19:54:00Z,1,10,3,experience,The information could be clearer.
R002034,C001048,support,2025-05-09T19:23:00Z,2025-05-09T19:35:00Z,1,8,5,resolution,I needed more than one contact.
R002035,C001494,onboarding,2025-05-09T20:54:00Z,2025-05-09T21:00:00Z,1,10,4,access,The response was quick.
R002036,C002098,service,2025-05-09T22:25:00Z,2025-05-09T22:42:00Z,1,3,4,experience,The waiting time affected the experience.
R002037,C000469,support,2025-05-09T23:56:00Z,2025-05-10T02:12:00Z,1,8,3,communication,The response was quick.
R002038,C000718,onboarding,2025-05-10T01:27:00Z,2025-05-10T03:53:00Z,1,10,2,access,The information could be clearer.
R002039,C001665,service,2025-05-10T02:58:00Z,2025-05-10T03:33:00Z,1,8,3,schedule,Everything worked as expected.
R002040,C001285,onboarding,2025-05-10T04:29:00Z,2025-05-24T05:03:00Z,2,6,5,information,I needed more than one contact.
R002041,C002145,support,2025-05-10T06:00:00Z,2025-05-10T08:01:00Z,1,6,3,resolution,The information could be clearer.
R002042,C001532,support,2025-05-10T07:31:00Z,2025-05-10T09:14:00Z,1,9,4,communication,The waiting time affected the experience.
R002043,C001384,service,2025-05-10T09:02:00Z,2025-05-10T12:00:00Z,1,7,5,experience,I needed more than one contact.
R002044,C000285,renewal,2025-05-10T10:33:00Z,2025-05-10T13:27:00Z,1,5,3,value,The waiting time affected the experience.
R002045,C001051,service,2025-05-10T12:04:00Z,2025-05-10T13:30:00Z,1,10,5,schedule,Everything worked as expected.
R002046,C000798,service,2025-05-10T13:35:00Z,2025-05-10T15:48:00Z,1,8,5,schedule,Everything worked as expected.
R002047,C000139,service,2025-05-10T15:06:00Z,2025-05-10T17:27:00Z,1,5,4,schedule,The information could be clearer.
R002048,C001543,renewal,2025-05-10T16:37:00Z,2025-05-10T19:06:00Z,1,5,2,relationship,I needed more than one contact.
R002049,C000520,support,2025-05-10T18:08:00Z,2025-05-10T19:52:00Z,1,10,3,resolution,The response was quick.
R002050,C000447,support,2025-05-10T19:39:00Z,2025-05-10T21:15:00Z,1,6,3,resolution,The waiting time affected the experience.
R002051,C000115,onboarding,2025-05-10T21:10:00Z,2025-05-10T23:07:00Z,1,6,5,access,The response was quick.
R002052,C000134,onboarding,2025-05-10T22:41:00Z,2025-05-11T00:31:00Z,1,8,5,information,The response was quick.
R002053,C001983,support,2025-05-11T00:12:00Z,2025-05-11T01:39:00Z,1,4,3,resolution,I needed more than one contact.
R002054,C001330,renewal,2025-05-11T01:43:00Z,2025-05-11T03:48:00Z,1,10,2,relationship,I needed more than one contact.
R002055,C000791,service,2025-05-11T03:14:00Z,2025-05-11T05:56:00Z,1,9,4,experience,Everything worked as expected.
R002056,C000958,support,2025-05-11T04:45:00Z,2025-05-11T05:49:00Z,1,9,3,resolution,I needed more than one contact.
R002057,C001932,support,2025-05-11T06:16:00Z,2025-05-25T07:07:00Z,2,7,2,resolution,The waiting time affected the experience.
R002058,C000123,support,2025-05-11T07:47:00Z,2025-05-11T08:59:00Z,1,9,3,communication,I needed more than one contact.
R002059,C002078,onboarding,2025-05-11T09:18:00Z,2025-05-11T10:39:00Z,1,10,5,access,The response was quick.
R002060,C002267,onboarding,2025-05-11T10:49:00Z,2025-05-11T12:09:00Z,1,8,5,information,The waiting time affected the experience.
R002061,C001231,renewal,2025-05-11T12:20:00Z,2025-05-11T12:40:00Z,1,8,4,value,The waiting time affected the experience.
R002062,C002297,renewal,2025-05-11T13:51:00Z,2025-05-11T15:24:00Z,1,7,3,relationship,The response was quick.
R002063,C000886,service,2025-05-11T15:22:00Z,2025-05-11T15:59:00Z,1,6,3,experience,I needed more than one contact.
R002064,C000415,service,2025-05-11T16:53:00Z,2025-05-11T17:46:00Z,1,3,5,experience,The information could be clearer.
R002065,C002099,onboarding,2025-05-11T18:24:00Z,2025-05-11T18:41:00Z,1,10,4,access,I needed more than one contact.
R002066,C001990,service,2025-05-11T19:55:00Z,2025-05-11T21:55:00Z,1,9,5,schedule,The waiting time affected the experience.
R002067,C001254,support,2025-05-11T21:26:00Z,2025-05-11T23:15:00Z,1,3,3,communication,The information could be clearer.
R002068,C000481,service,2025-05-11T22:57:00Z,2025-05-11T23:50:00Z,1,10,3,schedule,The information could be clearer.
R002069,C001995,support,2025-05-12T00:28:00Z,2025-05-12T02:35:00Z,1,3,4,resolution,Everything worked as expected.
R002070,C001904,service,2025-05-12T01:59:00Z,2025-05-12T04:17:00Z,1,6,4,schedule,The waiting time affected the experience.
R002071,C002192,onboarding,2025-05-12T03:30:00Z,2025-05-12T03:41:00Z,1,8,3,information,The information could be clearer.
R002072,C001247,support,2025-05-12T05:01:00Z,2025-05-12T07:04:00Z,1,4,4,communication,The waiting time affected the experience.
R002073,C000042,onboarding,2025-05-12T06:32:00Z,2025-05-12T09:00:00Z,1,7,2,access,The waiting time affected the experience.
R002074,C000700,service,2025-05-12T08:03:00Z,2025-05-26T08:12:00Z,2,9,4,schedule,The information could be clearer.
R002075,C000623,service,2025-05-12T09:34:00Z,2025-05-12T12:09:00Z,1,8,3,experience,The information could be clearer.
R002076,C000026,renewal,2025-05-12T11:05:00Z,2025-05-12T12:22:00Z,1,5,3,relationship,The response was quick.
R002077,C001185,service,2025-05-12T12:36:00Z,2025-05-12T13:20:00Z,1,7,3,schedule,The information could be clearer.
R002078,C000223,service,2025-05-12T14:07:00Z,2025-05-12T15:35:00Z,1,10,4,schedule,The information could be clearer.
R002079,C001658,service,2025-05-12T15:38:00Z,2025-05-12T17:18:00Z,1,5,3,experience,Everything worked as expected.
R002080,C001757,renewal,2025-05-12T17:09:00Z,2025-05-12T18:09:00Z,1,6,3,relationship,The response was quick.
R002081,C002155,onboarding,2025-05-12T18:40:00Z,2025-05-12T19:19:00Z,1,8,4,access,I needed more than one contact.
R002082,C001518,support,2025-05-12T20:11:00Z,2025-05-12T21:41:00Z,1,6,4,resolution,The waiting time affected the experience.
R002083,C001558,service,2025-05-12T21:42:00Z,2025-05-12T22:37:00Z,1,6,4,schedule,Everything worked as expected.
R002084,C001054,renewal,2025-05-12T23:13:00Z,2025-05-13T02:07:00Z,1,8,5,value,The information could be clearer.
R002085,C001069,renewal,2025-05-13T00:44:00Z,2025-05-13T03:10:00Z,1,6,2,relationship,The information could be clearer.
R002086,C002009,support,2025-05-13T02:15:00Z,2025-05-13T04:23:00Z,1,5,4,communication,I needed more than one contact.
R002087,C000574,onboarding,2025-05-13T03:46:00Z,2025-05-13T06:20:00Z,1,10,3,information,The waiting time affected the experience.
R002088,C002260,onboarding,2025-05-13T05:17:00Z,2025-05-13T05:23:00Z,1,7,4,access,I needed more than one contact.
R002089,C001577,service,2025-05-13T06:48:00Z,2025-05-13T08:17:00Z,1,8,4,experience,I needed more than one contact.
R002090,C000187,onboarding,2025-05-13T08:19:00Z,2025-05-13T08:55:00Z,1,8,4,access,The waiting time affected the experience.
R002091,C000061,service,2025-05-13T09:50:00Z,2025-05-27T10:16:00Z,2,10,3,schedule,The waiting time affected the experience.
R002092,C000334,onboarding,2025-05-13T11:21:00Z,2025-05-13T12:17:00Z,1,6,5,access,The waiting time affected the experience.
R002093,C001133,service,2025-05-13T12:52:00Z,2025-05-13T15:31:00Z,1,6,3,experience,The response was quick.
R002094,C001966,service,2025-05-13T14:23:00Z,2025-05-13T14:46:00Z,1,7,5,schedule,I needed more than one contact.
R002095,C001762,service,2025-05-13T15:54:00Z,2025-05-13T17:07:00Z,1,6,4,schedule,The waiting time affected the experience.
R002096,C001731,support,2025-05-13T17:25:00Z,2025-05-13T18:36:00Z,1,3,3,communication,The waiting time affected the experience.
R002097,C000261,service,2025-05-13T18:56:00Z,2025-05-13T20:36:00Z,1,6,4,experience,The waiting time affected the experience.
R002098,C000681,support,2025-05-13T20:27:00Z,2025-05-13T22:55:00Z,1,4,3,resolution,The waiting time affected the experience.
R002099,C000113,support,2025-05-13T21:58:00Z,2025-05-13T23:57:00Z,1,7,3,communication,I needed more than one contact.
R002100,C001513,support,2025-05-13T23:29:00Z,2025-05-14T01:15:00Z,1,10,3,resolution,The response was quick.
R002101,C000528,support,2025-05-14T01:00:00Z,2025-05-14T03:37:00Z,1,7,2,resolution,The response was quick.
R002102,C001809,support,2025-05-14T02:31:00Z,2025-05-14T05:10:00Z,1,7,3,resolution,I needed more than one contact.
R002103,C001114,service,2025-05-14T04:02:00Z,2025-05-14T06:56:00Z,1,8,4,experience,Everything worked as expected.
R002104,C001832,renewal,2025-05-14T05:33:00Z,2025-05-14T07:28:00Z,1,8,4,value,The response was quick.
R002105,C001284,service,2025-05-14T07:04:00Z,2025-05-14T09:24:00Z,1,9,3,experience,Everything worked as expected.
R002106,C001812,service,2025-05-14T08:35:00Z,2025-05-14T08:42:00Z,1,10,4,schedule,The waiting time affected the experience.
R002107,C000899,onboarding,2025-05-14T10:06:00Z,2025-05-14T11:06:00Z,1,4,5,information,I needed more than one contact.
R002108,C001693,onboarding,2025-05-14T11:37:00Z,2025-05-28T12:20:00Z,2,6,4,information,I needed more than one contact.
R002109,C000815,renewal,2025-05-14T13:08:00Z,2025-05-14T13:26:00Z,1,10,4,relationship,The waiting time affected the experience.
R002110,C000309,support,2025-05-14T14:39:00Z,2025-05-14T16:54:00Z,1,7,3,resolution,The information could be clearer.
R002111,C000066,support,2025-05-14T16:10:00Z,2025-05-14T19:10:00Z,1,6,5,communication,The waiting time affected the experience.
R002112,C000845,renewal,2025-05-14T17:41:00Z,2025-05-14T20:20:00Z,1,8,4,relationship,The response was quick.
R002113,C002262,renewal,2025-05-14T19:12:00Z,2025-05-14T20:30:00Z,1,5,4,relationship,Everything worked as expected.
R002114,C001679,renewal,2025-05-14T20:43:00Z,2025-05-14T22:23:00Z,1,9,3,value,The information could be clearer.
R002115,C000530,onboarding,2025-05-14T22:14:00Z,2025-05-15T00:00:00Z,1,6,2,access,The information could be clearer.
R002116,C001161,onboarding,2025-05-14T23:45:00Z,2025-05-15T00:01:00Z,1,8,5,information,I needed more than one contact.
R002117,C001658,support,2025-05-15T01:16:00Z,2025-05-15T03:47:00Z,1,3,2,resolution,The waiting time affected the experience.
R002118,C001380,service,2025-05-15T02:47:00Z,2025-05-15T03:23:00Z,1,7,5,schedule,The response was quick.
R002119,C001169,onboarding,2025-05-15T04:18:00Z,2025-05-15T04:54:00Z,1,10,4,information,The response was quick.
R002120,C000665,support,2025-05-15T05:49:00Z,2025-05-15T07:24:00Z,1,5,3,communication,I needed more than one contact.
R002121,C001404,renewal,2025-05-15T07:20:00Z,2025-05-15T09:01:00Z,1,8,4,value,Everything worked as expected.
R002122,C001781,onboarding,2025-05-15T08:51:00Z,2025-05-15T10:58:00Z,1,8,2,information,The waiting time affected the experience.
R002123,C001548,support,2025-05-15T10:22:00Z,2025-05-15T12:14:00Z,1,10,4,communication,The information could be clearer.
R002124,C000233,onboarding,2025-05-15T11:53:00Z,2025-05-15T12:17:00Z,1,10,3,access,I needed more than one contact.
R002125,C001991,onboarding,2025-05-15T13:24:00Z,2025-05-29T13:25:00Z,2,9,4,information,Everything worked as expected.
R002126,C001045,service,2025-05-15T14:55:00Z,2025-05-15T15:14:00Z,1,6,5,schedule,The response was quick.
R002127,C001690,onboarding,2025-05-15T16:26:00Z,2025-05-15T17:56:00Z,1,7,4,information,The information could be clearer.
R002128,C000874,service,2025-05-15T17:57:00Z,2025-05-15T20:52:00Z,1,7,4,schedule,The waiting time affected the experience.
R002129,C001821,support,2025-05-15T19:28:00Z,2025-05-15T20:10:00Z,1,10,4,communication,Everything worked as expected.
R002130,C001558,service,2025-05-15T20:59:00Z,2025-05-15T21:43:00Z,1,9,3,experience,The information could be clearer.
R002131,C001317,service,2025-05-15T22:30:00Z,2025-05-15T22:47:00Z,1,6,5,experience,The waiting time affected the experience.
R002132,C000755,service,2025-05-16T00:01:00Z,2025-05-16T00:08:00Z,1,8,4,schedule,The response was quick.
R002133,C001331,onboarding,2025-05-16T01:32:00Z,2025-05-16T04:20:00Z,1,9,3,information,I needed more than one contact.
R002134,C000798,service,2025-05-16T03:03:00Z,2025-05-16T04:01:00Z,1,10,4,schedule,The response was quick.
R002135,C000849,service,2025-05-16T04:34:00Z,2025-05-16T06:35:00Z,1,8,3,experience,Everything worked as expected.
R002136,C001263,support,2025-05-16T06:05:00Z,2025-05-16T08:10:00Z,1,6,3,resolution,The response was quick.
R002137,C001428,support,2025-05-16T07:36:00Z,2025-05-16T09:20:00Z,1,7,4,resolution,The response was quick.
R002138,C000908,support,2025-05-16T09:07:00Z,2025-05-16T12:07:00Z,1,6,5,communication,The waiting time affected the experience.
R002139,C000989,support,2025-05-16T10:38:00Z,2025-05-16T12:05:00Z,1,6,3,communication,Everything worked as expected.
R002140,C000896,support,2025-05-16T12:09:00Z,2025-05-16T13:42:00Z,1,10,3,resolution,The waiting time affected the experience.
R002141,C002090,support,2025-05-16T13:40:00Z,2025-05-16T15:04:00Z,1,6,4,resolution,The waiting time affected the experience.
R002142,C000047,onboarding,2025-05-16T15:11:00Z,2025-05-30T15:29:00Z,2,5,3,access,The response was quick.
R002143,C000779,service,2025-05-16T16:42:00Z,2025-05-16T16:55:00Z,1,10,4,experience,Everything worked as expected.
R002144,C000535,support,2025-05-16T18:13:00Z,2025-05-16T20:41:00Z,1,6,2,communication,I needed more than one contact.
R002145,C000955,renewal,2025-05-16T19:44:00Z,2025-05-16T22:01:00Z,1,8,4,value,The information could be clearer.
R002146,C001729,support,2025-05-16T21:15:00Z,2025-05-16T21:41:00Z,1,6,3,resolution,The information could be clearer.
R002147,C001064,onboarding,2025-05-16T22:46:00Z,2025-05-17T01:08:00Z,1,8,4,access,Everything worked as expected.
R002148,C002187,service,2025-05-17T00:17:00Z,2025-05-17T02:24:00Z,1,9,3,schedule,Everything worked as expected.
R002149,C001847,onboarding,2025-05-17T01:48:00Z,2025-05-17T04:42:00Z,1,4,3,access,The information could be clearer.
R002150,C000490,service,2025-05-17T03:19:00Z,2025-05-17T03:51:00Z,1,9,4,experience,I needed more than one contact.
R002151,C001129,service,2025-05-17T04:50:00Z,2025-05-17T07:40:00Z,1,4,4,experience,The waiting time affected the experience.
R002152,C001873,renewal,2025-05-17T06:21:00Z,2025-05-17T06:36:00Z,1,8,4,value,I needed more than one contact.
R002153,C000887,onboarding,2025-05-17T07:52:00Z,2025-05-17T09:37:00Z,1,10,4,information,The information could be clearer.
R002154,C000792,support,2025-05-17T09:23:00Z,2025-05-17T11:08:00Z,1,7,5,resolution,The response was quick.
R002155,C001137,service,2025-05-17T10:54:00Z,2025-05-17T13:27:00Z,1,7,4,schedule,I needed more than one contact.
R002156,C000066,support,2025-05-17T12:25:00Z,2025-05-17T13:31:00Z,1,6,3,communication,I needed more than one contact.
R002157,C000712,support,2025-05-17T13:56:00Z,2025-05-17T15:37:00Z,1,7,3,resolution,The information could be clearer.
R002158,C000455,renewal,2025-05-17T15:27:00Z,2025-05-17T17:23:00Z,1,5,3,relationship,I needed more than one contact.
R002159,C000754,service,2025-05-17T16:58:00Z,2025-05-31T17:33:00Z,2,10,3,schedule,The waiting time affected the experience.
R002160,C001722,renewal,2025-05-17T18:29:00Z,2025-05-17T20:09:00Z,1,10,4,relationship,The response was quick.
R002161,C001718,renewal,2025-05-17T20:00:00Z,2025-05-17T20:42:00Z,1,7,4,value,Everything worked as expected.
R002162,C000546,service,2025-05-17T21:31:00Z,2025-05-17T23:37:00Z,1,8,3,schedule,The waiting time affected the experience.
R002163,C001914,service,2025-05-17T23:02:00Z,2025-05-18T01:12:00Z,1,5,4,schedule,The waiting time affected the experience.
R002164,C001336,renewal,2025-05-18T00:33:00Z,2025-05-18T01:15:00Z,1,6,4,value,The response was quick.
R002165,C001510,support,2025-05-18T02:04:00Z,2025-05-18T04:16:00Z,1,8,3,resolution,Everything worked as expected.
R002166,C000689,service,2025-05-18T03:35:00Z,2025-05-18T06:13:00Z,1,10,5,schedule,The information could be clearer.
R002167,C000591,service,2025-05-18T05:06:00Z,2025-05-18T08:01:00Z,1,7,3,experience,The waiting time affected the experience.
R002168,C001184,support,2025-05-18T06:37:00Z,2025-05-18T07:19:00Z,1,3,3,resolution,The response was quick.
R002169,C001277,support,2025-05-18T08:08:00Z,2025-05-18T10:51:00Z,1,4,4,communication,Everything worked as expected.
R002170,C000779,onboarding,2025-05-18T09:39:00Z,2025-05-18T10:48:00Z,1,8,4,information,The information could be clearer.
R002171,C001391,support,2025-05-18T11:10:00Z,2025-05-18T11:32:00Z,1,9,5,resolution,I needed more than one contact.
R002172,C000697,service,2025-05-18T12:41:00Z,2025-05-18T13:26:00Z,1,7,4,schedule,The information could be clearer.
R002173,C001844,support,2025-05-18T14:12:00Z,2025-05-18T15:11:00Z,1,4,3,communication,The response was quick.
R002174,C002339,support,2025-05-18T15:43:00Z,2025-05-18T17:57:00Z,1,9,4,resolution,Everything worked as expected.
R002175,C001586,service,2025-05-18T17:14:00Z,2025-05-18T20:04:00Z,1,10,4,schedule,The response was quick.
R002176,C001107,onboarding,2025-05-18T18:45:00Z,2025-06-01T19:37:00Z,2,8,5,information,The waiting time affected the experience.
R002177,C001279,service,2025-05-18T20:16:00Z,2025-05-18T21:33:00Z,1,7,4,experience,The information could be clearer.
R002178,C000235,service,2025-05-18T21:47:00Z,2025-05-18T22:27:00Z,1,8,4,experience,I needed more than one contact.
R002179,C000960,service,2025-05-18T23:18:00Z,2025-05-18T23:31:00Z,1,7,4,schedule,I needed more than one contact.
R002180,C000092,service,2025-05-19T00:49:00Z,2025-05-19T02:38:00Z,1,6,4,schedule,The response was quick.
R002181,C000394,onboarding,2025-05-19T02:20:00Z,2025-05-19T05:19:00Z,1,5,4,access,The waiting time affected the experience.
R002182,C001515,service,2025-05-19T03:51:00Z,2025-05-19T05:47:00Z,1,8,4,schedule,I needed more than one contact.
R002183,C001489,support,2025-05-19T05:22:00Z,2025-05-19T05:46:00Z,1,8,4,resolution,The information could be clearer.
R002184,C000212,support,2025-05-19T06:53:00Z,2025-05-19T09:21:00Z,1,6,4,resolution,The information could be clearer.
R002185,C001415,support,2025-05-19T08:24:00Z,2025-05-19T09:27:00Z,1,7,4,resolution,The information could be clearer.
R002186,C000818,service,2025-05-19T09:55:00Z,2025-05-19T11:53:00Z,1,8,4,schedule,Everything worked as expected.
R002187,C001511,support,2025-05-19T11:26:00Z,2025-05-19T12:07:00Z,1,2,2,communication,The waiting time affected the experience.
R002188,C001041,onboarding,2025-05-19T12:57:00Z,2025-05-19T13:47:00Z,1,9,3,access,I needed more than one contact.
R002189,C000122,support,2025-05-19T14:28:00Z,2025-05-19T17:14:00Z,1,6,4,resolution,The response was quick.
R002190,C001624,renewal,2025-05-19T15:59:00Z,2025-05-19T17:59:00Z,1,6,2,relationship,The information could be clearer.
R002191,C002384,service,2025-05-19T17:30:00Z,2025-05-19T17:49:00Z,1,7,3,experience,I needed more than one contact.
R002192,C001892,service,2025-05-19T19:01:00Z,2025-05-19T20:21:00Z,1,10,4,experience,I needed more than one contact.
R002193,C001680,service,2025-05-19T20:32:00Z,2025-06-02T20:42:00Z,2,6,1,schedule,Everything worked as expected.
R002194,C000231,support,2025-05-19T22:03:00Z,2025-05-19T22:44:00Z,1,7,1,communication,The response was quick.
R002195,C001755,support,2025-05-19T23:34:00Z,2025-05-20T00:24:00Z,1,6,3,communication,Everything worked as expected.
R002196,C001592,onboarding,2025-05-20T01:05:00Z,2025-05-20T03:17:00Z,1,7,5,information,The response was quick.
R002197,C001864,service,2025-05-20T02:36:00Z,2025-05-20T04:33:00Z,1,8,4,schedule,I needed more than one contact.
R002198,C002351,service,2025-05-20T04:07:00Z,2025-05-20T05:38:00Z,1,8,4,experience,The waiting time affected the experience.
R002199,C001209,service,2025-05-20T05:38:00Z,2025-05-20T07:48:00Z,1,5,4,schedule,Everything worked as expected.
R002200,C000388,service,2025-05-20T07:09:00Z,2025-05-20T08:10:00Z,1,7,4,schedule,The response was quick.
R002201,C000362,renewal,2025-05-20T08:40:00Z,2025-05-20T09:57:00Z,1,5,3,value,The information could be clearer.
R002202,C002016,renewal,2025-05-20T10:11:00Z,2025-05-20T12:31:00Z,1,5,4,value,The waiting time affected the experience.
R002203,C001725,support,2025-05-20T11:42:00Z,2025-05-20T14:15:00Z,1,9,4,communication,The waiting time affected the experience.
R002204,C001461,support,2025-05-20T13:13:00Z,2025-05-20T15:10:00Z,1,3,3,communication,I needed more than one contact.
R002205,C001053,onboarding,2025-05-20T14:44:00Z,2025-05-20T16:54:00Z,1,8,4,information,Everything worked as expected.
R002206,C001174,service,2025-05-20T16:15:00Z,2025-05-20T19:12:00Z,1,10,3,experience,The response was quick.
R002207,C002397,service,2025-05-20T17:46:00Z,2025-05-20T19:21:00Z,1,9,5,experience,Everything worked as expected.
R002208,C002062,support,2025-05-20T19:17:00Z,2025-05-20T22:12:00Z,1,6,2,communication,I needed more than one contact.
R002209,C000877,onboarding,2025-05-20T20:48:00Z,2025-05-20T21:53:00Z,1,6,5,access,The information could be clearer.
R002210,C000337,service,2025-05-20T22:19:00Z,2025-06-03T22:46:00Z,2,9,5,experience,I needed more than one contact.
R002211,C001155,service,2025-05-20T23:50:00Z,2025-05-21T02:35:00Z,1,8,4,schedule,The waiting time affected the experience.
R002212,C000559,service,2025-05-21T01:21:00Z,2025-05-21T03:58:00Z,1,10,4,schedule,The waiting time affected the experience.
R002213,C002071,support,2025-05-21T02:52:00Z,2025-05-21T03:59:00Z,1,7,4,communication,I needed more than one contact.
R002214,C001870,support,2025-05-21T04:23:00Z,2025-05-21T05:47:00Z,1,8,3,resolution,The response was quick.
R002215,C001366,support,2025-05-21T05:54:00Z,2025-05-21T08:43:00Z,1,4,4,resolution,The response was quick.
R002216,C001068,onboarding,2025-05-21T07:25:00Z,2025-05-21T08:58:00Z,1,8,4,information,The response was quick.
R002217,C001931,support,2025-05-21T08:56:00Z,2025-05-21T09:30:00Z,1,4,3,resolution,The waiting time affected the experience.
R002218,C001887,support,2025-05-21T10:27:00Z,2025-05-21T12:01:00Z,1,6,3,communication,I needed more than one contact.
R002219,C001800,service,2025-05-21T11:58:00Z,2025-05-21T13:29:00Z,1,8,4,schedule,The information could be clearer.
R002220,C002144,onboarding,2025-05-21T13:29:00Z,2025-05-21T13:59:00Z,1,7,3,access,The response was quick.
R002221,C001732,onboarding,2025-05-21T15:00:00Z,2025-05-21T17:40:00Z,1,8,3,access,Everything worked as expected.
R002222,C001846,support,2025-05-21T16:31:00Z,2025-05-21T16:41:00Z,1,7,2,communication,The information could be clearer.
R002223,C000899,renewal,2025-05-21T18:02:00Z,2025-05-21T18:17:00Z,1,4,5,relationship,The information could be clearer.
R002224,C000524,renewal,2025-05-21T19:33:00Z,2025-05-21T21:02:00Z,1,7,4,value,The information could be clearer.
R002225,C000365,service,2025-05-21T21:04:00Z,2025-05-21T22:11:00Z,1,8,4,experience,Everything worked as expected.
R002226,C001599,onboarding,2025-05-21T22:35:00Z,2025-05-21T23:22:00Z,1,7,4,access,The information could be clearer.
R002227,C000466,onboarding,2025-05-22T00:06:00Z,2025-06-05T00:50:00Z,2,6,5,access,The information could be clearer.
R002228,C000263,service,2025-05-22T01:37:00Z,2025-05-22T02:34:00Z,1,10,4,experience,The information could be clearer.
R002229,C002090,service,2025-05-22T03:08:00Z,2025-05-22T05:31:00Z,1,8,5,schedule,The information could be clearer.
R002230,C000721,renewal,2025-05-22T04:39:00Z,2025-05-22T05:31:00Z,1,7,5,value,The waiting time affected the experience.
R002231,C001033,service,2025-05-22T06:10:00Z,2025-05-22T09:08:00Z,1,6,4,schedule,The response was quick.
R002232,C000427,renewal,2025-05-22T07:41:00Z,2025-05-22T08:40:00Z,1,7,3,relationship,I needed more than one contact.
R002233,C000364,onboarding,2025-05-22T09:12:00Z,2025-05-22T09:43:00Z,1,7,4,information,Everything worked as expected.
R002234,C001384,support,2025-05-22T10:43:00Z,2025-05-22T10:52:00Z,1,7,4,communication,Everything worked as expected.
R002235,C001864,onboarding,2025-05-22T12:14:00Z,2025-05-22T14:54:00Z,1,9,4,information,Everything worked as expected.
R002236,C000639,service,2025-05-22T13:45:00Z,2025-05-22T16:34:00Z,1,7,4,schedule,The waiting time affected the experience.
R002237,C001583,onboarding,2025-05-22T15:16:00Z,2025-05-22T17:29:00Z,1,9,4,information,The information could be clearer.
R002238,C002278,renewal,2025-05-22T16:47:00Z,2025-05-22T19:44:00Z,1,8,2,value,The waiting time affected the experience.
R002239,C000823,support,2025-05-22T18:18:00Z,2025-05-22T19:58:00Z,1,7,3,communication,I needed more than one contact.
R002240,C001984,support,2025-05-22T19:49:00Z,2025-05-22T21:59:00Z,1,7,1,resolution,I needed more than one contact.
R002241,C000878,service,2025-05-22T21:20:00Z,2025-05-22T22:39:00Z,1,8,3,schedule,Everything worked as expected.
R002242,C001759,service,2025-05-22T22:51:00Z,2025-05-23T01:26:00Z,1,5,3,schedule,I needed more than one contact.
R002243,C000033,support,2025-05-23T00:22:00Z,2025-05-23T02:19:00Z,1,5,2,communication,The response was quick.
R002244,C000293,support,2025-05-23T01:53:00Z,2025-06-06T01:55:00Z,2,9,2,communication,I needed more than one contact.
R002245,C002329,service,2025-05-23T03:24:00Z,2025-05-23T04:48:00Z,1,9,4,schedule,Everything worked as expected.
R002246,C000172,onboarding,2025-05-23T04:55:00Z,2025-05-23T07:30:00Z,1,7,5,information,The waiting time affected the experience.
R002247,C001732,service,2025-05-23T06:26:00Z,2025-05-23T08:57:00Z,1,7,5,experience,The information could be clearer.
R002248,C002157,renewal,2025-05-23T07:57:00Z,2025-05-23T10:46:00Z,1,6,5,value,I needed more than one contact.
R002249,C001896,support,2025-05-23T09:28:00Z,2025-05-23T10:40:00Z,1,5,3,communication,Everything worked as expected.
R002250,C000437,support,2025-05-23T10:59:00Z,2025-05-23T11:55:00Z,1,6,4,communication,Everything worked as expected.
R002251,C000268,support,2025-05-23T12:30:00Z,2025-05-23T14:40:00Z,1,6,2,communication,The information could be clearer.
R002252,C000651,renewal,2025-05-23T14:01:00Z,2025-05-23T14:15:00Z,1,4,3,relationship,The waiting time affected the experience.
R002253,C001728,support,2025-05-23T15:32:00Z,2025-05-23T17:45:00Z,1,6,1,communication,I needed more than one contact.
R002254,C000020,renewal,2025-05-23T17:03:00Z,2025-05-23T18:45:00Z,1,7,3,relationship,I needed more than one contact.
R002255,C001001,service,2025-05-23T18:34:00Z,2025-05-23T20:41:00Z,1,7,2,schedule,The waiting time affected the experience.
R002256,C001447,renewal,2025-05-23T20:05:00Z,2025-05-23T22:43:00Z,1,7,5,relationship,I needed more than one contact.
R002257,C000374,onboarding,2025-05-23T21:36:00Z,2025-05-23T23:44:00Z,1,5,4,access,The response was quick.
R002258,C001232,support,2025-05-23T23:07:00Z,2025-05-23T23:13:00Z,1,6,3,resolution,The information could be clearer.
R002259,C000254,support,2025-05-24T00:38:00Z,2025-05-24T01:01:00Z,1,8,4,communication,The information could be clearer.
R002260,C000602,support,2025-05-24T02:09:00Z,2025-05-24T04:37:00Z,1,4,2,resolution,The information could be clearer.
R002261,C000646,onboarding,2025-05-24T03:40:00Z,2025-06-07T03:59:00Z,2,8,5,access,The information could be clearer.
R002262,C001036,support,2025-05-24T05:11:00Z,2025-05-24T06:56:00Z,1,7,3,communication,I needed more than one contact.
R002263,C001764,renewal,2025-05-24T06:42:00Z,2025-05-24T07:14:00Z,1,8,2,value,The waiting time affected the experience.
R002264,C002394,onboarding,2025-05-24T08:13:00Z,2025-05-24T10:31:00Z,1,6,4,information,I needed more than one contact.
R002265,C001236,service,2025-05-24T09:44:00Z,2025-05-24T11:49:00Z,1,10,3,schedule,The response was quick.
R002266,C000478,renewal,2025-05-24T11:15:00Z,2025-05-24T12:35:00Z,1,4,5,relationship,I needed more than one contact.
R002267,C001621,service,2025-05-24T12:46:00Z,2025-05-24T15:36:00Z,1,9,3,experience,The information could be clearer.
R002268,C000529,support,2025-05-24T14:17:00Z,2025-05-24T14:44:00Z,1,7,3,resolution,The information could be clearer.
R002269,C002113,service,2025-05-24T15:48:00Z,2025-05-24T16:22:00Z,1,4,5,schedule,Everything worked as expected.
R002270,C001623,service,2025-05-24T17:19:00Z,2025-05-24T18:01:00Z,1,6,4,schedule,The response was quick.
R002271,C002174,service,2025-05-24T18:50:00Z,2025-05-24T20:33:00Z,1,9,3,experience,The response was quick.
R002272,C000013,onboarding,2025-05-24T20:21:00Z,2025-05-24T23:19:00Z,1,8,4,information,The waiting time affected the experience.
R002273,C001520,service,2025-05-24T21:52:00Z,2025-05-24T22:39:00Z,1,8,4,schedule,I needed more than one contact.
R002274,C001193,service,2025-05-24T23:23:00Z,2025-05-25T00:00:00Z,1,10,3,experience,I needed more than one contact.
R002275,C001902,support,2025-05-25T00:54:00Z,2025-05-25T03:49:00Z,1,5,4,resolution,I needed more than one contact.
R002276,C000207,renewal,2025-05-25T02:25:00Z,2025-05-25T04:44:00Z,1,3,2,relationship,I needed more than one contact.
R002277,C001216,service,2025-05-25T03:56:00Z,2025-05-25T06:22:00Z,1,10,4,experience,Everything worked as expected.
R002278,C000462,support,2025-05-25T05:27:00Z,2025-06-08T06:03:00Z,2,3,3,resolution,The response was quick.
R002279,C001958,support,2025-05-25T06:58:00Z,2025-05-25T07:47:00Z,1,4,3,resolution,The information could be clearer.
R002280,C000184,support,2025-05-25T08:29:00Z,2025-05-25T09:05:00Z,1,6,3,resolution,I needed more than one contact.
R002281,C000248,service,2025-05-25T10:00:00Z,2025-05-25T12:12:00Z,1,10,4,experience,The information could be clearer.
R002282,C001258,service,2025-05-25T11:31:00Z,2025-05-25T13:19:00Z,1,7,2,schedule,The information could be clearer.
R002283,C001220,onboarding,2025-05-25T13:02:00Z,2025-05-25T15:29:00Z,1,6,2,information,The response was quick.
R002284,C001721,support,2025-05-25T14:33:00Z,2025-05-25T17:23:00Z,1,7,3,resolution,The waiting time affected the experience.
R002285,C002143,support,2025-05-25T16:04:00Z,2025-05-25T16:44:00Z,1,7,3,resolution,I needed more than one contact.
R002286,C001987,support,2025-05-25T17:35:00Z,2025-05-25T19:50:00Z,1,5,3,communication,The information could be clearer.
R002287,C002342,support,2025-05-25T19:06:00Z,2025-05-25T19:48:00Z,1,9,3,communication,The response was quick.
R002288,C000659,support,2025-05-25T20:37:00Z,2025-05-25T22:23:00Z,1,7,3,communication,The response was quick.
R002289,C000314,support,2025-05-25T22:08:00Z,2025-05-26T00:53:00Z,1,7,3,communication,The response was quick.
R002290,C001055,service,2025-05-25T23:39:00Z,2025-05-26T02:25:00Z,1,7,3,schedule,The response was quick.
R002291,C002025,onboarding,2025-05-26T01:10:00Z,2025-05-26T01:45:00Z,1,9,4,access,The waiting time affected the experience.
R002292,C002387,support,2025-05-26T02:41:00Z,2025-05-26T05:34:00Z,1,5,2,communication,I needed more than one contact.
R002293,C001382,service,2025-05-26T04:12:00Z,2025-05-26T06:36:00Z,1,7,5,schedule,The information could be clearer.
R002294,C000372,onboarding,2025-05-26T05:43:00Z,2025-05-26T06:45:00Z,1,8,5,access,The response was quick.
R002295,C001653,onboarding,2025-05-26T07:14:00Z,2025-06-09T08:07:00Z,2,5,5,information,The response was quick.
R002296,C000922,renewal,2025-05-26T08:45:00Z,2025-05-26T10:08:00Z,1,3,3,relationship,The information could be clearer.
R002297,C000837,service,2025-05-26T10:16:00Z,2025-05-26T11:09:00Z,1,9,3,schedule,Everything worked as expected.
R002298,C001983,support,2025-05-26T11:47:00Z,2025-05-26T12:06:00Z,1,4,4,communication,The information could be clearer.
R002299,C000780,service,2025-05-26T13:18:00Z,2025-05-26T13:54:00Z,1,10,4,schedule,The information could be clearer.
R002300,C002011,onboarding,2025-05-26T14:49:00Z,2025-05-26T15:04:00Z,1,7,4,access,I needed more than one contact.
R002301,C002168,service,2025-05-26T16:20:00Z,2025-05-26T18:42:00Z,1,4,4,experience,Everything worked as expected.
R002302,C002140,service,2025-05-26T17:51:00Z,2025-05-26T19:36:00Z,1,10,3,experience,The information could be clearer.
R002303,C002154,onboarding,2025-05-26T19:22:00Z,2025-05-26T21:03:00Z,1,6,4,information,The response was quick.
R002304,C001815,onboarding,2025-05-26T20:53:00Z,2025-05-26T22:43:00Z,1,8,3,information,The response was quick.
R002305,C001673,onboarding,2025-05-26T22:24:00Z,2025-05-27T00:02:00Z,1,5,3,information,The waiting time affected the experience.
R002306,C002394,service,2025-05-26T23:55:00Z,2025-05-27T00:41:00Z,1,3,4,schedule,The waiting time affected the experience.
R002307,C000246,support,2025-05-27T01:26:00Z,2025-05-27T02:39:00Z,1,6,3,communication,The response was quick.
R002308,C001528,service,2025-05-27T02:57:00Z,2025-05-27T04:06:00Z,1,10,5,experience,I needed more than one contact.
R002309,C000567,support,2025-05-27T04:28:00Z,2025-05-27T06:43:00Z,1,3,2,communication,I needed more than one contact.
R002310,C001924,renewal,2025-05-27T05:59:00Z,2025-05-27T07:09:00Z,1,5,4,relationship,The information could be clearer.
R002311,C000666,service,2025-05-27T07:30:00Z,2025-05-27T08:43:00Z,1,8,3,schedule,The waiting time affected the experience.
R002312,C001936,service,2025-05-27T09:01:00Z,2025-06-10T09:12:00Z,2,8,4,schedule,The information could be clearer.
R002313,C001408,support,2025-05-27T10:32:00Z,2025-05-27T13:32:00Z,1,9,2,communication,I needed more than one contact.
R002314,C001417,service,2025-05-27T12:03:00Z,2025-05-27T14:24:00Z,1,5,3,schedule,The waiting time affected the experience.
R002315,C000177,service,2025-05-27T13:34:00Z,2025-05-27T14:38:00Z,1,10,4,schedule,The response was quick.
R002316,C000854,service,2025-05-27T15:05:00Z,2025-05-27T17:46:00Z,1,8,4,experience,The information could be clearer.
R002317,C001633,service,2025-05-27T16:36:00Z,2025-05-27T17:10:00Z,1,7,4,schedule,I needed more than one contact.
R002318,C000289,support,2025-05-27T18:07:00Z,2025-05-27T21:07:00Z,1,8,3,resolution,Everything worked as expected.
R002319,C000785,renewal,2025-05-27T19:38:00Z,2025-05-27T21:24:00Z,1,6,5,relationship,The response was quick.
R002320,C000980,support,2025-05-27T21:09:00Z,2025-05-27T22:48:00Z,1,7,4,communication,The response was quick.
R002321,C000320,renewal,2025-05-27T22:40:00Z,2025-05-27T23:16:00Z,1,6,2,value,The response was quick.
R002322,C001381,onboarding,2025-05-28T00:11:00Z,2025-05-28T00:41:00Z,1,5,4,access,The response was quick.
R002323,C001031,renewal,2025-05-28T01:42:00Z,2025-05-28T03:56:00Z,1,6,5,value,Everything worked as expected.
R002324,C002048,onboarding,2025-05-28T03:13:00Z,2025-05-28T05:43:00Z,1,9,2,information,The information could be clearer.
R002325,C001849,onboarding,2025-05-28T04:44:00Z,2025-05-28T07:24:00Z,1,4,5,access,I needed more than one contact.
R002326,C001277,service,2025-05-28T06:15:00Z,2025-05-28T06:50:00Z,1,7,3,schedule,The waiting time affected the experience.
R002327,C000963,support,2025-05-28T07:46:00Z,2025-05-28T08:54:00Z,1,6,2,communication,The response was quick.
R002328,C001382,support,2025-05-28T09:17:00Z,2025-05-28T09:56:00Z,1,7,4,communication,The waiting time affected the experience.
R002329,C002396,service,2025-05-28T10:48:00Z,2025-06-11T11:16:00Z,2,9,4,experience,I needed more than one contact.
R002330,C000820,service,2025-05-28T12:19:00Z,2025-05-28T13:10:00Z,1,8,5,experience,Everything worked as expected.
R002331,C001570,renewal,2025-05-28T13:50:00Z,2025-05-28T14:09:00Z,1,8,3,relationship,The information could be clearer.
R002332,C000067,service,2025-05-28T15:21:00Z,2025-05-28T16:10:00Z,1,10,3,schedule,The waiting time affected the experience.
R002333,C001106,onboarding,2025-05-28T16:52:00Z,2025-05-28T17:46:00Z,1,8,4,information,The response was quick.
R002334,C000998,support,2025-05-28T18:23:00Z,2025-05-28T19:47:00Z,1,4,3,communication,The information could be clearer.
R002335,C001515,service,2025-05-28T19:54:00Z,2025-05-28T21:42:00Z,1,4,4,schedule,The response was quick.
R002336,C000924,support,2025-05-28T21:25:00Z,2025-05-28T21:58:00Z,1,9,5,resolution,Everything worked as expected.
R002337,C001952,renewal,2025-05-28T22:56:00Z,2025-05-29T00:15:00Z,1,6,3,relationship,The information could be clearer.
R002338,C001635,renewal,2025-05-29T00:27:00Z,2025-05-29T01:04:00Z,1,8,5,value,The information could be clearer.
R002339,C000783,service,2025-05-29T01:58:00Z,2025-05-29T03:34:00Z,1,10,3,experience,I needed more than one contact.
R002340,C000216,renewal,2025-05-29T03:29:00Z,2025-05-29T04:21:00Z,1,8,5,relationship,The information could be clearer.
R002341,C000742,onboarding,2025-05-29T05:00:00Z,2025-05-29T07:25:00Z,1,7,5,access,I needed more than one contact.
R002342,C001313,onboarding,2025-05-29T06:31:00Z,2025-05-29T08:50:00Z,1,4,4,information,The response was quick.
R002343,C000271,service,2025-05-29T08:02:00Z,2025-05-29T09:47:00Z,1,6,5,schedule,The waiting time affected the experience.
R002344,C000557,service,2025-05-29T09:33:00Z,2025-05-29T10:11:00Z,1,10,3,experience,I needed more than one contact.
R002345,C001358,onboarding,2025-05-29T11:04:00Z,2025-05-29T12:14:00Z,1,9,4,access,The information could be clearer.
R002346,C002005,support,2025-05-29T12:35:00Z,2025-06-12T13:20:00Z,2,4,4,resolution,The response was quick.
R002347,C000647,service,2025-05-29T14:06:00Z,2025-05-29T14:26:00Z,1,10,3,schedule,The response was quick.
R002348,C001580,onboarding,2025-05-29T15:37:00Z,2025-05-29T17:45:00Z,1,10,4,information,I needed more than one contact.
R002349,C002353,service,2025-05-29T17:08:00Z,2025-05-29T17:22:00Z,1,8,4,experience,Everything worked as expected.
R002350,C001374,service,2025-05-29T18:39:00Z,2025-05-29T20:33:00Z,1,10,3,experience,I needed more than one contact.
R002351,C002093,service,2025-05-29T20:10:00Z,2025-05-29T20:17:00Z,1,6,4,schedule,Everything worked as expected.
R002352,C002296,service,2025-05-29T21:41:00Z,2025-05-30T00:05:00Z,1,5,5,schedule,The information could be clearer.
R002353,C000331,service,2025-05-29T23:12:00Z,2025-05-29T23:32:00Z,1,10,5,schedule,The information could be clearer.
R002354,C001697,service,2025-05-30T00:43:00Z,2025-05-30T02:28:00Z,1,8,3,schedule,The response was quick.
R002355,C000110,support,2025-05-30T02:14:00Z,2025-05-30T02:38:00Z,1,3,3,communication,The information could be clearer.
R002356,C000462,support,2025-05-30T03:45:00Z,2025-05-30T04:49:00Z,1,8,3,resolution,The waiting time affected the experience.
R002357,C000405,renewal,2025-05-30T05:16:00Z,2025-05-30T08:15:00Z,1,6,5,relationship,Everything worked as expected.
R002358,C000790,renewal,2025-05-30T06:47:00Z,2025-05-30T07:20:00Z,1,6,3,value,The waiting time affected the experience.
R002359,C000697,renewal,2025-05-30T08:18:00Z,2025-05-30T08:51:00Z,1,8,4,relationship,Everything worked as expected.
R002360,C000538,support,2025-05-30T09:49:00Z,2025-05-30T12:36:00Z,1,9,1,resolution,The waiting time affected the experience.
R002361,C001104,service,2025-05-30T11:20:00Z,2025-05-30T12:45:00Z,1,9,5,experience,The information could be clearer.
R002362,C001934,support,2025-05-30T12:51:00Z,2025-05-30T14:09:00Z,1,5,4,resolution,I needed more than one contact.
R002363,C000289,service,2025-05-30T14:22:00Z,2025-06-13T14:25:00Z,2,6,5,experience,The information could be clearer.
R002364,C000020,support,2025-05-30T15:53:00Z,2025-05-30T18:34:00Z,1,9,3,resolution,The information could be clearer.
R002365,C000809,service,2025-05-30T17:24:00Z,2025-05-30T19:32:00Z,1,7,2,experience,Everything worked as expected.
R002366,C001430,renewal,2025-05-30T18:55:00Z,2025-05-30T19:24:00Z,1,8,5,relationship,The response was quick.
R002367,C001676,service,2025-05-30T20:26:00Z,2025-05-30T23:22:00Z,1,7,5,schedule,Everything worked as expected.
R002368,C002024,support,2025-05-30T21:57:00Z,2025-05-30T22:11:00Z,1,6,4,communication,The information could be clearer.
R002369,C000156,support,2025-05-30T23:28:00Z,2025-05-31T00:03:00Z,1,6,3,resolution,The response was quick.
R002370,C000442,renewal,2025-05-31T00:59:00Z,2025-05-31T02:07:00Z,1,7,2,relationship,I needed more than one contact.
R002371,C002000,support,2025-05-31T02:30:00Z,2025-05-31T04:05:00Z,1,8,2,communication,The information could be clearer.
R002372,C001032,onboarding,2025-05-31T04:01:00Z,2025-05-31T04:07:00Z,1,5,4,information,I needed more than one contact.
R002373,C000924,service,2025-05-31T05:32:00Z,2025-05-31T08:26:00Z,1,8,5,schedule,The waiting time affected the experience.
R002374,C001134,support,2025-05-31T07:03:00Z,2025-05-31T09:47:00Z,1,6,3,communication,I needed more than one contact.
R002375,C001992,renewal,2025-05-31T08:34:00Z,2025-05-31T10:13:00Z,1,5,3,relationship,I needed more than one contact.
R002376,C001203,support,2025-05-31T10:05:00Z,2025-05-31T12:30:00Z,1,7,4,resolution,The information could be clearer.
R002377,C001912,service,2025-05-31T11:36:00Z,2025-05-31T12:17:00Z,1,9,3,experience,Everything worked as expected.
R002378,C001772,service,2025-05-31T13:07:00Z,2025-05-31T13:59:00Z,1,5,5,experience,The waiting time affected the experience.
R002379,C000552,support,2025-05-31T14:38:00Z,2025-05-31T15:49:00Z,1,3,2,communication,The response was quick.
R002380,C001617,support,2025-05-31T16:09:00Z,2025-06-14T16:29:00Z,2,8,5,communication,Everything worked as expected.
R002381,C000930,support,2025-05-31T17:40:00Z,2025-05-31T18:06:00Z,1,7,3,communication,The response was quick.
R002382,C001626,onboarding,2025-05-31T19:11:00Z,2025-05-31T20:26:00Z,1,7,5,information,Everything worked as expected.
R002383,C002043,renewal,2025-05-31T20:42:00Z,2025-05-31T21:18:00Z,1,10,3,value,The information could be clearer.
R002384,C001652,onboarding,2025-05-31T22:13:00Z,2025-05-31T23:31:00Z,1,9,4,access,The information could be clearer.
R002385,C000800,onboarding,2025-05-31T23:44:00Z,2025-06-01T01:35:00Z,1,10,4,information,I needed more than one contact.
R002386,C001556,service,2025-06-01T01:15:00Z,2025-06-01T03:11:00Z,1,7,5,schedule,The response was quick.
R002387,C001529,service,2025-06-01T02:46:00Z,2025-06-01T05:13:00Z,1,7,4,experience,Everything worked as expected.
R002388,C001931,service,2025-06-01T04:17:00Z,2025-06-01T05:01:00Z,1,9,3,schedule,Everything worked as expected.
R002389,C001359,service,2025-06-01T05:48:00Z,2025-06-01T08:19:00Z,1,6,4,experience,Everything worked as expected.
R002390,C000182,onboarding,2025-06-01T07:19:00Z,2025-06-01T09:52:00Z,1,9,4,information,The response was quick.
R002391,C000609,service,2025-06-01T08:50:00Z,2025-06-01T09:03:00Z,1,5,2,experience,I needed more than one contact.
R002392,C000501,service,2025-06-01T10:21:00Z,2025-06-01T12:32:00Z,1,9,5,schedule,The information could be clearer.
R002393,C001781,service,2025-06-01T11:52:00Z,2025-06-01T13:20:00Z,1,7,4,experience,The information could be clearer.
R002394,C000904,support,2025-06-01T13:23:00Z,2025-06-01T14:55:00Z,1,7,2,resolution,The information could be clearer.
R002395,C001136,onboarding,2025-06-01T14:54:00Z,2025-06-01T16:01:00Z,1,10,4,access,The information could be clearer.
R002396,C000485,renewal,2025-06-01T16:25:00Z,2025-06-01T19:25:00Z,1,8,4,relationship,The response was quick.
R002397,C000066,support,2025-06-01T17:56:00Z,2025-06-15T18:33:00Z,2,5,3,communication,The response was quick.
R002398,C002271,support,2025-06-01T19:27:00Z,2025-06-01T22:13:00Z,1,7,3,communication,I needed more than one contact.
R002399,C001134,service,2025-06-01T20:58:00Z,2025-06-01T22:03:00Z,1,5,5,experience,The response was quick.
R002400,C002267,service,2025-06-01T22:29:00Z,2025-06-02T00:28:00Z,1,10,3,schedule,The information could be clearer.
R002401,C000785,onboarding,2025-06-02T00:00:00Z,2025-06-02T02:30:00Z,1,7,5,information,The response was quick.
R002402,C001760,renewal,2025-06-02T01:31:00Z,2025-06-02T03:58:00Z,1,6,4,value,The response was quick.
R002403,C000995,support,2025-06-02T03:02:00Z,2025-06-02T05:56:00Z,1,9,5,communication,The response was quick.
R002404,C001144,support,2025-06-02T04:33:00Z,2025-06-02T07:06:00Z,1,4,4,resolution,Everything worked as expected.
R002405,C000907,service,2025-06-02T06:04:00Z,2025-06-02T08:02:00Z,1,8,5,schedule,The waiting time affected the experience.
R002406,C002146,service,2025-06-02T07:35:00Z,2025-06-02T08:30:00Z,1,10,4,experience,The information could be clearer.
R002407,C001663,support,2025-06-02T09:06:00Z,2025-06-02T11:07:00Z,1,6,3,communication,The response was quick.
R002408,C000714,onboarding,2025-06-02T10:37:00Z,2025-06-02T12:54:00Z,1,6,4,access,Everything worked as expected.
R002409,C001063,support,2025-06-02T12:08:00Z,2025-06-02T14:09:00Z,1,9,3,resolution,I needed more than one contact.
R002410,C001017,onboarding,2025-06-02T13:39:00Z,2025-06-02T15:42:00Z,1,8,5,information,The response was quick.
R002411,C001496,renewal,2025-06-02T15:10:00Z,2025-06-02T15:26:00Z,1,7,4,value,The response was quick.
R002412,C001251,renewal,2025-06-02T16:41:00Z,2025-06-02T19:35:00Z,1,5,3,value,Everything worked as expected.
R002413,C002014,onboarding,2025-06-02T18:12:00Z,2025-06-02T20:08:00Z,1,9,3,access,I needed more than one contact.
R002414,C000448,onboarding,2025-06-02T19:43:00Z,2025-06-16T20:37:00Z,2,9,4,access,I needed more than one contact.
R002415,C002039,onboarding,2025-06-02T21:14:00Z,2025-06-02T22:46:00Z,1,8,4,access,The waiting time affected the experience.
R002416,C000933,support,2025-06-02T22:45:00Z,2025-06-03T01:43:00Z,1,7,4,communication,The response was quick.
R002417,C000546,support,2025-06-03T00:16:00Z,2025-06-03T00:38:00Z,1,6,5,communication,Everything worked as expected.
R002418,C000714,support,2025-06-03T01:47:00Z,2025-06-03T04:05:00Z,1,4,4,resolution,Everything worked as expected.
R002419,C001444,onboarding,2025-06-03T03:18:00Z,2025-06-03T03:32:00Z,1,7,4,information,The response was quick.
R002420,C002250,onboarding,2025-06-03T04:49:00Z,2025-06-03T06:27:00Z,1,5,4,information,The response was quick.
R002421,C001914,service,2025-06-03T06:20:00Z,2025-06-03T08:06:00Z,1,9,3,experience,Everything worked as expected.
R002422,C000538,service,2025-06-03T07:51:00Z,2025-06-03T08:13:00Z,1,10,4,experience,The waiting time affected the experience.
R002423,C001242,onboarding,2025-06-03T09:22:00Z,2025-06-03T11:40:00Z,1,6,5,access,I needed more than one contact.
R002424,C000664,service,2025-06-03T10:53:00Z,2025-06-03T12:05:00Z,1,7,4,experience,The waiting time affected the experience.
R002425,C001054,renewal,2025-06-03T12:24:00Z,2025-06-03T13:39:00Z,1,6,5,value,The waiting time affected the experience.
R002426,C000046,renewal,2025-06-03T13:55:00Z,2025-06-03T14:28:00Z,1,10,3,value,Everything worked as expected.
R002427,C000635,service,2025-06-03T15:26:00Z,2025-06-03T16:51:00Z,1,5,4,schedule,Everything worked as expected.
R002428,C000292,service,2025-06-03T16:57:00Z,2025-06-03T17:45:00Z,1,5,4,experience,Everything worked as expected.
R002429,C001726,support,2025-06-03T18:28:00Z,2025-06-03T21:18:00Z,1,9,3,resolution,Everything worked as expected.
R002430,C000627,support,2025-06-03T19:59:00Z,2025-06-03T22:23:00Z,1,9,3,resolution,I needed more than one contact.
R002431,C000247,service,2025-06-03T21:30:00Z,2025-06-17T21:42:00Z,2,6,4,schedule,The waiting time affected the experience.
R002432,C000414,support,2025-06-03T23:01:00Z,2025-06-03T23:43:00Z,1,4,4,communication,The information could be clearer.
R002433,C000980,support,2025-06-04T00:32:00Z,2025-06-04T01:05:00Z,1,4,2,resolution,The waiting time affected the experience.
R002434,C001886,onboarding,2025-06-04T02:03:00Z,2025-06-04T03:44:00Z,1,4,4,information,The response was quick.
R002435,C001588,service,2025-06-04T03:34:00Z,2025-06-04T05:29:00Z,1,8,3,schedule,I needed more than one contact.
R002436,C000367,support,2025-06-04T05:05:00Z,2025-06-04T07:12:00Z,1,6,3,communication,The response was quick.
R002437,C000333,service,2025-06-04T06:36:00Z,2025-06-04T07:27:00Z,1,8,3,experience,The information could be clearer.
R002438,C000521,service,2025-06-04T08:07:00Z,2025-06-04T09:29:00Z,1,9,3,experience,The information could be clearer.
R002439,C001512,renewal,2025-06-04T09:38:00Z,2025-06-04T11:07:00Z,1,7,3,value,The response was quick.
R002440,C000437,support,2025-06-04T11:09:00Z,2025-06-04T13:31:00Z,1,7,5,resolution,The response was quick.
R002441,C001668,renewal,2025-06-04T12:40:00Z,2025-06-04T14:04:00Z,1,6,3,relationship,The response was quick.
R002442,C002131,onboarding,2025-06-04T14:11:00Z,2025-06-04T15:30:00Z,1,9,5,access,Everything worked as expected.
R002443,C000852,renewal,2025-06-04T15:42:00Z,2025-06-04T15:59:00Z,1,8,3,value,I needed more than one contact.
R002444,C001118,onboarding,2025-06-04T17:13:00Z,2025-06-04T19:55:00Z,1,6,4,information,I needed more than one contact.
R002445,C000095,service,2025-06-04T18:44:00Z,2025-06-04T20:58:00Z,1,6,4,experience,Everything worked as expected.
R002446,C000638,onboarding,2025-06-04T20:15:00Z,2025-06-04T20:57:00Z,1,8,5,information,The information could be clearer.
R002447,C001032,renewal,2025-06-04T21:46:00Z,2025-06-04T23:45:00Z,1,8,4,value,The waiting time affected the experience.
R002448,C002259,onboarding,2025-06-04T23:17:00Z,2025-06-18T23:46:00Z,2,10,5,access,The information could be clearer.
R002449,C001938,onboarding,2025-06-05T00:48:00Z,2025-06-05T02:45:00Z,1,10,5,information,Everything worked as expected.
R002450,C000578,service,2025-06-05T02:19:00Z,2025-06-05T03:22:00Z,1,9,5,schedule,Everything worked as expected.
R002451,C002024,support,2025-06-05T03:50:00Z,2025-06-05T05:28:00Z,1,8,4,communication,The response was quick.
R002452,C001723,onboarding,2025-06-05T05:21:00Z,2025-06-05T08:10:00Z,1,7,4,access,The information could be clearer.
R002453,C001522,renewal,2025-06-05T06:52:00Z,2025-06-05T08:17:00Z,1,10,4,relationship,The response was quick.
R002454,C000900,service,2025-06-05T08:23:00Z,2025-06-05T10:29:00Z,1,6,3,schedule,The response was quick.
R002455,C002208,service,2025-06-05T09:54:00Z,2025-06-05T11:38:00Z,1,5,4,schedule,I needed more than one contact.
R002456,C001207,service,2025-06-05T11:25:00Z,2025-06-05T14:06:00Z,1,9,4,experience,I needed more than one contact.
R002457,C001357,service,2025-06-05T12:56:00Z,2025-06-05T13:59:00Z,1,10,3,schedule,I needed more than one contact.
R002458,C001295,support,2025-06-05T14:27:00Z,2025-06-05T15:05:00Z,1,6,3,resolution,The information could be clearer.
R002459,C000515,service,2025-06-05T15:58:00Z,2025-06-05T17:08:00Z,1,10,3,schedule,I needed more than one contact.
R002460,C000927,renewal,2025-06-05T17:29:00Z,2025-06-05T19:22:00Z,1,7,3,relationship,The information could be clearer.
R002461,C000765,service,2025-06-05T19:00:00Z,2025-06-05T20:56:00Z,1,8,3,experience,The information could be clearer.
R002462,C000383,service,2025-06-05T20:31:00Z,2025-06-05T21:20:00Z,1,4,3,experience,I needed more than one contact.
R002463,C000652,renewal,2025-06-05T22:02:00Z,2025-06-06T00:30:00Z,1,9,4,relationship,The response was quick.
R002464,C000369,support,2025-06-05T23:33:00Z,2025-06-06T01:09:00Z,1,4,3,resolution,The information could be clearer.
R002465,C002279,service,2025-06-06T01:04:00Z,2025-06-20T01:50:00Z,2,6,5,experience,The response was quick.
R002466,C000730,onboarding,2025-06-06T02:35:00Z,2025-06-06T04:06:00Z,1,10,4,information,The waiting time affected the experience.
R002467,C000143,onboarding,2025-06-06T04:06:00Z,2025-06-06T06:28:00Z,1,8,4,access,The response was quick.
R002468,C001748,service,2025-06-06T05:37:00Z,2025-06-06T05:56:00Z,1,5,3,experience,I needed more than one contact.
R002469,C001507,support,2025-06-06T07:08:00Z,2025-06-06T08:35:00Z,1,6,4,communication,The response was quick.
R002470,C000456,onboarding,2025-06-06T08:39:00Z,2025-06-06T09:22:00Z,1,10,4,information,I needed more than one contact.
R002471,C001092,support,2025-06-06T10:10:00Z,2025-06-06T12:19:00Z,1,7,3,resolution,The information could be clearer.
R002472,C002367,support,2025-06-06T11:41:00Z,2025-06-06T12:07:00Z,1,3,4,resolution,I needed more than one contact.
R002473,C001850,service,2025-06-06T13:12:00Z,2025-06-06T14:49:00Z,1,7,5,experience,The information could be clearer.
R002474,C000599,onboarding,2025-06-06T14:43:00Z,2025-06-06T15:51:00Z,1,7,5,information,The response was quick.
R002475,C002356,support,2025-06-06T16:14:00Z,2025-06-06T18:06:00Z,1,5,4,communication,Everything worked as expected.
R002476,C001263,service,2025-06-06T17:45:00Z,2025-06-06T20:27:00Z,1,10,4,experience,The waiting time affected the experience.
R002477,C001859,service,2025-06-06T19:16:00Z,2025-06-06T21:16:00Z,1,9,5,experience,The information could be clearer.
R002478,C002134,support,2025-06-06T20:47:00Z,2025-06-06T21:33:00Z,1,6,2,communication,Everything worked as expected.
R002479,C001549,support,2025-06-06T22:18:00Z,2025-06-06T22:54:00Z,1,7,3,communication,Everything worked as expected.
R002480,C001602,service,2025-06-06T23:49:00Z,2025-06-07T00:22:00Z,1,8,5,experience,The information could be clearer.
R002481,C000157,onboarding,2025-06-07T01:20:00Z,2025-06-07T02:45:00Z,1,4,5,information,The information could be clearer.
R002482,C001597,service,2025-06-07T02:51:00Z,2025-06-21T02:55:00Z,2,7,3,experience,The response was quick.
R002483,C000606,service,2025-06-07T04:22:00Z,2025-06-07T06:51:00Z,1,7,3,experience,The waiting time affected the experience.
R002484,C000913,renewal,2025-06-07T05:53:00Z,2025-06-07T08:37:00Z,1,6,3,value,The waiting time affected the experience.
R002485,C001867,service,2025-06-07T07:24:00Z,2025-06-07T10:02:00Z,1,6,2,experience,The waiting time affected the experience.
R002486,C000402,onboarding,2025-06-07T08:55:00Z,2025-06-07T10:28:00Z,1,6,5,information,I needed more than one contact.
R002487,C001236,onboarding,2025-06-07T10:26:00Z,2025-06-07T12:13:00Z,1,8,2,access,The information could be clearer.
R002488,C000589,support,2025-06-07T11:57:00Z,2025-06-07T13:23:00Z,1,5,3,communication,Everything worked as expected.
R002489,C001689,onboarding,2025-06-07T13:28:00Z,2025-06-07T14:38:00Z,1,9,4,access,Everything worked as expected.
R002490,C002175,service,2025-06-07T14:59:00Z,2025-06-07T15:56:00Z,1,7,5,experience,The waiting time affected the experience.
R002491,C001759,renewal,2025-06-07T16:30:00Z,2025-06-07T16:43:00Z,1,6,2,relationship,Everything worked as expected.
R002492,C001430,service,2025-06-07T18:01:00Z,2025-06-07T18:11:00Z,1,7,3,schedule,I needed more than one contact.
R002493,C000364,service,2025-06-07T19:32:00Z,2025-06-07T20:15:00Z,1,8,5,schedule,I needed more than one contact.
R002494,C001087,renewal,2025-06-07T21:03:00Z,2025-06-07T21:35:00Z,1,8,4,relationship,Everything worked as expected.
R002495,C000867,support,2025-06-07T22:34:00Z,2025-06-07T23:39:00Z,1,7,4,communication,Everything worked as expected.
R002496,C001239,onboarding,2025-06-08T00:05:00Z,2025-06-08T01:14:00Z,1,10,5,information,I needed more than one contact.
R002497,C001597,onboarding,2025-06-08T01:36:00Z,2025-06-08T01:48:00Z,1,7,4,information,The waiting time affected the experience.
R002498,C001405,renewal,2025-06-08T03:07:00Z,2025-06-08T04:55:00Z,1,4,4,relationship,Everything worked as expected.
R002499,C001673,renewal,2025-06-08T04:38:00Z,2025-06-22T04:59:00Z,2,6,4,relationship,Everything worked as expected.
R002500,C002373,renewal,2025-06-08T06:09:00Z,2025-06-08T07:37:00Z,1,7,4,relationship,Everything worked as expected.
R002501,C001031,renewal,2025-06-08T07:40:00Z,2025-06-08T07:53:00Z,1,6,4,value,I needed more than one contact.
R002502,C001959,support,2025-06-08T09:11:00Z,2025-06-08T11:14:00Z,1,6,3,resolution,The information could be clearer.
R002503,C001931,service,2025-06-08T10:42:00Z,2025-06-08T13:26:00Z,1,5,1,schedule,Everything worked as expected.
R002504,C000984,service,2025-06-08T12:13:00Z,2025-06-08T13:57:00Z,1,6,3,schedule,I needed more than one contact.
R002505,C000719,onboarding,2025-06-08T13:44:00Z,2025-06-08T14:45:00Z,1,9,5,information,The information could be clearer.
R002506,C000235,service,2025-06-08T15:15:00Z,2025-06-08T17:50:00Z,1,8,4,schedule,The response was quick.
R002507,C000833,service,2025-06-08T16:46:00Z,2025-06-08T17:18:00Z,1,7,5,schedule,I needed more than one contact.
R002508,C000392,renewal,2025-06-08T18:17:00Z,2025-06-08T18:26:00Z,1,10,4,value,The information could be clearer.
R002509,C000761,service,2025-06-08T19:48:00Z,2025-06-08T20:40:00Z,1,5,5,schedule,The response was quick.
R002510,C002111,service,2025-06-08T21:19:00Z,2025-06-09T00:01:00Z,1,7,5,experience,The response was quick.
R002511,C000393,onboarding,2025-06-08T22:50:00Z,2025-06-09T01:18:00Z,1,10,3,information,I needed more than one contact.
R002512,C000432,renewal,2025-06-09T00:21:00Z,2025-06-09T01:01:00Z,1,6,3,relationship,The response was quick.
R002513,C001140,support,2025-06-09T01:52:00Z,2025-06-09T02:19:00Z,1,4,3,resolution,The waiting time affected the experience.
R002514,C002374,onboarding,2025-06-09T03:23:00Z,2025-06-09T05:04:00Z,1,7,4,access,The response was quick.
R002515,C002336,support,2025-06-09T04:54:00Z,2025-06-09T07:44:00Z,1,5,5,communication,The response was quick.
R002516,C000704,service,2025-06-09T06:25:00Z,2025-06-23T07:03:00Z,2,8,5,experience,The response was quick.
R002517,C000276,support,2025-06-09T07:56:00Z,2025-06-09T09:37:00Z,1,6,4,communication,Everything worked as expected.
R002518,C000263,service,2025-06-09T09:27:00Z,2025-06-09T11:17:00Z,1,7,4,experience,The response was quick.
R002519,C000332,service,2025-06-09T10:58:00Z,2025-06-09T11:30:00Z,1,4,5,experience,The information could be clearer.
R002520,C000374,service,2025-06-09T12:29:00Z,2025-06-09T14:44:00Z,1,9,5,schedule,The information could be clearer.
R002521,C002127,renewal,2025-06-09T14:00:00Z,2025-06-09T15:55:00Z,1,10,3,relationship,Everything worked as expected.
R002522,C000853,service,2025-06-09T15:31:00Z,2025-06-09T18:28:00Z,1,4,3,schedule,The waiting time affected the experience.
R002523,C000583,support,2025-06-09T17:02:00Z,2025-06-09T18:31:00Z,1,7,2,resolution,The information could be clearer.
R002524,C000823,support,2025-06-09T18:33:00Z,2025-06-09T19:17:00Z,1,6,2,resolution,The response was quick.
R002525,C001858,support,2025-06-09T20:04:00Z,2025-06-09T22:17:00Z,1,4,4,communication,The response was quick.
R002526,C000241,support,2025-06-09T21:35:00Z,2025-06-09T22:52:00Z,1,5,1,communication,Everything worked as expected.
R002527,C000295,renewal,2025-06-09T23:06:00Z,2025-06-10T00:00:00Z,1,3,4,relationship,The waiting time affected the experience.
R002528,C000035,support,2025-06-10T00:37:00Z,2025-06-10T01:21:00Z,1,9,2,resolution,The information could be clearer.
R002529,C002198,service,2025-06-10T02:08:00Z,2025-06-10T03:13:00Z,1,7,3,schedule,The response was quick.
R002530,C001180,service,2025-06-10T03:39:00Z,2025-06-10T06:26:00Z,1,10,3,schedule,The waiting time affected the experience.
R002531,C000207,service,2025-06-10T05:10:00Z,2025-06-10T06:12:00Z,1,9,5,schedule,I needed more than one contact.
R002532,C001843,onboarding,2025-06-10T06:41:00Z,2025-06-10T07:21:00Z,1,10,4,information,The response was quick.
R002533,C000541,service,2025-06-10T08:12:00Z,2025-06-24T09:07:00Z,2,9,4,experience,The response was quick.
R002534,C001268,service,2025-06-10T09:43:00Z,2025-06-10T11:11:00Z,1,9,5,schedule,The waiting time affected the experience.
R002535,C000012,support,2025-06-10T11:14:00Z,2025-06-10T11:42:00Z,1,7,2,communication,I needed more than one contact.
R002536,C002156,support,2025-06-10T12:45:00Z,2025-06-10T13:53:00Z,1,10,3,communication,Everything worked as expected.
R002537,C000365,support,2025-06-10T14:16:00Z,2025-06-10T14:48:00Z,1,8,5,resolution,The response was quick.
R002538,C001031,renewal,2025-06-10T15:47:00Z,2025-06-10T17:09:00Z,1,6,4,value,The waiting time affected the experience.
R002539,C001148,support,2025-06-10T17:18:00Z,2025-06-10T19:55:00Z,1,5,3,communication,Everything worked as expected.
R002540,C000944,support,2025-06-10T18:49:00Z,2025-06-10T21:35:00Z,1,3,3,communication,The response was quick.
R002541,C001455,support,2025-06-10T20:20:00Z,2025-06-10T20:27:00Z,1,10,3,communication,The waiting time affected the experience.
R002542,C000294,renewal,2025-06-10T21:51:00Z,2025-06-11T00:05:00Z,1,8,4,relationship,The information could be clearer.
R002543,C000586,service,2025-06-10T23:22:00Z,2025-06-11T01:52:00Z,1,7,4,experience,The information could be clearer.
R002544,C001804,onboarding,2025-06-11T00:53:00Z,2025-06-11T01:24:00Z,1,5,4,access,The response was quick.
R002545,C000369,service,2025-06-11T02:24:00Z,2025-06-11T04:28:00Z,1,10,5,schedule,Everything worked as expected.
R002546,C001805,service,2025-06-11T03:55:00Z,2025-06-11T04:26:00Z,1,6,4,experience,I needed more than one contact.
R002547,C000411,onboarding,2025-06-11T05:26:00Z,2025-06-11T07:21:00Z,1,5,3,access,Everything worked as expected.
R002548,C000854,support,2025-06-11T06:57:00Z,2025-06-11T07:30:00Z,1,5,4,communication,The waiting time affected the experience.
R002549,C002112,service,2025-06-11T08:28:00Z,2025-06-11T09:54:00Z,1,8,5,schedule,The information could be clearer.
R002550,C001548,support,2025-06-11T09:59:00Z,2025-06-25T10:12:00Z,2,4,3,communication,I needed more than one contact.
R002551,C000644,renewal,2025-06-11T11:30:00Z,2025-06-11T11:55:00Z,1,7,4,relationship,I needed more than one contact.
R002552,C002247,support,2025-06-11T13:01:00Z,2025-06-11T15:25:00Z,1,5,4,communication,I needed more than one contact.
R002553,C001562,renewal,2025-06-11T14:32:00Z,2025-06-11T15:05:00Z,1,6,4,relationship,Everything worked as expected.
R002554,C002049,service,2025-06-11T16:03:00Z,2025-06-11T16:48:00Z,1,7,4,experience,I needed more than one contact.
R002555,C001360,support,2025-06-11T17:34:00Z,2025-06-11T18:38:00Z,1,6,3,communication,Everything worked as expected.
R002556,C000015,support,2025-06-11T19:05:00Z,2025-06-11T20:27:00Z,1,5,3,communication,I needed more than one contact.
R002557,C001285,support,2025-06-11T20:36:00Z,2025-06-11T22:57:00Z,1,7,3,resolution,I needed more than one contact.
R002558,C000128,support,2025-06-11T22:07:00Z,2025-06-12T00:53:00Z,1,4,4,resolution,I needed more than one contact.
R002559,C000661,renewal,2025-06-11T23:38:00Z,2025-06-12T00:38:00Z,1,10,4,value,Everything worked as expected.
R002560,C001058,service,2025-06-12T01:09:00Z,2025-06-12T03:45:00Z,1,8,5,experience,I needed more than one contact.
R002561,C000805,service,2025-06-12T02:40:00Z,2025-06-12T05:24:00Z,1,7,3,experience,Everything worked as expected.
R002562,C000733,service,2025-06-12T04:11:00Z,2025-06-12T04:35:00Z,1,7,4,schedule,The response was quick.
R002563,C000248,service,2025-06-12T05:42:00Z,2025-06-12T06:50:00Z,1,10,5,schedule,The information could be clearer.
R002564,C001428,renewal,2025-06-12T07:13:00Z,2025-06-12T10:02:00Z,1,8,3,relationship,I needed more than one contact.
R002565,C001483,service,2025-06-12T08:44:00Z,2025-06-12T09:58:00Z,1,6,3,schedule,The waiting time affected the experience.
R002566,C001935,onboarding,2025-06-12T10:15:00Z,2025-06-12T10:38:00Z,1,6,4,access,Everything worked as expected.
R002567,C001315,onboarding,2025-06-12T11:46:00Z,2025-06-26T12:16:00Z,2,9,5,access,I needed more than one contact.
R002568,C002308,onboarding,2025-06-12T13:17:00Z,2025-06-12T14:22:00Z,1,8,4,access,The information could be clearer.
R002569,C001622,onboarding,2025-06-12T14:48:00Z,2025-06-12T16:42:00Z,1,10,3,access,The response was quick.
R002570,C002275,onboarding,2025-06-12T16:19:00Z,2025-06-12T16:38:00Z,1,10,4,information,The response was quick.
R002571,C001815,support,2025-06-12T17:50:00Z,2025-06-12T18:01:00Z,1,3,2,resolution,The information could be clearer.
R002572,C001717,support,2025-06-12T19:21:00Z,2025-06-12T19:27:00Z,1,7,4,communication,The response was quick.
R002573,C000854,renewal,2025-06-12T20:52:00Z,2025-06-12T22:28:00Z,1,5,4,relationship,The information could be clearer.
R002574,C002198,service,2025-06-12T22:23:00Z,2025-06-12T22:55:00Z,1,8,3,experience,The information could be clearer.
R002575,C002164,renewal,2025-06-12T23:54:00Z,2025-06-13T00:51:00Z,1,5,4,value,The response was quick.
R002576,C001170,service,2025-06-13T01:25:00Z,2025-06-13T02:07:00Z,1,8,4,experience,Everything worked as expected.
R002577,C000601,onboarding,2025-06-13T02:56:00Z,2025-06-13T04:18:00Z,1,9,4,access,Everything worked as expected.
R002578,C000773,support,2025-06-13T04:27:00Z,2025-06-13T06:14:00Z,1,9,4,resolution,The information could be clearer.
R002579,C001860,service,2025-06-13T05:58:00Z,2025-06-13T07:32:00Z,1,7,5,experience,I needed more than one contact.
R002580,C000815,renewal,2025-06-13T07:29:00Z,2025-06-13T09:15:00Z,1,5,4,value,Everything worked as expected.
R002581,C001204,service,2025-06-13T09:00:00Z,2025-06-13T11:49:00Z,1,8,5,experience,I needed more than one contact.
R002582,C002246,service,2025-06-13T10:31:00Z,2025-06-13T11:33:00Z,1,10,3,schedule,The response was quick.
R002583,C001545,support,2025-06-13T12:02:00Z,2025-06-13T14:47:00Z,1,6,4,communication,I needed more than one contact.
R002584,C001963,support,2025-06-13T13:33:00Z,2025-06-27T14:20:00Z,2,5,5,resolution,The response was quick.
R002585,C001746,service,2025-06-13T15:04:00Z,2025-06-13T16:05:00Z,1,7,5,experience,The information could be clearer.
R002586,C000134,onboarding,2025-06-13T16:35:00Z,2025-06-13T18:13:00Z,1,10,5,information,The information could be clearer.
R002587,C001090,service,2025-06-13T18:06:00Z,2025-06-13T19:22:00Z,1,9,4,schedule,The information could be clearer.
R002588,C001330,service,2025-06-13T19:37:00Z,2025-06-13T21:02:00Z,1,5,2,experience,I needed more than one contact.
R002589,C002304,service,2025-06-13T21:08:00Z,2025-06-13T22:54:00Z,1,9,5,experience,The response was quick.
R002590,C002010,service,2025-06-13T22:39:00Z,2025-06-13T22:48:00Z,1,6,5,experience,Everything worked as expected.
R002591,C000601,service,2025-06-14T00:10:00Z,2025-06-14T01:28:00Z,1,9,4,experience,The information could be clearer.
R002592,C001958,onboarding,2025-06-14T01:41:00Z,2025-06-14T04:37:00Z,1,8,4,information,The response was quick.
R002593,C002208,support,2025-06-14T03:12:00Z,2025-06-14T04:28:00Z,1,6,3,communication,The waiting time affected the experience.
R002594,C001575,service,2025-06-14T04:43:00Z,2025-06-14T06:00:00Z,1,9,3,experience,The response was quick.
R002595,C001278,service,2025-06-14T06:14:00Z,2025-06-14T07:06:00Z,1,8,3,experience,The waiting time affected the experience.
R002596,C002396,support,2025-06-14T07:45:00Z,2025-06-14T10:31:00Z,1,10,3,communication,The response was quick.
R002597,C001771,support,2025-06-14T09:16:00Z,2025-06-14T09:35:00Z,1,10,4,resolution,Everything worked as expected.
R002598,C000539,renewal,2025-06-14T10:47:00Z,2025-06-14T12:10:00Z,1,6,4,value,The response was quick.
R002599,C001329,service,2025-06-14T12:18:00Z,2025-06-14T14:45:00Z,1,8,3,schedule,The response was quick.
R002600,C000474,renewal,2025-06-14T13:49:00Z,2025-06-14T14:25:00Z,1,6,5,value,I needed more than one contact.
R002601,C001438,support,2025-06-14T15:20:00Z,2025-06-28T15:25:00Z,2,9,1,resolution,The response was quick.
R002602,C001577,service,2025-06-14T16:51:00Z,2025-06-14T18:22:00Z,1,8,4,experience,The information could be clearer.
R002603,C000100,onboarding,2025-06-14T18:22:00Z,2025-06-14T18:59:00Z,1,9,3,access,I needed more than one contact.
R002604,C002234,support,2025-06-14T19:53:00Z,2025-06-14T21:42:00Z,1,5,4,resolution,I needed more than one contact.
R002605,C001291,service,2025-06-14T21:24:00Z,2025-06-15T00:02:00Z,1,6,3,experience,The information could be clearer.
R002606,C000114,support,2025-06-14T22:55:00Z,2025-06-15T00:30:00Z,1,3,5,resolution,The response was quick.
R002607,C002367,support,2025-06-15T00:26:00Z,2025-06-15T00:50:00Z,1,8,4,communication,Everything worked as expected.
R002608,C000408,onboarding,2025-06-15T01:57:00Z,2025-06-15T02:56:00Z,1,7,5,access,The information could be clearer.
R002609,C001679,service,2025-06-15T03:28:00Z,2025-06-15T05:22:00Z,1,8,4,schedule,Everything worked as expected.
R002610,C002368,support,2025-06-15T04:59:00Z,2025-06-15T05:29:00Z,1,5,4,communication,The response was quick.
R002611,C001015,onboarding,2025-06-15T06:30:00Z,2025-06-15T08:09:00Z,1,10,5,information,I needed more than one contact.
R002612,C001568,onboarding,2025-06-15T08:01:00Z,2025-06-15T08:27:00Z,1,7,4,access,Everything worked as expected.
R002613,C000904,service,2025-06-15T09:32:00Z,2025-06-15T11:10:00Z,1,8,5,experience,I needed more than one contact.
R002614,C000919,service,2025-06-15T11:03:00Z,2025-06-15T11:32:00Z,1,3,3,experience,I needed more than one contact.
R002615,C000851,renewal,2025-06-15T12:34:00Z,2025-06-15T14:50:00Z,1,5,5,value,The waiting time affected the experience.
R002616,C001186,support,2025-06-15T14:05:00Z,2025-06-15T14:31:00Z,1,6,4,communication,The waiting time affected the experience.
R002617,C000856,support,2025-06-15T15:36:00Z,2025-06-15T18:16:00Z,1,7,4,communication,The response was quick.
R002618,C002222,service,2025-06-15T17:07:00Z,2025-06-29T17:29:00Z,2,7,5,experience,The information could be clearer.
R002619,C000575,onboarding,2025-06-15T18:38:00Z,2025-06-15T19:04:00Z,1,6,4,access,The information could be clearer.
R002620,C000712,service,2025-06-15T20:09:00Z,2025-06-15T22:20:00Z,1,7,5,schedule,The waiting time affected the experience.
R002621,C000959,service,2025-06-15T21:40:00Z,2025-06-16T00:00:00Z,1,9,5,schedule,I needed more than one contact.
R002622,C002231,support,2025-06-15T23:11:00Z,2025-06-16T00:45:00Z,1,5,5,communication,The response was quick.
R002623,C001466,service,2025-06-16T00:42:00Z,2025-06-16T02:22:00Z,1,6,2,schedule,The waiting time affected the experience.
R002624,C000735,onboarding,2025-06-16T02:13:00Z,2025-06-16T02:54:00Z,1,5,5,access,Everything worked as expected.
R002625,C002137,renewal,2025-06-16T03:44:00Z,2025-06-16T06:17:00Z,1,7,3,relationship,The information could be clearer.
R002626,C000678,support,2025-06-16T05:15:00Z,2025-06-16T07:33:00Z,1,3,3,resolution,I needed more than one contact.
R002627,C000067,renewal,2025-06-16T06:46:00Z,2025-06-16T07:08:00Z,1,7,5,relationship,Everything worked as expected.
R002628,C001784,renewal,2025-06-16T08:17:00Z,2025-06-16T08:44:00Z,1,6,5,value,Everything worked as expected.
R002629,C002073,support,2025-06-16T09:48:00Z,2025-06-16T09:54:00Z,1,7,3,resolution,The information could be clearer.
R002630,C000970,onboarding,2025-06-16T11:19:00Z,2025-06-16T11:55:00Z,1,8,4,information,I needed more than one contact.
R002631,C001646,renewal,2025-06-16T12:50:00Z,2025-06-16T13:35:00Z,1,4,4,value,The waiting time affected the experience.
R002632,C001649,onboarding,2025-06-16T14:21:00Z,2025-06-16T14:54:00Z,1,6,5,information,The response was quick.
R002633,C002208,onboarding,2025-06-16T15:52:00Z,2025-06-16T17:42:00Z,1,7,3,access,The information could be clearer.
R002634,C000813,renewal,2025-06-16T17:23:00Z,2025-06-16T20:07:00Z,1,8,4,value,The waiting time affected the experience.
R002635,C002359,support,2025-06-16T18:54:00Z,2025-06-30T19:33:00Z,2,5,3,communication,I needed more than one contact.
R002636,C001553,service,2025-06-16T20:25:00Z,2025-06-16T21:28:00Z,1,7,4,experience,The information could be clearer.
R002637,C002196,support,2025-06-16T21:56:00Z,2025-06-16T22:40:00Z,1,8,2,communication,I needed more than one contact.
R002638,C001078,renewal,2025-06-16T23:27:00Z,2025-06-17T01:13:00Z,1,5,3,relationship,The information could be clearer.
R002639,C002161,support,2025-06-17T00:58:00Z,2025-06-17T03:58:00Z,1,4,4,resolution,The response was quick.
R002640,C000072,renewal,2025-06-17T02:29:00Z,2025-06-17T03:26:00Z,1,10,3,value,Everything worked as expected.
R002641,C002305,onboarding,2025-06-17T04:00:00Z,2025-06-17T05:25:00Z,1,10,5,information,I needed more than one contact.
R002642,C000539,onboarding,2025-06-17T05:31:00Z,2025-06-17T08:28:00Z,1,9,5,access,Everything worked as expected.
R002643,C001585,support,2025-06-17T07:02:00Z,2025-06-17T09:22:00Z,1,5,2,communication,The waiting time affected the experience.
R002644,C001171,onboarding,2025-06-17T08:33:00Z,2025-06-17T09:13:00Z,1,9,4,information,The information could be clearer.
R002645,C002153,support,2025-06-17T10:04:00Z,2025-06-17T12:46:00Z,1,7,3,communication,I needed more than one contact.
R002646,C000418,support,2025-06-17T11:35:00Z,2025-06-17T13:43:00Z,1,7,2,resolution,The waiting time affected the experience.
R002647,C002079,service,2025-06-17T13:06:00Z,2025-06-17T15:13:00Z,1,8,4,experience,The response was quick.
R002648,C001105,onboarding,2025-06-17T14:37:00Z,2025-06-17T16:41:00Z,1,9,4,access,I needed more than one contact.
R002649,C000172,service,2025-06-17T16:08:00Z,2025-06-17T18:09:00Z,1,9,3,experience,The response was quick.
R002650,C001627,service,2025-06-17T17:39:00Z,2025-06-17T19:41:00Z,1,7,2,schedule,I needed more than one contact.
R002651,C000677,support,2025-06-17T19:10:00Z,2025-06-17T20:54:00Z,1,6,3,communication,The waiting time affected the experience.
R002652,C000654,service,2025-06-17T20:41:00Z,2025-07-01T21:37:00Z,2,8,4,experience,The information could be clearer.
R002653,C000049,support,2025-06-17T22:12:00Z,2025-06-17T22:36:00Z,1,8,5,communication,I needed more than one contact.
R002654,C000070,renewal,2025-06-17T23:43:00Z,2025-06-18T01:31:00Z,1,10,4,relationship,The response was quick.
R002655,C001052,service,2025-06-18T01:14:00Z,2025-06-18T04:07:00Z,1,8,5,experience,The waiting time affected the experience.
R002656,C000364,support,2025-06-18T02:45:00Z,2025-06-18T04:40:00Z,1,9,3,communication,The information could be clearer.
R002657,C001905,service,2025-06-18T04:16:00Z,2025-06-18T04:24:00Z,1,10,4,experience,The response was quick.
R002658,C000139,service,2025-06-18T05:47:00Z,2025-06-18T08:12:00Z,1,7,5,experience,The waiting time affected the experience.
R002659,C002155,renewal,2025-06-18T07:18:00Z,2025-06-18T08:28:00Z,1,5,5,relationship,I needed more than one contact.
R002660,C001161,service,2025-06-18T08:49:00Z,2025-06-18T09:07:00Z,1,9,4,schedule,I needed more than one contact.
R002661,C001125,service,2025-06-18T10:20:00Z,2025-06-18T12:37:00Z,1,8,5,experience,The waiting time affected the experience.
R002662,C000697,renewal,2025-06-18T11:51:00Z,2025-06-18T14:26:00Z,1,8,4,relationship,The response was quick.
R002663,C001523,support,2025-06-18T13:22:00Z,2025-06-18T15:09:00Z,1,6,3,resolution,The response was quick.
R002664,C000692,service,2025-06-18T14:53:00Z,2025-06-18T15:46:00Z,1,9,3,schedule,The response was quick.
R002665,C000465,support,2025-06-18T16:24:00Z,2025-06-18T16:39:00Z,1,7,3,resolution,The information could be clearer.
R002666,C000902,service,2025-06-18T17:55:00Z,2025-06-18T20:11:00Z,1,6,4,schedule,Everything worked as expected.
R002667,C001240,service,2025-06-18T19:26:00Z,2025-06-18T19:33:00Z,1,7,2,experience,I needed more than one contact.
R002668,C000307,service,2025-06-18T20:57:00Z,2025-06-18T21:50:00Z,1,9,3,schedule,The information could be clearer.
R002669,C001782,service,2025-06-18T22:28:00Z,2025-07-02T22:42:00Z,2,7,3,schedule,The waiting time affected the experience.
R002670,C001204,service,2025-06-18T23:59:00Z,2025-06-19T01:35:00Z,1,5,5,experience,The response was quick.
R002671,C002268,service,2025-06-19T01:30:00Z,2025-06-19T02:06:00Z,1,8,5,schedule,The information could be clearer.
R002672,C002154,support,2025-06-19T03:01:00Z,2025-06-19T06:01:00Z,1,5,4,communication,Everything worked as expected.
R002673,C001435,renewal,2025-06-19T04:32:00Z,2025-06-19T06:13:00Z,1,7,3,relationship,The response was quick.
R002674,C000657,service,2025-06-19T06:03:00Z,2025-06-19T08:08:00Z,1,6,3,schedule,The response was quick.
R002675,C001236,service,2025-06-19T07:34:00Z,2025-06-19T08:58:00Z,1,3,5,experience,The information could be clearer.
R002676,C001793,support,2025-06-19T09:05:00Z,2025-06-19T10:14:00Z,1,7,3,communication,The information could be clearer.
R002677,C000506,support,2025-06-19T10:36:00Z,2025-06-19T11:13:00Z,1,3,5,communication,I needed more than one contact.
R002678,C001746,onboarding,2025-06-19T12:07:00Z,2025-06-19T13:28:00Z,1,8,5,information,The response was quick.
R002679,C001439,support,2025-06-19T13:38:00Z,2025-06-19T14:00:00Z,1,6,3,communication,The information could be clearer.
R002680,C000991,service,2025-06-19T15:09:00Z,2025-06-19T17:06:00Z,1,7,2,schedule,I needed more than one contact.
R002681,C000631,service,2025-06-19T16:40:00Z,2025-06-19T17:07:00Z,1,6,3,experience,The waiting time affected the experience.
R002682,C001902,onboarding,2025-06-19T18:11:00Z,2025-06-19T19:49:00Z,1,5,3,access,I needed more than one contact.
R002683,C001184,onboarding,2025-06-19T19:42:00Z,2025-06-19T21:53:00Z,1,8,5,information,The waiting time affected the experience.
R002684,C000512,renewal,2025-06-19T21:13:00Z,2025-06-19T23:37:00Z,1,6,4,relationship,The information could be clearer.
R002685,C001098,service,2025-06-19T22:44:00Z,2025-06-20T00:06:00Z,1,9,3,schedule,Everything worked as expected.
R002686,C000612,support,2025-06-20T00:15:00Z,2025-07-04T00:46:00Z,2,7,2,resolution,Everything worked as expected.
R002687,C001230,onboarding,2025-06-20T01:46:00Z,2025-06-20T04:03:00Z,1,8,5,access,I needed more than one contact.
R002688,C001636,onboarding,2025-06-20T03:17:00Z,2025-06-20T03:53:00Z,1,8,5,information,Everything worked as expected.
R002689,C001526,service,2025-06-20T04:48:00Z,2025-06-20T07:01:00Z,1,10,3,schedule,The information could be clearer.
R002690,C001405,service,2025-06-20T06:19:00Z,2025-06-20T07:29:00Z,1,6,4,schedule,The response was quick.
R002691,C001789,support,2025-06-20T07:50:00Z,2025-06-20T07:55:00Z,1,7,2,communication,The information could be clearer.
R002692,C001222,onboarding,2025-06-20T09:21:00Z,2025-06-20T10:05:00Z,1,10,5,access,The waiting time affected the experience.
R002693,C000462,renewal,2025-06-20T10:52:00Z,2025-06-20T13:04:00Z,1,7,4,relationship,The response was quick.
R002694,C000986,service,2025-06-20T12:23:00Z,2025-06-20T13:29:00Z,1,3,3,experience,The waiting time affected the experience.
R002695,C001767,service,2025-06-20T13:54:00Z,2025-06-20T15:54:00Z,1,8,5,experience,The waiting time affected the experience.
R002696,C002012,onboarding,2025-06-20T15:25:00Z,2025-06-20T16:10:00Z,1,5,3,information,The response was quick.
R002697,C000040,support,2025-06-20T16:56:00Z,2025-06-20T17:34:00Z,1,7,4,communication,The waiting time affected the experience.
R002698,C000449,onboarding,2025-06-20T18:27:00Z,2025-06-20T20:33:00Z,1,7,4,information,Everything worked as expected.
R002699,C000298,onboarding,2025-06-20T19:58:00Z,2025-06-20T20:32:00Z,1,6,4,information,Everything worked as expected.
R002700,C000141,renewal,2025-06-20T21:29:00Z,2025-06-20T22:05:00Z,1,7,3,value,Everything worked as expected.
R002701,C001102,service,2025-06-20T23:00:00Z,2025-06-21T01:15:00Z,1,10,3,experience,The waiting time affected the experience.
R002702,C001558,renewal,2025-06-21T00:31:00Z,2025-06-21T02:28:00Z,1,2,4,relationship,The waiting time affected the experience.
R002703,C001193,support,2025-06-21T02:02:00Z,2025-07-05T02:50:00Z,2,8,1,communication,I needed more than one contact.
R002704,C001406,renewal,2025-06-21T03:33:00Z,2025-06-21T04:40:00Z,1,6,4,value,The waiting time affected the experience.
R002705,C002166,onboarding,2025-06-21T05:04:00Z,2025-06-21T06:20:00Z,1,7,5,information,The information could be clearer.
R002706,C000612,support,2025-06-21T06:35:00Z,2025-06-21T07:14:00Z,1,4,4,resolution,The information could be clearer.
R002707,C002069,service,2025-06-21T08:06:00Z,2025-06-21T09:32:00Z,1,6,3,experience,Everything worked as expected.
R002708,C001113,service,2025-06-21T09:37:00Z,2025-06-21T12:29:00Z,1,6,5,schedule,The information could be clearer.
R002709,C001624,support,2025-06-21T11:08:00Z,2025-06-21T13:39:00Z,1,6,5,communication,I needed more than one contact.
R002710,C001940,onboarding,2025-06-21T12:39:00Z,2025-06-21T14:23:00Z,1,5,4,access,Everything worked as expected.
R002711,C002261,service,2025-06-21T14:10:00Z,2025-06-21T14:19:00Z,1,7,3,schedule,Everything worked as expected.
R002712,C001821,onboarding,2025-06-21T15:41:00Z,2025-06-21T15:59:00Z,1,8,3,access,I needed more than one contact.
R002713,C002311,support,2025-06-21T17:12:00Z,2025-06-21T19:28:00Z,1,5,4,resolution,The response was quick.
R002714,C000716,service,2025-06-21T18:43:00Z,2025-06-21T20:22:00Z,1,8,5,schedule,The response was quick.
R002715,C000383,service,2025-06-21T20:14:00Z,2025-06-21T22:24:00Z,1,5,3,experience,Everything worked as expected.
R002716,C002364,service,2025-06-21T21:45:00Z,2025-06-22T00:40:00Z,1,8,3,schedule,The waiting time affected the experience.
R002717,C002256,service,2025-06-21T23:16:00Z,2025-06-21T23:47:00Z,1,10,3,experience,Everything worked as expected.
R002718,C002390,service,2025-06-22T00:47:00Z,2025-06-22T02:38:00Z,1,5,4,schedule,The information could be clearer.
R002719,C000396,renewal,2025-06-22T02:18:00Z,2025-06-22T05:15:00Z,1,8,3,value,The response was quick.
R002720,C000179,service,2025-06-22T03:49:00Z,2025-07-06T03:55:00Z,2,5,4,experience,The response was quick.
R002721,C002100,onboarding,2025-06-22T05:20:00Z,2025-06-22T07:57:00Z,1,9,4,access,The waiting time affected the experience.
R002722,C000865,support,2025-06-22T06:51:00Z,2025-06-22T07:29:00Z,1,3,3,resolution,The response was quick.
R002723,C000798,service,2025-06-22T08:22:00Z,2025-06-22T10:24:00Z,1,6,4,schedule,The waiting time affected the experience.
R002724,C001148,renewal,2025-06-22T09:53:00Z,2025-06-22T12:14:00Z,1,6,4,value,The waiting time affected the experience.
R002725,C000800,onboarding,2025-06-22T11:24:00Z,2025-06-22T12:12:00Z,1,10,5,access,The waiting time affected the experience.
R002726,C001651,onboarding,2025-06-22T12:55:00Z,2025-06-22T15:17:00Z,1,10,4,access,Everything worked as expected.
R002727,C001545,onboarding,2025-06-22T14:26:00Z,2025-06-22T16:50:00Z,1,10,3,access,The information could be clearer.
R002728,C000302,onboarding,2025-06-22T15:57:00Z,2025-06-22T18:53:00Z,1,5,5,information,The waiting time affected the experience.
R002729,C001212,renewal,2025-06-22T17:28:00Z,2025-06-22T18:44:00Z,1,7,4,relationship,The response was quick.
R002730,C000440,onboarding,2025-06-22T18:59:00Z,2025-06-22T21:23:00Z,1,8,5,information,Everything worked as expected.
R002731,C001138,support,2025-06-22T20:30:00Z,2025-06-22T23:01:00Z,1,5,5,communication,The information could be clearer.
R002732,C001532,service,2025-06-22T22:01:00Z,2025-06-22T22:29:00Z,1,10,3,schedule,The waiting time affected the experience.
R002733,C002320,onboarding,2025-06-22T23:32:00Z,2025-06-23T01:40:00Z,1,5,5,access,The response was quick.
R002734,C000022,onboarding,2025-06-23T01:03:00Z,2025-06-23T02:53:00Z,1,8,4,information,I needed more than one contact.
R002735,C001515,support,2025-06-23T02:34:00Z,2025-06-23T03:48:00Z,1,5,3,communication,The response was quick.
R002736,C001169,service,2025-06-23T04:05:00Z,2025-06-23T04:10:00Z,1,7,5,schedule,The information could be clearer.
R002737,C000530,onboarding,2025-06-23T05:36:00Z,2025-07-07T05:59:00Z,2,7,5,information,The waiting time affected the experience.
R002738,C000304,renewal,2025-06-23T07:07:00Z,2025-06-23T09:26:00Z,1,8,3,value,The waiting time affected the experience.
R002739,C000146,service,2025-06-23T08:38:00Z,2025-06-23T11:29:00Z,1,7,4,experience,I needed more than one contact.
R002740,C000592,service,2025-06-23T10:09:00Z,2025-06-23T12:02:00Z,1,10,4,experience,Everything worked as expected.
R002741,C000355,onboarding,2025-06-23T11:40:00Z,2025-06-23T13:54:00Z,1,6,3,information,I needed more than one contact.
R002742,C000459,renewal,2025-06-23T13:11:00Z,2025-06-23T14:13:00Z,1,10,4,relationship,The waiting time affected the experience.
R002743,C002174,support,2025-06-23T14:42:00Z,2025-06-23T15:46:00Z,1,6,3,resolution,I needed more than one contact.
R002744,C001879,onboarding,2025-06-23T16:13:00Z,2025-06-23T16:46:00Z,1,9,5,information,I needed more than one contact.
R002745,C002194,onboarding,2025-06-23T17:44:00Z,2025-06-23T19:48:00Z,1,7,5,information,Everything worked as expected.
R002746,C000861,renewal,2025-06-23T19:15:00Z,2025-06-23T21:33:00Z,1,7,4,relationship,Everything worked as expected.
R002747,C000101,support,2025-06-23T20:46:00Z,2025-06-23T21:26:00Z,1,7,2,resolution,Everything worked as expected.
R002748,C000232,service,2025-06-23T22:17:00Z,2025-06-23T23:51:00Z,1,7,4,schedule,The information could be clearer.
R002749,C000794,service,2025-06-23T23:48:00Z,2025-06-24T02:16:00Z,1,10,4,experience,The response was quick.
R002750,C002331,onboarding,2025-06-24T01:19:00Z,2025-06-24T02:23:00Z,1,9,3,information,The waiting time affected the experience.
R002751,C001967,support,2025-06-24T02:50:00Z,2025-06-24T04:53:00Z,1,4,3,communication,I needed more than one contact.
R002752,C002266,support,2025-06-24T04:21:00Z,2025-06-24T04:30:00Z,1,7,4,resolution,The response was quick.
R002753,C000853,service,2025-06-24T05:52:00Z,2025-06-24T07:04:00Z,1,8,5,schedule,I needed more than one contact.
R002754,C000171,support,2025-06-24T07:23:00Z,2025-07-08T08:03:00Z,2,6,4,resolution,The waiting time affected the experience.
R002755,C002231,support,2025-06-24T08:54:00Z,2025-06-24T10:46:00Z,1,6,4,communication,The information could be clearer.
R002756,C000931,service,2025-06-24T10:25:00Z,2025-06-24T10:35:00Z,1,9,5,experience,Everything worked as expected.
R002757,C001546,service,2025-06-24T11:56:00Z,2025-06-24T14:53:00Z,1,8,5,schedule,The response was quick.
R002758,C002142,service,2025-06-24T13:27:00Z,2025-06-24T13:40:00Z,1,8,5,schedule,I needed more than one contact.
R002759,C000010,support,2025-06-24T14:58:00Z,2025-06-24T17:57:00Z,1,4,4,resolution,The information could be clearer.
R002760,C002139,support,2025-06-24T16:29:00Z,2025-06-24T17:06:00Z,1,10,3,resolution,The response was quick.
R002761,C002374,onboarding,2025-06-24T18:00:00Z,2025-06-24T20:24:00Z,1,10,4,access,The waiting time affected the experience.
R002762,C001300,support,2025-06-24T19:31:00Z,2025-06-24T20:01:00Z,1,5,4,communication,I needed more than one contact.
R002763,C002114,onboarding,2025-06-24T21:02:00Z,2025-06-24T23:27:00Z,1,8,4,access,I needed more than one contact.
R002764,C000059,onboarding,2025-06-24T22:33:00Z,2025-06-24T22:55:00Z,1,9,5,access,The information could be clearer.
R002765,C001780,onboarding,2025-06-25T00:04:00Z,2025-06-25T00:54:00Z,1,7,5,information,The response was quick.
R002766,C000013,support,2025-06-25T01:35:00Z,2025-06-25T02:47:00Z,1,10,4,resolution,The response was quick.
R002767,C002218,onboarding,2025-06-25T03:06:00Z,2025-06-25T03:35:00Z,1,9,5,information,The information could be clearer.
R002768,C000148,service,2025-06-25T04:37:00Z,2025-06-25T06:40:00Z,1,10,3,experience,The information could be clearer.
R002769,C002364,onboarding,2025-06-25T06:08:00Z,2025-06-25T08:44:00Z,1,9,4,access,The response was quick.
R002770,C002314,onboarding,2025-06-25T07:39:00Z,2025-06-25T09:53:00Z,1,7,3,information,The information could be clearer.
R002771,C002237,onboarding,2025-06-25T09:10:00Z,2025-07-09T10:07:00Z,2,10,5,access,The response was quick.
R002772,C001202,support,2025-06-25T10:41:00Z,2025-06-25T10:48:00Z,1,4,3,communication,Everything worked as expected.
R002773,C000917,renewal,2025-06-25T12:12:00Z,2025-06-25T13:01:00Z,1,10,3,value,The waiting time affected the experience.
R002774,C000621,renewal,2025-06-25T13:43:00Z,2025-06-25T14:02:00Z,1,3,2,relationship,The response was quick.
R002775,C002177,support,2025-06-25T15:14:00Z,2025-06-25T15:42:00Z,1,5,4,communication,The response was quick.
R002776,C000885,renewal,2025-06-25T16:45:00Z,2025-06-25T18:15:00Z,1,5,4,value,Everything worked as expected.
R002777,C001803,service,2025-06-25T18:16:00Z,2025-06-25T20:08:00Z,1,8,3,experience,I needed more than one contact.
R002778,C000019,support,2025-06-25T19:47:00Z,2025-06-25T21:15:00Z,1,8,2,resolution,The information could be clearer.
R002779,C001399,onboarding,2025-06-25T21:18:00Z,2025-06-25T22:35:00Z,1,6,5,access,The information could be clearer.
R002780,C000396,service,2025-06-25T22:49:00Z,2025-06-26T01:17:00Z,1,7,4,schedule,The waiting time affected the experience.
R002781,C000586,support,2025-06-26T00:20:00Z,2025-06-26T03:11:00Z,1,8,3,communication,The information could be clearer.
R002782,C002213,support,2025-06-26T01:51:00Z,2025-06-26T04:11:00Z,1,4,4,resolution,Everything worked as expected.
R002783,C000725,support,2025-06-26T03:22:00Z,2025-06-26T03:59:00Z,1,7,4,communication,The information could be clearer.
R002784,C000099,onboarding,2025-06-26T04:53:00Z,2025-06-26T07:46:00Z,1,8,3,access,Everything worked as expected.
R002785,C000963,support,2025-06-26T06:24:00Z,2025-06-26T06:44:00Z,1,8,4,communication,I needed more than one contact.
R002786,C000081,onboarding,2025-06-26T07:55:00Z,2025-06-26T09:54:00Z,1,6,4,information,I needed more than one contact.
R002787,C000873,service,2025-06-26T09:26:00Z,2025-06-26T11:53:00Z,1,9,4,experience,The response was quick.
R002788,C000622,support,2025-06-26T10:57:00Z,2025-07-10T11:12:00Z,2,5,5,communication,The response was quick.
R002789,C000941,service,2025-06-26T12:28:00Z,2025-06-26T15:23:00Z,1,8,4,experience,I needed more than one contact.
R002790,C001323,support,2025-06-26T13:59:00Z,2025-06-26T15:43:00Z,1,8,3,communication,The information could be clearer.
R002791,C000366,support,2025-06-26T15:30:00Z,2025-06-26T17:32:00Z,1,4,3,communication,Everything worked as expected.
R002792,C001545,renewal,2025-06-26T17:01:00Z,2025-06-26T18:41:00Z,1,7,4,relationship,The response was quick.
R002793,C001150,service,2025-06-26T18:32:00Z,2025-06-26T20:36:00Z,1,8,4,schedule,The information could be clearer.
R002794,C000653,support,2025-06-26T20:03:00Z,2025-06-26T21:53:00Z,1,7,2,communication,The waiting time affected the experience.
R002795,C000735,service,2025-06-26T21:34:00Z,2025-06-26T22:56:00Z,1,5,3,experience,The information could be clearer.
R002796,C000768,support,2025-06-26T23:05:00Z,2025-06-26T23:57:00Z,1,5,3,resolution,The response was quick.
R002797,C002394,renewal,2025-06-27T00:36:00Z,2025-06-27T02:36:00Z,1,5,5,relationship,The information could be clearer.
R002798,C000499,service,2025-06-27T02:07:00Z,2025-06-27T02:26:00Z,1,6,4,experience,The waiting time affected the experience.
R002799,C000092,support,2025-06-27T03:38:00Z,2025-06-27T06:32:00Z,1,7,3,communication,The waiting time affected the experience.
R002800,C000118,onboarding,2025-06-27T05:09:00Z,2025-06-27T07:03:00Z,1,8,4,access,The information could be clearer.
R002801,C000275,support,2025-06-27T06:40:00Z,2025-06-27T07:08:00Z,1,2,3,resolution,The waiting time affected the experience.
R002802,C001911,support,2025-06-27T08:11:00Z,2025-06-27T10:01:00Z,1,7,3,resolution,The response was quick.
R002803,C000188,support,2025-06-27T09:42:00Z,2025-06-27T12:28:00Z,1,6,3,communication,The information could be clearer.
R002804,C001942,service,2025-06-27T11:13:00Z,2025-06-27T11:38:00Z,1,4,4,schedule,The waiting time affected the experience.
R002805,C002239,service,2025-06-27T12:44:00Z,2025-07-11T13:16:00Z,2,6,3,experience,I needed more than one contact.
R002806,C002386,service,2025-06-27T14:15:00Z,2025-06-27T16:06:00Z,1,6,2,experience,The response was quick.
R002807,C000064,service,2025-06-27T15:46:00Z,2025-06-27T17:14:00Z,1,10,4,schedule,Everything worked as expected.
R002808,C000185,support,2025-06-27T17:17:00Z,2025-06-27T18:10:00Z,1,8,4,communication,I needed more than one contact.
R002809,C000316,service,2025-06-27T18:48:00Z,2025-06-27T19:15:00Z,1,7,4,schedule,The response was quick.
R002810,C000009,renewal,2025-06-27T20:19:00Z,2025-06-27T23:19:00Z,1,9,1,relationship,I needed more than one contact.
R002811,C000774,renewal,2025-06-27T21:50:00Z,2025-06-27T23:13:00Z,1,4,5,value,I needed more than one contact.
R002812,C001577,support,2025-06-27T23:21:00Z,2025-06-28T00:07:00Z,1,4,3,resolution,I needed more than one contact.
R002813,C002340,renewal,2025-06-28T00:52:00Z,2025-06-28T01:19:00Z,1,6,4,relationship,The information could be clearer.
R002814,C000555,onboarding,2025-06-28T02:23:00Z,2025-06-28T03:46:00Z,1,10,5,information,Everything worked as expected.
R002815,C001371,support,2025-06-28T03:54:00Z,2025-06-28T04:59:00Z,1,5,3,resolution,The response was quick.
R002816,C000659,support,2025-06-28T05:25:00Z,2025-06-28T06:50:00Z,1,5,4,communication,Everything worked as expected.
R002817,C000429,support,2025-06-28T06:56:00Z,2025-06-28T09:09:00Z,1,7,3,communication,The information could be clearer.
R002818,C002226,support,2025-06-28T08:27:00Z,2025-06-28T09:49:00Z,1,5,3,resolution,The waiting time affected the experience.
R002819,C001448,support,2025-06-28T09:58:00Z,2025-06-28T11:05:00Z,1,6,5,communication,The information could be clearer.
R002820,C001655,service,2025-06-28T11:29:00Z,2025-06-28T14:26:00Z,1,9,4,experience,I needed more than one contact.
R002821,C000997,support,2025-06-28T13:00:00Z,2025-06-28T15:28:00Z,1,6,5,communication,I needed more than one contact.
R002822,C002145,service,2025-06-28T14:31:00Z,2025-07-12T15:20:00Z,2,7,5,schedule,The waiting time affected the experience.
R002823,C000777,service,2025-06-28T16:02:00Z,2025-06-28T18:42:00Z,1,5,5,experience,The information could be clearer.
R002824,C001550,support,2025-06-28T17:33:00Z,2025-06-28T19:28:00Z,1,2,3,communication,Everything worked as expected.
R002825,C000329,renewal,2025-06-28T19:04:00Z,2025-06-28T21:55:00Z,1,5,4,value,The response was quick.
R002826,C000936,support,2025-06-28T20:35:00Z,2025-06-28T22:46:00Z,1,5,2,communication,The response was quick.
R002827,C002231,support,2025-06-28T22:06:00Z,2025-06-28T22:37:00Z,1,6,3,communication,The information could be clearer.
R002828,C001940,renewal,2025-06-28T23:37:00Z,2025-06-29T00:50:00Z,1,7,3,relationship,The response was quick.
R002829,C000309,renewal,2025-06-29T01:08:00Z,2025-06-29T02:04:00Z,1,2,4,relationship,The response was quick.
R002830,C001505,renewal,2025-06-29T02:39:00Z,2025-06-29T05:32:00Z,1,6,5,value,Everything worked as expected.
R002831,C001858,onboarding,2025-06-29T04:10:00Z,2025-06-29T06:28:00Z,1,10,4,information,The response was quick.
R002832,C001633,support,2025-06-29T05:41:00Z,2025-06-29T07:34:00Z,1,7,3,communication,I needed more than one contact.
R002833,C000346,support,2025-06-29T07:12:00Z,2025-06-29T08:14:00Z,1,6,3,resolution,I needed more than one contact.
R002834,C001776,renewal,2025-06-29T08:43:00Z,2025-06-29T10:52:00Z,1,6,3,value,The waiting time affected the experience.
R002835,C002168,support,2025-06-29T10:14:00Z,2025-06-29T11:05:00Z,1,10,4,resolution,The waiting time affected the experience.
R002836,C000715,renewal,2025-06-29T11:45:00Z,2025-06-29T14:40:00Z,1,7,4,value,Everything worked as expected.
R002837,C000305,onboarding,2025-06-29T13:16:00Z,2025-06-29T15:24:00Z,1,8,4,access,The information could be clearer.
R002838,C001776,onboarding,2025-06-29T14:47:00Z,2025-06-29T16:42:00Z,1,10,4,information,Everything worked as expected.
R002839,C000052,service,2025-06-29T16:18:00Z,2025-07-13T16:25:00Z,2,8,4,schedule,The waiting time affected the experience.
R002840,C001245,support,2025-06-29T17:49:00Z,2025-06-29T20:34:00Z,1,6,4,resolution,The response was quick.
R002841,C001573,onboarding,2025-06-29T19:20:00Z,2025-06-29T22:14:00Z,1,8,5,information,Everything worked as expected.
R002842,C002151,support,2025-06-29T20:51:00Z,2025-06-29T22:13:00Z,1,9,3,resolution,The waiting time affected the experience.
R002843,C000877,support,2025-06-29T22:22:00Z,2025-06-29T23:49:00Z,1,6,4,resolution,The response was quick.
R002844,C002095,onboarding,2025-06-29T23:53:00Z,2025-06-30T01:26:00Z,1,7,5,access,Everything worked as expected.
R002845,C000151,service,2025-06-30T01:24:00Z,2025-06-30T03:33:00Z,1,5,5,experience,The information could be clearer.
R002846,C000168,service,2025-06-30T02:55:00Z,2025-06-30T04:11:00Z,1,6,5,schedule,The information could be clearer.
R002847,C001659,onboarding,2025-06-30T04:26:00Z,2025-06-30T06:33:00Z,1,10,5,access,The information could be clearer.
R002848,C000777,support,2025-06-30T05:57:00Z,2025-06-30T07:30:00Z,1,7,4,resolution,The waiting time affected the experience.
R002849,C002283,support,2025-06-30T07:28:00Z,2025-06-30T08:53:00Z,1,8,3,resolution,The information could be clearer.
R002850,C002054,renewal,2025-06-30T08:59:00Z,2025-06-30T09:20:00Z,1,7,5,value,The information could be clearer.
R002851,C001138,service,2025-06-30T10:30:00Z,2025-06-30T12:36:00Z,1,9,4,experience,Everything worked as expected.
R002852,C000072,support,2025-06-30T12:01:00Z,2025-06-30T12:45:00Z,1,6,2,communication,The waiting time affected the experience.
R002853,C000591,onboarding,2025-06-30T13:32:00Z,2025-06-30T15:21:00Z,1,10,4,access,I needed more than one contact.
R002854,C001417,support,2025-06-30T15:03:00Z,2025-06-30T17:43:00Z,1,8,4,communication,The information could be clearer.
R002855,C001246,service,2025-06-30T16:34:00Z,2025-06-30T17:02:00Z,1,8,4,experience,Everything worked as expected.
R002856,C001346,service,2025-06-30T18:05:00Z,2025-07-14T18:29:00Z,2,8,4,schedule,I needed more than one contact.
R002857,C000927,support,2025-06-30T19:36:00Z,2025-06-30T20:49:00Z,1,4,5,resolution,The response was quick.
R002858,C000884,renewal,2025-06-30T21:07:00Z,2025-06-30T23:24:00Z,1,5,3,value,The response was quick.
R002859,C001534,onboarding,2025-06-30T22:38:00Z,2025-07-01T01:08:00Z,1,7,3,information,The information could be clearer.
R002860,C001291,support,2025-07-01T00:09:00Z,2025-07-01T00:42:00Z,1,4,3,communication,The waiting time affected the experience.
R002861,C000795,support,2025-07-01T01:40:00Z,2025-07-01T02:55:00Z,1,6,2,communication,Everything worked as expected.
R002862,C001238,renewal,2025-07-01T03:11:00Z,2025-07-01T05:45:00Z,1,2,4,relationship,The response was quick.
R002863,C000427,support,2025-07-01T04:42:00Z,2025-07-01T07:30:00Z,1,5,5,communication,The information could be clearer.
R002864,C002268,onboarding,2025-07-01T06:13:00Z,2025-07-01T09:03:00Z,1,9,5,information,The information could be clearer.
R002865,C002367,renewal,2025-07-01T07:44:00Z,2025-07-01T08:54:00Z,1,8,3,value,I needed more than one contact.
R002866,C002179,onboarding,2025-07-01T09:15:00Z,2025-07-01T11:53:00Z,1,5,4,information,The waiting time affected the experience.
R002867,C000821,onboarding,2025-07-01T10:46:00Z,2025-07-01T11:25:00Z,1,8,4,access,Everything worked as expected.
R002868,C001808,service,2025-07-01T12:17:00Z,2025-07-01T14:48:00Z,1,8,3,experience,I needed more than one contact.
R002869,C001088,service,2025-07-01T13:48:00Z,2025-07-01T16:47:00Z,1,7,2,schedule,Everything worked as expected.
R002870,C002096,renewal,2025-07-01T15:19:00Z,2025-07-01T15:48:00Z,1,4,2,value,The waiting time affected the experience.
R002871,C000749,service,2025-07-01T16:50:00Z,2025-07-01T19:28:00Z,1,10,4,experience,The waiting time affected the experience.
R002872,C002278,service,2025-07-01T18:21:00Z,2025-07-01T18:31:00Z,1,10,3,schedule,I needed more than one contact.
R002873,C000856,service,2025-07-01T19:52:00Z,2025-07-15T20:33:00Z,2,4,4,schedule,The waiting time affected the experience.
R002874,C000509,support,2025-07-01T21:23:00Z,2025-07-01T23:45:00Z,1,8,3,communication,I needed more than one contact.
R002875,C000321,support,2025-07-01T22:54:00Z,2025-07-02T01:20:00Z,1,5,4,communication,The waiting time affected the experience.
R002876,C001677,service,2025-07-02T00:25:00Z,2025-07-02T03:25:00Z,1,6,4,experience,The waiting time affected the experience.
R002877,C001376,renewal,2025-07-02T01:56:00Z,2025-07-02T03:36:00Z,1,10,4,value,I needed more than one contact.
R002878,C001139,service,2025-07-02T03:27:00Z,2025-07-02T04:42:00Z,1,5,4,experience,The response was quick.
R002879,C000373,service,2025-07-02T04:58:00Z,2025-07-02T07:26:00Z,1,4,4,experience,The response was quick.
R002880,C000074,service,2025-07-02T06:29:00Z,2025-07-02T09:11:00Z,1,10,4,schedule,Everything worked as expected.
R002881,C000077,support,2025-07-02T08:00:00Z,2025-07-02T10:09:00Z,1,3,4,resolution,I needed more than one contact.
R002882,C001137,support,2025-07-02T09:31:00Z,2025-07-02T10:34:00Z,1,5,4,resolution,Everything worked as expected.
R002883,C001051,onboarding,2025-07-02T11:02:00Z,2025-07-02T12:32:00Z,1,9,4,access,I needed more than one contact.
R002884,C001362,renewal,2025-07-02T12:33:00Z,2025-07-02T15:02:00Z,1,3,3,value,The waiting time affected the experience.
R002885,C002251,service,2025-07-02T14:04:00Z,2025-07-02T17:04:00Z,1,10,4,experience,I needed more than one contact.
R002886,C000828,renewal,2025-07-02T15:35:00Z,2025-07-02T18:14:00Z,1,6,5,value,The information could be clearer.
R002887,C000702,support,2025-07-02T17:06:00Z,2025-07-02T18:34:00Z,1,5,4,resolution,Everything worked as expected.
R002888,C002396,onboarding,2025-07-02T18:37:00Z,2025-07-02T19:17:00Z,1,8,5,access,The information could be clearer.
R002889,C001735,renewal,2025-07-02T20:08:00Z,2025-07-02T21:48:00Z,1,7,2,value,The waiting time affected the experience.
R002890,C000661,onboarding,2025-07-02T21:39:00Z,2025-07-16T22:37:00Z,2,8,5,access,The response was quick.
R002891,C000151,onboarding,2025-07-02T23:10:00Z,2025-07-03T01:04:00Z,1,5,3,access,The response was quick.
R002892,C001682,support,2025-07-03T00:41:00Z,2025-07-03T01:26:00Z,1,3,5,communication,The response was quick.
R002893,C000159,service,2025-07-03T02:12:00Z,2025-07-03T02:41:00Z,1,7,5,experience,Everything worked as expected.
R002894,C000221,support,2025-07-03T03:43:00Z,2025-07-03T04:59:00Z,1,7,5,communication,The waiting time affected the experience.
R002895,C000147,support,2025-07-03T05:14:00Z,2025-07-03T07:47:00Z,1,6,4,communication,Everything worked as expected.
R002896,C001997,service,2025-07-03T06:45:00Z,2025-07-03T09:08:00Z,1,7,3,schedule,Everything worked as expected.
R002897,C000191,support,2025-07-03T08:16:00Z,2025-07-03T09:16:00Z,1,8,3,resolution,I needed more than one contact.
R002898,C002119,renewal,2025-07-03T09:47:00Z,2025-07-03T11:52:00Z,1,8,4,value,The waiting time affected the experience.
R002899,C001037,onboarding,2025-07-03T11:18:00Z,2025-07-03T13:32:00Z,1,9,4,access,I needed more than one contact.
R002900,C002318,service,2025-07-03T12:49:00Z,2025-07-03T13:34:00Z,1,8,4,experience,Everything worked as expected.
R002901,C000781,service,2025-07-03T14:20:00Z,2025-07-03T16:53:00Z,1,6,4,schedule,I needed more than one contact.
R002902,C001097,service,2025-07-03T15:51:00Z,2025-07-03T15:57:00Z,1,9,5,experience,I needed more than one contact.
R002903,C000171,renewal,2025-07-03T17:22:00Z,2025-07-03T19:12:00Z,1,10,2,value,The response was quick.
R002904,C002340,support,2025-07-03T18:53:00Z,2025-07-03T19:57:00Z,1,7,3,communication,The waiting time affected the experience.
R002905,C000139,service,2025-07-03T20:24:00Z,2025-07-03T21:47:00Z,1,2,4,schedule,The response was quick.
R002906,C000082,service,2025-07-03T21:55:00Z,2025-07-04T00:22:00Z,1,8,4,experience,Everything worked as expected.
R002907,C000185,support,2025-07-03T23:26:00Z,2025-07-17T23:42:00Z,2,4,3,resolution,I needed more than one contact.
R002908,C002116,support,2025-07-04T00:57:00Z,2025-07-04T03:40:00Z,1,8,1,resolution,The response was quick.
R002909,C001198,support,2025-07-04T02:28:00Z,2025-07-04T05:12:00Z,1,0,3,resolution,I needed more than one contact.
R002910,C002075,service,2025-07-04T03:59:00Z,2025-07-04T05:47:00Z,1,8,3,schedule,The response was quick.
R002911,C001036,support,2025-07-04T05:30:00Z,2025-07-04T08:15:00Z,1,5,4,communication,The waiting time affected the experience.
R002912,C000868,service,2025-07-04T07:01:00Z,2025-07-04T08:48:00Z,1,10,4,experience,Everything worked as expected.
R002913,C000579,renewal,2025-07-04T08:32:00Z,2025-07-04T09:54:00Z,1,10,4,value,The waiting time affected the experience.
R002914,C000877,service,2025-07-04T10:03:00Z,2025-07-04T11:34:00Z,1,6,4,schedule,The waiting time affected the experience.
R002915,C002092,support,2025-07-04T11:34:00Z,2025-07-04T12:32:00Z,1,8,4,resolution,The waiting time affected the experience.
R002916,C002364,service,2025-07-04T13:05:00Z,2025-07-04T15:46:00Z,1,10,5,schedule,The information could be clearer.
R002917,C000141,support,2025-07-04T14:36:00Z,2025-07-04T16:37:00Z,1,5,4,resolution,The information could be clearer.
R002918,C000715,renewal,2025-07-04T16:07:00Z,2025-07-04T17:36:00Z,1,10,3,value,The information could be clearer.
R002919,C000549,renewal,2025-07-04T17:38:00Z,2025-07-04T18:26:00Z,1,7,4,value,The response was quick.
R002920,C002394,onboarding,2025-07-04T19:09:00Z,2025-07-04T20:37:00Z,1,7,4,access,Everything worked as expected.
R002921,C000599,onboarding,2025-07-04T20:40:00Z,2025-07-04T23:11:00Z,1,8,5,access,I needed more than one contact.
R002922,C002029,onboarding,2025-07-04T22:11:00Z,2025-07-04T23:02:00Z,1,9,4,information,Everything worked as expected.
R002923,C000050,service,2025-07-04T23:42:00Z,2025-07-05T01:28:00Z,1,9,5,experience,The response was quick.
R002924,C000428,service,2025-07-05T01:13:00Z,2025-07-19T01:46:00Z,2,9,4,experience,I needed more than one contact.
R002925,C000083,service,2025-07-05T02:44:00Z,2025-07-05T03:16:00Z,1,8,3,experience,The waiting time affected the experience.
R002926,C002048,service,2025-07-05T04:15:00Z,2025-07-05T04:50:00Z,1,10,4,experience,The response was quick.
R002927,C000256,service,2025-07-05T05:46:00Z,2025-07-05T06:51:00Z,1,7,5,experience,I needed more than one contact.
R002928,C001215,service,2025-07-05T07:17:00Z,2025-07-05T10:03:00Z,1,8,4,experience,The information could be clearer.
R002929,C000405,renewal,2025-07-05T08:48:00Z,2025-07-05T10:16:00Z,1,8,5,relationship,The response was quick.
R002930,C000883,support,2025-07-05T10:19:00Z,2025-07-05T11:01:00Z,1,6,4,communication,The information could be clearer.
R002931,C001876,service,2025-07-05T11:50:00Z,2025-07-05T13:56:00Z,1,8,5,schedule,I needed more than one contact.
R002932,C000518,support,2025-07-05T13:21:00Z,2025-07-05T15:03:00Z,1,10,2,resolution,The information could be clearer.
R002933,C001769,support,2025-07-05T14:52:00Z,2025-07-05T17:43:00Z,1,7,2,communication,The waiting time affected the experience.
R002934,C001288,support,2025-07-05T16:23:00Z,2025-07-05T16:45:00Z,1,5,4,communication,The information could be clearer.
R002935,C000686,support,2025-07-05T17:54:00Z,2025-07-05T18:19:00Z,1,10,5,communication,I needed more than one contact.
R002936,C001639,support,2025-07-05T19:25:00Z,2025-07-05T20:31:00Z,1,5,4,communication,The waiting time affected the experience.
R002937,C001615,renewal,2025-07-05T20:56:00Z,2025-07-05T21:22:00Z,1,3,3,value,The waiting time affected the experience.
R002938,C000617,service,2025-07-05T22:27:00Z,2025-07-06T00:07:00Z,1,8,3,schedule,The information could be clearer.
R002939,C000285,renewal,2025-07-05T23:58:00Z,2025-07-06T01:36:00Z,1,5,2,value,The waiting time affected the experience.
R002940,C000081,service,2025-07-06T01:29:00Z,2025-07-06T01:57:00Z,1,7,5,experience,The waiting time affected the experience.
R002941,C001144,support,2025-07-06T03:00:00Z,2025-07-20T03:50:00Z,2,8,3,resolution,The information could be clearer.
R002942,C001732,support,2025-07-06T04:31:00Z,2025-07-06T06:40:00Z,1,8,2,communication,The information could be clearer.
R002943,C002062,renewal,2025-07-06T06:02:00Z,2025-07-06T07:25:00Z,1,6,1,value,I needed more than one contact.
R002944,C001116,onboarding,2025-07-06T07:33:00Z,2025-07-06T09:43:00Z,1,9,3,information,The waiting time affected the experience.
R002945,C001956,renewal,2025-07-06T09:04:00Z,2025-07-06T12:04:00Z,1,5,3,value,I needed more than one contact.
R002946,C000184,renewal,2025-07-06T10:35:00Z,2025-07-06T11:16:00Z,1,9,3,relationship,The response was quick.
R002947,C002028,onboarding,2025-07-06T12:06:00Z,2025-07-06T13:38:00Z,1,5,5,access,The waiting time affected the experience.
R002948,C001084,service,2025-07-06T13:37:00Z,2025-07-06T15:15:00Z,1,8,5,schedule,I needed more than one contact.
R002949,C002124,onboarding,2025-07-06T15:08:00Z,2025-07-06T16:34:00Z,1,7,5,information,The waiting time affected the experience.
R002950,C002034,onboarding,2025-07-06T16:39:00Z,2025-07-06T18:33:00Z,1,6,3,information,I needed more than one contact.
R002951,C002099,service,2025-07-06T18:10:00Z,2025-07-06T20:47:00Z,1,7,4,experience,Everything worked as expected.
R002952,C002123,support,2025-07-06T19:41:00Z,2025-07-06T19:56:00Z,1,5,3,resolution,I needed more than one contact.
R002953,C001725,service,2025-07-06T21:12:00Z,2025-07-06T21:21:00Z,1,5,1,schedule,The information could be clearer.
R002954,C001520,service,2025-07-06T22:43:00Z,2025-07-07T00:53:00Z,1,7,5,schedule,The information could be clearer.
R002955,C001237,support,2025-07-07T00:14:00Z,2025-07-07T02:34:00Z,1,8,3,communication,The information could be clearer.
R002956,C000516,service,2025-07-07T01:45:00Z,2025-07-07T02:29:00Z,1,8,4,schedule,The waiting time affected the experience.
R002957,C000051,onboarding,2025-07-07T03:16:00Z,2025-07-07T06:12:00Z,1,10,4,information,The information could be clearer.
R002958,C000664,support,2025-07-07T04:47:00Z,2025-07-21T04:55:00Z,2,7,4,communication,I needed more than one contact.
R002959,C000927,service,2025-07-07T06:18:00Z,2025-07-07T08:37:00Z,1,9,5,schedule,Everything worked as expected.
R002960,C001896,support,2025-07-07T07:49:00Z,2025-07-07T10:15:00Z,1,4,3,resolution,The information could be clearer.
R002961,C001355,service,2025-07-07T09:20:00Z,2025-07-07T09:41:00Z,1,6,4,schedule,The information could be clearer.
R002962,C001595,renewal,2025-07-07T10:51:00Z,2025-07-07T11:41:00Z,1,6,3,value,The response was quick.
R002963,C001250,service,2025-07-07T12:22:00Z,2025-07-07T13:59:00Z,1,7,4,experience,Everything worked as expected.
R002964,C001905,renewal,2025-07-07T13:53:00Z,2025-07-07T16:36:00Z,1,9,4,relationship,The response was quick.
R002965,C000584,service,2025-07-07T15:24:00Z,2025-07-07T15:51:00Z,1,10,5,experience,The information could be clearer.
R002966,C000617,support,2025-07-07T16:55:00Z,2025-07-07T18:41:00Z,1,7,4,communication,I needed more than one contact.
R002967,C001382,renewal,2025-07-07T18:26:00Z,2025-07-07T20:25:00Z,1,8,4,value,The information could be clearer.
R002968,C000872,service,2025-07-07T19:57:00Z,2025-07-07T22:39:00Z,1,3,4,schedule,The information could be clearer.
R002969,C000804,service,2025-07-07T21:28:00Z,2025-07-07T22:49:00Z,1,10,3,experience,I needed more than one contact.
R002970,C001435,service,2025-07-07T22:59:00Z,2025-07-08T01:39:00Z,1,8,4,schedule,Everything worked as expected.
R002971,C002104,service,2025-07-08T00:30:00Z,2025-07-08T01:07:00Z,1,7,2,experience,Everything worked as expected.
R002972,C000476,onboarding,2025-07-08T02:01:00Z,2025-07-08T04:10:00Z,1,10,3,information,The response was quick.
R002973,C000280,onboarding,2025-07-08T03:32:00Z,2025-07-08T05:22:00Z,1,7,4,access,I needed more than one contact.
R002974,C002400,support,2025-07-08T05:03:00Z,2025-07-08T07:10:00Z,1,6,3,resolution,The information could be clearer.
R002975,C000788,onboarding,2025-07-08T06:34:00Z,2025-07-22T06:59:00Z,2,5,5,access,I needed more than one contact.
R002976,C001814,service,2025-07-08T08:05:00Z,2025-07-08T09:32:00Z,1,10,3,schedule,Everything worked as expected.
R002977,C001851,service,2025-07-08T09:36:00Z,2025-07-08T11:05:00Z,1,10,4,experience,Everything worked as expected.
R002978,C000256,service,2025-07-08T11:07:00Z,2025-07-08T12:08:00Z,1,6,5,schedule,Everything worked as expected.
R002979,C000094,renewal,2025-07-08T12:38:00Z,2025-07-08T13:57:00Z,1,9,4,value,The response was quick.
R002980,C001915,renewal,2025-07-08T14:09:00Z,2025-07-08T14:43:00Z,1,7,3,relationship,Everything worked as expected.
R002981,C001045,support,2025-07-08T15:40:00Z,2025-07-08T18:28:00Z,1,7,3,resolution,Everything worked as expected.
R002982,C000405,onboarding,2025-07-08T17:11:00Z,2025-07-08T17:49:00Z,1,9,4,information,The information could be clearer.
R002983,C000939,support,2025-07-08T18:42:00Z,2025-07-08T21:24:00Z,1,5,3,communication,I needed more than one contact.
R002984,C000690,support,2025-07-08T20:13:00Z,2025-07-08T22:34:00Z,1,7,4,communication,The waiting time affected the experience.
R002985,C001975,service,2025-07-08T21:44:00Z,2025-07-09T00:40:00Z,1,8,4,schedule,The response was quick.
R002986,C000341,renewal,2025-07-08T23:15:00Z,2025-07-09T00:49:00Z,1,6,5,relationship,Everything worked as expected.
R002987,C000014,renewal,2025-07-09T00:46:00Z,2025-07-09T01:02:00Z,1,7,2,value,The response was quick.
R002988,C001973,onboarding,2025-07-09T02:17:00Z,2025-07-09T04:39:00Z,1,8,2,information,The waiting time affected the experience.
R002989,C001599,onboarding,2025-07-09T03:48:00Z,2025-07-09T04:51:00Z,1,9,3,information,The response was quick.
R002990,C001080,onboarding,2025-07-09T05:19:00Z,2025-07-09T06:45:00Z,1,6,5,access,The information could be clearer.
R002991,C002289,support,2025-07-09T06:50:00Z,2025-07-09T09:23:00Z,1,9,4,communication,I needed more than one contact.
R002992,C000324,service,2025-07-09T08:21:00Z,2025-07-23T09:03:00Z,2,4,5,experience,The information could be clearer.
R002993,C000848,service,2025-07-09T09:52:00Z,2025-07-09T11:34:00Z,1,5,3,schedule,I needed more than one contact.
R002994,C002064,service,2025-07-09T11:23:00Z,2025-07-09T12:44:00Z,1,8,4,experience,I needed more than one contact.
R002995,C001085,onboarding,2025-07-09T12:54:00Z,2025-07-09T15:54:00Z,1,10,5,information,I needed more than one contact.
R002996,C001330,service,2025-07-09T14:25:00Z,2025-07-09T16:51:00Z,1,6,3,schedule,I needed more than one contact.
R002997,C001461,renewal,2025-07-09T15:56:00Z,2025-07-09T17:13:00Z,1,8,2,relationship,The response was quick.
R002998,C001944,onboarding,2025-07-09T17:27:00Z,2025-07-09T19:37:00Z,1,10,4,information,The waiting time affected the experience.
R002999,C000914,service,2025-07-09T18:58:00Z,2025-07-09T21:48:00Z,1,5,4,experience,The waiting time affected the experience.
R003000,C000490,support,2025-07-09T20:29:00Z,2025-07-09T22:03:00Z,1,3,2,resolution,The waiting time affected the experience.
R003001,C000508,renewal,2025-07-09T22:00:00Z,2025-07-10T00:56:00Z,1,8,3,relationship,Everything worked as expected.
R003002,C001124,service,2025-07-09T23:31:00Z,2025-07-10T01:39:00Z,1,9,4,schedule,Everything worked as expected.
R003003,C002338,service,2025-07-10T01:02:00Z,2025-07-10T03:50:00Z,1,8,4,experience,I needed more than one contact.
R003004,C001819,support,2025-07-10T02:33:00Z,2025-07-10T04:11:00Z,1,7,4,communication,Everything worked as expected.
R003005,C000823,service,2025-07-10T04:04:00Z,2025-07-10T06:54:00Z,1,8,4,experience,I needed more than one contact.
R003006,C002104,service,2025-07-10T05:35:00Z,2025-07-10T07:12:00Z,1,7,3,schedule,Everything worked as expected.
R003007,C002383,renewal,2025-07-10T07:06:00Z,2025-07-10T08:18:00Z,1,5,3,value,The information could be clearer.
R003008,C001500,support,2025-07-10T08:37:00Z,2025-07-10T09:54:00Z,1,8,2,communication,The waiting time affected the experience.
R003009,C000737,support,2025-07-10T10:08:00Z,2025-07-24T10:08:00Z,2,7,3,communication,I needed more than one contact.
R003010,C000173,onboarding,2025-07-10T11:39:00Z,2025-07-10T12:31:00Z,1,8,3,information,The information could be clearer.
R003011,C001470,service,2025-07-10T13:10:00Z,2025-07-10T15:11:00Z,1,10,5,schedule,The response was quick.
R003012,C001097,support,2025-07-10T14:41:00Z,2025-07-10T15:33:00Z,1,9,2,communication,The waiting time affected the experience.
R003013,C001184,service,2025-07-10T16:12:00Z,2025-07-10T17:00:00Z,1,6,3,schedule,The waiting time affected the experience.
R003014,C002350,support,2025-07-10T17:43:00Z,2025-07-10T20:37:00Z,1,4,4,communication,The waiting time affected the experience.
R003015,C001860,support,2025-07-10T19:14:00Z,2025-07-10T21:27:00Z,1,6,3,resolution,The information could be clearer.
R003016,C001925,onboarding,2025-07-10T20:45:00Z,2025-07-10T22:01:00Z,1,6,5,access,Everything worked as expected.
R003017,C000802,support,2025-07-10T22:16:00Z,2025-07-10T22:30:00Z,1,9,3,resolution,I needed more than one contact.
R003018,C000681,service,2025-07-10T23:47:00Z,2025-07-11T00:26:00Z,1,6,3,experience,The waiting time affected the experience.
R003019,C001464,onboarding,2025-07-11T01:18:00Z,2025-07-11T03:57:00Z,1,7,5,information,The response was quick.
R003020,C000701,service,2025-07-11T02:49:00Z,2025-07-11T04:32:00Z,1,8,5,schedule,The information could be clearer.
R003021,C000295,service,2025-07-11T04:20:00Z,2025-07-11T06:45:00Z,1,8,4,schedule,The response was quick.
R003022,C000400,onboarding,2025-07-11T05:51:00Z,2025-07-11T07:30:00Z,1,10,5,information,The response was quick.
R003023,C001684,support,2025-07-11T07:22:00Z,2025-07-11T09:12:00Z,1,6,3,resolution,The waiting time affected the experience.
R003024,C001639,support,2025-07-11T08:53:00Z,2025-07-11T09:04:00Z,1,7,4,resolution,The information could be clearer.
R003025,C001459,onboarding,2025-07-11T10:24:00Z,2025-07-11T12:17:00Z,1,7,5,access,Everything worked as expected.
R003026,C001813,renewal,2025-07-11T11:55:00Z,2025-07-25T12:12:00Z,2,4,3,relationship,The waiting time affected the experience.
R003027,C001901,renewal,2025-07-11T13:26:00Z,2025-07-11T13:44:00Z,1,5,4,relationship,The response was quick.
R003028,C001616,onboarding,2025-07-11T14:57:00Z,2025-07-11T17:20:00Z,1,9,5,access,The waiting time affected the experience.
R003029,C001014,support,2025-07-11T16:28:00Z,2025-07-11T16:57:00Z,1,6,4,communication,I needed more than one contact.
R003030,C001000,onboarding,2025-07-11T17:59:00Z,2025-07-11T19:01:00Z,1,7,4,access,The information could be clearer.
R003031,C000765,onboarding,2025-07-11T19:30:00Z,2025-07-11T21:29:00Z,1,9,5,information,Everything worked as expected.
R003032,C000562,support,2025-07-11T21:01:00Z,2025-07-11T22:42:00Z,1,7,3,resolution,Everything worked as expected.
R003033,C000101,onboarding,2025-07-11T22:32:00Z,2025-07-11T23:28:00Z,1,7,4,information,Everything worked as expected.
R003034,C000691,onboarding,2025-07-12T00:03:00Z,2025-07-12T01:40:00Z,1,8,3,access,The response was quick.
R003035,C002329,support,2025-07-12T01:34:00Z,2025-07-12T02:19:00Z,1,8,2,resolution,The waiting time affected the experience.
R003036,C001362,support,2025-07-12T03:05:00Z,2025-07-12T05:53:00Z,1,7,4,communication,The response was quick.
R003037,C001475,onboarding,2025-07-12T04:36:00Z,2025-07-12T05:24:00Z,1,10,3,access,The response was quick.
R003038,C001962,support,2025-07-12T06:07:00Z,2025-07-12T07:38:00Z,1,6,4,communication,The response was quick.
R003039,C001645,onboarding,2025-07-12T07:38:00Z,2025-07-12T08:35:00Z,1,8,4,access,The response was quick.
R003040,C001002,support,2025-07-12T09:09:00Z,2025-07-12T11:12:00Z,1,10,2,resolution,The waiting time affected the experience.
R003041,C001756,onboarding,2025-07-12T10:40:00Z,2025-07-12T11:24:00Z,1,8,3,access,The response was quick.
R003042,C001985,service,2025-07-12T12:11:00Z,2025-07-12T14:17:00Z,1,6,5,schedule,The waiting time affected the experience.
R003043,C000737,renewal,2025-07-12T13:42:00Z,2025-07-26T14:16:00Z,2,5,4,relationship,I needed more than one contact.
R003044,C001062,service,2025-07-12T15:13:00Z,2025-07-12T17:14:00Z,1,7,5,schedule,I needed more than one contact.
R003045,C001875,onboarding,2025-07-12T16:44:00Z,2025-07-12T19:33:00Z,1,9,3,information,I needed more than one contact.
R003046,C000681,support,2025-07-12T18:15:00Z,2025-07-12T20:20:00Z,1,5,2,resolution,I needed more than one contact.
R003047,C001810,onboarding,2025-07-12T19:46:00Z,2025-07-12T21:30:00Z,1,7,5,information,Everything worked as expected.
R003048,C001536,onboarding,2025-07-12T21:17:00Z,2025-07-12T22:15:00Z,1,6,5,information,The response was quick.
R003049,C000314,service,2025-07-12T22:48:00Z,2025-07-13T00:37:00Z,1,10,4,schedule,The waiting time affected the experience.
R003050,C001767,renewal,2025-07-13T00:19:00Z,2025-07-13T01:46:00Z,1,7,4,value,I needed more than one contact.
R003051,C001408,support,2025-07-13T01:50:00Z,2025-07-13T02:08:00Z,1,5,3,resolution,The information could be clearer.
R003052,C000912,support,2025-07-13T03:21:00Z,2025-07-13T03:48:00Z,1,5,3,resolution,The waiting time affected the experience.
R003053,C001227,service,2025-07-13T04:52:00Z,2025-07-13T05:21:00Z,1,7,3,experience,I needed more than one contact.
R003054,C001833,service,2025-07-13T06:23:00Z,2025-07-13T06:51:00Z,1,5,3,experience,The response was quick.
R003055,C001418,support,2025-07-13T07:54:00Z,2025-07-13T09:00:00Z,1,6,3,resolution,The response was quick.
R003056,C001253,service,2025-07-13T09:25:00Z,2025-07-13T10:36:00Z,1,9,4,schedule,The response was quick.
R003057,C001578,service,2025-07-13T10:56:00Z,2025-07-13T13:30:00Z,1,5,3,schedule,I needed more than one contact.
R003058,C001213,onboarding,2025-07-13T12:27:00Z,2025-07-13T14:10:00Z,1,6,4,information,The response was quick.
R003059,C000191,renewal,2025-07-13T13:58:00Z,2025-07-13T15:42:00Z,1,6,4,relationship,The information could be clearer.
R003060,C001291,service,2025-07-13T15:29:00Z,2025-07-27T16:20:00Z,2,9,2,schedule,Everything worked as expected.
R003061,C001297,support,2025-07-13T17:00:00Z,2025-07-13T18:13:00Z,1,4,5,resolution,The waiting time affected the experience.
R003062,C001828,onboarding,2025-07-13T18:31:00Z,2025-07-13T19:29:00Z,1,10,3,access,I needed more than one contact.
R003063,C001780,onboarding,2025-07-13T20:02:00Z,2025-07-13T22:30:00Z,1,10,5,information,The information could be clearer.
R003064,C001083,service,2025-07-13T21:33:00Z,2025-07-13T23:47:00Z,1,8,3,schedule,The information could be clearer.
R003065,C000490,support,2025-07-13T23:04:00Z,2025-07-14T01:33:00Z,1,7,3,communication,The waiting time affected the experience.
R003066,C000805,renewal,2025-07-14T00:35:00Z,2025-07-14T01:46:00Z,1,10,5,value,Everything worked as expected.
R003067,C001899,service,2025-07-14T02:06:00Z,2025-07-14T02:42:00Z,1,8,3,schedule,Everything worked as expected.
R003068,C000777,support,2025-07-14T03:37:00Z,2025-07-14T03:45:00Z,1,8,3,resolution,The information could be clearer.
R003069,C000186,onboarding,2025-07-14T05:08:00Z,2025-07-14T08:04:00Z,1,7,4,access,The information could be clearer.
R003070,C000320,service,2025-07-14T06:39:00Z,2025-07-14T08:36:00Z,1,8,3,experience,I needed more than one contact.
R003071,C000002,onboarding,2025-07-14T08:10:00Z,2025-07-14T10:16:00Z,1,6,4,access,The response was quick.
R003072,C002174,support,2025-07-14T09:41:00Z,2025-07-14T10:06:00Z,1,6,4,communication,The information could be clearer.
R003073,C002202,support,2025-07-14T11:12:00Z,2025-07-14T11:23:00Z,1,5,2,communication,The waiting time affected the experience.
R003074,C002032,service,2025-07-14T12:43:00Z,2025-07-14T13:33:00Z,1,8,4,schedule,The response was quick.
R003075,C000909,support,2025-07-14T14:14:00Z,2025-07-14T16:24:00Z,1,6,3,communication,The information could be clearer.
R003076,C000661,support,2025-07-14T15:45:00Z,2025-07-14T17:34:00Z,1,6,4,communication,I needed more than one contact.
R003077,C000909,support,2025-07-14T17:16:00Z,2025-07-28T17:25:00Z,2,4,4,resolution,I needed more than one contact.
R003078,C002194,support,2025-07-14T18:47:00Z,2025-07-14T20:54:00Z,1,6,4,resolution,The response was quick.
R003079,C001826,renewal,2025-07-14T20:18:00Z,2025-07-14T23:18:00Z,1,3,4,relationship,The waiting time affected the experience.
R003080,C000565,onboarding,2025-07-14T21:49:00Z,2025-07-14T23:03:00Z,1,8,3,access,Everything worked as expected.
R003081,C001679,support,2025-07-14T23:20:00Z,2025-07-15T00:48:00Z,1,2,5,communication,The information could be clearer.
R003082,C001048,support,2025-07-15T00:51:00Z,2025-07-15T02:50:00Z,1,6,3,resolution,The response was quick.
R003083,C001862,service,2025-07-15T02:22:00Z,2025-07-15T04:00:00Z,1,9,5,schedule,The information could be clearer.
R003084,C002089,onboarding,2025-07-15T03:53:00Z,2025-07-15T06:40:00Z,1,3,5,access,The response was quick.
R003085,C001771,service,2025-07-15T05:24:00Z,2025-07-15T06:35:00Z,1,7,4,experience,The waiting time affected the experience.
R003086,C000614,support,2025-07-15T06:55:00Z,2025-07-15T07:59:00Z,1,4,4,communication,The waiting time affected the experience.
R003087,C000455,support,2025-07-15T08:26:00Z,2025-07-15T11:19:00Z,1,8,3,communication,Everything worked as expected.
R003088,C000951,support,2025-07-15T09:57:00Z,2025-07-15T11:21:00Z,1,5,3,resolution,The response was quick.
R003089,C000720,onboarding,2025-07-15T11:28:00Z,2025-07-15T13:02:00Z,1,10,2,information,The waiting time affected the experience.
R003090,C001027,service,2025-07-15T12:59:00Z,2025-07-15T15:50:00Z,1,8,4,experience,The response was quick.
R003091,C001133,service,2025-07-15T14:30:00Z,2025-07-15T15:34:00Z,1,7,4,experience,The information could be clearer.
R003092,C001766,service,2025-07-15T16:01:00Z,2025-07-15T17:48:00Z,1,7,5,experience,Everything worked as expected.
R003093,C000534,service,2025-07-15T17:32:00Z,2025-07-15T20:16:00Z,1,7,4,experience,I needed more than one contact.
R003094,C000262,service,2025-07-15T19:03:00Z,2025-07-29T19:29:00Z,2,7,3,schedule,Everything worked as expected.
R003095,C000796,onboarding,2025-07-15T20:34:00Z,2025-07-15T23:30:00Z,1,7,3,access,The waiting time affected the experience.
R003096,C000879,onboarding,2025-07-15T22:05:00Z,2025-07-15T23:43:00Z,1,6,5,information,The information could be clearer.
R003097,C001465,service,2025-07-15T23:36:00Z,2025-07-15T23:47:00Z,1,9,3,schedule,The response was quick.
R003098,C000839,renewal,2025-07-16T01:07:00Z,2025-07-16T03:35:00Z,1,7,4,relationship,The waiting time affected the experience.
R003099,C001765,support,2025-07-16T02:38:00Z,2025-07-16T04:20:00Z,1,7,5,resolution,I needed more than one contact.
R003100,C002102,renewal,2025-07-16T04:09:00Z,2025-07-16T04:41:00Z,1,6,5,value,The information could be clearer.
R003101,C001476,service,2025-07-16T05:40:00Z,2025-07-16T06:11:00Z,1,7,5,schedule,Everything worked as expected.
R003102,C000007,service,2025-07-16T07:11:00Z,2025-07-16T08:10:00Z,1,4,4,schedule,The waiting time affected the experience.
R003103,C001777,onboarding,2025-07-16T08:42:00Z,2025-07-16T08:52:00Z,1,7,4,information,The information could be clearer.
R003104,C001948,renewal,2025-07-16T10:13:00Z,2025-07-16T11:20:00Z,1,9,5,value,The response was quick.
R003105,C000424,onboarding,2025-07-16T11:44:00Z,2025-07-16T11:53:00Z,1,10,4,information,The information could be clearer.
R003106,C001765,service,2025-07-16T13:15:00Z,2025-07-16T15:40:00Z,1,4,3,schedule,Everything worked as expected.
R003107,C001178,service,2025-07-16T14:46:00Z,2025-07-16T16:22:00Z,1,4,4,experience,The response was quick.
R003108,C000227,support,2025-07-16T16:17:00Z,2025-07-16T19:06:00Z,1,8,4,communication,The waiting time affected the experience.
R003109,C001457,support,2025-07-16T17:48:00Z,2025-07-16T20:18:00Z,1,4,4,communication,I needed more than one contact.
R003110,C001399,support,2025-07-16T19:19:00Z,2025-07-16T21:52:00Z,1,5,3,communication,Everything worked as expected.
R003111,C000959,onboarding,2025-07-16T20:50:00Z,2025-07-30T21:33:00Z,2,10,5,information,The response was quick.
R003112,C001238,onboarding,2025-07-16T22:21:00Z,2025-07-16T23:32:00Z,1,8,5,access,I needed more than one contact.
R003113,C002313,onboarding,2025-07-16T23:52:00Z,2025-07-17T00:19:00Z,1,9,5,information,The information could be clearer.
R003114,C001385,renewal,2025-07-17T01:23:00Z,2025-07-17T03:58:00Z,1,2,4,relationship,I needed more than one contact.
R003115,C001454,support,2025-07-17T02:54:00Z,2025-07-17T03:43:00Z,1,8,2,communication,The response was quick.
R003116,C001989,support,2025-07-17T04:25:00Z,2025-07-17T04:35:00Z,1,8,2,communication,The response was quick.
R003117,C001588,support,2025-07-17T05:56:00Z,2025-07-17T06:10:00Z,1,6,4,resolution,I needed more than one contact.
R003118,C000176,service,2025-07-17T07:27:00Z,2025-07-17T09:39:00Z,1,6,4,experience,Everything worked as expected.
R003119,C000812,service,2025-07-17T08:58:00Z,2025-07-17T09:46:00Z,1,8,5,experience,I needed more than one contact.
R003120,C002308,service,2025-07-17T10:29:00Z,2025-07-17T11:55:00Z,1,10,3,schedule,The waiting time affected the experience.
R003121,C002327,onboarding,2025-07-17T12:00:00Z,2025-07-17T14:35:00Z,1,8,3,access,I needed more than one contact.
R003122,C000483,support,2025-07-17T13:31:00Z,2025-07-17T13:47:00Z,1,4,2,communication,I needed more than one contact.
R003123,C001626,renewal,2025-07-17T15:02:00Z,2025-07-17T16:32:00Z,1,7,3,value,I needed more than one contact.
R003124,C000586,support,2025-07-17T16:33:00Z,2025-07-17T17:14:00Z,1,8,3,communication,The information could be clearer.
R003125,C000408,support,2025-07-17T18:04:00Z,2025-07-17T18:52:00Z,1,7,4,resolution,The waiting time affected the experience.
R003126,C001834,onboarding,2025-07-17T19:35:00Z,2025-07-17T22:00:00Z,1,10,5,information,The information could be clearer.
R003127,C000789,support,2025-07-17T21:06:00Z,2025-07-17T22:51:00Z,1,7,4,communication,Everything worked as expected.
R003128,C001406,onboarding,2025-07-17T22:37:00Z,2025-07-31T22:38:00Z,2,10,4,access,The information could be clearer.
R003129,C001212,support,2025-07-18T00:08:00Z,2025-07-18T02:18:00Z,1,4,5,resolution,The waiting time affected the experience.
R003130,C000405,renewal,2025-07-18T01:39:00Z,2025-07-18T02:04:00Z,1,6,3,value,The waiting time affected the experience.
R003131,C002221,support,2025-07-18T03:10:00Z,2025-07-18T04:48:00Z,1,6,3,communication,The response was quick.
R003132,C000920,support,2025-07-18T04:41:00Z,2025-07-18T05:06:00Z,1,5,4,resolution,I needed more than one contact.
R003133,C001132,service,2025-07-18T06:12:00Z,2025-07-18T06:36:00Z,1,5,5,schedule,Everything worked as expected.
R003134,C001710,support,2025-07-18T07:43:00Z,2025-07-18T09:07:00Z,1,4,4,resolution,I needed more than one contact.
R003135,C001401,renewal,2025-07-18T09:14:00Z,2025-07-18T10:56:00Z,1,8,4,value,The response was quick.
R003136,C000081,service,2025-07-18T10:45:00Z,2025-07-18T11:07:00Z,1,7,5,experience,The response was quick.
R003137,C002341,onboarding,2025-07-18T12:16:00Z,2025-07-18T14:59:00Z,1,4,5,information,The response was quick.
R003138,C001773,support,2025-07-18T13:47:00Z,2025-07-18T16:19:00Z,1,7,3,communication,I needed more than one contact.
R003139,C000916,support,2025-07-18T15:18:00Z,2025-07-18T16:10:00Z,1,4,5,resolution,The waiting time affected the experience.
R003140,C002005,service,2025-07-18T16:49:00Z,2025-07-18T18:36:00Z,1,7,5,schedule,The waiting time affected the experience.
R003141,C002155,support,2025-07-18T18:20:00Z,2025-07-18T19:28:00Z,1,7,1,resolution,Everything worked as expected.
R003142,C001321,service,2025-07-18T19:51:00Z,2025-07-18T20:40:00Z,1,10,4,schedule,Everything worked as expected.
R003143,C000318,support,2025-07-18T21:22:00Z,2025-07-18T21:58:00Z,1,7,3,communication,The response was quick.
R003144,C001941,support,2025-07-18T22:53:00Z,2025-07-19T01:21:00Z,1,2,3,communication,I needed more than one contact.
R003145,C000410,onboarding,2025-07-19T00:24:00Z,2025-08-02T00:42:00Z,2,5,4,information,The response was quick.
R003146,C001958,support,2025-07-19T01:55:00Z,2025-07-19T03:50:00Z,1,10,4,communication,I needed more than one contact.
R003147,C001631,service,2025-07-19T03:26:00Z,2025-07-19T04:56:00Z,1,7,3,experience,Everything worked as expected.
R003148,C000996,support,2025-07-19T04:57:00Z,2025-07-19T05:25:00Z,1,4,4,resolution,The information could be clearer.
R003149,C000447,support,2025-07-19T06:28:00Z,2025-07-19T06:42:00Z,1,3,3,resolution,I needed more than one contact.
R003150,C001728,support,2025-07-19T07:59:00Z,2025-07-19T09:52:00Z,1,3,3,resolution,I needed more than one contact.
R003151,C000403,service,2025-07-19T09:30:00Z,2025-07-19T11:50:00Z,1,9,3,schedule,The response was quick.
R003152,C002221,support,2025-07-19T11:01:00Z,2025-07-19T11:42:00Z,1,9,3,resolution,I needed more than one contact.
R003153,C002009,support,2025-07-19T12:32:00Z,2025-07-19T15:10:00Z,1,8,4,communication,The response was quick.
R003154,C000695,support,2025-07-19T14:03:00Z,2025-07-19T15:50:00Z,1,6,2,communication,I needed more than one contact.
R003155,C001238,onboarding,2025-07-19T15:34:00Z,2025-07-19T16:07:00Z,1,4,5,information,Everything worked as expected.
R003156,C001510,onboarding,2025-07-19T17:05:00Z,2025-07-19T18:29:00Z,1,10,4,information,The response was quick.
R003157,C001836,support,2025-07-19T18:36:00Z,2025-07-19T20:54:00Z,1,2,5,communication,I needed more than one contact.
R003158,C001299,renewal,2025-07-19T20:07:00Z,2025-07-19T20:34:00Z,1,7,3,relationship,The information could be clearer.
R003159,C001612,support,2025-07-19T21:38:00Z,2025-07-19T21:52:00Z,1,8,2,resolution,The waiting time affected the experience.
R003160,C001250,support,2025-07-19T23:09:00Z,2025-07-20T00:27:00Z,1,8,5,communication,The information could be clearer.
R003161,C001225,renewal,2025-07-20T00:40:00Z,2025-07-20T00:57:00Z,1,8,4,value,The response was quick.
R003162,C001123,service,2025-07-20T02:11:00Z,2025-08-03T02:46:00Z,2,9,3,experience,The information could be clearer.
R003163,C001929,onboarding,2025-07-20T03:42:00Z,2025-07-20T04:27:00Z,1,10,4,information,The waiting time affected the experience.
R003164,C000579,support,2025-07-20T05:13:00Z,2025-07-20T07:37:00Z,1,5,3,communication,Everything worked as expected.
R003165,C000464,onboarding,2025-07-20T06:44:00Z,2025-07-20T09:36:00Z,1,10,5,access,The response was quick.
R003166,C001761,onboarding,2025-07-20T08:15:00Z,2025-07-20T10:04:00Z,1,9,3,information,I needed more than one contact.
R003167,C001598,support,2025-07-20T09:46:00Z,2025-07-20T12:22:00Z,1,8,3,resolution,The response was quick.
R003168,C002211,renewal,2025-07-20T11:17:00Z,2025-07-20T11:36:00Z,1,7,5,value,Everything worked as expected.
R003169,C000469,renewal,2025-07-20T12:48:00Z,2025-07-20T14:06:00Z,1,6,3,value,The information could be clearer.
R003170,C002400,service,2025-07-20T14:19:00Z,2025-07-20T16:25:00Z,1,7,4,experience,I needed more than one contact.
R003171,C000022,onboarding,2025-07-20T15:50:00Z,2025-07-20T17:03:00Z,1,10,4,information,The information could be clearer.
R003172,C001393,service,2025-07-20T17:21:00Z,2025-07-20T18:21:00Z,1,6,3,schedule,The response was quick.
R003173,C001058,service,2025-07-20T18:52:00Z,2025-07-20T19:47:00Z,1,6,5,experience,I needed more than one contact.
R003174,C000910,onboarding,2025-07-20T20:23:00Z,2025-07-20T22:40:00Z,1,9,5,access,I needed more than one contact.
R003175,C000376,support,2025-07-20T21:54:00Z,2025-07-20T22:19:00Z,1,5,3,communication,Everything worked as expected.
R003176,C002312,support,2025-07-20T23:25:00Z,2025-07-21T02:02:00Z,1,3,3,communication,I needed more than one contact.
R003177,C001129,service,2025-07-21T00:56:00Z,2025-07-21T02:57:00Z,1,5,5,schedule,The response was quick.
R003178,C000732,service,2025-07-21T02:27:00Z,2025-07-21T03:25:00Z,1,9,2,experience,I needed more than one contact.
R003179,C000781,renewal,2025-07-21T03:58:00Z,2025-08-04T04:50:00Z,2,8,2,value,The waiting time affected the experience.
R003180,C000534,renewal,2025-07-21T05:29:00Z,2025-07-21T07:51:00Z,1,8,4,relationship,The response was quick.
R003181,C001059,renewal,2025-07-21T07:00:00Z,2025-07-21T09:42:00Z,1,8,3,relationship,Everything worked as expected.
R003182,C000029,onboarding,2025-07-21T08:31:00Z,2025-07-21T10:21:00Z,1,9,3,information,The waiting time affected the experience.
R003183,C000294,support,2025-07-21T10:02:00Z,2025-07-21T11:17:00Z,1,5,4,communication,The information could be clearer.
R003184,C002093,renewal,2025-07-21T11:33:00Z,2025-07-21T14:16:00Z,1,6,3,value,I needed more than one contact.
R003185,C001279,service,2025-07-21T13:04:00Z,2025-07-21T14:43:00Z,1,5,3,experience,The information could be clearer.
R003186,C000086,onboarding,2025-07-21T14:35:00Z,2025-07-21T16:39:00Z,1,8,4,information,The information could be clearer.
R003187,C000640,onboarding,2025-07-21T16:06:00Z,2025-07-21T17:41:00Z,1,8,5,access,The waiting time affected the experience.
R003188,C001558,service,2025-07-21T17:37:00Z,2025-07-21T19:11:00Z,1,8,4,experience,The information could be clearer.
R003189,C000736,onboarding,2025-07-21T19:08:00Z,2025-07-21T21:24:00Z,1,7,4,information,The response was quick.
R003190,C002237,renewal,2025-07-21T20:39:00Z,2025-07-21T21:14:00Z,1,8,5,value,The response was quick.
R003191,C000076,service,2025-07-21T22:10:00Z,2025-07-22T00:58:00Z,1,5,5,schedule,The information could be clearer.
R003192,C000369,renewal,2025-07-21T23:41:00Z,2025-07-22T01:00:00Z,1,9,4,value,Everything worked as expected.
R003193,C000349,service,2025-07-22T01:12:00Z,2025-07-22T03:32:00Z,1,9,3,schedule,Everything worked as expected.
R003194,C001685,onboarding,2025-07-22T02:43:00Z,2025-07-22T04:15:00Z,1,10,4,access,Everything worked as expected.
R003195,C000608,support,2025-07-22T04:14:00Z,2025-07-22T07:04:00Z,1,5,3,communication,Everything worked as expected.
R003196,C001242,renewal,2025-07-22T05:45:00Z,2025-08-05T05:55:00Z,2,8,3,relationship,I needed more than one contact.
R003197,C001690,renewal,2025-07-22T07:16:00Z,2025-07-22T07:27:00Z,1,6,3,relationship,The waiting time affected the experience.
R003198,C000272,support,2025-07-22T08:47:00Z,2025-07-22T11:28:00Z,1,9,3,resolution,The response was quick.
R003199,C000010,onboarding,2025-07-22T10:18:00Z,2025-07-22T10:46:00Z,1,10,5,access,The waiting time affected the experience.
R003200,C000126,support,2025-07-22T11:49:00Z,2025-07-22T14:29:00Z,1,6,3,communication,I needed more than one contact.
R003201,C001763,service,2025-07-22T13:20:00Z,2025-07-22T13:28:00Z,1,9,2,experience,Everything worked as expected.
R003202,C001066,onboarding,2025-07-22T14:51:00Z,2025-07-22T16:30:00Z,1,8,2,information,The information could be clearer.
R003203,C001886,renewal,2025-07-22T16:22:00Z,2025-07-22T18:54:00Z,1,7,3,value,I needed more than one contact.
R003204,C001024,service,2025-07-22T17:53:00Z,2025-07-22T18:13:00Z,1,8,5,experience,I needed more than one contact.
R003205,C000624,onboarding,2025-07-22T19:24:00Z,2025-07-22T21:17:00Z,1,10,4,information,The waiting time affected the experience.
R003206,C001024,support,2025-07-22T20:55:00Z,2025-07-22T21:00:00Z,1,3,5,resolution,The waiting time affected the experience.
R003207,C000155,renewal,2025-07-22T22:26:00Z,2025-07-23T00:30:00Z,1,2,2,relationship,Everything worked as expected.
R003208,C001010,renewal,2025-07-22T23:57:00Z,2025-07-23T02:51:00Z,1,9,2,relationship,The waiting time affected the experience.
R003209,C000707,onboarding,2025-07-23T01:28:00Z,2025-07-23T01:49:00Z,1,6,4,information,The response was quick.
R003210,C001667,support,2025-07-23T02:59:00Z,2025-07-23T03:31:00Z,1,5,4,communication,The information could be clearer.
R003211,C001388,service,2025-07-23T04:30:00Z,2025-07-23T05:18:00Z,1,6,4,experience,The waiting time affected the experience.
R003212,C002221,onboarding,2025-07-23T06:01:00Z,2025-07-23T06:19:00Z,1,8,5,access,I needed more than one contact.
R003213,C000034,support,2025-07-23T07:32:00Z,2025-08-06T07:59:00Z,2,7,3,resolution,The response was quick.
R003214,C002342,support,2025-07-23T09:03:00Z,2025-07-23T10:36:00Z,1,8,3,resolution,The response was quick.
R003215,C000128,support,2025-07-23T10:34:00Z,2025-07-23T10:51:00Z,1,5,4,resolution,The response was quick.
R003216,C000572,service,2025-07-23T12:05:00Z,2025-07-23T12:59:00Z,1,8,3,experience,I needed more than one contact.
R003217,C002358,service,2025-07-23T13:36:00Z,2025-07-23T14:52:00Z,1,6,4,schedule,The information could be clearer.
R003218,C000637,renewal,2025-07-23T15:07:00Z,2025-07-23T17:24:00Z,1,7,5,value,The waiting time affected the experience.
R003219,C000207,renewal,2025-07-23T16:38:00Z,2025-07-23T16:55:00Z,1,7,4,relationship,The waiting time affected the experience.
R003220,C000607,renewal,2025-07-23T18:09:00Z,2025-07-23T21:09:00Z,1,6,5,relationship,The information could be clearer.
R003221,C000985,service,2025-07-23T19:40:00Z,2025-07-23T21:58:00Z,1,8,5,schedule,The information could be clearer.
R003222,C002138,support,2025-07-23T21:11:00Z,2025-07-23T22:22:00Z,1,7,3,resolution,Everything worked as expected.
R003223,C000869,support,2025-07-23T22:42:00Z,2025-07-23T23:54:00Z,1,5,5,communication,The response was quick.
R003224,C000704,service,2025-07-24T00:13:00Z,2025-07-24T02:20:00Z,1,7,4,schedule,Everything worked as expected.
R003225,C000556,support,2025-07-24T01:44:00Z,2025-07-24T02:50:00Z,1,2,4,communication,I needed more than one contact.
R003226,C000849,support,2025-07-24T03:15:00Z,2025-07-24T03:38:00Z,1,7,3,resolution,I needed more than one contact.
R003227,C000920,service,2025-07-24T04:46:00Z,2025-07-24T07:28:00Z,1,6,5,schedule,The response was quick.
R003228,C001471,service,2025-07-24T06:17:00Z,2025-07-24T08:23:00Z,1,6,3,experience,The information could be clearer.
R003229,C001262,renewal,2025-07-24T07:48:00Z,2025-07-24T08:26:00Z,1,5,4,relationship,Everything worked as expected.
R003230,C000024,renewal,2025-07-24T09:19:00Z,2025-08-07T10:03:00Z,2,8,3,value,The waiting time affected the experience.
R003231,C000225,renewal,2025-07-24T10:50:00Z,2025-07-24T12:50:00Z,1,10,4,relationship,Everything worked as expected.
R003232,C001445,renewal,2025-07-24T12:21:00Z,2025-07-24T14:10:00Z,1,10,4,value,Everything worked as expected.
R003233,C000464,support,2025-07-24T13:52:00Z,2025-07-24T15:02:00Z,1,7,2,communication,The waiting time affected the experience.
R003234,C002163,support,2025-07-24T15:23:00Z,2025-07-24T16:24:00Z,1,6,4,resolution,The waiting time affected the experience.
R003235,C000824,onboarding,2025-07-24T16:54:00Z,2025-07-24T17:25:00Z,1,10,5,access,I needed more than one contact.
R003236,C002116,service,2025-07-24T18:25:00Z,2025-07-24T19:06:00Z,1,8,5,schedule,Everything worked as expected.
R003237,C000132,service,2025-07-24T19:56:00Z,2025-07-24T20:59:00Z,1,8,4,experience,The information could be clearer.
R003238,C001594,onboarding,2025-07-24T21:27:00Z,2025-07-24T22:19:00Z,1,6,4,access,The response was quick.
R003239,C000325,support,2025-07-24T22:58:00Z,2025-07-24T23:35:00Z,1,8,3,communication,I needed more than one contact.
R003240,C000770,renewal,2025-07-25T00:29:00Z,2025-07-25T01:32:00Z,1,5,3,relationship,I needed more than one contact.
R003241,C000929,support,2025-07-25T02:00:00Z,2025-07-25T03:29:00Z,1,4,3,communication,The information could be clearer.
R003242,C002285,renewal,2025-07-25T03:31:00Z,2025-07-25T05:20:00Z,1,9,4,relationship,The response was quick.
R003243,C001594,service,2025-07-25T05:02:00Z,2025-07-25T07:33:00Z,1,7,5,experience,The response was quick.
R003244,C001545,service,2025-07-25T06:33:00Z,2025-07-25T06:47:00Z,1,7,5,experience,Everything worked as expected.
R003245,C001873,support,2025-07-25T08:04:00Z,2025-07-25T09:56:00Z,1,1,3,communication,The response was quick.
R003246,C000487,service,2025-07-25T09:35:00Z,2025-07-25T12:00:00Z,1,9,4,experience,I needed more than one contact.
R003247,C001111,onboarding,2025-07-25T11:06:00Z,2025-08-08T11:08:00Z,2,5,5,access,The waiting time affected the experience.
R003248,C000995,onboarding,2025-07-25T12:37:00Z,2025-07-25T13:47:00Z,1,10,4,access,I needed more than one contact.
R003249,C001985,service,2025-07-25T14:08:00Z,2025-07-25T15:04:00Z,1,8,3,schedule,The response was quick.
R003250,C000749,onboarding,2025-07-25T15:39:00Z,2025-07-25T16:18:00Z,1,8,4,access,The information could be clearer.
R003251,C002316,onboarding,2025-07-25T17:10:00Z,2025-07-25T19:21:00Z,1,7,5,information,The information could be clearer.
R003252,C002025,renewal,2025-07-25T18:41:00Z,2025-07-25T21:34:00Z,1,5,5,value,Everything worked as expected.
R003253,C001156,service,2025-07-25T20:12:00Z,2025-07-25T22:53:00Z,1,6,4,schedule,The waiting time affected the experience.
R003254,C001602,support,2025-07-25T21:43:00Z,2025-07-25T22:40:00Z,1,8,3,resolution,The waiting time affected the experience.
R003255,C001654,support,2025-07-25T23:14:00Z,2025-07-26T01:49:00Z,1,5,4,communication,The information could be clearer.
R003256,C001799,renewal,2025-07-26T00:45:00Z,2025-07-26T02:39:00Z,1,7,4,relationship,I needed more than one contact.
R003257,C001708,service,2025-07-26T02:16:00Z,2025-07-26T03:29:00Z,1,8,5,schedule,The waiting time affected the experience.
R003258,C000405,service,2025-07-26T03:47:00Z,2025-07-26T04:32:00Z,1,4,3,experience,Everything worked as expected.
R003259,C001069,service,2025-07-26T05:18:00Z,2025-07-26T08:11:00Z,1,6,3,experience,The information could be clearer.
R003260,C001275,renewal,2025-07-26T06:49:00Z,2025-07-26T08:32:00Z,1,5,5,relationship,Everything worked as expected.
R003261,C000893,support,2025-07-26T08:20:00Z,2025-07-26T11:04:00Z,1,7,4,resolution,I needed more than one contact.
R003262,C001685,onboarding,2025-07-26T09:51:00Z,2025-07-26T12:14:00Z,1,8,4,access,Everything worked as expected.
R003263,C001082,service,2025-07-26T11:22:00Z,2025-07-26T14:05:00Z,1,5,5,schedule,The waiting time affected the experience.
R003264,C001214,renewal,2025-07-26T12:53:00Z,2025-08-09T13:12:00Z,2,4,1,relationship,I needed more than one contact.
R003265,C002253,service,2025-07-26T14:24:00Z,2025-07-26T17:24:00Z,1,8,4,schedule,Everything worked as expected.
R003266,C000736,support,2025-07-26T15:55:00Z,2025-07-26T17:16:00Z,1,6,5,resolution,The response was quick.
R003267,C001274,support,2025-07-26T17:26:00Z,2025-07-26T18:17:00Z,1,3,4,resolution,The waiting time affected the experience.
R003268,C000965,onboarding,2025-07-26T18:57:00Z,2025-07-26T20:14:00Z,1,5,4,information,The response was quick.
R003269,C000800,onboarding,2025-07-26T20:28:00Z,2025-07-26T22:14:00Z,1,10,5,information,I needed more than one contact.
R003270,C000903,service,2025-07-26T21:59:00Z,2025-07-26T23:34:00Z,1,6,5,experience,The waiting time affected the experience.
R003271,C001324,support,2025-07-26T23:30:00Z,2025-07-27T01:13:00Z,1,7,3,resolution,Everything worked as expected.
R003272,C000271,support,2025-07-27T01:01:00Z,2025-07-27T03:21:00Z,1,7,3,communication,I needed more than one contact.
R003273,C000209,onboarding,2025-07-27T02:32:00Z,2025-07-27T04:00:00Z,1,10,3,access,Everything worked as expected.
R003274,C000879,support,2025-07-27T04:03:00Z,2025-07-27T04:34:00Z,1,7,2,resolution,Everything worked as expected.
R003275,C001383,support,2025-07-27T05:34:00Z,2025-07-27T06:08:00Z,1,9,3,communication,The waiting time affected the experience.
R003276,C000934,support,2025-07-27T07:05:00Z,2025-07-27T07:41:00Z,1,9,4,resolution,The response was quick.
R003277,C002144,service,2025-07-27T08:36:00Z,2025-07-27T08:52:00Z,1,7,4,experience,The waiting time affected the experience.
R003278,C001782,renewal,2025-07-27T10:07:00Z,2025-07-27T12:27:00Z,1,7,4,value,Everything worked as expected.
R003279,C001500,onboarding,2025-07-27T11:38:00Z,2025-07-27T13:29:00Z,1,9,4,information,I needed more than one contact.
R003280,C000762,service,2025-07-27T13:09:00Z,2025-07-27T15:39:00Z,1,6,3,schedule,I needed more than one contact.
R003281,C001260,support,2025-07-27T14:40:00Z,2025-08-10T15:16:00Z,2,6,3,communication,The waiting time affected the experience.
R003282,C001081,renewal,2025-07-27T16:11:00Z,2025-07-27T16:47:00Z,1,3,4,value,The information could be clearer.
R003283,C001118,onboarding,2025-07-27T17:42:00Z,2025-07-27T18:14:00Z,1,10,2,access,I needed more than one contact.
R003284,C002106,service,2025-07-27T19:13:00Z,2025-07-27T20:48:00Z,1,10,5,schedule,Everything worked as expected.
R003285,C001553,service,2025-07-27T20:44:00Z,2025-07-27T21:57:00Z,1,9,4,experience,The response was quick.
R003286,C000711,onboarding,2025-07-27T22:15:00Z,2025-07-27T22:43:00Z,1,9,5,access,The response was quick.
R003287,C000956,support,2025-07-27T23:46:00Z,2025-07-28T02:34:00Z,1,7,3,communication,The waiting time affected the experience.
R003288,C002127,renewal,2025-07-28T01:17:00Z,2025-07-28T03:45:00Z,1,3,3,value,The response was quick.
R003289,C000442,support,2025-07-28T02:48:00Z,2025-07-28T03:51:00Z,1,6,3,resolution,Everything worked as expected.
R003290,C000109,support,2025-07-28T04:19:00Z,2025-07-28T05:36:00Z,1,7,4,communication,The waiting time affected the experience.
R003291,C000616,onboarding,2025-07-28T05:50:00Z,2025-07-28T07:39:00Z,1,10,3,access,The response was quick.
R003292,C001079,onboarding,2025-07-28T07:21:00Z,2025-07-28T08:29:00Z,1,10,4,access,I needed more than one contact.
R003293,C001743,renewal,2025-07-28T08:52:00Z,2025-07-28T11:10:00Z,1,8,4,value,Everything worked as expected.
R003294,C001022,onboarding,2025-07-28T10:23:00Z,2025-07-28T11:09:00Z,1,10,4,information,The response was quick.
R003295,C001550,service,2025-07-28T11:54:00Z,2025-07-28T13:54:00Z,1,7,3,schedule,The waiting time affected the experience.
R003296,C000384,service,2025-07-28T13:25:00Z,2025-07-28T14:40:00Z,1,2,5,experience,I needed more than one contact.
R003297,C000235,support,2025-07-28T14:56:00Z,2025-07-28T15:11:00Z,1,4,3,communication,The waiting time affected the experience.
R003298,C002032,service,2025-07-28T16:27:00Z,2025-08-11T17:20:00Z,2,7,4,experience,I needed more than one contact.
R003299,C001634,renewal,2025-07-28T17:58:00Z,2025-07-28T19:24:00Z,1,9,4,relationship,The information could be clearer.
R003300,C001105,service,2025-07-28T19:29:00Z,2025-07-28T21:15:00Z,1,10,4,experience,The waiting time affected the experience.
R003301,C000539,renewal,2025-07-28T21:00:00Z,2025-07-28T23:47:00Z,1,6,4,relationship,The information could be clearer.
R003302,C000053,service,2025-07-28T22:31:00Z,2025-07-28T23:52:00Z,1,10,4,schedule,The information could be clearer.
R003303,C001514,service,2025-07-29T00:02:00Z,2025-07-29T02:58:00Z,1,10,4,schedule,The response was quick.
R003304,C001172,service,2025-07-29T01:33:00Z,2025-07-29T02:09:00Z,1,6,3,schedule,I needed more than one contact.
R003305,C000672,service,2025-07-29T03:04:00Z,2025-07-29T05:06:00Z,1,8,3,schedule,The information could be clearer.
R003306,C000203,support,2025-07-29T04:35:00Z,2025-07-29T05:22:00Z,1,4,3,resolution,I needed more than one contact.
R003307,C002046,service,2025-07-29T06:06:00Z,2025-07-29T06:34:00Z,1,7,2,schedule,Everything worked as expected.
R003308,C001587,service,2025-07-29T07:37:00Z,2025-07-29T08:06:00Z,1,6,3,schedule,The waiting time affected the experience.
R003309,C001655,support,2025-07-29T09:08:00Z,2025-07-29T10:56:00Z,1,6,4,communication,The information could be clearer.
R003310,C000496,onboarding,2025-07-29T10:39:00Z,2025-07-29T11:02:00Z,1,9,4,information,Everything worked as expected.
R003311,C000392,service,2025-07-29T12:10:00Z,2025-07-29T14:54:00Z,1,8,4,schedule,Everything worked as expected.
R003312,C001854,onboarding,2025-07-29T13:41:00Z,2025-07-29T16:05:00Z,1,9,5,access,The information could be clearer.
R003313,C001202,service,2025-07-29T15:12:00Z,2025-07-29T16:26:00Z,1,9,4,schedule,I needed more than one contact.
R003314,C001732,support,2025-07-29T16:43:00Z,2025-07-29T18:13:00Z,1,9,4,communication,Everything worked as expected.
R003315,C001488,onboarding,2025-07-29T18:14:00Z,2025-08-12T18:25:00Z,2,10,5,information,Everything worked as expected.
R003316,C001753,service,2025-07-29T19:45:00Z,2025-07-29T20:25:00Z,1,8,3,schedule,I needed more than one contact.
R003317,C000591,onboarding,2025-07-29T21:16:00Z,2025-07-29T21:48:00Z,1,6,2,information,I needed more than one contact.
R003318,C000128,service,2025-07-29T22:47:00Z,2025-07-30T00:06:00Z,1,8,4,schedule,The waiting time affected the experience.
R003319,C001416,support,2025-07-30T00:18:00Z,2025-07-30T03:10:00Z,1,10,4,communication,The information could be clearer.
R003320,C002135,support,2025-07-30T01:49:00Z,2025-07-30T03:11:00Z,1,5,4,communication,I needed more than one contact.
R003321,C000901,onboarding,2025-07-30T03:20:00Z,2025-07-30T06:05:00Z,1,10,3,information,The information could be clearer.
R003322,C000675,support,2025-07-30T04:51:00Z,2025-07-30T06:52:00Z,1,4,3,communication,The information could be clearer.
R003323,C001794,service,2025-07-30T06:22:00Z,2025-07-30T08:58:00Z,1,10,5,experience,The waiting time affected the experience.
R003324,C001206,renewal,2025-07-30T07:53:00Z,2025-07-30T10:41:00Z,1,6,5,value,The information could be clearer.
R003325,C002183,onboarding,2025-07-30T09:24:00Z,2025-07-30T11:52:00Z,1,8,5,information,The information could be clearer.
R003326,C002230,service,2025-07-30T10:55:00Z,2025-07-30T12:25:00Z,1,9,5,schedule,The response was quick.
R003327,C002307,support,2025-07-30T12:26:00Z,2025-07-30T13:00:00Z,1,8,2,resolution,The waiting time affected the experience.
R003328,C000863,support,2025-07-30T13:57:00Z,2025-07-30T14:22:00Z,1,4,2,resolution,The information could be clearer.
R003329,C000635,support,2025-07-30T15:28:00Z,2025-07-30T16:18:00Z,1,5,4,resolution,Everything worked as expected.
R003330,C000701,support,2025-07-30T16:59:00Z,2025-07-30T19:48:00Z,1,4,2,communication,I needed more than one contact.
R003331,C000359,service,2025-07-30T18:30:00Z,2025-07-30T19:46:00Z,1,6,3,experience,Everything worked as expected.
R003332,C001332,service,2025-07-30T20:01:00Z,2025-08-13T20:29:00Z,2,9,2,experience,The waiting time affected the experience.
R003333,C000309,service,2025-07-30T21:32:00Z,2025-07-30T23:36:00Z,1,4,5,experience,The information could be clearer.
R003334,C001799,renewal,2025-07-30T23:03:00Z,2025-07-31T01:56:00Z,1,6,3,relationship,The information could be clearer.
R003335,C000393,service,2025-07-31T00:34:00Z,2025-07-31T02:59:00Z,1,5,4,experience,The waiting time affected the experience.
R003336,C002335,support,2025-07-31T02:05:00Z,2025-07-31T03:54:00Z,1,5,4,resolution,Everything worked as expected.
R003337,C000853,onboarding,2025-07-31T03:36:00Z,2025-07-31T05:32:00Z,1,10,5,access,I needed more than one contact.
R003338,C001955,renewal,2025-07-31T05:07:00Z,2025-07-31T07:59:00Z,1,10,4,value,I needed more than one contact.
R003339,C000305,onboarding,2025-07-31T06:38:00Z,2025-07-31T07:24:00Z,1,6,4,access,The information could be clearer.
R003340,C001802,support,2025-07-31T08:09:00Z,2025-07-31T09:20:00Z,1,5,4,communication,Everything worked as expected.
R003341,C001063,renewal,2025-07-31T09:40:00Z,2025-07-31T12:38:00Z,1,10,4,relationship,I needed more than one contact.
R003342,C002165,service,2025-07-31T11:11:00Z,2025-07-31T13:47:00Z,1,7,5,experience,The response was quick.
R003343,C001916,service,2025-07-31T12:42:00Z,2025-07-31T14:49:00Z,1,8,4,schedule,The information could be clearer.
R003344,C001916,support,2025-07-31T14:13:00Z,2025-07-31T16:07:00Z,1,5,3,communication,Everything worked as expected.
R003345,C001593,support,2025-07-31T15:44:00Z,2025-07-31T16:00:00Z,1,7,4,resolution,Everything worked as expected.
R003346,C000324,service,2025-07-31T17:15:00Z,2025-07-31T17:31:00Z,1,6,5,schedule,The response was quick.
R003347,C000859,service,2025-07-31T18:46:00Z,2025-07-31T21:15:00Z,1,9,5,schedule,The response was quick.
R003348,C002313,service,2025-07-31T20:17:00Z,2025-07-31T22:49:00Z,1,10,3,experience,The waiting time affected the experience.
R003349,C000007,service,2025-07-31T21:48:00Z,2025-08-14T22:33:00Z,2,8,4,schedule,The information could be clearer.
R003350,C000622,onboarding,2025-07-31T23:19:00Z,2025-08-01T01:32:00Z,1,6,4,information,The information could be clearer.
R003351,C002058,onboarding,2025-08-01T00:50:00Z,2025-08-01T01:30:00Z,1,6,3,access,Everything worked as expected.
R003352,C001592,service,2025-08-01T02:21:00Z,2025-08-01T04:17:00Z,1,10,3,schedule,Everything worked as expected.
R003353,C001026,renewal,2025-08-01T03:52:00Z,2025-08-01T06:10:00Z,1,8,2,value,The response was quick.
R003354,C001108,onboarding,2025-08-01T05:23:00Z,2025-08-01T06:33:00Z,1,9,4,information,The response was quick.
R003355,C001925,service,2025-08-01T06:54:00Z,2025-08-01T07:11:00Z,1,6,4,experience,I needed more than one contact.
R003356,C000167,support,2025-08-01T08:25:00Z,2025-08-01T08:32:00Z,1,4,4,resolution,The information could be clearer.
R003357,C000277,service,2025-08-01T09:56:00Z,2025-08-01T10:46:00Z,1,7,4,experience,The response was quick.
R003358,C000802,service,2025-08-01T11:27:00Z,2025-08-01T13:22:00Z,1,4,3,experience,Everything worked as expected.
R003359,C002084,service,2025-08-01T12:58:00Z,2025-08-01T15:49:00Z,1,10,5,experience,The waiting time affected the experience.
R003360,C000460,support,2025-08-01T14:29:00Z,2025-08-01T14:38:00Z,1,7,3,communication,The waiting time affected the experience.
R003361,C001198,service,2025-08-01T16:00:00Z,2025-08-01T17:49:00Z,1,10,5,experience,The response was quick.
R003362,C002385,onboarding,2025-08-01T17:31:00Z,2025-08-01T19:05:00Z,1,10,5,access,The response was quick.
R003363,C001983,onboarding,2025-08-01T19:02:00Z,2025-08-01T21:48:00Z,1,5,3,access,The waiting time affected the experience.
R003364,C000413,renewal,2025-08-01T20:33:00Z,2025-08-01T20:57:00Z,1,8,4,value,Everything worked as expected.
R003365,C001776,service,2025-08-01T22:04:00Z,2025-08-02T00:35:00Z,1,5,4,experience,The waiting time affected the experience.
R003366,C000164,support,2025-08-01T23:35:00Z,2025-08-15T23:38:00Z,2,9,4,communication,The waiting time affected the experience.
R003367,C000736,support,2025-08-02T01:06:00Z,2025-08-02T02:56:00Z,1,7,3,communication,The response was quick.
R003368,C000544,renewal,2025-08-02T02:37:00Z,2025-08-02T02:59:00Z,1,6,3,relationship,Everything worked as expected.
R003369,C002049,service,2025-08-02T04:08:00Z,2025-08-02T06:06:00Z,1,6,3,schedule,The information could be clearer.
R003370,C000179,onboarding,2025-08-02T05:39:00Z,2025-08-02T07:02:00Z,1,6,5,access,The waiting time affected the experience.
R003371,C002298,service,2025-08-02T07:10:00Z,2025-08-02T07:56:00Z,1,8,3,experience,Everything worked as expected.
R003372,C002339,renewal,2025-08-02T08:41:00Z,2025-08-02T11:37:00Z,1,8,4,relationship,Everything worked as expected.
R003373,C001098,support,2025-08-02T10:12:00Z,2025-08-02T13:00:00Z,1,6,4,communication,I needed more than one contact.
R003374,C001375,service,2025-08-02T11:43:00Z,2025-08-02T13:46:00Z,1,7,3,experience,Everything worked as expected.
R003375,C001299,onboarding,2025-08-02T13:14:00Z,2025-08-02T13:35:00Z,1,5,3,information,Everything worked as expected.
R003376,C000093,service,2025-08-02T14:45:00Z,2025-08-02T15:12:00Z,1,6,4,experience,I needed more than one contact.
R003377,C000381,onboarding,2025-08-02T16:16:00Z,2025-08-02T16:48:00Z,1,8,5,information,The response was quick.
R003378,C001020,service,2025-08-02T17:47:00Z,2025-08-02T19:06:00Z,1,7,3,schedule,The information could be clearer.
R003379,C002328,service,2025-08-02T19:18:00Z,2025-08-02T20:29:00Z,1,10,4,schedule,The information could be clearer.
R003380,C001396,support,2025-08-02T20:49:00Z,2025-08-02T23:36:00Z,1,6,4,communication,The information could be clearer.
R003381,C002001,onboarding,2025-08-02T22:20:00Z,2025-08-02T23:47:00Z,1,7,5,information,The information could be clearer.
R003382,C000645,service,2025-08-02T23:51:00Z,2025-08-03T02:22:00Z,1,9,4,schedule,Everything worked as expected.
R003383,C001102,service,2025-08-03T01:22:00Z,2025-08-17T01:42:00Z,2,3,5,schedule,The waiting time affected the experience.
R003384,C002371,support,2025-08-03T02:53:00Z,2025-08-03T04:06:00Z,1,7,2,communication,The information could be clearer.
R003385,C001333,service,2025-08-03T04:24:00Z,2025-08-03T05:49:00Z,1,5,5,schedule,Everything worked as expected.
R003386,C001101,renewal,2025-08-03T05:55:00Z,2025-08-03T07:27:00Z,1,8,1,value,The response was quick.
R003387,C000291,renewal,2025-08-03T07:26:00Z,2025-08-03T07:50:00Z,1,5,2,relationship,The information could be clearer.
R003388,C002138,support,2025-08-03T08:57:00Z,2025-08-03T09:02:00Z,1,5,2,communication,The information could be clearer.
R003389,C001229,renewal,2025-08-03T10:28:00Z,2025-08-03T10:51:00Z,1,6,3,value,The information could be clearer.
R003390,C001130,service,2025-08-03T11:59:00Z,2025-08-03T12:54:00Z,1,7,3,experience,Everything worked as expected.
R003391,C001254,onboarding,2025-08-03T13:30:00Z,2025-08-03T15:29:00Z,1,9,5,information,I needed more than one contact.
R003392,C001567,service,2025-08-03T15:01:00Z,2025-08-03T15:47:00Z,1,8,3,experience,The response was quick.
R003393,C002076,service,2025-08-03T16:32:00Z,2025-08-03T19:03:00Z,1,6,4,schedule,The response was quick.
R003394,C002075,service,2025-08-03T18:03:00Z,2025-08-03T18:47:00Z,1,8,3,schedule,The information could be clearer.
R003395,C001607,support,2025-08-03T19:34:00Z,2025-08-03T22:01:00Z,1,4,3,resolution,The waiting time affected the experience.
R003396,C001137,service,2025-08-03T21:05:00Z,2025-08-03T22:41:00Z,1,5,4,schedule,Everything worked as expected.
R003397,C001928,support,2025-08-03T22:36:00Z,2025-08-03T23:33:00Z,1,7,4,resolution,The information could be clearer.
R003398,C000276,service,2025-08-04T00:07:00Z,2025-08-04T02:15:00Z,1,4,5,experience,I needed more than one contact.
R003399,C001399,service,2025-08-04T01:38:00Z,2025-08-04T04:22:00Z,1,7,4,schedule,I needed more than one contact.
R003400,C002130,support,2025-08-04T03:09:00Z,2025-08-18T03:46:00Z,2,4,4,communication,The response was quick.
R003401,C002348,onboarding,2025-08-04T04:40:00Z,2025-08-04T06:39:00Z,1,7,5,information,I needed more than one contact.
R003402,C001303,service,2025-08-04T06:11:00Z,2025-08-04T08:47:00Z,1,6,3,experience,I needed more than one contact.
R003403,C001095,service,2025-08-04T07:42:00Z,2025-08-04T08:38:00Z,1,7,3,schedule,The information could be clearer.
R003404,C001114,service,2025-08-04T09:13:00Z,2025-08-04T11:32:00Z,1,9,5,schedule,I needed more than one contact.
R003405,C000322,support,2025-08-04T10:44:00Z,2025-08-04T12:03:00Z,1,5,3,communication,The information could be clearer.
R003406,C002138,service,2025-08-04T12:15:00Z,2025-08-04T15:12:00Z,1,10,3,schedule,The response was quick.
R003407,C000542,renewal,2025-08-04T13:46:00Z,2025-08-04T14:59:00Z,1,6,5,value,I needed more than one contact.
R003408,C000502,support,2025-08-04T15:17:00Z,2025-08-04T16:36:00Z,1,8,2,resolution,I needed more than one contact.
R003409,C001441,support,2025-08-04T16:48:00Z,2025-08-04T18:37:00Z,1,8,2,communication,I needed more than one contact.
R003410,C000439,support,2025-08-04T18:19:00Z,2025-08-04T20:03:00Z,1,4,4,resolution,Everything worked as expected.
R003411,C001038,support,2025-08-04T19:50:00Z,2025-08-04T21:00:00Z,1,5,3,communication,The waiting time affected the experience.
R003412,C000954,service,2025-08-04T21:21:00Z,2025-08-04T23:08:00Z,1,6,3,experience,The response was quick.
R003413,C000381,renewal,2025-08-04T22:52:00Z,2025-08-05T01:38:00Z,1,8,2,value,The response was quick.
R003414,C001996,support,2025-08-05T00:23:00Z,2025-08-05T02:18:00Z,1,4,4,communication,The response was quick.
R003415,C001557,service,2025-08-05T01:54:00Z,2025-08-05T04:45:00Z,1,8,3,experience,The waiting time affected the experience.
R003416,C000229,onboarding,2025-08-05T03:25:00Z,2025-08-05T06:13:00Z,1,9,3,information,The waiting time affected the experience.
R003417,C000029,renewal,2025-08-05T04:56:00Z,2025-08-19T05:50:00Z,2,4,3,value,I needed more than one contact.
R003418,C001829,renewal,2025-08-05T06:27:00Z,2025-08-05T08:11:00Z,1,10,4,relationship,The response was quick.
R003419,C001426,support,2025-08-05T07:58:00Z,2025-08-05T09:09:00Z,1,7,2,resolution,The response was quick.
R003420,C002158,service,2025-08-05T09:29:00Z,2025-08-05T11:02:00Z,1,9,5,schedule,The information could be clearer.
R003421,C001671,support,2025-08-05T11:00:00Z,2025-08-05T12:19:00Z,1,8,3,resolution,The response was quick.
R003422,C000563,onboarding,2025-08-05T12:31:00Z,2025-08-05T15:26:00Z,1,10,4,information,I needed more than one contact.
R003423,C000080,service,2025-08-05T14:02:00Z,2025-08-05T15:19:00Z,1,7,3,schedule,The response was quick.
R003424,C000879,service,2025-08-05T15:33:00Z,2025-08-05T17:38:00Z,1,8,5,schedule,The response was quick.
R003425,C000338,renewal,2025-08-05T17:04:00Z,2025-08-05T18:18:00Z,1,5,3,value,The information could be clearer.
R003426,C002323,renewal,2025-08-05T18:35:00Z,2025-08-05T20:12:00Z,1,6,3,relationship,I needed more than one contact.
R003427,C000447,renewal,2025-08-05T20:06:00Z,2025-08-05T20:22:00Z,1,6,4,value,I needed more than one contact.
R003428,C000881,support,2025-08-05T21:37:00Z,2025-08-05T23:59:00Z,1,7,4,resolution,The waiting time affected the experience.
R003429,C001803,service,2025-08-05T23:08:00Z,2025-08-06T01:01:00Z,1,10,4,experience,The response was quick.
R003430,C001754,renewal,2025-08-06T00:39:00Z,2025-08-06T02:02:00Z,1,10,4,relationship,I needed more than one contact.
R003431,C000770,renewal,2025-08-06T02:10:00Z,2025-08-06T03:50:00Z,1,7,3,relationship,I needed more than one contact.
R003432,C001954,renewal,2025-08-06T03:41:00Z,2025-08-06T06:39:00Z,1,9,4,value,The information could be clearer.
R003433,C001474,service,2025-08-06T05:12:00Z,2025-08-06T07:05:00Z,1,9,5,experience,The response was quick.
R003434,C000297,renewal,2025-08-06T06:43:00Z,2025-08-20T06:55:00Z,2,10,4,value,I needed more than one contact.
R003435,C001194,onboarding,2025-08-06T08:14:00Z,2025-08-06T09:13:00Z,1,10,5,access,Everything worked as expected.
R003436,C001440,renewal,2025-08-06T09:45:00Z,2025-08-06T11:27:00Z,1,9,4,relationship,The waiting time affected the experience.
R003437,C000888,service,2025-08-06T11:16:00Z,2025-08-06T13:37:00Z,1,5,3,experience,The information could be clearer.
R003438,C001473,support,2025-08-06T12:47:00Z,2025-08-06T14:31:00Z,1,10,4,resolution,The response was quick.
R003439,C001304,service,2025-08-06T14:18:00Z,2025-08-06T15:04:00Z,1,7,5,experience,The waiting time affected the experience.
R003440,C001147,service,2025-08-06T15:49:00Z,2025-08-06T17:42:00Z,1,10,3,experience,The waiting time affected the experience.
R003441,C001664,service,2025-08-06T17:20:00Z,2025-08-06T18:46:00Z,1,9,4,experience,I needed more than one contact.
R003442,C002127,support,2025-08-06T18:51:00Z,2025-08-06T21:25:00Z,1,4,3,resolution,The response was quick.
R003443,C001230,support,2025-08-06T20:22:00Z,2025-08-06T21:15:00Z,1,7,3,communication,The information could be clearer.
R003444,C002159,onboarding,2025-08-06T21:53:00Z,2025-08-06T23:55:00Z,1,8,4,information,The response was quick.
R003445,C000892,service,2025-08-06T23:24:00Z,2025-08-06T23:55:00Z,1,9,3,experience,The waiting time affected the experience.
R003446,C000156,service,2025-08-07T00:55:00Z,2025-08-07T02:30:00Z,1,8,4,schedule,The information could be clearer.
R003447,C001603,service,2025-08-07T02:26:00Z,2025-08-07T03:59:00Z,1,8,5,schedule,Everything worked as expected.
R003448,C001965,renewal,2025-08-07T03:57:00Z,2025-08-07T04:28:00Z,1,9,4,relationship,I needed more than one contact.
R003449,C002264,support,2025-08-07T05:28:00Z,2025-08-07T08:13:00Z,1,7,2,communication,The waiting time affected the experience.
R003450,C001898,onboarding,2025-08-07T06:59:00Z,2025-08-07T07:40:00Z,1,10,4,information,Everything worked as expected.
R003451,C002174,onboarding,2025-08-07T08:30:00Z,2025-08-21T08:59:00Z,2,6,5,information,I needed more than one contact.
R003452,C000950,onboarding,2025-08-07T10:01:00Z,2025-08-07T12:50:00Z,1,8,4,access,The waiting time affected the experience.
R003453,C001352,onboarding,2025-08-07T11:32:00Z,2025-08-07T13:08:00Z,1,6,4,access,Everything worked as expected.
R003454,C000693,support,2025-08-07T13:03:00Z,2025-08-07T15:59:00Z,1,8,3,resolution,I needed more than one contact.
R003455,C000527,service,2025-08-07T14:34:00Z,2025-08-07T15:22:00Z,1,10,5,experience,I needed more than one contact.
R003456,C000647,support,2025-08-07T16:05:00Z,2025-08-07T17:14:00Z,1,5,4,resolution,The waiting time affected the experience.
R003457,C002253,renewal,2025-08-07T17:36:00Z,2025-08-07T19:01:00Z,1,7,4,relationship,I needed more than one contact.
R003458,C000322,onboarding,2025-08-07T19:07:00Z,2025-08-07T21:39:00Z,1,10,5,information,The information could be clearer.
R003459,C000758,renewal,2025-08-07T20:38:00Z,2025-08-07T21:42:00Z,1,7,3,value,The response was quick.
R003460,C001961,service,2025-08-07T22:09:00Z,2025-08-07T23:12:00Z,1,4,5,experience,The information could be clearer.
R003461,C002127,renewal,2025-08-07T23:40:00Z,2025-08-08T01:05:00Z,1,7,4,value,The waiting time affected the experience.
R003462,C000288,support,2025-08-08T01:11:00Z,2025-08-08T03:05:00Z,1,8,3,resolution,The response was quick.
R003463,C001807,service,2025-08-08T02:42:00Z,2025-08-08T05:33:00Z,1,9,3,schedule,Everything worked as expected.
R003464,C000325,service,2025-08-08T04:13:00Z,2025-08-08T06:33:00Z,1,6,3,schedule,The waiting time affected the experience.
R003465,C000140,support,2025-08-08T05:44:00Z,2025-08-08T07:11:00Z,1,7,4,communication,The information could be clearer.
R003466,C002102,renewal,2025-08-08T07:15:00Z,2025-08-08T08:10:00Z,1,8,4,relationship,The waiting time affected the experience.
R003467,C001965,service,2025-08-08T08:46:00Z,2025-08-08T11:35:00Z,1,10,4,experience,I needed more than one contact.
R003468,C000061,renewal,2025-08-08T10:17:00Z,2025-08-22T11:03:00Z,2,5,3,relationship,The information could be clearer.
R003469,C000351,service,2025-08-08T11:48:00Z,2025-08-08T14:33:00Z,1,6,4,schedule,I needed more than one contact.
R003470,C002360,service,2025-08-08T13:19:00Z,2025-08-08T14:28:00Z,1,8,3,experience,Everything worked as expected.
R003471,C001786,service,2025-08-08T14:50:00Z,2025-08-08T17:12:00Z,1,9,4,schedule,I needed more than one contact.
R003472,C000208,onboarding,2025-08-08T16:21:00Z,2025-08-08T17:18:00Z,1,8,4,access,I needed more than one contact.
R003473,C002150,service,2025-08-08T17:52:00Z,2025-08-08T19:43:00Z,1,4,2,experience,Everything worked as expected.
R003474,C000505,service,2025-08-08T19:23:00Z,2025-08-08T19:29:00Z,1,4,3,schedule,The waiting time affected the experience.
R003475,C000921,service,2025-08-08T20:54:00Z,2025-08-08T21:40:00Z,1,3,2,experience,The response was quick.
R003476,C000289,service,2025-08-08T22:25:00Z,2025-08-08T22:52:00Z,1,7,3,schedule,The waiting time affected the experience.
R003477,C001408,support,2025-08-08T23:56:00Z,2025-08-09T01:35:00Z,1,4,3,resolution,The response was quick.
R003478,C001458,support,2025-08-09T01:27:00Z,2025-08-09T03:24:00Z,1,6,3,resolution,The waiting time affected the experience.
R003479,C000609,service,2025-08-09T02:58:00Z,2025-08-09T05:23:00Z,1,9,5,experience,The response was quick.
R003480,C001785,onboarding,2025-08-09T04:29:00Z,2025-08-09T07:04:00Z,1,9,4,access,I needed more than one contact.
R003481,C001706,support,2025-08-09T06:00:00Z,2025-08-09T09:00:00Z,1,5,3,communication,The information could be clearer.
R003482,C000015,service,2025-08-09T07:31:00Z,2025-08-09T08:51:00Z,1,7,3,schedule,The response was quick.
R003483,C000856,onboarding,2025-08-09T09:02:00Z,2025-08-09T11:16:00Z,1,4,2,access,Everything worked as expected.
R003484,C000546,onboarding,2025-08-09T10:33:00Z,2025-08-09T13:09:00Z,1,6,5,information,The response was quick.
R003485,C002365,service,2025-08-09T12:04:00Z,2025-08-23T12:08:00Z,2,7,3,experience,I needed more than one contact.
R003486,C001750,support,2025-08-09T13:35:00Z,2025-08-09T15:36:00Z,1,3,4,resolution,Everything worked as expected.
R003487,C000630,service,2025-08-09T15:06:00Z,2025-08-09T16:15:00Z,1,10,3,experience,Everything worked as expected.
R003488,C000293,renewal,2025-08-09T16:37:00Z,2025-08-09T18:09:00Z,1,6,4,value,I needed more than one contact.
R003489,C000377,service,2025-08-09T18:08:00Z,2025-08-09T20:45:00Z,1,7,3,schedule,Everything worked as expected.
R003490,C001009,support,2025-08-09T19:39:00Z,2025-08-09T22:15:00Z,1,4,3,resolution,The response was quick.
R003491,C000357,onboarding,2025-08-09T21:10:00Z,2025-08-09T23:29:00Z,1,7,3,information,The response was quick.
R003492,C001356,onboarding,2025-08-09T22:41:00Z,2025-08-09T23:25:00Z,1,6,3,access,I needed more than one contact.
R003493,C000470,support,2025-08-10T00:12:00Z,2025-08-10T01:54:00Z,1,7,4,resolution,I needed more than one contact.
R003494,C000944,support,2025-08-10T01:43:00Z,2025-08-10T03:00:00Z,1,7,4,resolution,The information could be clearer.
R003495,C000088,support,2025-08-10T03:14:00Z,2025-08-10T05:57:00Z,1,3,3,communication,The waiting time affected the experience.
R003496,C000755,onboarding,2025-08-10T04:45:00Z,2025-08-10T06:15:00Z,1,8,4,information,I needed more than one contact.
R003497,C001326,service,2025-08-10T06:16:00Z,2025-08-10T07:15:00Z,1,6,3,schedule,The response was quick.
R003498,C001042,service,2025-08-10T07:47:00Z,2025-08-10T08:01:00Z,1,7,2,experience,I needed more than one contact.
R003499,C002239,onboarding,2025-08-10T09:18:00Z,2025-08-10T11:01:00Z,1,5,3,information,I needed more than one contact.
R003500,C002101,support,2025-08-10T10:49:00Z,2025-08-10T12:33:00Z,1,6,3,communication,Everything worked as expected.
R003501,C001816,service,2025-08-10T12:20:00Z,2025-08-10T14:23:00Z,1,7,4,experience,I needed more than one contact.
R003502,C001129,support,2025-08-10T13:51:00Z,2025-08-24T14:12:00Z,2,7,2,resolution,The response was quick.
R003503,C000113,support,2025-08-10T15:22:00Z,2025-08-10T15:52:00Z,1,7,4,resolution,The response was quick.
R003504,C001679,renewal,2025-08-10T16:53:00Z,2025-08-10T19:09:00Z,1,5,3,value,The response was quick.
R003505,C000570,onboarding,2025-08-10T18:24:00Z,2025-08-10T19:21:00Z,1,10,5,information,Everything worked as expected.
R003506,C001519,support,2025-08-10T19:55:00Z,2025-08-10T21:27:00Z,1,6,4,resolution,The information could be clearer.
R003507,C002221,service,2025-08-10T21:26:00Z,2025-08-10T21:41:00Z,1,9,5,schedule,The information could be clearer.
R003508,C002288,support,2025-08-10T22:57:00Z,2025-08-11T01:06:00Z,1,6,4,resolution,The waiting time affected the experience.
R003509,C001468,support,2025-08-11T00:28:00Z,2025-08-11T00:35:00Z,1,5,4,resolution,The response was quick.
R003510,C001821,support,2025-08-11T01:59:00Z,2025-08-11T03:53:00Z,1,9,3,resolution,The response was quick.
R003511,C001326,service,2025-08-11T03:30:00Z,2025-08-11T05:10:00Z,1,5,5,schedule,The waiting time affected the experience.
R003512,C000463,support,2025-08-11T05:01:00Z,2025-08-11T06:31:00Z,1,7,3,resolution,The response was quick.
R003513,C001877,support,2025-08-11T06:32:00Z,2025-08-11T08:08:00Z,1,5,4,communication,The waiting time affected the experience.
R003514,C001672,support,2025-08-11T08:03:00Z,2025-08-11T09:36:00Z,1,7,3,communication,Everything worked as expected.
R003515,C000292,support,2025-08-11T09:34:00Z,2025-08-11T11:17:00Z,1,5,4,communication,The information could be clearer.
R003516,C001841,support,2025-08-11T11:05:00Z,2025-08-11T11:46:00Z,1,8,3,resolution,The information could be clearer.
R003517,C000153,renewal,2025-08-11T12:36:00Z,2025-08-11T12:51:00Z,1,9,4,value,The response was quick.
R003518,C001519,support,2025-08-11T14:07:00Z,2025-08-11T14:19:00Z,1,8,2,resolution,I needed more than one contact.
R003519,C000176,onboarding,2025-08-11T15:38:00Z,2025-08-25T16:16:00Z,2,10,5,information,I needed more than one contact.
R003520,C000942,renewal,2025-08-11T17:09:00Z,2025-08-11T19:10:00Z,1,10,2,value,The response was quick.
R003521,C001913,service,2025-08-11T18:40:00Z,2025-08-11T20:10:00Z,1,8,4,schedule,The response was quick.
R003522,C000218,support,2025-08-11T20:11:00Z,2025-08-11T20:49:00Z,1,8,4,resolution,Everything worked as expected.
R003523,C000293,service,2025-08-11T21:42:00Z,2025-08-11T22:59:00Z,1,5,5,experience,Everything worked as expected.
R003524,C000150,service,2025-08-11T23:13:00Z,2025-08-12T01:30:00Z,1,7,4,schedule,The information could be clearer.
R003525,C001404,support,2025-08-12T00:44:00Z,2025-08-12T03:02:00Z,1,5,4,resolution,I needed more than one contact.
R003526,C000762,service,2025-08-12T02:15:00Z,2025-08-12T02:30:00Z,1,9,4,schedule,The response was quick.
R003527,C001998,support,2025-08-12T03:46:00Z,2025-08-12T03:52:00Z,1,7,3,resolution,The response was quick.
R003528,C000713,renewal,2025-08-12T05:17:00Z,2025-08-12T06:30:00Z,1,6,4,value,Everything worked as expected.
R003529,C000455,service,2025-08-12T06:48:00Z,2025-08-12T08:05:00Z,1,6,3,experience,Everything worked as expected.
R003530,C001536,onboarding,2025-08-12T08:19:00Z,2025-08-12T09:18:00Z,1,8,4,access,I needed more than one contact.
R003531,C001453,service,2025-08-12T09:50:00Z,2025-08-12T11:44:00Z,1,9,5,experience,I needed more than one contact.
R003532,C000889,onboarding,2025-08-12T11:21:00Z,2025-08-12T12:56:00Z,1,10,5,information,Everything worked as expected.
R003533,C000023,support,2025-08-12T12:52:00Z,2025-08-12T14:34:00Z,1,7,5,communication,Everything worked as expected.
R003534,C001232,service,2025-08-12T14:23:00Z,2025-08-12T15:08:00Z,1,8,5,experience,The waiting time affected the experience.
R003535,C001661,support,2025-08-12T15:54:00Z,2025-08-12T18:00:00Z,1,5,3,communication,The waiting time affected the experience.
R003536,C000995,support,2025-08-12T17:25:00Z,2025-08-26T18:20:00Z,2,6,4,communication,The waiting time affected the experience.
R003537,C001825,service,2025-08-12T18:56:00Z,2025-08-12T19:35:00Z,1,10,3,experience,Everything worked as expected.
R003538,C001076,support,2025-08-12T20:27:00Z,2025-08-12T22:27:00Z,1,6,4,resolution,The response was quick.
R003539,C000835,renewal,2025-08-12T21:58:00Z,2025-08-12T22:06:00Z,1,8,3,value,The response was quick.
R003540,C000436,renewal,2025-08-12T23:29:00Z,2025-08-13T01:24:00Z,1,6,4,relationship,I needed more than one contact.
R003541,C000737,support,2025-08-13T01:00:00Z,2025-08-13T02:24:00Z,1,7,4,resolution,Everything worked as expected.
R003542,C002197,renewal,2025-08-13T02:31:00Z,2025-08-13T03:05:00Z,1,7,5,relationship,I needed more than one contact.
R003543,C001734,onboarding,2025-08-13T04:02:00Z,2025-08-13T05:23:00Z,1,7,4,information,I needed more than one contact.
R003544,C000880,service,2025-08-13T05:33:00Z,2025-08-13T06:07:00Z,1,7,4,schedule,The information could be clearer.
R003545,C000439,service,2025-08-13T07:04:00Z,2025-08-13T09:46:00Z,1,7,5,schedule,The response was quick.
R003546,C000685,renewal,2025-08-13T08:35:00Z,2025-08-13T11:32:00Z,1,10,4,relationship,Everything worked as expected.
R003547,C000066,support,2025-08-13T10:06:00Z,2025-08-13T12:28:00Z,1,9,4,communication,The information could be clearer.
R003548,C001556,service,2025-08-13T11:37:00Z,2025-08-13T12:27:00Z,1,6,5,experience,I needed more than one contact.
R003549,C001320,service,2025-08-13T13:08:00Z,2025-08-13T16:05:00Z,1,5,2,experience,Everything worked as expected.
R003550,C001327,onboarding,2025-08-13T14:39:00Z,2025-08-13T16:05:00Z,1,7,4,information,Everything worked as expected.
R003551,C000124,support,2025-08-13T16:10:00Z,2025-08-13T18:30:00Z,1,4,3,resolution,The response was quick.
R003552,C001978,service,2025-08-13T17:41:00Z,2025-08-13T19:16:00Z,1,8,4,experience,I needed more than one contact.
R003553,C001140,support,2025-08-13T19:12:00Z,2025-08-27T19:25:00Z,2,6,4,communication,I needed more than one contact.
R003554,C000470,support,2025-08-13T20:43:00Z,2025-08-13T22:20:00Z,1,7,3,communication,The information could be clearer.
R003555,C000593,onboarding,2025-08-13T22:14:00Z,2025-08-13T22:47:00Z,1,10,3,information,The response was quick.
R003556,C001841,service,2025-08-13T23:45:00Z,2025-08-14T01:49:00Z,1,10,3,experience,Everything worked as expected.
R003557,C002220,onboarding,2025-08-14T01:16:00Z,2025-08-14T03:03:00Z,1,8,5,information,I needed more than one contact.
R003558,C002365,support,2025-08-14T02:47:00Z,2025-08-14T05:20:00Z,1,5,3,communication,The information could be clearer.
R003559,C000293,renewal,2025-08-14T04:18:00Z,2025-08-14T06:12:00Z,1,7,3,value,The waiting time affected the experience.
R003560,C000425,onboarding,2025-08-14T05:49:00Z,2025-08-14T08:23:00Z,1,9,5,access,Everything worked as expected.
R003561,C002190,renewal,2025-08-14T07:20:00Z,2025-08-14T09:04:00Z,1,5,3,relationship,Everything worked as expected.
R003562,C000791,service,2025-08-14T08:51:00Z,2025-08-14T11:09:00Z,1,6,3,experience,I needed more than one contact.
R003563,C000141,service,2025-08-14T10:22:00Z,2025-08-14T12:39:00Z,1,7,3,schedule,I needed more than one contact.
R003564,C002346,renewal,2025-08-14T11:53:00Z,2025-08-14T12:15:00Z,1,5,5,value,Everything worked as expected.
R003565,C001046,service,2025-08-14T13:24:00Z,2025-08-14T13:53:00Z,1,10,4,schedule,The information could be clearer.
R003566,C001859,service,2025-08-14T14:55:00Z,2025-08-14T17:50:00Z,1,6,5,schedule,The response was quick.
R003567,C002130,support,2025-08-14T16:26:00Z,2025-08-14T19:08:00Z,1,7,3,communication,The information could be clearer.
R003568,C001677,support,2025-08-14T17:57:00Z,2025-08-14T20:18:00Z,1,4,4,communication,The response was quick.
R003569,C001286,service,2025-08-14T19:28:00Z,2025-08-14T21:00:00Z,1,5,4,experience,I needed more than one contact.
R003570,C001640,onboarding,2025-08-14T20:59:00Z,2025-08-28T21:29:00Z,2,10,5,information,Everything worked as expected.
R003571,C000433,support,2025-08-14T22:30:00Z,2025-08-15T01:16:00Z,1,4,2,resolution,The waiting time affected the experience.
R003572,C001501,support,2025-08-15T00:01:00Z,2025-08-15T01:56:00Z,1,3,4,communication,I needed more than one contact.
R003573,C002326,service,2025-08-15T01:32:00Z,2025-08-15T02:05:00Z,1,10,4,schedule,The response was quick.
R003574,C001700,support,2025-08-15T03:03:00Z,2025-08-15T03:10:00Z,1,3,3,resolution,I needed more than one contact.
R003575,C001492,support,2025-08-15T04:34:00Z,2025-08-15T06:03:00Z,1,6,4,resolution,The waiting time affected the experience.
R003576,C000036,service,2025-08-15T06:05:00Z,2025-08-15T06:29:00Z,1,7,4,experience,I needed more than one contact.
R003577,C001605,onboarding,2025-08-15T07:36:00Z,2025-08-15T09:33:00Z,1,8,4,information,The waiting time affected the experience.
R003578,C002253,service,2025-08-15T09:07:00Z,2025-08-15T10:42:00Z,1,10,3,schedule,I needed more than one contact.
R003579,C001926,service,2025-08-15T10:38:00Z,2025-08-15T12:52:00Z,1,9,3,experience,I needed more than one contact.
R003580,C000748,service,2025-08-15T12:09:00Z,2025-08-15T12:18:00Z,1,10,4,schedule,The waiting time affected the experience.
R003581,C000718,service,2025-08-15T13:40:00Z,2025-08-15T16:28:00Z,1,7,5,schedule,The response was quick.
R003582,C000862,onboarding,2025-08-15T15:11:00Z,2025-08-15T16:04:00Z,1,8,5,access,Everything worked as expected.
R003583,C002311,service,2025-08-15T16:42:00Z,2025-08-15T19:42:00Z,1,8,5,schedule,I needed more than one contact.
R003584,C001869,service,2025-08-15T18:13:00Z,2025-08-15T20:53:00Z,1,3,2,schedule,The information could be clearer.
R003585,C000353,service,2025-08-15T19:44:00Z,2025-08-15T22:44:00Z,1,8,5,experience,The response was quick.
R003586,C002369,service,2025-08-15T21:15:00Z,2025-08-15T21:32:00Z,1,6,4,schedule,Everything worked as expected.
R003587,C000248,service,2025-08-15T22:46:00Z,2025-08-29T23:33:00Z,2,4,3,schedule,The response was quick.
R003588,C002164,support,2025-08-16T00:17:00Z,2025-08-16T01:17:00Z,1,4,3,communication,The response was quick.
R003589,C000996,support,2025-08-16T01:48:00Z,2025-08-16T02:26:00Z,1,4,3,communication,The response was quick.
R003590,C000965,service,2025-08-16T03:19:00Z,2025-08-16T05:35:00Z,1,7,3,experience,Everything worked as expected.
R003591,C001823,renewal,2025-08-16T04:50:00Z,2025-08-16T05:31:00Z,1,2,4,relationship,The response was quick.
R003592,C000217,support,2025-08-16T06:21:00Z,2025-08-16T07:38:00Z,1,3,3,resolution,Everything worked as expected.
R003593,C001541,service,2025-08-16T07:52:00Z,2025-08-16T08:45:00Z,1,10,5,experience,The information could be clearer.
R003594,C001179,service,2025-08-16T09:23:00Z,2025-08-16T10:35:00Z,1,8,2,schedule,The information could be clearer.
R003595,C000637,support,2025-08-16T10:54:00Z,2025-08-16T11:26:00Z,1,6,4,communication,The response was quick.
R003596,C000693,support,2025-08-16T12:25:00Z,2025-08-16T15:05:00Z,1,8,4,communication,The response was quick.
R003597,C001443,support,2025-08-16T13:56:00Z,2025-08-16T14:07:00Z,1,7,5,communication,The information could be clearer.
R003598,C000438,renewal,2025-08-16T15:27:00Z,2025-08-16T16:42:00Z,1,10,4,relationship,The waiting time affected the experience.
R003599,C001535,renewal,2025-08-16T16:58:00Z,2025-08-16T17:41:00Z,1,7,3,relationship,I needed more than one contact.
R003600,C000794,support,2025-08-16T18:29:00Z,2025-08-16T20:00:00Z,1,8,5,communication,The waiting time affected the experience.
R003601,C000853,support,2025-08-16T20:00:00Z,2025-08-16T21:16:00Z,1,6,4,resolution,The waiting time affected the experience.
R003602,C000416,support,2025-08-16T21:31:00Z,2025-08-16T21:54:00Z,1,7,3,resolution,Everything worked as expected.
R003603,C000353,support,2025-08-16T23:02:00Z,2025-08-17T00:53:00Z,1,4,4,communication,The information could be clearer.
R003604,C000241,service,2025-08-17T00:33:00Z,2025-08-31T00:38:00Z,2,5,4,experience,The response was quick.
R003605,C001779,renewal,2025-08-17T02:04:00Z,2025-08-17T04:53:00Z,1,4,2,value,Everything worked as expected.
R003606,C001565,renewal,2025-08-17T03:35:00Z,2025-08-17T05:17:00Z,1,6,3,value,The response was quick.
R003607,C001968,service,2025-08-17T05:06:00Z,2025-08-17T07:47:00Z,1,10,4,experience,Everything worked as expected.
R003608,C001135,service,2025-08-17T06:37:00Z,2025-08-17T09:15:00Z,1,6,5,schedule,The waiting time affected the experience.
R003609,C000291,service,2025-08-17T08:08:00Z,2025-08-17T09:13:00Z,1,7,4,schedule,I needed more than one contact.
R003610,C001410,support,2025-08-17T09:39:00Z,2025-08-17T10:02:00Z,1,5,4,resolution,The waiting time affected the experience.
R003611,C001342,support,2025-08-17T11:10:00Z,2025-08-17T14:10:00Z,1,9,4,resolution,Everything worked as expected.
R003612,C001670,service,2025-08-17T12:41:00Z,2025-08-17T12:57:00Z,1,8,5,schedule,I needed more than one contact.
R003613,C001772,service,2025-08-17T14:12:00Z,2025-08-17T16:43:00Z,1,7,5,experience,The response was quick.
R003614,C000476,support,2025-08-17T15:43:00Z,2025-08-17T17:16:00Z,1,5,4,communication,The information could be clearer.
R003615,C002165,renewal,2025-08-17T17:14:00Z,2025-08-17T19:38:00Z,1,10,5,relationship,I needed more than one contact.
R003616,C001064,service,2025-08-17T18:45:00Z,2025-08-17T19:37:00Z,1,10,3,experience,I needed more than one contact.
R003617,C001516,service,2025-08-17T20:16:00Z,2025-08-17T22:43:00Z,1,9,5,schedule,I needed more than one contact.
R003618,C000963,service,2025-08-17T21:47:00Z,2025-08-17T22:18:00Z,1,5,3,experience,I needed more than one contact.
R003619,C000963,service,2025-08-17T23:18:00Z,2025-08-17T23:45:00Z,1,10,4,schedule,Everything worked as expected.
R003620,C000006,onboarding,2025-08-18T00:49:00Z,2025-08-18T03:11:00Z,1,7,4,access,Everything worked as expected.
R003621,C000899,support,2025-08-18T02:20:00Z,2025-09-01T02:42:00Z,2,4,2,resolution,The waiting time affected the experience.
R003622,C000606,renewal,2025-08-18T03:51:00Z,2025-08-18T06:47:00Z,1,3,2,relationship,The waiting time affected the experience.
R003623,C001849,service,2025-08-18T05:22:00Z,2025-08-18T07:16:00Z,1,8,4,experience,The response was quick.
R003624,C001622,support,2025-08-18T06:53:00Z,2025-08-18T07:19:00Z,1,8,4,resolution,I needed more than one contact.
R003625,C000690,support,2025-08-18T08:24:00Z,2025-08-18T10:25:00Z,1,8,4,resolution,The response was quick.
R003626,C001874,support,2025-08-18T09:55:00Z,2025-08-18T10:28:00Z,1,8,3,communication,The information could be clearer.
R003627,C001331,service,2025-08-18T11:26:00Z,2025-08-18T14:06:00Z,1,8,4,schedule,The response was quick.
R003628,C001985,service,2025-08-18T12:57:00Z,2025-08-18T14:29:00Z,1,8,2,experience,Everything worked as expected.
R003629,C002076,renewal,2025-08-18T14:28:00Z,2025-08-18T17:01:00Z,1,9,3,value,I needed more than one contact.
R003630,C000863,support,2025-08-18T15:59:00Z,2025-08-18T16:56:00Z,1,8,4,communication,The waiting time affected the experience.
R003631,C002235,service,2025-08-18T17:30:00Z,2025-08-18T18:48:00Z,1,8,5,experience,The information could be clearer.
R003632,C000638,support,2025-08-18T19:01:00Z,2025-08-18T21:03:00Z,1,6,3,communication,I needed more than one contact.
R003633,C001004,renewal,2025-08-18T20:32:00Z,2025-08-18T20:58:00Z,1,4,4,relationship,The information could be clearer.
R003634,C000106,service,2025-08-18T22:03:00Z,2025-08-19T00:27:00Z,1,7,4,schedule,The information could be clearer.
R003635,C001956,support,2025-08-18T23:34:00Z,2025-08-19T02:08:00Z,1,8,2,resolution,Everything worked as expected.
R003636,C000864,support,2025-08-19T01:05:00Z,2025-08-19T01:40:00Z,1,4,3,communication,Everything worked as expected.
R003637,C001336,renewal,2025-08-19T02:36:00Z,2025-08-19T04:46:00Z,1,6,3,value,The response was quick.
R003638,C001514,service,2025-08-19T04:07:00Z,2025-09-02T04:46:00Z,2,8,5,schedule,Everything worked as expected.
R003639,C000786,renewal,2025-08-19T05:38:00Z,2025-08-19T08:19:00Z,1,6,3,relationship,I needed more than one contact.
R003640,C000103,service,2025-08-19T07:09:00Z,2025-08-19T09:25:00Z,1,10,5,schedule,The response was quick.
R003641,C001110,service,2025-08-19T08:40:00Z,2025-08-19T09:55:00Z,1,7,3,schedule,The information could be clearer.
R003642,C001217,service,2025-08-19T10:11:00Z,2025-08-19T11:46:00Z,1,6,3,schedule,I needed more than one contact.
R003643,C002206,service,2025-08-19T11:42:00Z,2025-08-19T13:28:00Z,1,5,3,experience,I needed more than one contact.
R003644,C002392,support,2025-08-19T13:13:00Z,2025-08-19T14:44:00Z,1,7,4,resolution,The information could be clearer.
R003645,C001425,onboarding,2025-08-19T14:44:00Z,2025-08-19T14:59:00Z,1,7,4,information,I needed more than one contact.
R003646,C001476,service,2025-08-19T16:15:00Z,2025-08-19T18:09:00Z,1,8,3,schedule,The information could be clearer.
R003647,C001891,support,2025-08-19T17:46:00Z,2025-08-19T19:30:00Z,1,4,3,communication,The waiting time affected the experience.
R003648,C000987,renewal,2025-08-19T19:17:00Z,2025-08-19T21:21:00Z,1,10,3,value,The information could be clearer.
R003649,C001662,onboarding,2025-08-19T20:48:00Z,2025-08-19T22:19:00Z,1,8,4,information,Everything worked as expected.
R003650,C001477,renewal,2025-08-19T22:19:00Z,2025-08-20T00:25:00Z,1,10,4,value,The response was quick.
R003651,C000883,onboarding,2025-08-19T23:50:00Z,2025-08-20T00:55:00Z,1,7,5,information,Everything worked as expected.
R003652,C000924,service,2025-08-20T01:21:00Z,2025-08-20T03:38:00Z,1,7,5,experience,Everything worked as expected.
R003653,C001469,onboarding,2025-08-20T02:52:00Z,2025-08-20T05:01:00Z,1,9,3,access,The waiting time affected the experience.
R003654,C000179,service,2025-08-20T04:23:00Z,2025-08-20T06:30:00Z,1,8,5,schedule,Everything worked as expected.
R003655,C002094,service,2025-08-20T05:54:00Z,2025-09-03T06:50:00Z,2,6,4,experience,The response was quick.
R003656,C000915,onboarding,2025-08-20T07:25:00Z,2025-08-20T08:18:00Z,1,8,4,information,The waiting time affected the experience.
R003657,C001069,support,2025-08-20T08:56:00Z,2025-08-20T10:45:00Z,1,7,3,resolution,I needed more than one contact.
R003658,C001906,service,2025-08-20T10:27:00Z,2025-08-20T10:44:00Z,1,7,2,experience,Everything worked as expected.
R003659,C000193,support,2025-08-20T11:58:00Z,2025-08-20T14:42:00Z,1,7,3,communication,Everything worked as expected.
R003660,C000365,renewal,2025-08-20T13:29:00Z,2025-08-20T16:17:00Z,1,6,4,value,The waiting time affected the experience.
R003661,C000388,service,2025-08-20T15:00:00Z,2025-08-20T16:22:00Z,1,7,4,schedule,The response was quick.
R003662,C001158,service,2025-08-20T16:31:00Z,2025-08-20T18:48:00Z,1,10,2,schedule,Everything worked as expected.
R003663,C002308,support,2025-08-20T18:02:00Z,2025-08-20T20:45:00Z,1,6,2,resolution,Everything worked as expected.
R003664,C000353,service,2025-08-20T19:33:00Z,2025-08-20T20:58:00Z,1,7,5,schedule,The waiting time affected the experience.
R003665,C001812,onboarding,2025-08-20T21:04:00Z,2025-08-20T22:49:00Z,1,8,5,access,The response was quick.
R003666,C001109,onboarding,2025-08-20T22:35:00Z,2025-08-20T23:15:00Z,1,10,3,access,The waiting time affected the experience.
R003667,C001162,support,2025-08-21T00:06:00Z,2025-08-21T01:13:00Z,1,8,4,resolution,The response was quick.
R003668,C001313,service,2025-08-21T01:37:00Z,2025-08-21T02:06:00Z,1,8,5,experience,Everything worked as expected.
R003669,C001703,service,2025-08-21T03:08:00Z,2025-08-21T04:32:00Z,1,8,4,experience,The information could be clearer.
R003670,C001382,support,2025-08-21T04:39:00Z,2025-08-21T04:51:00Z,1,5,3,resolution,The waiting time affected the experience.
R003671,C002058,support,2025-08-21T06:10:00Z,2025-08-21T08:08:00Z,1,7,3,resolution,The waiting time affected the experience.
R003672,C002213,service,2025-08-21T07:41:00Z,2025-09-04T07:55:00Z,2,8,3,experience,Everything worked as expected.
R003673,C000685,renewal,2025-08-21T09:12:00Z,2025-08-21T09:24:00Z,1,9,4,value,The response was quick.
R003674,C000437,service,2025-08-21T10:43:00Z,2025-08-21T13:06:00Z,1,6,4,schedule,I needed more than one contact.
R003675,C000498,onboarding,2025-08-21T12:14:00Z,2025-08-21T13:16:00Z,1,7,5,access,The waiting time affected the experience.
R003676,C000479,onboarding,2025-08-21T13:45:00Z,2025-08-21T15:34:00Z,1,7,2,access,I needed more than one contact.
R003677,C001258,onboarding,2025-08-21T15:16:00Z,2025-08-21T17:53:00Z,1,7,3,information,The response was quick.
R003678,C001839,renewal,2025-08-21T16:47:00Z,2025-08-21T19:11:00Z,1,8,5,value,The response was quick.
R003679,C002400,support,2025-08-21T18:18:00Z,2025-08-21T19:13:00Z,1,3,2,resolution,I needed more than one contact.
R003680,C000589,onboarding,2025-08-21T19:49:00Z,2025-08-21T21:10:00Z,1,8,5,access,I needed more than one contact.
R003681,C000080,onboarding,2025-08-21T21:20:00Z,2025-08-21T23:16:00Z,1,10,5,access,The response was quick.
R003682,C000277,renewal,2025-08-21T22:51:00Z,2025-08-22T01:49:00Z,1,7,4,relationship,The information could be clearer.
R003683,C001929,support,2025-08-22T00:22:00Z,2025-08-22T02:48:00Z,1,10,4,communication,Everything worked as expected.
R003684,C000562,onboarding,2025-08-22T01:53:00Z,2025-08-22T02:27:00Z,1,8,3,information,The information could be clearer.
R003685,C000621,support,2025-08-22T03:24:00Z,2025-08-22T06:09:00Z,1,5,3,communication,The waiting time affected the experience.
R003686,C000797,renewal,2025-08-22T04:55:00Z,2025-08-22T06:09:00Z,1,7,5,value,The information could be clearer.
R003687,C000181,service,2025-08-22T06:26:00Z,2025-08-22T08:34:00Z,1,8,4,experience,I needed more than one contact.
R003688,C001045,service,2025-08-22T07:57:00Z,2025-08-22T08:48:00Z,1,8,4,experience,The waiting time affected the experience.
R003689,C000516,renewal,2025-08-22T09:28:00Z,2025-09-05T09:59:00Z,2,8,5,value,The waiting time affected the experience.
R003690,C002294,renewal,2025-08-22T10:59:00Z,2025-08-22T12:43:00Z,1,9,5,relationship,The waiting time affected the experience.
R003691,C001284,renewal,2025-08-22T12:30:00Z,2025-08-22T13:45:00Z,1,5,4,value,I needed more than one contact.
R003692,C000850,support,2025-08-22T14:01:00Z,2025-08-22T14:39:00Z,1,6,3,communication,I needed more than one contact.
R003693,C000963,service,2025-08-22T15:32:00Z,2025-08-22T18:18:00Z,1,8,4,experience,I needed more than one contact.
R003694,C000672,service,2025-08-22T17:03:00Z,2025-08-22T17:29:00Z,1,9,3,experience,I needed more than one contact.
R003695,C002198,support,2025-08-22T18:34:00Z,2025-08-22T19:55:00Z,1,6,1,resolution,The waiting time affected the experience.
R003696,C002054,support,2025-08-22T20:05:00Z,2025-08-22T22:34:00Z,1,7,3,resolution,I needed more than one contact.
R003697,C000548,service,2025-08-22T21:36:00Z,2025-08-22T22:54:00Z,1,10,4,schedule,Everything worked as expected.
R003698,C001969,renewal,2025-08-22T23:07:00Z,2025-08-23T00:36:00Z,1,9,3,relationship,Everything worked as expected.
R003699,C001727,support,2025-08-23T00:38:00Z,2025-08-23T01:54:00Z,1,8,4,resolution,The information could be clearer.
R003700,C001522,renewal,2025-08-23T02:09:00Z,2025-08-23T03:01:00Z,1,7,3,value,The waiting time affected the experience.
R003701,C001454,onboarding,2025-08-23T03:40:00Z,2025-08-23T04:58:00Z,1,7,5,access,Everything worked as expected.
R003702,C001866,service,2025-08-23T05:11:00Z,2025-08-23T05:54:00Z,1,9,2,experience,The waiting time affected the experience.
R003703,C000620,renewal,2025-08-23T06:42:00Z,2025-08-23T07:16:00Z,1,8,5,value,Everything worked as expected.
R003704,C001391,service,2025-08-23T08:13:00Z,2025-08-23T09:03:00Z,1,7,3,schedule,The response was quick.
R003705,C001813,support,2025-08-23T09:44:00Z,2025-08-23T10:12:00Z,1,2,3,communication,The response was quick.
R003706,C000932,renewal,2025-08-23T11:15:00Z,2025-09-06T12:03:00Z,2,10,5,relationship,Everything worked as expected.
R003707,C001116,support,2025-08-23T12:46:00Z,2025-08-23T15:38:00Z,1,7,3,communication,I needed more than one contact.
R003708,C001617,renewal,2025-08-23T14:17:00Z,2025-08-23T17:11:00Z,1,5,5,value,Everything worked as expected.
R003709,C000024,support,2025-08-23T15:48:00Z,2025-08-23T18:28:00Z,1,1,3,resolution,The waiting time affected the experience.
R003710,C000367,service,2025-08-23T17:19:00Z,2025-08-23T20:17:00Z,1,8,3,schedule,The response was quick.
R003711,C000222,support,2025-08-23T18:50:00Z,2025-08-23T18:57:00Z,1,5,3,communication,The waiting time affected the experience.
R003712,C001373,service,2025-08-23T20:21:00Z,2025-08-23T23:01:00Z,1,8,5,schedule,The waiting time affected the experience.
R003713,C000591,renewal,2025-08-23T21:52:00Z,2025-08-23T23:31:00Z,1,6,5,value,The response was quick.
R003714,C000371,support,2025-08-23T23:23:00Z,2025-08-24T01:58:00Z,1,5,4,resolution,The waiting time affected the experience.
R003715,C001108,onboarding,2025-08-24T00:54:00Z,2025-08-24T01:53:00Z,1,9,4,information,The information could be clearer.
R003716,C002056,support,2025-08-24T02:25:00Z,2025-08-24T04:39:00Z,1,8,2,communication,Everything worked as expected.
R003717,C001014,support,2025-08-24T03:56:00Z,2025-08-24T05:23:00Z,1,6,4,communication,The waiting time affected the experience.
R003718,C002041,support,2025-08-24T05:27:00Z,2025-08-24T07:17:00Z,1,3,2,communication,The response was quick.
R003719,C001649,service,2025-08-24T06:58:00Z,2025-08-24T07:25:00Z,1,4,3,schedule,I needed more than one contact.
R003720,C001108,service,2025-08-24T08:29:00Z,2025-08-24T11:13:00Z,1,8,3,experience,The waiting time affected the experience.
R003721,C001285,support,2025-08-24T10:00:00Z,2025-08-24T11:13:00Z,1,6,4,resolution,Everything worked as expected.
R003722,C002012,support,2025-08-24T11:31:00Z,2025-08-24T12:29:00Z,1,7,3,resolution,The information could be clearer.
R003723,C001892,service,2025-08-24T13:02:00Z,2025-09-07T13:08:00Z,2,9,2,experience,Everything worked as expected.
R003724,C000602,service,2025-08-24T14:33:00Z,2025-08-24T17:32:00Z,1,6,5,experience,I needed more than one contact.
R003725,C001876,support,2025-08-24T16:04:00Z,2025-08-24T17:08:00Z,1,4,4,resolution,Everything worked as expected.
R003726,C001555,onboarding,2025-08-24T17:35:00Z,2025-08-24T18:00:00Z,1,10,3,information,The waiting time affected the experience.
R003727,C000763,support,2025-08-24T19:06:00Z,2025-08-24T20:45:00Z,1,10,3,resolution,The information could be clearer.
R003728,C001936,support,2025-08-24T20:37:00Z,2025-08-24T22:16:00Z,1,6,4,communication,Everything worked as expected.
R003729,C001663,service,2025-08-24T22:08:00Z,2025-08-25T00:23:00Z,1,7,2,experience,Everything worked as expected.
R003730,C000300,support,2025-08-24T23:39:00Z,2025-08-25T00:09:00Z,1,5,3,communication,The response was quick.
R003731,C000632,support,2025-08-25T01:10:00Z,2025-08-25T01:37:00Z,1,7,3,communication,Everything worked as expected.
R003732,C001477,support,2025-08-25T02:41:00Z,2025-08-25T05:30:00Z,1,6,5,communication,The information could be clearer.
R003733,C000254,service,2025-08-25T04:12:00Z,2025-08-25T06:07:00Z,1,10,5,schedule,I needed more than one contact.
R003734,C000961,renewal,2025-08-25T05:43:00Z,2025-08-25T08:03:00Z,1,7,5,value,I needed more than one contact.
R003735,C000687,support,2025-08-25T07:14:00Z,2025-08-25T10:03:00Z,1,7,2,resolution,The response was quick.
R003736,C000591,onboarding,2025-08-25T08:45:00Z,2025-08-25T10:04:00Z,1,9,3,information,The waiting time affected the experience.
R003737,C002244,service,2025-08-25T10:16:00Z,2025-08-25T12:59:00Z,1,7,5,schedule,The response was quick.
R003738,C002009,service,2025-08-25T11:47:00Z,2025-08-25T14:05:00Z,1,10,3,experience,The waiting time affected the experience.
R003739,C001731,renewal,2025-08-25T13:18:00Z,2025-08-25T14:44:00Z,1,9,4,relationship,The response was quick.
R003740,C000930,service,2025-08-25T14:49:00Z,2025-09-08T15:12:00Z,2,5,3,schedule,The response was quick.
R003741,C000444,service,2025-08-25T16:20:00Z,2025-08-25T18:33:00Z,1,7,2,schedule,I needed more than one contact.
R003742,C000593,support,2025-08-25T17:51:00Z,2025-08-25T18:19:00Z,1,8,4,resolution,I needed more than one contact.
R003743,C000398,onboarding,2025-08-25T19:22:00Z,2025-08-25T20:18:00Z,1,8,3,access,The information could be clearer.
R003744,C000049,onboarding,2025-08-25T20:53:00Z,2025-08-25T23:20:00Z,1,8,4,information,The information could be clearer.
R003745,C002300,onboarding,2025-08-25T22:24:00Z,2025-08-25T23:57:00Z,1,10,3,access,Everything worked as expected.
R003746,C000233,support,2025-08-25T23:55:00Z,2025-08-26T00:30:00Z,1,7,4,resolution,The response was quick.
R003747,C001613,onboarding,2025-08-26T01:26:00Z,2025-08-26T02:48:00Z,1,8,3,information,The waiting time affected the experience.
R003748,C001201,onboarding,2025-08-26T02:57:00Z,2025-08-26T04:29:00Z,1,6,5,information,Everything worked as expected.
R003749,C001935,support,2025-08-26T04:28:00Z,2025-08-26T04:57:00Z,1,8,3,resolution,The information could be clearer.
R003750,C000220,service,2025-08-26T05:59:00Z,2025-08-26T07:51:00Z,1,8,3,experience,Everything worked as expected.
R003751,C002305,onboarding,2025-08-26T07:30:00Z,2025-08-26T08:28:00Z,1,9,4,access,The waiting time affected the experience.
R003752,C002098,support,2025-08-26T09:01:00Z,2025-08-26T10:25:00Z,1,9,3,communication,The information could be clearer.
R003753,C001993,service,2025-08-26T10:32:00Z,2025-08-26T12:28:00Z,1,7,4,experience,I needed more than one contact.
R003754,C001512,support,2025-08-26T12:03:00Z,2025-08-26T12:48:00Z,1,8,2,resolution,The response was quick.
R003755,C001966,service,2025-08-26T13:34:00Z,2025-08-26T14:06:00Z,1,3,2,schedule,Everything worked as expected.
R003756,C002027,renewal,2025-08-26T15:05:00Z,2025-08-26T17:52:00Z,1,8,4,value,The waiting time affected the experience.
R003757,C001143,support,2025-08-26T16:36:00Z,2025-09-09T17:16:00Z,2,2,5,communication,The response was quick.
R003758,C001982,onboarding,2025-08-26T18:07:00Z,2025-08-26T19:48:00Z,1,10,5,information,I needed more than one contact.
R003759,C001216,support,2025-08-26T19:38:00Z,2025-08-26T20:41:00Z,1,6,2,communication,The response was quick.
R003760,C001786,onboarding,2025-08-26T21:09:00Z,2025-08-26T22:04:00Z,1,6,2,access,The information could be clearer.
R003761,C001511,service,2025-08-26T22:40:00Z,2025-08-26T22:56:00Z,1,8,3,experience,Everything worked as expected.
R003762,C000641,renewal,2025-08-27T00:11:00Z,2025-08-27T02:51:00Z,1,9,5,value,The information could be clearer.
R003763,C001652,service,2025-08-27T01:42:00Z,2025-08-27T02:40:00Z,1,10,4,experience,The information could be clearer.
R003764,C001890,support,2025-08-27T03:13:00Z,2025-08-27T05:42:00Z,1,4,3,communication,The response was quick.
R003765,C001403,onboarding,2025-08-27T04:44:00Z,2025-08-27T06:40:00Z,1,9,4,access,The waiting time affected the experience.
R003766,C000568,support,2025-08-27T06:15:00Z,2025-08-27T08:48:00Z,1,5,3,communication,The response was quick.
R003767,C000831,service,2025-08-27T07:46:00Z,2025-08-27T09:45:00Z,1,8,4,schedule,The waiting time affected the experience.
R003768,C000528,service,2025-08-27T09:17:00Z,2025-08-27T10:55:00Z,1,8,4,experience,The response was quick.
R003769,C000431,support,2025-08-27T10:48:00Z,2025-08-27T13:10:00Z,1,4,2,resolution,Everything worked as expected.
R003770,C002354,onboarding,2025-08-27T12:19:00Z,2025-08-27T14:31:00Z,1,8,5,access,I needed more than one contact.
R003771,C001192,support,2025-08-27T13:50:00Z,2025-08-27T16:41:00Z,1,4,2,resolution,I needed more than one contact.
R003772,C002373,onboarding,2025-08-27T15:21:00Z,2025-08-27T15:31:00Z,1,10,4,access,The waiting time affected the experience.
R003773,C002183,renewal,2025-08-27T16:52:00Z,2025-08-27T18:31:00Z,1,9,4,relationship,The information could be clearer.
R003774,C000177,service,2025-08-27T18:23:00Z,2025-09-10T19:20:00Z,2,7,4,experience,The waiting time affected the experience.
R003775,C002222,renewal,2025-08-27T19:54:00Z,2025-08-27T21:52:00Z,1,8,4,relationship,Everything worked as expected.
R003776,C000336,support,2025-08-27T21:25:00Z,2025-08-28T00:08:00Z,1,9,2,resolution,The waiting time affected the experience.
R003777,C000731,service,2025-08-27T22:56:00Z,2025-08-27T23:15:00Z,1,4,5,experience,The waiting time affected the experience.
R003778,C000943,onboarding,2025-08-28T00:27:00Z,2025-08-28T02:17:00Z,1,7,3,information,Everything worked as expected.
R003779,C001470,onboarding,2025-08-28T01:58:00Z,2025-08-28T02:11:00Z,1,10,4,access,Everything worked as expected.
R003780,C002142,onboarding,2025-08-28T03:29:00Z,2025-08-28T04:15:00Z,1,9,5,information,The waiting time affected the experience.
R003781,C001575,support,2025-08-28T05:00:00Z,2025-08-28T06:16:00Z,1,7,5,resolution,The waiting time affected the experience.
R003782,C000454,renewal,2025-08-28T06:31:00Z,2025-08-28T07:39:00Z,1,9,3,relationship,The response was quick.
R003783,C000569,service,2025-08-28T08:02:00Z,2025-08-28T09:53:00Z,1,8,4,schedule,The waiting time affected the experience.
R003784,C001094,service,2025-08-28T09:33:00Z,2025-08-28T11:17:00Z,1,8,2,schedule,The response was quick.
R003785,C000272,renewal,2025-08-28T11:04:00Z,2025-08-28T12:38:00Z,1,6,3,value,The information could be clearer.
R003786,C000394,renewal,2025-08-28T12:35:00Z,2025-08-28T13:26:00Z,1,6,4,value,The waiting time affected the experience.
R003787,C001761,service,2025-08-28T14:06:00Z,2025-08-28T15:50:00Z,1,8,2,schedule,The waiting time affected the experience.
R003788,C001251,onboarding,2025-08-28T15:37:00Z,2025-08-28T18:14:00Z,1,9,3,information,The waiting time affected the experience.
R003789,C000362,support,2025-08-28T17:08:00Z,2025-08-28T18:22:00Z,1,5,2,resolution,I needed more than one contact.
R003790,C000556,renewal,2025-08-28T18:39:00Z,2025-08-28T21:14:00Z,1,8,4,relationship,The waiting time affected the experience.
R003791,C002309,onboarding,2025-08-28T20:10:00Z,2025-09-11T20:25:00Z,2,9,5,information,The waiting time affected the experience.
R003792,C000131,renewal,2025-08-28T21:41:00Z,2025-08-29T00:12:00Z,1,7,4,value,Everything worked as expected.
R003793,C000392,onboarding,2025-08-28T23:12:00Z,2025-08-29T01:25:00Z,1,10,3,access,The response was quick.
R003794,C000533,service,2025-08-29T00:43:00Z,2025-08-29T01:29:00Z,1,6,4,schedule,The information could be clearer.
R003795,C000956,service,2025-08-29T02:14:00Z,2025-08-29T03:50:00Z,1,7,4,experience,Everything worked as expected.
R003796,C001202,renewal,2025-08-29T03:45:00Z,2025-08-29T03:51:00Z,1,8,4,value,The waiting time affected the experience.
R003797,C001893,onboarding,2025-08-29T05:16:00Z,2025-08-29T07:17:00Z,1,8,4,access,The information could be clearer.
R003798,C001887,service,2025-08-29T06:47:00Z,2025-08-29T08:27:00Z,1,10,4,schedule,The waiting time affected the experience.
R003799,C000694,support,2025-08-29T08:18:00Z,2025-08-29T09:10:00Z,1,5,4,communication,The response was quick.
R003800,C000286,onboarding,2025-08-29T09:49:00Z,2025-08-29T12:09:00Z,1,8,3,access,I needed more than one contact.
R003801,C001526,support,2025-08-29T11:20:00Z,2025-08-29T13:40:00Z,1,5,4,communication,Everything worked as expected.
R003802,C001745,renewal,2025-08-29T12:51:00Z,2025-08-29T13:05:00Z,1,7,5,value,Everything worked as expected.
R003803,C002175,service,2025-08-29T14:22:00Z,2025-08-29T15:48:00Z,1,6,5,experience,I needed more than one contact.
R003804,C000478,service,2025-08-29T15:53:00Z,2025-08-29T17:32:00Z,1,9,3,schedule,The response was quick.
R003805,C001492,renewal,2025-08-29T17:24:00Z,2025-08-29T19:49:00Z,1,9,3,relationship,The information could be clearer.
R003806,C001420,support,2025-08-29T18:55:00Z,2025-08-29T20:47:00Z,1,8,4,communication,The response was quick.
R003807,C001344,support,2025-08-29T20:26:00Z,2025-08-29T22:31:00Z,1,8,4,resolution,The information could be clearer.
R003808,C001718,service,2025-08-29T21:57:00Z,2025-09-12T22:29:00Z,2,5,2,experience,The response was quick.
R003809,C000494,support,2025-08-29T23:28:00Z,2025-08-30T00:40:00Z,1,3,4,communication,I needed more than one contact.
R003810,C001623,service,2025-08-30T00:59:00Z,2025-08-30T02:54:00Z,1,5,3,experience,The waiting time affected the experience.
R003811,C001126,support,2025-08-30T02:30:00Z,2025-08-30T04:34:00Z,1,5,4,communication,The response was quick.
R003812,C000915,onboarding,2025-08-30T04:01:00Z,2025-08-30T06:28:00Z,1,7,5,information,The response was quick.
R003813,C000136,onboarding,2025-08-30T05:32:00Z,2025-08-30T07:43:00Z,1,3,5,information,The waiting time affected the experience.
R003814,C001130,onboarding,2025-08-30T07:03:00Z,2025-08-30T08:46:00Z,1,6,4,access,I needed more than one contact.
R003815,C001526,service,2025-08-30T08:34:00Z,2025-08-30T10:43:00Z,1,6,3,experience,The information could be clearer.
R003816,C000935,service,2025-08-30T10:05:00Z,2025-08-30T12:33:00Z,1,3,2,schedule,The response was quick.
R003817,C002175,support,2025-08-30T11:36:00Z,2025-08-30T11:41:00Z,1,5,3,resolution,Everything worked as expected.
R003818,C002362,service,2025-08-30T13:07:00Z,2025-08-30T14:26:00Z,1,6,3,schedule,The information could be clearer.
R003819,C000549,onboarding,2025-08-30T14:38:00Z,2025-08-30T15:57:00Z,1,8,5,access,Everything worked as expected.
R003820,C000074,onboarding,2025-08-30T16:09:00Z,2025-08-30T17:37:00Z,1,9,5,information,The waiting time affected the experience.
R003821,C001767,renewal,2025-08-30T17:40:00Z,2025-08-30T18:14:00Z,1,10,3,value,The information could be clearer.
R003822,C001567,service,2025-08-30T19:11:00Z,2025-08-30T20:24:00Z,1,7,5,schedule,The waiting time affected the experience.
R003823,C002323,support,2025-08-30T20:42:00Z,2025-08-30T21:58:00Z,1,8,1,resolution,The waiting time affected the experience.
R003824,C001160,service,2025-08-30T22:13:00Z,2025-08-31T01:08:00Z,1,10,2,experience,The information could be clearer.
R003825,C001010,support,2025-08-30T23:44:00Z,2025-09-14T00:33:00Z,2,3,1,resolution,The waiting time affected the experience.
R003826,C001797,service,2025-08-31T01:15:00Z,2025-08-31T03:01:00Z,1,6,5,schedule,Everything worked as expected.
R003827,C001273,support,2025-08-31T02:46:00Z,2025-08-31T03:08:00Z,1,7,3,resolution,The waiting time affected the experience.
R003828,C000667,support,2025-08-31T04:17:00Z,2025-08-31T05:40:00Z,1,4,2,resolution,The response was quick.
R003829,C002328,support,2025-08-31T05:48:00Z,2025-08-31T07:58:00Z,1,4,3,communication,I needed more than one contact.
R003830,C000682,support,2025-08-31T07:19:00Z,2025-08-31T09:23:00Z,1,8,2,communication,The waiting time affected the experience.
R003831,C001588,onboarding,2025-08-31T08:50:00Z,2025-08-31T09:53:00Z,1,8,4,access,Everything worked as expected.
R003832,C001103,onboarding,2025-08-31T10:21:00Z,2025-08-31T12:29:00Z,1,5,3,access,The response was quick.
R003833,C001773,support,2025-08-31T11:52:00Z,2025-08-31T14:04:00Z,1,7,4,resolution,The information could be clearer.
R003834,C000175,support,2025-08-31T13:23:00Z,2025-08-31T13:39:00Z,1,7,3,resolution,I needed more than one contact.
R003835,C000861,service,2025-08-31T14:54:00Z,2025-08-31T17:30:00Z,1,4,4,experience,I needed more than one contact.
R003836,C001812,support,2025-08-31T16:25:00Z,2025-08-31T16:33:00Z,1,7,2,communication,Everything worked as expected.
R003837,C001959,renewal,2025-08-31T17:56:00Z,2025-08-31T20:02:00Z,1,7,3,value,The information could be clearer.
R003838,C001708,service,2025-08-31T19:27:00Z,2025-08-31T20:16:00Z,1,3,3,experience,Everything worked as expected.
R003839,C000477,service,2025-08-31T20:58:00Z,2025-08-31T23:43:00Z,1,6,4,schedule,The information could be clearer.
R003840,C000437,support,2025-08-31T22:29:00Z,2025-08-31T23:47:00Z,1,7,4,communication,The response was quick.
R003841,C000309,support,2025-09-01T00:00:00Z,2025-09-01T02:28:00Z,1,6,3,communication,Everything worked as expected.
R003842,C002083,renewal,2025-09-01T01:31:00Z,2025-09-15T01:38:00Z,2,7,4,value,I needed more than one contact.
R003843,C002276,service,2025-09-01T03:02:00Z,2025-09-01T03:50:00Z,1,8,3,experience,I needed more than one contact.
R003844,C000473,service,2025-09-01T04:33:00Z,2025-09-01T05:21:00Z,1,5,2,schedule,The waiting time affected the experience.
R003845,C001299,service,2025-09-01T06:04:00Z,2025-09-01T07:56:00Z,1,5,5,schedule,The response was quick.
R003846,C001245,service,2025-09-01T07:35:00Z,2025-09-01T09:51:00Z,1,10,4,schedule,Everything worked as expected.
R003847,C000157,support,2025-09-01T09:06:00Z,2025-09-01T10:14:00Z,1,9,3,communication,Everything worked as expected.
R003848,C001967,support,2025-09-01T10:37:00Z,2025-09-01T11:45:00Z,1,10,4,communication,I needed more than one contact.
R003849,C001177,service,2025-09-01T12:08:00Z,2025-09-01T12:37:00Z,1,7,4,schedule,The information could be clearer.
R003850,C001673,support,2025-09-01T13:39:00Z,2025-09-01T16:25:00Z,1,6,4,resolution,The waiting time affected the experience.
R003851,C001237,renewal,2025-09-01T15:10:00Z,2025-09-01T16:51:00Z,1,6,5,value,The waiting time affected the experience.
R003852,C001637,service,2025-09-01T16:41:00Z,2025-09-01T17:04:00Z,1,8,5,schedule,The waiting time affected the experience.
R003853,C000303,support,2025-09-01T18:12:00Z,2025-09-01T19:33:00Z,1,7,2,communication,I needed more than one contact.
R003854,C000738,support,2025-09-01T19:43:00Z,2025-09-01T20:32:00Z,1,10,3,communication,I needed more than one contact.
R003855,C000315,onboarding,2025-09-01T21:14:00Z,2025-09-01T22:57:00Z,1,9,5,information,The waiting time affected the experience.
R003856,C000913,onboarding,2025-09-01T22:45:00Z,2025-09-01T23:03:00Z,1,9,5,information,The response was quick.
R003857,C000069,service,2025-09-02T00:16:00Z,2025-09-02T02:32:00Z,1,5,2,experience,The waiting time affected the experience.
R003858,C001651,service,2025-09-02T01:47:00Z,2025-09-02T02:27:00Z,1,10,4,schedule,The response was quick.
R003859,C000884,renewal,2025-09-02T03:18:00Z,2025-09-16T03:42:00Z,2,5,4,relationship,The information could be clearer.
R003860,C002149,service,2025-09-02T04:49:00Z,2025-09-02T06:21:00Z,1,10,3,experience,The information could be clearer.
R003861,C002071,renewal,2025-09-02T06:20:00Z,2025-09-02T08:22:00Z,1,10,5,value,I needed more than one contact.
R003862,C001737,service,2025-09-02T07:51:00Z,2025-09-02T10:04:00Z,1,9,4,schedule,The waiting time affected the experience.
R003863,C001087,support,2025-09-02T09:22:00Z,2025-09-02T12:07:00Z,1,5,5,communication,Everything worked as expected.
R003864,C001383,service,2025-09-02T10:53:00Z,2025-09-02T12:02:00Z,1,7,3,schedule,I needed more than one contact.
R003865,C000239,support,2025-09-02T12:24:00Z,2025-09-02T14:56:00Z,1,2,3,communication,The response was quick.
R003866,C002265,onboarding,2025-09-02T13:55:00Z,2025-09-02T16:29:00Z,1,10,2,information,Everything worked as expected.
R003867,C000978,renewal,2025-09-02T15:26:00Z,2025-09-02T15:31:00Z,1,4,4,value,The waiting time affected the experience.
R003868,C001587,support,2025-09-02T16:57:00Z,2025-09-02T18:10:00Z,1,8,3,resolution,The waiting time affected the experience.
R003869,C000047,support,2025-09-02T18:28:00Z,2025-09-02T19:12:00Z,1,8,1,communication,The waiting time affected the experience.
R003870,C000599,support,2025-09-02T19:59:00Z,2025-09-02T22:08:00Z,1,9,2,communication,I needed more than one contact.
R003871,C000322,onboarding,2025-09-02T21:30:00Z,2025-09-02T22:51:00Z,1,9,4,access,The response was quick.
R003872,C001327,support,2025-09-02T23:01:00Z,2025-09-02T23:18:00Z,1,10,4,communication,I needed more than one contact.
R003873,C001516,support,2025-09-03T00:32:00Z,2025-09-03T02:02:00Z,1,7,2,communication,The information could be clearer.
R003874,C001371,service,2025-09-03T02:03:00Z,2025-09-03T03:42:00Z,1,8,3,experience,The waiting time affected the experience.
R003875,C001661,support,2025-09-03T03:34:00Z,2025-09-03T05:28:00Z,1,7,4,resolution,I needed more than one contact.
R003876,C002271,renewal,2025-09-03T05:05:00Z,2025-09-17T05:46:00Z,2,7,5,value,I needed more than one contact.
R003877,C001230,support,2025-09-03T06:36:00Z,2025-09-03T06:53:00Z,1,6,4,resolution,The information could be clearer.
R003878,C001479,service,2025-09-03T08:07:00Z,2025-09-03T10:11:00Z,1,8,4,experience,The information could be clearer.
R003879,C000908,support,2025-09-03T09:38:00Z,2025-09-03T10:52:00Z,1,5,4,communication,I needed more than one contact.
R003880,C001878,onboarding,2025-09-03T11:09:00Z,2025-09-03T13:08:00Z,1,9,4,access,The response was quick.
R003881,C000428,support,2025-09-03T12:40:00Z,2025-09-03T12:55:00Z,1,5,3,communication,I needed more than one contact.
R003882,C001385,support,2025-09-03T14:11:00Z,2025-09-03T15:40:00Z,1,7,3,resolution,The response was quick.
R003883,C000828,service,2025-09-03T15:42:00Z,2025-09-03T16:39:00Z,1,8,4,experience,Everything worked as expected.
R003884,C001142,renewal,2025-09-03T17:13:00Z,2025-09-03T19:55:00Z,1,9,3,relationship,The response was quick.
R003885,C001097,support,2025-09-03T18:44:00Z,2025-09-03T19:58:00Z,1,5,3,resolution,The response was quick.
R003886,C002383,onboarding,2025-09-03T20:15:00Z,2025-09-03T22:15:00Z,1,9,4,information,I needed more than one contact.
R003887,C000722,support,2025-09-03T21:46:00Z,2025-09-03T22:59:00Z,1,8,2,communication,The information could be clearer.
R003888,C002077,renewal,2025-09-03T23:17:00Z,2025-09-04T00:32:00Z,1,8,4,relationship,The waiting time affected the experience.
R003889,C000554,service,2025-09-04T00:48:00Z,2025-09-04T02:41:00Z,1,6,4,schedule,I needed more than one contact.
R003890,C001534,onboarding,2025-09-04T02:19:00Z,2025-09-04T04:56:00Z,1,10,5,access,The waiting time affected the experience.
R003891,C000759,service,2025-09-04T03:50:00Z,2025-09-04T04:30:00Z,1,7,5,schedule,Everything worked as expected.
R003892,C000316,renewal,2025-09-04T05:21:00Z,2025-09-04T06:24:00Z,1,5,2,relationship,Everything worked as expected.
R003893,C000230,support,2025-09-04T06:52:00Z,2025-09-18T07:50:00Z,2,6,3,resolution,The waiting time affected the experience.
R003894,C001701,support,2025-09-04T08:23:00Z,2025-09-04T08:54:00Z,1,7,3,resolution,Everything worked as expected.
R003895,C002348,service,2025-09-04T09:54:00Z,2025-09-04T11:41:00Z,1,6,3,schedule,Everything worked as expected.
R003896,C001136,service,2025-09-04T11:25:00Z,2025-09-04T13:09:00Z,1,4,4,experience,Everything worked as expected.
R003897,C001106,service,2025-09-04T12:56:00Z,2025-09-04T15:38:00Z,1,6,4,schedule,The waiting time affected the experience.
R003898,C000335,support,2025-09-04T14:27:00Z,2025-09-04T15:56:00Z,1,5,4,communication,The information could be clearer.
R003899,C001115,service,2025-09-04T15:58:00Z,2025-09-04T17:19:00Z,1,5,3,schedule,Everything worked as expected.
R003900,C002288,support,2025-09-04T17:29:00Z,2025-09-04T17:57:00Z,1,6,4,resolution,The waiting time affected the experience.
R003901,C000441,onboarding,2025-09-04T19:00:00Z,2025-09-04T20:43:00Z,1,7,3,access,Everything worked as expected.
R003902,C001597,onboarding,2025-09-04T20:31:00Z,2025-09-04T21:44:00Z,1,8,2,information,I needed more than one contact.
R003903,C001277,service,2025-09-04T22:02:00Z,2025-09-05T00:01:00Z,1,6,3,experience,I needed more than one contact.
R003904,C000822,onboarding,2025-09-04T23:33:00Z,2025-09-05T01:45:00Z,1,10,5,access,Everything worked as expected.
R003905,C000325,support,2025-09-05T01:04:00Z,2025-09-05T02:41:00Z,1,8,4,resolution,Everything worked as expected.
R003906,C001392,support,2025-09-05T02:35:00Z,2025-09-05T04:35:00Z,1,6,3,communication,The response was quick.
R003907,C000415,support,2025-09-05T04:06:00Z,2025-09-05T04:24:00Z,1,8,3,resolution,I needed more than one contact.
R003908,C000129,onboarding,2025-09-05T05:37:00Z,2025-09-05T07:27:00Z,1,6,5,information,Everything worked as expected.
R003909,C002303,support,2025-09-05T07:08:00Z,2025-09-05T08:42:00Z,1,3,3,resolution,The waiting time affected the experience.
R003910,C000195,service,2025-09-05T08:39:00Z,2025-09-19T08:55:00Z,2,10,4,experience,I needed more than one contact.
R003911,C001437,service,2025-09-05T10:10:00Z,2025-09-05T11:51:00Z,1,5,5,experience,The waiting time affected the experience.
R003912,C000891,support,2025-09-05T11:41:00Z,2025-09-05T13:15:00Z,1,8,3,resolution,The waiting time affected the experience.
R003913,C001313,support,2025-09-05T13:12:00Z,2025-09-05T14:20:00Z,1,2,3,resolution,Everything worked as expected.
R003914,C002334,onboarding,2025-09-05T14:43:00Z,2025-09-05T17:38:00Z,1,8,5,access,The waiting time affected the experience.
R003915,C002196,support,2025-09-05T16:14:00Z,2025-09-05T16:25:00Z,1,8,2,resolution,I needed more than one contact.
R003916,C000332,service,2025-09-05T17:45:00Z,2025-09-05T19:39:00Z,1,9,4,schedule,The response was quick.
R003917,C002039,onboarding,2025-09-05T19:16:00Z,2025-09-05T20:07:00Z,1,7,4,information,Everything worked as expected.
R003918,C002071,support,2025-09-05T20:47:00Z,2025-09-05T21:40:00Z,1,10,3,resolution,The waiting time affected the experience.
R003919,C000832,support,2025-09-05T22:18:00Z,2025-09-05T23:45:00Z,1,5,3,communication,Everything worked as expected.
R003920,C001926,renewal,2025-09-05T23:49:00Z,2025-09-06T02:06:00Z,1,6,4,value,The response was quick.
R003921,C000582,renewal,2025-09-06T01:20:00Z,2025-09-06T02:09:00Z,1,6,5,relationship,The response was quick.
R003922,C000428,support,2025-09-06T02:51:00Z,2025-09-06T04:01:00Z,1,7,3,resolution,The response was quick.
R003923,C000014,support,2025-09-06T04:22:00Z,2025-09-06T05:03:00Z,1,7,4,resolution,The response was quick.
R003924,C001193,service,2025-09-06T05:53:00Z,2025-09-06T06:33:00Z,1,9,4,experience,The response was quick.
R003925,C000077,support,2025-09-06T07:24:00Z,2025-09-06T09:48:00Z,1,8,3,resolution,I needed more than one contact.
R003926,C000391,service,2025-09-06T08:55:00Z,2025-09-06T11:22:00Z,1,8,4,schedule,The waiting time affected the experience.
R003927,C001427,service,2025-09-06T10:26:00Z,2025-09-20T10:59:00Z,2,7,5,experience,Everything worked as expected.
R003928,C000939,support,2025-09-06T11:57:00Z,2025-09-06T14:10:00Z,1,5,3,resolution,I needed more than one contact.
R003929,C001467,onboarding,2025-09-06T13:28:00Z,2025-09-06T14:15:00Z,1,7,5,access,Everything worked as expected.
R003930,C001670,service,2025-09-06T14:59:00Z,2025-09-06T16:30:00Z,1,9,5,schedule,I needed more than one contact.
R003931,C001425,onboarding,2025-09-06T16:30:00Z,2025-09-06T18:04:00Z,1,9,5,information,The waiting time affected the experience.
R003932,C001823,onboarding,2025-09-06T18:01:00Z,2025-09-06T19:25:00Z,1,6,5,information,The waiting time affected the experience.
R003933,C000047,support,2025-09-06T19:32:00Z,2025-09-06T21:54:00Z,1,4,5,resolution,The response was quick.
R003934,C001645,service,2025-09-06T21:03:00Z,2025-09-06T23:28:00Z,1,8,3,schedule,The response was quick.
R003935,C000806,renewal,2025-09-06T22:34:00Z,2025-09-06T23:24:00Z,1,7,4,value,The waiting time affected the experience.
R003936,C002151,support,2025-09-07T00:05:00Z,2025-09-07T01:48:00Z,1,9,2,resolution,I needed more than one contact.
R003937,C001427,service,2025-09-07T01:36:00Z,2025-09-07T02:29:00Z,1,8,4,schedule,The information could be clearer.
R003938,C000122,renewal,2025-09-07T03:07:00Z,2025-09-07T04:19:00Z,1,4,2,relationship,The waiting time affected the experience.
R003939,C000380,onboarding,2025-09-07T04:38:00Z,2025-09-07T07:24:00Z,1,10,4,information,The information could be clearer.
R003940,C000444,renewal,2025-09-07T06:09:00Z,2025-09-07T08:30:00Z,1,9,4,value,The waiting time affected the experience.
R003941,C001034,service,2025-09-07T07:40:00Z,2025-09-07T09:12:00Z,1,9,4,schedule,Everything worked as expected.
R003942,C000276,renewal,2025-09-07T09:11:00Z,2025-09-07T10:46:00Z,1,8,3,value,The waiting time affected the experience.
R003943,C002391,service,2025-09-07T10:42:00Z,2025-09-07T13:41:00Z,1,10,5,experience,I needed more than one contact.
R003944,C000539,service,2025-09-07T12:13:00Z,2025-09-21T13:03:00Z,2,5,4,schedule,I needed more than one contact.
R003945,C002291,onboarding,2025-09-07T13:44:00Z,2025-09-07T16:33:00Z,1,7,5,information,The information could be clearer.
R003946,C000031,support,2025-09-07T15:15:00Z,2025-09-07T18:07:00Z,1,8,3,communication,The waiting time affected the experience.
R003947,C001212,service,2025-09-07T16:46:00Z,2025-09-07T18:55:00Z,1,5,3,schedule,The information could be clearer.
R003948,C000967,service,2025-09-07T18:17:00Z,2025-09-07T21:03:00Z,1,8,4,experience,I needed more than one contact.
R003949,C000459,onboarding,2025-09-07T19:48:00Z,2025-09-07T22:07:00Z,1,8,5,access,The response was quick.
R003950,C000187,onboarding,2025-09-07T21:19:00Z,2025-09-08T00:10:00Z,1,8,3,information,The information could be clearer.
R003951,C000463,service,2025-09-07T22:50:00Z,2025-09-08T00:41:00Z,1,10,4,experience,I needed more than one contact.
R003952,C000086,support,2025-09-08T00:21:00Z,2025-09-08T01:28:00Z,1,4,3,communication,Everything worked as expected.
R003953,C000733,onboarding,2025-09-08T01:52:00Z,2025-09-08T03:30:00Z,1,10,3,access,The information could be clearer.
R003954,C002264,onboarding,2025-09-08T03:23:00Z,2025-09-08T05:40:00Z,1,9,4,access,Everything worked as expected.
R003955,C001828,onboarding,2025-09-08T04:54:00Z,2025-09-08T05:24:00Z,1,7,4,information,The response was quick.
R003956,C001770,renewal,2025-09-08T06:25:00Z,2025-09-08T07:24:00Z,1,6,2,relationship,The information could be clearer.
R003957,C001009,support,2025-09-08T07:56:00Z,2025-09-08T10:12:00Z,1,9,4,resolution,Everything worked as expected.
R003958,C001440,support,2025-09-08T09:27:00Z,2025-09-08T10:43:00Z,1,8,3,communication,Everything worked as expected.
R003959,C000943,service,2025-09-08T10:58:00Z,2025-09-08T13:23:00Z,1,4,3,experience,The response was quick.
R003960,C000935,onboarding,2025-09-08T12:29:00Z,2025-09-08T12:49:00Z,1,10,5,information,The waiting time affected the experience.
R003961,C000651,onboarding,2025-09-08T14:00:00Z,2025-09-22T14:08:00Z,2,5,4,information,The waiting time affected the experience.
R003962,C001997,renewal,2025-09-08T15:31:00Z,2025-09-08T17:45:00Z,1,7,3,value,The information could be clearer.
R003963,C002316,support,2025-09-08T17:02:00Z,2025-09-08T19:22:00Z,1,8,5,resolution,The waiting time affected the experience.
R003964,C000774,onboarding,2025-09-08T18:33:00Z,2025-09-08T19:49:00Z,1,7,3,access,Everything worked as expected.
R003965,C000308,support,2025-09-08T20:04:00Z,2025-09-08T22:32:00Z,1,6,3,resolution,The response was quick.
R003966,C001299,service,2025-09-08T21:35:00Z,2025-09-08T22:09:00Z,1,8,4,experience,The response was quick.
R003967,C000929,service,2025-09-08T23:06:00Z,2025-09-09T01:05:00Z,1,9,4,experience,The response was quick.
R003968,C002356,service,2025-09-09T00:37:00Z,2025-09-09T02:28:00Z,1,9,5,experience,I needed more than one contact.
R003969,C002060,onboarding,2025-09-09T02:08:00Z,2025-09-09T02:49:00Z,1,7,4,access,The waiting time affected the experience.
R003970,C001527,support,2025-09-09T03:39:00Z,2025-09-09T04:39:00Z,1,7,5,communication,The information could be clearer.
R003971,C000555,service,2025-09-09T05:10:00Z,2025-09-09T07:41:00Z,1,6,4,schedule,The response was quick.
R003972,C001842,onboarding,2025-09-09T06:41:00Z,2025-09-09T09:40:00Z,1,9,3,information,Everything worked as expected.
R003973,C001324,onboarding,2025-09-09T08:12:00Z,2025-09-09T11:05:00Z,1,7,4,information,The information could be clearer.
R003974,C001311,service,2025-09-09T09:43:00Z,2025-09-09T10:10:00Z,1,7,4,experience,Everything worked as expected.
R003975,C001670,support,2025-09-09T11:14:00Z,2025-09-09T13:27:00Z,1,5,4,communication,The information could be clearer.
R003976,C002170,support,2025-09-09T12:45:00Z,2025-09-09T13:56:00Z,1,7,3,communication,I needed more than one contact.
R003977,C001196,service,2025-09-09T14:16:00Z,2025-09-09T16:33:00Z,1,9,4,schedule,The waiting time affected the experience.
R003978,C002131,renewal,2025-09-09T15:47:00Z,2025-09-23T16:12:00Z,2,7,2,value,The waiting time affected the experience.
R003979,C001145,service,2025-09-09T17:18:00Z,2025-09-09T18:49:00Z,1,8,4,schedule,Everything worked as expected.
R003980,C001405,support,2025-09-09T18:49:00Z,2025-09-09T19:16:00Z,1,6,2,resolution,Everything worked as expected.
R003981,C000219,support,2025-09-09T20:20:00Z,2025-09-09T22:45:00Z,1,4,2,resolution,The waiting time affected the experience.
R003982,C001329,support,2025-09-09T21:51:00Z,2025-09-09T22:28:00Z,1,8,2,resolution,The response was quick.
R003983,C001701,support,2025-09-09T23:22:00Z,2025-09-10T00:47:00Z,1,7,5,communication,I needed more than one contact.
R003984,C001377,service,2025-09-10T00:53:00Z,2025-09-10T02:56:00Z,1,8,4,experience,I needed more than one contact.
R003985,C000803,onboarding,2025-09-10T02:24:00Z,2025-09-10T04:56:00Z,1,8,3,access,The response was quick.
R003986,C001368,service,2025-09-10T03:55:00Z,2025-09-10T04:08:00Z,1,4,3,schedule,The information could be clearer.
R003987,C002250,service,2025-09-10T05:26:00Z,2025-09-10T06:22:00Z,1,6,4,schedule,The waiting time affected the experience.
R003988,C002269,service,2025-09-10T06:57:00Z,2025-09-10T07:52:00Z,1,4,3,schedule,I needed more than one contact.
R003989,C001451,support,2025-09-10T08:28:00Z,2025-09-10T08:51:00Z,1,7,4,communication,The waiting time affected the experience.
R003990,C000990,support,2025-09-10T09:59:00Z,2025-09-10T12:24:00Z,1,2,3,communication,I needed more than one contact.
R003991,C001984,support,2025-09-10T11:30:00Z,2025-09-10T12:53:00Z,1,6,4,communication,The information could be clearer.
R003992,C000490,onboarding,2025-09-10T13:01:00Z,2025-09-10T14:06:00Z,1,10,5,information,The response was quick.
R003993,C001190,onboarding,2025-09-10T14:32:00Z,2025-09-10T15:43:00Z,1,10,3,information,I needed more than one contact.
R003994,C001587,service,2025-09-10T16:03:00Z,2025-09-10T18:38:00Z,1,7,4,experience,I needed more than one contact.
R003995,C002346,onboarding,2025-09-10T17:34:00Z,2025-09-24T18:16:00Z,2,9,5,information,Everything worked as expected.
R003996,C000382,renewal,2025-09-10T19:05:00Z,2025-09-10T19:30:00Z,1,7,4,relationship,Everything worked as expected.
R003997,C000158,service,2025-09-10T20:36:00Z,2025-09-10T21:09:00Z,1,8,4,schedule,The waiting time affected the experience.
R003998,C001108,service,2025-09-10T22:07:00Z,2025-09-10T23:59:00Z,1,9,3,experience,I needed more than one contact.
R003999,C001490,support,2025-09-10T23:38:00Z,2025-09-10T23:44:00Z,1,4,3,resolution,Everything worked as expected.
R004000,C000562,service,2025-09-11T01:09:00Z,2025-09-11T01:31:00Z,1,6,3,experience,Everything worked as expected.
R004001,C000174,renewal,2025-09-11T02:40:00Z,2025-09-11T04:14:00Z,1,8,5,relationship,I needed more than one contact.
R004002,C001903,support,2025-09-11T04:11:00Z,2025-09-11T05:49:00Z,1,9,5,resolution,Everything worked as expected.
R004003,C000068,onboarding,2025-09-11T05:42:00Z,2025-09-11T05:51:00Z,1,7,4,access,The response was quick.
R004004,C000801,onboarding,2025-09-11T07:13:00Z,2025-09-11T09:50:00Z,1,8,4,information,The waiting time affected the experience.
R004005,C001885,renewal,2025-09-11T08:44:00Z,2025-09-11T11:11:00Z,1,10,3,relationship,The information could be clearer.
R004006,C000811,support,2025-09-11T10:15:00Z,2025-09-11T10:53:00Z,1,8,5,resolution,Everything worked as expected.
R004007,C000996,service,2025-09-11T11:46:00Z,2025-09-11T13:33:00Z,1,9,3,experience,The information could be clearer.
R004008,C001387,support,2025-09-11T13:17:00Z,2025-09-11T15:05:00Z,1,4,3,communication,Everything worked as expected.
R004009,C000872,onboarding,2025-09-11T14:48:00Z,2025-09-11T16:22:00Z,1,8,4,access,I needed more than one contact.
R004010,C001839,support,2025-09-11T16:19:00Z,2025-09-11T16:30:00Z,1,5,5,communication,The response was quick.
R004011,C001331,support,2025-09-11T17:50:00Z,2025-09-11T19:11:00Z,1,5,4,communication,I needed more than one contact.
R004012,C002193,renewal,2025-09-11T19:21:00Z,2025-09-25T19:21:00Z,2,6,4,relationship,Everything worked as expected.
R004013,C000357,support,2025-09-11T20:52:00Z,2025-09-11T22:53:00Z,1,9,3,communication,I needed more than one contact.
R004014,C001754,renewal,2025-09-11T22:23:00Z,2025-09-11T23:21:00Z,1,4,4,relationship,The response was quick.
R004015,C001874,support,2025-09-11T23:54:00Z,2025-09-12T01:25:00Z,1,5,4,communication,Everything worked as expected.
R004016,C002074,support,2025-09-12T01:25:00Z,2025-09-12T03:52:00Z,1,5,2,communication,The response was quick.
R004017,C000456,service,2025-09-12T02:56:00Z,2025-09-12T04:06:00Z,1,10,5,schedule,Everything worked as expected.
R004018,C001395,support,2025-09-12T04:27:00Z,2025-09-12T06:52:00Z,1,5,2,resolution,The waiting time affected the experience.
R004019,C000834,service,2025-09-12T05:58:00Z,2025-09-12T08:14:00Z,1,7,4,experience,The information could be clearer.
R004020,C001968,onboarding,2025-09-12T07:29:00Z,2025-09-12T07:49:00Z,1,8,4,access,The waiting time affected the experience.
R004021,C001296,renewal,2025-09-12T09:00:00Z,2025-09-12T11:14:00Z,1,8,4,value,The waiting time affected the experience.
R004022,C001422,renewal,2025-09-12T10:31:00Z,2025-09-12T13:12:00Z,1,3,3,value,The waiting time affected the experience.
R004023,C001798,onboarding,2025-09-12T12:02:00Z,2025-09-12T12:56:00Z,1,8,4,access,I needed more than one contact.
R004024,C000858,onboarding,2025-09-12T13:33:00Z,2025-09-12T14:00:00Z,1,10,4,information,The response was quick.
R004025,C002224,service,2025-09-12T15:04:00Z,2025-09-12T16:45:00Z,1,7,4,schedule,Everything worked as expected.
R004026,C000201,support,2025-09-12T16:35:00Z,2025-09-12T19:29:00Z,1,7,5,resolution,I needed more than one contact.
R004027,C002055,support,2025-09-12T18:06:00Z,2025-09-12T21:04:00Z,1,5,2,resolution,The waiting time affected the experience.
R004028,C001866,renewal,2025-09-12T19:37:00Z,2025-09-12T20:25:00Z,1,3,3,value,The information could be clearer.
R004029,C000695,onboarding,2025-09-12T21:08:00Z,2025-09-26T21:25:00Z,2,10,3,information,The response was quick.
R004030,C001305,onboarding,2025-09-12T22:39:00Z,2025-09-13T01:29:00Z,1,7,5,information,The response was quick.
R004031,C001735,service,2025-09-13T00:10:00Z,2025-09-13T00:31:00Z,1,6,2,schedule,Everything worked as expected.
R004032,C000912,service,2025-09-13T01:41:00Z,2025-09-13T02:46:00Z,1,8,5,schedule,The information could be clearer.
R004033,C001012,service,2025-09-13T03:12:00Z,2025-09-13T05:29:00Z,1,8,4,schedule,I needed more than one contact.
R004034,C001265,onboarding,2025-09-13T04:43:00Z,2025-09-13T07:08:00Z,1,7,4,access,The response was quick.
R004035,C001827,service,2025-09-13T06:14:00Z,2025-09-13T07:59:00Z,1,6,4,experience,I needed more than one contact.
R004036,C002118,renewal,2025-09-13T07:45:00Z,2025-09-13T10:06:00Z,1,9,5,value,The response was quick.
R004037,C001172,service,2025-09-13T09:16:00Z,2025-09-13T11:20:00Z,1,10,5,schedule,I needed more than one contact.
R004038,C000653,onboarding,2025-09-13T10:47:00Z,2025-09-13T11:05:00Z,1,10,3,information,Everything worked as expected.
R004039,C000657,renewal,2025-09-13T12:18:00Z,2025-09-13T12:59:00Z,1,9,3,value,I needed more than one contact.
R004040,C001150,service,2025-09-13T13:49:00Z,2025-09-13T14:01:00Z,1,8,3,schedule,Everything worked as expected.
R004041,C001595,renewal,2025-09-13T15:20:00Z,2025-09-13T18:01:00Z,1,8,3,relationship,The waiting time affected the experience.
R004042,C000856,service,2025-09-13T16:51:00Z,2025-09-13T17:50:00Z,1,6,4,experience,The information could be clearer.
R004043,C002288,onboarding,2025-09-13T18:22:00Z,2025-09-13T19:09:00Z,1,7,4,information,Everything worked as expected.
R004044,C001486,renewal,2025-09-13T19:53:00Z,2025-09-13T22:23:00Z,1,7,5,relationship,The response was quick.
R004045,C002297,service,2025-09-13T21:24:00Z,2025-09-13T23:49:00Z,1,10,3,experience,The waiting time affected the experience.
R004046,C001179,support,2025-09-13T22:55:00Z,2025-09-27T23:29:00Z,2,6,4,communication,The waiting time affected the experience.
R004047,C001640,onboarding,2025-09-14T00:26:00Z,2025-09-14T03:16:00Z,1,7,5,information,The waiting time affected the experience.
R004048,C000480,support,2025-09-14T01:57:00Z,2025-09-14T04:00:00Z,1,6,3,communication,The waiting time affected the experience.
R004049,C000400,service,2025-09-14T03:28:00Z,2025-09-14T05:11:00Z,1,8,4,schedule,The information could be clearer.
R004050,C001680,service,2025-09-14T04:59:00Z,2025-09-14T07:11:00Z,1,9,3,experience,Everything worked as expected.
R004051,C001147,support,2025-09-14T06:30:00Z,2025-09-14T09:08:00Z,1,3,3,communication,The information could be clearer.
R004052,C001324,service,2025-09-14T08:01:00Z,2025-09-14T09:39:00Z,1,7,3,experience,The waiting time affected the experience.
R004053,C000504,renewal,2025-09-14T09:32:00Z,2025-09-14T10:02:00Z,1,6,5,value,The information could be clearer.
R004054,C000399,service,2025-09-14T11:03:00Z,2025-09-14T12:57:00Z,1,8,4,experience,I needed more than one contact.
R004055,C000570,renewal,2025-09-14T12:34:00Z,2025-09-14T14:32:00Z,1,9,3,relationship,I needed more than one contact.
R004056,C000846,service,2025-09-14T14:05:00Z,2025-09-14T15:12:00Z,1,8,1,experience,Everything worked as expected.
R004057,C000659,onboarding,2025-09-14T15:36:00Z,2025-09-14T16:19:00Z,1,4,4,information,The waiting time affected the experience.
R004058,C001061,onboarding,2025-09-14T17:07:00Z,2025-09-14T18:29:00Z,1,4,3,access,Everything worked as expected.
R004059,C002335,onboarding,2025-09-14T18:38:00Z,2025-09-14T19:27:00Z,1,7,4,information,The response was quick.
R004060,C000431,service,2025-09-14T20:09:00Z,2025-09-14T22:25:00Z,1,6,3,experience,The information could be clearer.
R004061,C001834,onboarding,2025-09-14T21:40:00Z,2025-09-14T23:42:00Z,1,8,5,access,The information could be clearer.
R004062,C002209,renewal,2025-09-14T23:11:00Z,2025-09-15T00:05:00Z,1,5,3,relationship,The waiting time affected the experience.
R004063,C001714,renewal,2025-09-15T00:42:00Z,2025-09-29T01:33:00Z,2,7,2,value,The information could be clearer.
R004064,C002287,support,2025-09-15T02:13:00Z,2025-09-15T02:56:00Z,1,2,3,resolution,The information could be clearer.
R004065,C000227,support,2025-09-15T03:44:00Z,2025-09-15T04:45:00Z,1,8,4,resolution,The waiting time affected the experience.
R004066,C000332,support,2025-09-15T05:15:00Z,2025-09-15T06:57:00Z,1,6,4,resolution,Everything worked as expected.
R004067,C000918,service,2025-09-15T06:46:00Z,2025-09-15T09:09:00Z,1,6,5,experience,The response was quick.
R004068,C001780,support,2025-09-15T08:17:00Z,2025-09-15T08:54:00Z,1,6,3,communication,The response was quick.
R004069,C000975,onboarding,2025-09-15T09:48:00Z,2025-09-15T10:34:00Z,1,6,5,access,Everything worked as expected.
R004070,C000567,service,2025-09-15T11:19:00Z,2025-09-15T13:23:00Z,1,10,4,schedule,The information could be clearer.
R004071,C001367,service,2025-09-15T12:50:00Z,2025-09-15T15:30:00Z,1,8,4,schedule,The information could be clearer.
R004072,C001578,onboarding,2025-09-15T14:21:00Z,2025-09-15T14:43:00Z,1,9,5,access,I needed more than one contact.
R004073,C001186,onboarding,2025-09-15T15:52:00Z,2025-09-15T17:36:00Z,1,10,5,access,The response was quick.
R004074,C000210,service,2025-09-15T17:23:00Z,2025-09-15T19:46:00Z,1,10,5,schedule,The response was quick.
R004075,C000082,service,2025-09-15T18:54:00Z,2025-09-15T19:29:00Z,1,4,3,experience,The information could be clearer.
R004076,C000246,support,2025-09-15T20:25:00Z,2025-09-15T21:38:00Z,1,6,3,resolution,The information could be clearer.
R004077,C000993,service,2025-09-15T21:56:00Z,2025-09-16T00:21:00Z,1,10,3,experience,The information could be clearer.
R004078,C001509,service,2025-09-15T23:27:00Z,2025-09-16T01:16:00Z,1,9,4,schedule,Everything worked as expected.
R004079,C001279,support,2025-09-16T00:58:00Z,2025-09-16T02:15:00Z,1,6,2,resolution,The information could be clearer.
R004080,C000907,support,2025-09-16T02:29:00Z,2025-09-30T02:38:00Z,2,5,1,communication,Everything worked as expected.
R004081,C002353,onboarding,2025-09-16T04:00:00Z,2025-09-16T05:38:00Z,1,9,2,information,The waiting time affected the experience.
R004082,C000518,support,2025-09-16T05:31:00Z,2025-09-16T06:11:00Z,1,5,4,resolution,Everything worked as expected.
R004083,C000873,support,2025-09-16T07:02:00Z,2025-09-16T09:49:00Z,1,4,3,communication,The information could be clearer.
R004084,C000010,support,2025-09-16T08:33:00Z,2025-09-16T11:23:00Z,1,5,4,communication,The information could be clearer.
R004085,C000728,onboarding,2025-09-16T10:04:00Z,2025-09-16T12:15:00Z,1,8,4,access,The response was quick.
R004086,C002384,renewal,2025-09-16T11:35:00Z,2025-09-16T13:32:00Z,1,8,5,value,The response was quick.
R004087,C001540,support,2025-09-16T13:06:00Z,2025-09-16T14:05:00Z,1,6,3,communication,The information could be clearer.
R004088,C002013,onboarding,2025-09-16T14:37:00Z,2025-09-16T16:49:00Z,1,10,5,information,I needed more than one contact.
R004089,C002147,service,2025-09-16T16:08:00Z,2025-09-16T17:08:00Z,1,7,4,experience,The information could be clearer.
R004090,C001902,onboarding,2025-09-16T17:39:00Z,2025-09-16T18:04:00Z,1,7,5,information,Everything worked as expected.
R004091,C000419,onboarding,2025-09-16T19:10:00Z,2025-09-16T19:15:00Z,1,7,5,information,The information could be clearer.
R004092,C000543,renewal,2025-09-16T20:41:00Z,2025-09-16T21:52:00Z,1,8,3,value,The response was quick.
R004093,C000655,support,2025-09-16T22:12:00Z,2025-09-16T23:57:00Z,1,4,5,communication,Everything worked as expected.
R004094,C000871,service,2025-09-16T23:43:00Z,2025-09-17T01:48:00Z,1,7,4,schedule,The information could be clearer.
R004095,C000721,support,2025-09-17T01:14:00Z,2025-09-17T04:02:00Z,1,5,3,communication,The waiting time affected the experience.
R004096,C001831,renewal,2025-09-17T02:45:00Z,2025-09-17T03:45:00Z,1,6,4,value,The response was quick.
R004097,C001587,support,2025-09-17T04:16:00Z,2025-10-01T04:42:00Z,2,6,3,resolution,The waiting time affected the experience.
R004098,C001322,service,2025-09-17T05:47:00Z,2025-09-17T07:33:00Z,1,9,5,experience,The response was quick.
R004099,C000572,renewal,2025-09-17T07:18:00Z,2025-09-17T09:11:00Z,1,8,3,value,Everything worked as expected.
R004100,C001624,support,2025-09-17T08:49:00Z,2025-09-17T11:38:00Z,1,6,4,communication,I needed more than one contact.
R004101,C000074,support,2025-09-17T10:20:00Z,2025-09-17T12:30:00Z,1,7,3,resolution,Everything worked as expected.
R004102,C001845,service,2025-09-17T11:51:00Z,2025-09-17T12:20:00Z,1,10,4,experience,I needed more than one contact.
R004103,C000142,support,2025-09-17T13:22:00Z,2025-09-17T13:43:00Z,1,6,4,resolution,The response was quick.
R004104,C001415,support,2025-09-17T14:53:00Z,2025-09-17T17:12:00Z,1,10,4,resolution,I needed more than one contact.
R004105,C000082,service,2025-09-17T16:24:00Z,2025-09-17T16:56:00Z,1,6,4,experience,The waiting time affected the experience.
R004106,C001104,service,2025-09-17T17:55:00Z,2025-09-17T18:44:00Z,1,7,3,experience,The information could be clearer.
R004107,C000372,support,2025-09-17T19:26:00Z,2025-09-17T22:08:00Z,1,9,2,resolution,The information could be clearer.
R004108,C001362,onboarding,2025-09-17T20:57:00Z,2025-09-17T23:53:00Z,1,6,4,access,I needed more than one contact.
R004109,C000292,onboarding,2025-09-17T22:28:00Z,2025-09-17T22:55:00Z,1,10,3,access,The waiting time affected the experience.
R004110,C001882,onboarding,2025-09-17T23:59:00Z,2025-09-18T02:11:00Z,1,6,5,access,Everything worked as expected.
R004111,C001508,renewal,2025-09-18T01:30:00Z,2025-09-18T03:53:00Z,1,10,4,relationship,The waiting time affected the experience.
R004112,C001271,support,2025-09-18T03:01:00Z,2025-09-18T04:15:00Z,1,5,3,communication,Everything worked as expected.
R004113,C001608,support,2025-09-18T04:32:00Z,2025-09-18T05:19:00Z,1,7,2,resolution,The response was quick.
R004114,C000625,service,2025-09-18T06:03:00Z,2025-10-02T06:46:00Z,2,9,3,schedule,The information could be clearer.
R004115,C002169,support,2025-09-18T07:34:00Z,2025-09-18T09:33:00Z,1,5,3,resolution,The response was quick.
R004116,C000427,support,2025-09-18T09:05:00Z,2025-09-18T11:42:00Z,1,8,3,communication,Everything worked as expected.
R004117,C000137,service,2025-09-18T10:36:00Z,2025-09-18T13:30:00Z,1,10,5,experience,I needed more than one contact.
R004118,C000629,service,2025-09-18T12:07:00Z,2025-09-18T13:20:00Z,1,7,5,experience,The information could be clearer.
R004119,C001081,onboarding,2025-09-18T13:38:00Z,2025-09-18T14:13:00Z,1,10,5,information,The response was quick.
R004120,C002290,service,2025-09-18T15:09:00Z,2025-09-18T15:17:00Z,1,8,5,schedule,I needed more than one contact.
R004121,C002105,onboarding,2025-09-18T16:40:00Z,2025-09-18T17:30:00Z,1,10,3,access,I needed more than one contact.
R004122,C000081,onboarding,2025-09-18T18:11:00Z,2025-09-18T19:47:00Z,1,8,4,information,I needed more than one contact.
R004123,C001648,support,2025-09-18T19:42:00Z,2025-09-18T21:13:00Z,1,10,3,communication,The response was quick.
R004124,C000589,service,2025-09-18T21:13:00Z,2025-09-18T23:00:00Z,1,9,3,schedule,The information could be clearer.
R004125,C000202,onboarding,2025-09-18T22:44:00Z,2025-09-19T00:20:00Z,1,10,4,information,The response was quick.
R004126,C000580,renewal,2025-09-19T00:15:00Z,2025-09-19T02:22:00Z,1,5,5,value,Everything worked as expected.
R004127,C002197,renewal,2025-09-19T01:46:00Z,2025-09-19T02:08:00Z,1,4,3,relationship,The information could be clearer.
R004128,C000642,service,2025-09-19T03:17:00Z,2025-09-19T04:01:00Z,1,10,4,schedule,I needed more than one contact.
R004129,C000980,support,2025-09-19T04:48:00Z,2025-09-19T05:04:00Z,1,6,3,communication,The waiting time affected the experience.
R004130,C000088,support,2025-09-19T06:19:00Z,2025-09-19T09:19:00Z,1,6,4,communication,The response was quick.
R004131,C000624,support,2025-09-19T07:50:00Z,2025-10-03T07:51:00Z,2,5,2,resolution,The waiting time affected the experience.
R004132,C000162,renewal,2025-09-19T09:21:00Z,2025-09-19T10:33:00Z,1,9,4,relationship,The response was quick.
R004133,C001991,service,2025-09-19T10:52:00Z,2025-09-19T13:52:00Z,1,10,4,schedule,The waiting time affected the experience.
R004134,C002113,service,2025-09-19T12:23:00Z,2025-09-19T13:40:00Z,1,4,2,schedule,The information could be clearer.
R004135,C001717,service,2025-09-19T13:54:00Z,2025-09-19T15:01:00Z,1,7,4,schedule,The waiting time affected the experience.
R004136,C002092,onboarding,2025-09-19T15:25:00Z,2025-09-19T17:31:00Z,1,8,5,information,The waiting time affected the experience.
R004137,C001779,onboarding,2025-09-19T16:56:00Z,2025-09-19T17:59:00Z,1,5,5,access,The information could be clearer.
R004138,C001767,support,2025-09-19T18:27:00Z,2025-09-19T19:20:00Z,1,5,4,resolution,Everything worked as expected.
R004139,C000751,service,2025-09-19T19:58:00Z,2025-09-19T21:37:00Z,1,8,4,experience,Everything worked as expected.
R004140,C001784,renewal,2025-09-19T21:29:00Z,2025-09-20T00:24:00Z,1,5,4,relationship,I needed more than one contact.
R004141,C000888,support,2025-09-19T23:00:00Z,2025-09-20T00:55:00Z,1,6,3,resolution,The waiting time affected the experience.
R004142,C000410,support,2025-09-20T00:31:00Z,2025-09-20T01:00:00Z,1,4,3,resolution,I needed more than one contact.
R004143,C000280,support,2025-09-20T02:02:00Z,2025-09-20T04:09:00Z,1,8,3,communication,The response was quick.
R004144,C001626,service,2025-09-20T03:33:00Z,2025-09-20T04:58:00Z,1,6,4,schedule,The information could be clearer.
R004145,C000572,service,2025-09-20T05:04:00Z,2025-09-20T07:39:00Z,1,5,2,schedule,The waiting time affected the experience.
R004146,C001512,support,2025-09-20T06:35:00Z,2025-09-20T09:29:00Z,1,7,4,resolution,The response was quick.
R004147,C001385,service,2025-09-20T08:06:00Z,2025-09-20T08:59:00Z,1,9,4,schedule,I needed more than one contact.
R004148,C000429,support,2025-09-20T09:37:00Z,2025-10-04T09:55:00Z,2,6,3,resolution,The response was quick.
R004149,C001853,renewal,2025-09-20T11:08:00Z,2025-09-20T12:02:00Z,1,7,5,relationship,The response was quick.
R004150,C000482,service,2025-09-20T12:39:00Z,2025-09-20T13:24:00Z,1,8,4,experience,The information could be clearer.
R004151,C000449,onboarding,2025-09-20T14:10:00Z,2025-09-20T15:12:00Z,1,9,3,access,Everything worked as expected.
R004152,C001738,service,2025-09-20T15:41:00Z,2025-09-20T17:09:00Z,1,7,3,experience,Everything worked as expected.
R004153,C001117,service,2025-09-20T17:12:00Z,2025-09-20T18:45:00Z,1,7,4,experience,The response was quick.
R004154,C001344,service,2025-09-20T18:43:00Z,2025-09-20T19:35:00Z,1,6,3,experience,The response was quick.
R004155,C001707,service,2025-09-20T20:14:00Z,2025-09-20T21:37:00Z,1,5,4,schedule,The response was quick.
R004156,C000100,service,2025-09-20T21:45:00Z,2025-09-20T21:55:00Z,1,9,3,experience,The information could be clearer.
R004157,C001043,service,2025-09-20T23:16:00Z,2025-09-20T23:30:00Z,1,8,5,experience,Everything worked as expected.
R004158,C001298,support,2025-09-21T00:47:00Z,2025-09-21T02:01:00Z,1,2,4,resolution,The waiting time affected the experience.
R004159,C002332,service,2025-09-21T02:18:00Z,2025-09-21T04:03:00Z,1,7,5,experience,Everything worked as expected.
R004160,C000251,renewal,2025-09-21T03:49:00Z,2025-09-21T05:21:00Z,1,8,4,value,The waiting time affected the experience.
R004161,C001874,onboarding,2025-09-21T05:20:00Z,2025-09-21T07:18:00Z,1,8,4,access,The response was quick.
R004162,C001319,service,2025-09-21T06:51:00Z,2025-09-21T08:54:00Z,1,6,3,experience,I needed more than one contact.
R004163,C000052,onboarding,2025-09-21T08:22:00Z,2025-09-21T09:10:00Z,1,10,4,access,The information could be clearer.
R004164,C001279,onboarding,2025-09-21T09:53:00Z,2025-09-21T12:20:00Z,1,7,3,access,I needed more than one contact.
R004165,C001238,service,2025-09-21T11:24:00Z,2025-10-05T11:59:00Z,2,8,2,experience,Everything worked as expected.
R004166,C000317,service,2025-09-21T12:55:00Z,2025-09-21T15:33:00Z,1,5,3,experience,Everything worked as expected.
R004167,C000634,service,2025-09-21T14:26:00Z,2025-09-21T15:09:00Z,1,7,5,schedule,I needed more than one contact.
R004168,C001196,service,2025-09-21T15:57:00Z,2025-09-21T17:04:00Z,1,8,4,experience,The information could be clearer.
R004169,C000043,renewal,2025-09-21T17:28:00Z,2025-09-21T19:40:00Z,1,9,5,value,The waiting time affected the experience.
R004170,C000597,support,2025-09-21T18:59:00Z,2025-09-21T21:36:00Z,1,5,5,communication,I needed more than one contact.
R004171,C001346,service,2025-09-21T20:30:00Z,2025-09-21T21:05:00Z,1,8,3,schedule,The information could be clearer.
R004172,C001829,service,2025-09-21T22:01:00Z,2025-09-21T22:48:00Z,1,8,2,schedule,The information could be clearer.
R004173,C000707,renewal,2025-09-21T23:32:00Z,2025-09-22T01:21:00Z,1,7,4,relationship,The waiting time affected the experience.
R004174,C001225,service,2025-09-22T01:03:00Z,2025-09-22T02:42:00Z,1,10,4,experience,Everything worked as expected.
R004175,C001179,onboarding,2025-09-22T02:34:00Z,2025-09-22T05:10:00Z,1,8,4,access,Everything worked as expected.
R004176,C001366,onboarding,2025-09-22T04:05:00Z,2025-09-22T06:08:00Z,1,7,5,information,I needed more than one contact.
R004177,C001918,onboarding,2025-09-22T05:36:00Z,2025-09-22T08:26:00Z,1,10,3,access,The waiting time affected the experience.
R004178,C000578,service,2025-09-22T07:07:00Z,2025-09-22T08:10:00Z,1,7,3,schedule,Everything worked as expected.
R004179,C000839,service,2025-09-22T08:38:00Z,2025-09-22T11:19:00Z,1,6,4,schedule,The waiting time affected the experience.
R004180,C001288,support,2025-09-22T10:09:00Z,2025-09-22T13:04:00Z,1,6,3,communication,Everything worked as expected.
R004181,C001089,support,2025-09-22T11:40:00Z,2025-09-22T14:15:00Z,1,8,4,resolution,The waiting time affected the experience.
R004182,C001650,service,2025-09-22T13:11:00Z,2025-10-06T14:03:00Z,2,9,5,schedule,The waiting time affected the experience.
R004183,C001615,onboarding,2025-09-22T14:42:00Z,2025-09-22T17:08:00Z,1,9,4,information,The waiting time affected the experience.
R004184,C000195,service,2025-09-22T16:13:00Z,2025-09-22T17:14:00Z,1,8,3,experience,I needed more than one contact.
R004185,C000356,service,2025-09-22T17:44:00Z,2025-09-22T17:50:00Z,1,9,4,experience,Everything worked as expected.
R004186,C002306,service,2025-09-22T19:15:00Z,2025-09-22T20:01:00Z,1,6,3,schedule,The waiting time affected the experience.
R004187,C001464,support,2025-09-22T20:46:00Z,2025-09-22T21:34:00Z,1,4,3,communication,The waiting time affected the experience.
R004188,C000209,renewal,2025-09-22T22:17:00Z,2025-09-23T00:58:00Z,1,9,4,relationship,I needed more than one contact.
R004189,C000418,onboarding,2025-09-22T23:48:00Z,2025-09-23T01:57:00Z,1,10,2,information,Everything worked as expected.
R004190,C000563,renewal,2025-09-23T01:19:00Z,2025-09-23T04:07:00Z,1,6,4,relationship,I needed more than one contact.
R004191,C000646,service,2025-09-23T02:50:00Z,2025-09-23T03:57:00Z,1,8,4,schedule,The information could be clearer.
R004192,C000617,service,2025-09-23T04:21:00Z,2025-09-23T05:46:00Z,1,6,3,experience,Everything worked as expected.
R004193,C002000,renewal,2025-09-23T05:52:00Z,2025-09-23T06:23:00Z,1,8,4,value,The response was quick.
R004194,C001480,service,2025-09-23T07:23:00Z,2025-09-23T08:13:00Z,1,9,4,experience,I needed more than one contact.
R004195,C001952,service,2025-09-23T08:54:00Z,2025-09-23T11:12:00Z,1,9,3,experience,Everything worked as expected.
R004196,C001420,service,2025-09-23T10:25:00Z,2025-09-23T13:10:00Z,1,4,5,experience,The information could be clearer.
R004197,C001312,onboarding,2025-09-23T11:56:00Z,2025-09-23T14:34:00Z,1,9,4,access,Everything worked as expected.
R004198,C001942,service,2025-09-23T13:27:00Z,2025-09-23T13:54:00Z,1,7,5,schedule,Everything worked as expected.
R004199,C001154,service,2025-09-23T14:58:00Z,2025-10-07T15:08:00Z,2,5,5,experience,The waiting time affected the experience.
R004200,C001297,support,2025-09-23T16:29:00Z,2025-09-23T18:32:00Z,1,5,3,resolution,The response was quick.
R004201,C000595,service,2025-09-23T18:00:00Z,2025-09-23T19:10:00Z,1,9,4,schedule,I needed more than one contact.
R004202,C000271,service,2025-09-23T19:31:00Z,2025-09-23T21:27:00Z,1,8,5,experience,The response was quick.
R004203,C002400,service,2025-09-23T21:02:00Z,2025-09-23T22:08:00Z,1,6,4,experience,I needed more than one contact.
R004204,C000447,support,2025-09-23T22:33:00Z,2025-09-24T00:37:00Z,1,7,5,resolution,I needed more than one contact.
R004205,C001786,onboarding,2025-09-24T00:04:00Z,2025-09-24T01:38:00Z,1,8,5,access,The response was quick.
R004206,C000967,renewal,2025-09-24T01:35:00Z,2025-09-24T03:58:00Z,1,9,3,value,The waiting time affected the experience.
R004207,C000104,onboarding,2025-09-24T03:06:00Z,2025-09-24T05:32:00Z,1,7,3,information,The information could be clearer.
R004208,C000300,support,2025-09-24T04:37:00Z,2025-09-24T07:11:00Z,1,8,3,communication,The response was quick.
R004209,C001379,support,2025-09-24T06:08:00Z,2025-09-24T06:40:00Z,1,9,3,communication,I needed more than one contact.
R004210,C002026,service,2025-09-24T07:39:00Z,2025-09-24T10:09:00Z,1,7,4,schedule,The information could be clearer.
R004211,C000400,support,2025-09-24T09:10:00Z,2025-09-24T09:56:00Z,1,7,3,resolution,The waiting time affected the experience.
R004212,C001102,onboarding,2025-09-24T10:41:00Z,2025-09-24T12:55:00Z,1,10,5,information,The waiting time affected the experience.
R004213,C000640,service,2025-09-24T12:12:00Z,2025-09-24T12:42:00Z,1,8,5,experience,I needed more than one contact.
R004214,C000509,support,2025-09-24T13:43:00Z,2025-09-24T14:50:00Z,1,9,3,resolution,I needed more than one contact.
R004215,C001303,support,2025-09-24T15:14:00Z,2025-09-24T16:23:00Z,1,7,3,resolution,Everything worked as expected.
R004216,C001684,support,2025-09-24T16:45:00Z,2025-10-08T17:12:00Z,2,9,3,resolution,I needed more than one contact.
R004217,C000405,support,2025-09-24T18:16:00Z,2025-09-24T20:37:00Z,1,9,4,communication,I needed more than one contact.
R004218,C002391,onboarding,2025-09-24T19:47:00Z,2025-09-24T21:09:00Z,1,8,4,access,The information could be clearer.
R004219,C001674,onboarding,2025-09-24T21:18:00Z,2025-09-24T23:29:00Z,1,10,4,information,I needed more than one contact.
R004220,C001844,service,2025-09-24T22:49:00Z,2025-09-24T23:33:00Z,1,6,4,schedule,I needed more than one contact.
R004221,C000730,service,2025-09-25T00:20:00Z,2025-09-25T01:02:00Z,1,9,4,schedule,Everything worked as expected.
R004222,C000981,support,2025-09-25T01:51:00Z,2025-09-25T04:40:00Z,1,5,3,communication,The response was quick.
R004223,C000871,service,2025-09-25T03:22:00Z,2025-09-25T05:16:00Z,1,3,4,experience,Everything worked as expected.
R004224,C000001,service,2025-09-25T04:53:00Z,2025-09-25T06:10:00Z,1,10,3,schedule,The waiting time affected the experience.
R004225,C000694,service,2025-09-25T06:24:00Z,2025-09-25T07:15:00Z,1,7,5,experience,The response was quick.
R004226,C000354,service,2025-09-25T07:55:00Z,2025-09-25T10:35:00Z,1,6,5,schedule,The response was quick.
R004227,C000697,service,2025-09-25T09:26:00Z,2025-09-25T10:06:00Z,1,8,5,schedule,I needed more than one contact.
R004228,C000173,service,2025-09-25T10:57:00Z,2025-09-25T11:46:00Z,1,3,3,schedule,I needed more than one contact.
R004229,C001993,support,2025-09-25T12:28:00Z,2025-09-25T14:47:00Z,1,5,3,resolution,The information could be clearer.
R004230,C001488,support,2025-09-25T13:59:00Z,2025-09-25T14:25:00Z,1,3,2,communication,The information could be clearer.
R004231,C001591,service,2025-09-25T15:30:00Z,2025-09-25T17:10:00Z,1,9,5,experience,The waiting time affected the experience.
R004232,C000495,support,2025-09-25T17:01:00Z,2025-09-25T17:22:00Z,1,7,3,resolution,The waiting time affected the experience.
R004233,C000365,service,2025-09-25T18:32:00Z,2025-10-09T19:16:00Z,2,7,5,experience,The waiting time affected the experience.
R004234,C000194,support,2025-09-25T20:03:00Z,2025-09-25T20:55:00Z,1,4,4,communication,I needed more than one contact.
R004235,C001390,service,2025-09-25T21:34:00Z,2025-09-25T23:29:00Z,1,5,5,schedule,I needed more than one contact.
R004236,C001811,support,2025-09-25T23:05:00Z,2025-09-25T23:30:00Z,1,10,2,communication,The waiting time affected the experience.
R004237,C000876,service,2025-09-26T00:36:00Z,2025-09-26T01:15:00Z,1,6,3,schedule,The waiting time affected the experience.
R004238,C000516,support,2025-09-26T02:07:00Z,2025-09-26T03:54:00Z,1,4,2,resolution,The response was quick.
R004239,C000629,support,2025-09-26T03:38:00Z,2025-09-26T04:46:00Z,1,6,3,communication,The waiting time affected the experience.
R004240,C001235,onboarding,2025-09-26T05:09:00Z,2025-09-26T06:31:00Z,1,10,4,access,I needed more than one contact.
R004241,C001430,onboarding,2025-09-26T06:40:00Z,2025-09-26T07:39:00Z,1,9,5,access,The waiting time affected the experience.
R004242,C000881,onboarding,2025-09-26T08:11:00Z,2025-09-26T10:32:00Z,1,8,5,information,Everything worked as expected.
R004243,C001510,service,2025-09-26T09:42:00Z,2025-09-26T10:02:00Z,1,8,3,schedule,The information could be clearer.
R004244,C000452,onboarding,2025-09-26T11:13:00Z,2025-09-26T12:21:00Z,1,8,4,information,The waiting time affected the experience.
R004245,C002024,support,2025-09-26T12:44:00Z,2025-09-26T14:21:00Z,1,7,3,communication,Everything worked as expected.
R004246,C000617,support,2025-09-26T14:15:00Z,2025-09-26T15:16:00Z,1,5,5,resolution,Everything worked as expected.
R004247,C000777,support,2025-09-26T15:46:00Z,2025-09-26T17:24:00Z,1,7,4,communication,The information could be clearer.
R004248,C001039,support,2025-09-26T17:17:00Z,2025-09-26T17:48:00Z,1,5,2,resolution,Everything worked as expected.
R004249,C000064,service,2025-09-26T18:48:00Z,2025-09-26T19:14:00Z,1,6,3,schedule,The information could be clearer.
R004250,C001978,renewal,2025-09-26T20:19:00Z,2025-10-10T20:21:00Z,2,8,3,value,The information could be clearer.
R004251,C000774,onboarding,2025-09-26T21:50:00Z,2025-09-27T00:21:00Z,1,5,4,access,Everything worked as expected.
R004252,C000765,service,2025-09-26T23:21:00Z,2025-09-27T00:08:00Z,1,10,4,experience,The information could be clearer.
R004253,C000619,renewal,2025-09-27T00:52:00Z,2025-09-27T03:49:00Z,1,8,4,relationship,The information could be clearer.
R004254,C002268,onboarding,2025-09-27T02:23:00Z,2025-09-27T03:45:00Z,1,10,5,information,The information could be clearer.
R004255,C001517,renewal,2025-09-27T03:54:00Z,2025-09-27T06:37:00Z,1,6,3,value,The information could be clearer.
R004256,C000988,service,2025-09-27T05:25:00Z,2025-09-27T07:42:00Z,1,7,4,experience,The information could be clearer.
R004257,C002380,onboarding,2025-09-27T06:56:00Z,2025-09-27T08:17:00Z,1,10,5,information,The response was quick.
R004258,C000518,onboarding,2025-09-27T08:27:00Z,2025-09-27T10:56:00Z,1,7,2,information,Everything worked as expected.
R004259,C000834,support,2025-09-27T09:58:00Z,2025-09-27T10:12:00Z,1,7,2,resolution,Everything worked as expected.
R004260,C000065,support,2025-09-27T11:29:00Z,2025-09-27T13:38:00Z,1,4,3,resolution,The response was quick.
R004261,C000179,service,2025-09-27T13:00:00Z,2025-09-27T14:47:00Z,1,7,3,experience,I needed more than one contact.
R004262,C001312,renewal,2025-09-27T14:31:00Z,2025-09-27T16:40:00Z,1,6,2,value,I needed more than one contact.
R004263,C000909,support,2025-09-27T16:02:00Z,2025-09-27T18:03:00Z,1,3,2,resolution,I needed more than one contact.
R004264,C002043,support,2025-09-27T17:33:00Z,2025-09-27T19:19:00Z,1,6,3,resolution,The response was quick.
R004265,C000364,service,2025-09-27T19:04:00Z,2025-09-27T21:59:00Z,1,9,4,schedule,I needed more than one contact.
R004266,C000953,support,2025-09-27T20:35:00Z,2025-09-27T21:10:00Z,1,7,3,resolution,Everything worked as expected.
R004267,C001033,service,2025-09-27T22:06:00Z,2025-10-11T22:25:00Z,2,9,3,schedule,I needed more than one contact.
R004268,C000362,renewal,2025-09-27T23:37:00Z,2025-09-28T00:59:00Z,1,6,4,value,The information could be clearer.
R004269,C000609,onboarding,2025-09-28T01:08:00Z,2025-09-28T01:35:00Z,1,8,4,access,I needed more than one contact.
R004270,C001072,service,2025-09-28T02:39:00Z,2025-09-28T05:18:00Z,1,7,4,experience,I needed more than one contact.
R004271,C002089,renewal,2025-09-28T04:10:00Z,2025-09-28T04:52:00Z,1,6,4,relationship,The response was quick.
R004272,C001838,renewal,2025-09-28T05:41:00Z,2025-09-28T08:20:00Z,1,8,4,value,The waiting time affected the experience.
R004273,C000246,support,2025-09-28T07:12:00Z,2025-09-28T08:49:00Z,1,7,5,communication,I needed more than one contact.
R004274,C002322,onboarding,2025-09-28T08:43:00Z,2025-09-28T09:38:00Z,1,8,5,access,The response was quick.
R004275,C000934,service,2025-09-28T10:14:00Z,2025-09-28T11:01:00Z,1,7,4,schedule,I needed more than one contact.
R004276,C000689,support,2025-09-28T11:45:00Z,2025-09-28T13:37:00Z,1,5,1,communication,I needed more than one contact.
R004277,C001960,renewal,2025-09-28T13:16:00Z,2025-09-28T15:11:00Z,1,8,3,value,Everything worked as expected.
R004278,C001244,support,2025-09-28T14:47:00Z,2025-09-28T17:19:00Z,1,9,4,communication,The waiting time affected the experience.
R004279,C000517,service,2025-09-28T16:18:00Z,2025-09-28T16:52:00Z,1,8,5,experience,The waiting time affected the experience.
R004280,C000826,onboarding,2025-09-28T17:49:00Z,2025-09-28T20:41:00Z,1,7,5,access,Everything worked as expected.
R004281,C002083,support,2025-09-28T19:20:00Z,2025-09-28T20:49:00Z,1,5,4,communication,The information could be clearer.
R004282,C000261,service,2025-09-28T20:51:00Z,2025-09-28T21:50:00Z,1,6,4,experience,I needed more than one contact.
R004283,C002008,support,2025-09-28T22:22:00Z,2025-09-29T00:08:00Z,1,7,4,communication,I needed more than one contact.
R004284,C001324,service,2025-09-28T23:53:00Z,2025-10-13T00:29:00Z,2,4,4,schedule,Everything worked as expected.
R004285,C000056,support,2025-09-29T01:24:00Z,2025-09-29T03:10:00Z,1,6,4,communication,The response was quick.
R004286,C001452,onboarding,2025-09-29T02:55:00Z,2025-09-29T05:05:00Z,1,10,4,access,Everything worked as expected.
R004287,C000898,renewal,2025-09-29T04:26:00Z,2025-09-29T06:14:00Z,1,8,4,value,The response was quick.
R004288,C001427,support,2025-09-29T05:57:00Z,2025-09-29T06:03:00Z,1,5,4,resolution,I needed more than one contact.
R004289,C001145,service,2025-09-29T07:28:00Z,2025-09-29T09:18:00Z,1,9,4,experience,The waiting time affected the experience.
R004290,C001526,service,2025-09-29T08:59:00Z,2025-09-29T11:32:00Z,1,8,4,schedule,Everything worked as expected.
R004291,C001352,support,2025-09-29T10:30:00Z,2025-09-29T10:43:00Z,1,4,3,resolution,The response was quick.
R004292,C001484,onboarding,2025-09-29T12:01:00Z,2025-09-29T12:27:00Z,1,10,3,information,Everything worked as expected.
R004293,C000530,onboarding,2025-09-29T13:32:00Z,2025-09-29T14:38:00Z,1,10,5,information,Everything worked as expected.
R004294,C000377,onboarding,2025-09-29T15:03:00Z,2025-09-29T16:23:00Z,1,8,5,access,The information could be clearer.
R004295,C001551,renewal,2025-09-29T16:34:00Z,2025-09-29T18:30:00Z,1,6,4,value,The waiting time affected the experience.
R004296,C002374,support,2025-09-29T18:05:00Z,2025-09-29T19:39:00Z,1,3,4,communication,I needed more than one contact.
R004297,C002021,support,2025-09-29T19:36:00Z,2025-09-29T20:18:00Z,1,8,3,resolution,I needed more than one contact.
R004298,C002077,renewal,2025-09-29T21:07:00Z,2025-09-29T23:07:00Z,1,10,4,value,The response was quick.
R004299,C000763,onboarding,2025-09-29T22:38:00Z,2025-09-30T00:30:00Z,1,8,5,access,I needed more than one contact.
R004300,C000067,service,2025-09-30T00:09:00Z,2025-09-30T00:45:00Z,1,4,4,schedule,Everything worked as expected.
R004301,C001808,support,2025-09-30T01:40:00Z,2025-10-14T02:33:00Z,2,7,5,resolution,The waiting time affected the experience.
R004302,C001925,service,2025-09-30T03:11:00Z,2025-09-30T03:24:00Z,1,10,5,schedule,Everything worked as expected.
R004303,C000794,support,2025-09-30T04:42:00Z,2025-09-30T06:32:00Z,1,7,5,resolution,I needed more than one contact.
R004304,C001427,onboarding,2025-09-30T06:13:00Z,2025-09-30T07:09:00Z,1,7,5,information,The information could be clearer.
R004305,C000436,service,2025-09-30T07:44:00Z,2025-09-30T10:39:00Z,1,9,3,experience,The waiting time affected the experience.
R004306,C000248,renewal,2025-09-30T09:15:00Z,2025-09-30T11:08:00Z,1,3,5,relationship,The information could be clearer.
R004307,C002372,onboarding,2025-09-30T10:46:00Z,2025-09-30T12:19:00Z,1,9,5,information,Everything worked as expected.
R004308,C000889,renewal,2025-09-30T12:17:00Z,2025-09-30T13:41:00Z,1,7,4,value,Everything worked as expected.
R004309,C002361,onboarding,2025-09-30T13:48:00Z,2025-09-30T13:57:00Z,1,7,4,access,Everything worked as expected.
R004310,C000624,service,2025-09-30T15:19:00Z,2025-09-30T16:54:00Z,1,10,4,schedule,The information could be clearer.
R004311,C000268,onboarding,2025-09-30T16:50:00Z,2025-09-30T17:16:00Z,1,10,5,access,Everything worked as expected.
R004312,C001118,support,2025-09-30T18:21:00Z,2025-09-30T20:59:00Z,1,4,4,resolution,I needed more than one contact.
R004313,C001118,service,2025-09-30T19:52:00Z,2025-09-30T20:44:00Z,1,7,3,experience,I needed more than one contact.
R004314,C000513,support,2025-09-30T21:23:00Z,2025-09-30T23:31:00Z,1,6,4,communication,I needed more than one contact.
R004315,C000423,onboarding,2025-09-30T22:54:00Z,2025-09-30T23:37:00Z,1,7,4,access,The information could be clearer.
R004316,C001377,support,2025-10-01T00:25:00Z,2025-10-01T03:23:00Z,1,5,1,resolution,The response was quick.
R004317,C002236,service,2025-10-01T01:56:00Z,2025-10-01T04:18:00Z,1,6,3,experience,The information could be clearer.
R004318,C000674,service,2025-10-01T03:27:00Z,2025-10-15T03:38:00Z,2,5,4,experience,Everything worked as expected.
R004319,C001473,service,2025-10-01T04:58:00Z,2025-10-01T05:49:00Z,1,9,3,experience,I needed more than one contact.
R004320,C001081,service,2025-10-01T06:29:00Z,2025-10-01T07:21:00Z,1,5,3,experience,Everything worked as expected.
R004321,C001525,support,2025-10-01T08:00:00Z,2025-10-01T08:38:00Z,1,3,3,communication,The waiting time affected the experience.
R004322,C001556,service,2025-10-01T09:31:00Z,2025-10-01T12:21:00Z,1,7,5,schedule,The response was quick.
R004323,C000373,service,2025-10-01T11:02:00Z,2025-10-01T12:53:00Z,1,9,5,schedule,I needed more than one contact.
R004324,C000596,service,2025-10-01T12:33:00Z,2025-10-01T15:09:00Z,1,8,4,schedule,I needed more than one contact.
R004325,C000081,onboarding,2025-10-01T14:04:00Z,2025-10-01T14:23:00Z,1,6,5,information,The waiting time affected the experience.
R004326,C002210,service,2025-10-01T15:35:00Z,2025-10-01T18:20:00Z,1,6,3,schedule,The waiting time affected the experience.
R004327,C001692,support,2025-10-01T17:06:00Z,2025-10-01T18:49:00Z,1,5,3,communication,I needed more than one contact.
R004328,C000588,support,2025-10-01T18:37:00Z,2025-10-01T21:30:00Z,1,7,4,communication,The response was quick.
R004329,C000105,support,2025-10-01T20:08:00Z,2025-10-01T20:54:00Z,1,8,4,resolution,I needed more than one contact.
R004330,C000863,onboarding,2025-10-01T21:39:00Z,2025-10-02T00:08:00Z,1,10,5,access,The response was quick.
R004331,C000282,support,2025-10-01T23:10:00Z,2025-10-01T23:37:00Z,1,5,2,resolution,Everything worked as expected.
R004332,C000205,service,2025-10-02T00:41:00Z,2025-10-02T00:53:00Z,1,9,4,experience,Everything worked as expected.
R004333,C001638,support,2025-10-02T02:12:00Z,2025-10-02T03:07:00Z,1,4,3,resolution,The information could be clearer.
R004334,C002359,service,2025-10-02T03:43:00Z,2025-10-02T04:17:00Z,1,5,4,experience,Everything worked as expected.
R004335,C001168,onboarding,2025-10-02T05:14:00Z,2025-10-16T05:42:00Z,2,9,5,access,The response was quick.
R004336,C000936,service,2025-10-02T06:45:00Z,2025-10-02T09:01:00Z,1,10,4,experience,The information could be clearer.
R004337,C001875,support,2025-10-02T08:16:00Z,2025-10-02T08:55:00Z,1,6,3,communication,The response was quick.
R004338,C001887,service,2025-10-02T09:47:00Z,2025-10-02T10:59:00Z,1,8,4,experience,The waiting time affected the experience.
R004339,C001718,support,2025-10-02T11:18:00Z,2025-10-02T13:30:00Z,1,4,3,resolution,I needed more than one contact.
R004340,C000869,service,2025-10-02T12:49:00Z,2025-10-02T13:52:00Z,1,7,4,schedule,Everything worked as expected.
R004341,C002253,renewal,2025-10-02T14:20:00Z,2025-10-02T15:08:00Z,1,8,5,value,The waiting time affected the experience.
R004342,C001985,service,2025-10-02T15:51:00Z,2025-10-02T17:55:00Z,1,7,5,experience,Everything worked as expected.
R004343,C000963,renewal,2025-10-02T17:22:00Z,2025-10-02T19:45:00Z,1,9,4,relationship,The information could be clearer.
R004344,C001532,service,2025-10-02T18:53:00Z,2025-10-02T20:56:00Z,1,2,3,experience,The information could be clearer.
R004345,C002151,onboarding,2025-10-02T20:24:00Z,2025-10-02T21:16:00Z,1,8,5,access,The waiting time affected the experience.
R004346,C001761,service,2025-10-02T21:55:00Z,2025-10-02T22:23:00Z,1,7,4,schedule,I needed more than one contact.
R004347,C000218,onboarding,2025-10-02T23:26:00Z,2025-10-03T01:48:00Z,1,6,5,information,The waiting time affected the experience.
R004348,C001435,service,2025-10-03T00:57:00Z,2025-10-03T01:34:00Z,1,9,2,schedule,Everything worked as expected.
R004349,C000920,support,2025-10-03T02:28:00Z,2025-10-03T03:05:00Z,1,5,4,resolution,I needed more than one contact.
R004350,C002296,service,2025-10-03T03:59:00Z,2025-10-03T04:44:00Z,1,7,5,experience,Everything worked as expected.
R004351,C002091,support,2025-10-03T05:30:00Z,2025-10-03T06:44:00Z,1,6,3,resolution,Everything worked as expected.
R004352,C000698,service,2025-10-03T07:01:00Z,2025-10-17T07:46:00Z,2,8,4,experience,The waiting time affected the experience.
R004353,C001187,service,2025-10-03T08:32:00Z,2025-10-03T09:37:00Z,1,8,4,experience,The waiting time affected the experience.
R004354,C000730,renewal,2025-10-03T10:03:00Z,2025-10-03T10:49:00Z,1,3,3,relationship,The information could be clearer.
R004355,C001017,renewal,2025-10-03T11:34:00Z,2025-10-03T13:29:00Z,1,7,4,relationship,I needed more than one contact.
R004356,C001451,support,2025-10-03T13:05:00Z,2025-10-03T13:19:00Z,1,9,5,communication,The waiting time affected the experience.
R004357,C001597,support,2025-10-03T14:36:00Z,2025-10-03T16:24:00Z,1,8,3,resolution,The response was quick.
R004358,C000227,renewal,2025-10-03T16:07:00Z,2025-10-03T16:55:00Z,1,8,3,value,The information could be clearer.
R004359,C001945,support,2025-10-03T17:38:00Z,2025-10-03T19:20:00Z,1,8,3,resolution,The response was quick.
R004360,C002022,support,2025-10-03T19:09:00Z,2025-10-03T20:04:00Z,1,8,4,resolution,The response was quick.
R004361,C001257,support,2025-10-03T20:40:00Z,2025-10-03T23:40:00Z,1,8,3,communication,The response was quick.
R004362,C000718,renewal,2025-10-03T22:11:00Z,2025-10-03T22:24:00Z,1,5,2,value,The response was quick.
R004363,C001533,service,2025-10-03T23:42:00Z,2025-10-04T01:40:00Z,1,5,4,experience,Everything worked as expected.
R004364,C001736,renewal,2025-10-04T01:13:00Z,2025-10-04T03:16:00Z,1,8,4,relationship,The waiting time affected the experience.
R004365,C001212,renewal,2025-10-04T02:44:00Z,2025-10-04T04:53:00Z,1,9,4,value,The response was quick.
R004366,C000577,renewal,2025-10-04T04:15:00Z,2025-10-04T07:04:00Z,1,8,3,value,Everything worked as expected.
R004367,C000809,onboarding,2025-10-04T05:46:00Z,2025-10-04T06:24:00Z,1,10,1,access,Everything worked as expected.
R004368,C000826,support,2025-10-04T07:17:00Z,2025-10-04T09:01:00Z,1,8,2,communication,The information could be clearer.
R004369,C001411,service,2025-10-04T08:48:00Z,2025-10-18T08:51:00Z,2,8,1,schedule,The information could be clearer.
R004370,C001423,service,2025-10-04T10:19:00Z,2025-10-04T10:25:00Z,1,9,5,experience,Everything worked as expected.
R004371,C000885,service,2025-10-04T11:50:00Z,2025-10-04T13:24:00Z,1,10,5,schedule,The information could be clearer.
R004372,C002086,service,2025-10-04T13:21:00Z,2025-10-04T14:01:00Z,1,8,2,experience,Everything worked as expected.
R004373,C001834,support,2025-10-04T14:52:00Z,2025-10-04T16:55:00Z,1,7,3,resolution,The information could be clearer.
R004374,C002046,support,2025-10-04T16:23:00Z,2025-10-04T18:33:00Z,1,5,3,resolution,The information could be clearer.
R004375,C001060,service,2025-10-04T17:54:00Z,2025-10-04T18:17:00Z,1,7,4,schedule,The waiting time affected the experience.
R004376,C000521,service,2025-10-04T19:25:00Z,2025-10-04T20:39:00Z,1,8,3,experience,The waiting time affected the experience.
R004377,C001097,renewal,2025-10-04T20:56:00Z,2025-10-04T22:07:00Z,1,10,3,value,Everything worked as expected.
R004378,C000156,service,2025-10-04T22:27:00Z,2025-10-05T01:13:00Z,1,5,4,schedule,The waiting time affected the experience.
R004379,C000896,support,2025-10-04T23:58:00Z,2025-10-05T02:05:00Z,1,3,4,resolution,The response was quick.
R004380,C000381,service,2025-10-05T01:29:00Z,2025-10-05T03:56:00Z,1,6,3,experience,Everything worked as expected.
R004381,C002103,service,2025-10-05T03:00:00Z,2025-10-05T04:10:00Z,1,5,4,schedule,The waiting time affected the experience.
R004382,C001925,onboarding,2025-10-05T04:31:00Z,2025-10-05T07:10:00Z,1,7,5,access,The waiting time affected the experience.
R004383,C000987,support,2025-10-05T06:02:00Z,2025-10-05T06:19:00Z,1,4,3,communication,The information could be clearer.
R004384,C001796,service,2025-10-05T07:33:00Z,2025-10-05T07:39:00Z,1,10,2,experience,I needed more than one contact.
R004385,C000617,onboarding,2025-10-05T09:04:00Z,2025-10-05T10:27:00Z,1,9,4,information,The response was quick.
R004386,C000474,onboarding,2025-10-05T10:35:00Z,2025-10-19T10:55:00Z,2,10,5,information,Everything worked as expected.
R004387,C000339,onboarding,2025-10-05T12:06:00Z,2025-10-05T14:16:00Z,1,8,4,access,The waiting time affected the experience.
R004388,C000740,service,2025-10-05T13:37:00Z,2025-10-05T14:39:00Z,1,8,3,experience,The waiting time affected the experience.
R004389,C002146,onboarding,2025-10-05T15:08:00Z,2025-10-05T16:44:00Z,1,8,3,information,The information could be clearer.
R004390,C000678,onboarding,2025-10-05T16:39:00Z,2025-10-05T18:58:00Z,1,10,5,information,Everything worked as expected.
R004391,C001938,service,2025-10-05T18:10:00Z,2025-10-05T18:24:00Z,1,7,5,schedule,I needed more than one contact.
R004392,C000619,service,2025-10-05T19:41:00Z,2025-10-05T22:35:00Z,1,9,5,experience,I needed more than one contact.
R004393,C001379,service,2025-10-05T21:12:00Z,2025-10-05T21:56:00Z,1,10,3,experience,The information could be clearer.
R004394,C002088,service,2025-10-05T22:43:00Z,2025-10-06T00:22:00Z,1,8,4,experience,I needed more than one contact.
R004395,C000479,service,2025-10-06T00:14:00Z,2025-10-06T01:47:00Z,1,9,4,experience,The response was quick.
R004396,C001309,support,2025-10-06T01:45:00Z,2025-10-06T03:41:00Z,1,10,3,communication,The response was quick.
R004397,C000828,support,2025-10-06T03:16:00Z,2025-10-06T04:43:00Z,1,6,3,communication,The waiting time affected the experience.
R004398,C000418,service,2025-10-06T04:47:00Z,2025-10-06T05:55:00Z,1,9,5,experience,Everything worked as expected.
R004399,C001781,service,2025-10-06T06:18:00Z,2025-10-06T07:22:00Z,1,9,3,experience,The response was quick.
R004400,C001227,service,2025-10-06T07:49:00Z,2025-10-06T08:56:00Z,1,9,4,schedule,I needed more than one contact.
R004401,C000063,onboarding,2025-10-06T09:20:00Z,2025-10-06T11:33:00Z,1,10,5,access,The waiting time affected the experience.
R004402,C002242,service,2025-10-06T10:51:00Z,2025-10-06T10:56:00Z,1,7,1,experience,The waiting time affected the experience.
R004403,C001502,support,2025-10-06T12:22:00Z,2025-10-20T12:59:00Z,2,6,1,communication,I needed more than one contact.
R004404,C002323,service,2025-10-06T13:53:00Z,2025-10-06T15:44:00Z,1,6,4,experience,Everything worked as expected.
R004405,C000130,service,2025-10-06T15:24:00Z,2025-10-06T18:07:00Z,1,6,3,experience,I needed more than one contact.
R004406,C000274,renewal,2025-10-06T16:55:00Z,2025-10-06T18:54:00Z,1,5,5,relationship,The waiting time affected the experience.
R004407,C002309,service,2025-10-06T18:26:00Z,2025-10-06T20:53:00Z,1,9,3,experience,The information could be clearer.
R004408,C000517,service,2025-10-06T19:57:00Z,2025-10-06T20:56:00Z,1,10,3,schedule,The information could be clearer.
R004409,C001331,support,2025-10-06T21:28:00Z,2025-10-06T22:21:00Z,1,7,3,communication,I needed more than one contact.
R004410,C000858,onboarding,2025-10-06T22:59:00Z,2025-10-07T00:28:00Z,1,9,5,access,The information could be clearer.
R004411,C001306,service,2025-10-07T00:30:00Z,2025-10-07T01:15:00Z,1,6,5,schedule,The waiting time affected the experience.
R004412,C002139,support,2025-10-07T02:01:00Z,2025-10-07T02:48:00Z,1,4,3,communication,The information could be clearer.
R004413,C001427,support,2025-10-07T03:32:00Z,2025-10-07T04:22:00Z,1,6,3,resolution,The information could be clearer.
R004414,C001706,renewal,2025-10-07T05:03:00Z,2025-10-07T07:03:00Z,1,9,5,value,I needed more than one contact.
R004415,C000591,support,2025-10-07T06:34:00Z,2025-10-07T08:26:00Z,1,6,4,communication,Everything worked as expected.
R004416,C000346,renewal,2025-10-07T08:05:00Z,2025-10-07T10:59:00Z,1,9,3,value,I needed more than one contact.
R004417,C001927,support,2025-10-07T09:36:00Z,2025-10-07T11:09:00Z,1,9,3,resolution,The information could be clearer.
R004418,C001301,onboarding,2025-10-07T11:07:00Z,2025-10-07T12:00:00Z,1,9,5,access,The response was quick.
R004419,C000438,support,2025-10-07T12:38:00Z,2025-10-07T14:57:00Z,1,5,4,resolution,The waiting time affected the experience.
R004420,C000798,service,2025-10-07T14:09:00Z,2025-10-21T15:03:00Z,2,10,4,experience,The information could be clearer.
R004421,C001467,onboarding,2025-10-07T15:40:00Z,2025-10-07T17:33:00Z,1,10,4,information,The waiting time affected the experience.
R004422,C001657,support,2025-10-07T17:11:00Z,2025-10-07T19:17:00Z,1,6,2,resolution,The response was quick.
R004423,C002022,support,2025-10-07T18:42:00Z,2025-10-07T21:41:00Z,1,5,4,resolution,The response was quick.
R004424,C001063,renewal,2025-10-07T20:13:00Z,2025-10-07T20:24:00Z,1,4,4,relationship,The waiting time affected the experience.
R004425,C000713,support,2025-10-07T21:44:00Z,2025-10-07T22:10:00Z,1,8,3,communication,The waiting time affected the experience.
R004426,C002358,renewal,2025-10-07T23:15:00Z,2025-10-08T01:47:00Z,1,9,5,value,The information could be clearer.
R004427,C000886,service,2025-10-08T00:46:00Z,2025-10-08T02:51:00Z,1,6,5,experience,The waiting time affected the experience.
R004428,C000762,support,2025-10-08T02:17:00Z,2025-10-08T04:14:00Z,1,6,4,communication,The information could be clearer.
R004429,C000691,service,2025-10-08T03:48:00Z,2025-10-08T06:48:00Z,1,8,4,schedule,The information could be clearer.
R004430,C000437,service,2025-10-08T05:19:00Z,2025-10-08T06:20:00Z,1,9,4,experience,Everything worked as expected.
R004431,C001306,support,2025-10-08T06:50:00Z,2025-10-08T07:03:00Z,1,5,4,communication,I needed more than one contact.
R004432,C001839,renewal,2025-10-08T08:21:00Z,2025-10-08T11:18:00Z,1,7,5,relationship,Everything worked as expected.
R004433,C000357,support,2025-10-08T09:52:00Z,2025-10-08T10:42:00Z,1,6,3,resolution,Everything worked as expected.
R004434,C001002,support,2025-10-08T11:23:00Z,2025-10-08T14:16:00Z,1,4,3,communication,Everything worked as expected.
R004435,C001990,support,2025-10-08T12:54:00Z,2025-10-08T15:16:00Z,1,7,3,communication,The waiting time affected the experience.
R004436,C001950,service,2025-10-08T14:25:00Z,2025-10-08T16:23:00Z,1,7,3,schedule,I needed more than one contact.
R004437,C000614,service,2025-10-08T15:56:00Z,2025-10-22T16:08:00Z,2,5,5,schedule,I needed more than one contact.
R004438,C001212,renewal,2025-10-08T17:27:00Z,2025-10-08T18:14:00Z,1,8,2,value,The information could be clearer.
R004439,C001284,service,2025-10-08T18:58:00Z,2025-10-08T20:38:00Z,1,9,5,experience,The response was quick.
R004440,C000516,onboarding,2025-10-08T20:29:00Z,2025-10-08T20:45:00Z,1,7,5,information,The waiting time affected the experience.
R004441,C001647,support,2025-10-08T22:00:00Z,2025-10-08T23:59:00Z,1,6,2,communication,Everything worked as expected.
R004442,C001056,service,2025-10-08T23:31:00Z,2025-10-09T01:19:00Z,1,10,3,schedule,I needed more than one contact.
R004443,C000631,support,2025-10-09T01:02:00Z,2025-10-09T01:55:00Z,1,6,2,resolution,The waiting time affected the experience.
R004444,C000741,renewal,2025-10-09T02:33:00Z,2025-10-09T02:47:00Z,1,8,4,relationship,Everything worked as expected.
R004445,C001350,service,2025-10-09T04:04:00Z,2025-10-09T05:53:00Z,1,10,5,schedule,The information could be clearer.
R004446,C000890,support,2025-10-09T05:35:00Z,2025-10-09T07:21:00Z,1,5,4,communication,The response was quick.
R004447,C001356,support,2025-10-09T07:06:00Z,2025-10-09T07:33:00Z,1,6,3,resolution,The waiting time affected the experience.
R004448,C000115,renewal,2025-10-09T08:37:00Z,2025-10-09T09:20:00Z,1,5,4,relationship,The response was quick.
R004449,C000235,renewal,2025-10-09T10:08:00Z,2025-10-09T11:52:00Z,1,5,4,relationship,The response was quick.
R004450,C002109,onboarding,2025-10-09T11:39:00Z,2025-10-09T12:08:00Z,1,9,5,information,Everything worked as expected.
R004451,C000584,support,2025-10-09T13:10:00Z,2025-10-09T13:15:00Z,1,5,4,resolution,The response was quick.
R004452,C000884,renewal,2025-10-09T14:41:00Z,2025-10-09T15:06:00Z,1,5,4,relationship,I needed more than one contact.
R004453,C000037,support,2025-10-09T16:12:00Z,2025-10-09T18:46:00Z,1,4,4,resolution,The waiting time affected the experience.
R004454,C000644,renewal,2025-10-09T17:43:00Z,2025-10-23T18:12:00Z,2,10,5,relationship,The information could be clearer.
R004455,C001868,onboarding,2025-10-09T19:14:00Z,2025-10-09T19:33:00Z,1,8,5,access,I needed more than one contact.
R004456,C001442,service,2025-10-09T20:45:00Z,2025-10-09T21:20:00Z,1,3,4,experience,The waiting time affected the experience.
R004457,C001171,service,2025-10-09T22:16:00Z,2025-10-09T23:35:00Z,1,5,5,schedule,The response was quick.
R004458,C001717,support,2025-10-09T23:47:00Z,2025-10-10T02:34:00Z,1,5,4,communication,Everything worked as expected.
R004459,C000808,service,2025-10-10T01:18:00Z,2025-10-10T02:58:00Z,1,8,4,schedule,The response was quick.
R004460,C000924,onboarding,2025-10-10T02:49:00Z,2025-10-10T04:05:00Z,1,7,3,access,The response was quick.
R004461,C002173,onboarding,2025-10-10T04:20:00Z,2025-10-10T07:00:00Z,1,6,5,access,The information could be clearer.
R004462,C000406,renewal,2025-10-10T05:51:00Z,2025-10-10T07:18:00Z,1,6,5,relationship,The information could be clearer.
R004463,C002035,service,2025-10-10T07:22:00Z,2025-10-10T09:02:00Z,1,6,5,experience,The waiting time affected the experience.
R004464,C000159,support,2025-10-10T08:53:00Z,2025-10-10T10:24:00Z,1,9,4,resolution,I needed more than one contact.
R004465,C001543,service,2025-10-10T10:24:00Z,2025-10-10T12:59:00Z,1,8,5,schedule,Everything worked as expected.
R004466,C002277,onboarding,2025-10-10T11:55:00Z,2025-10-10T12:10:00Z,1,10,3,information,The information could be clearer.
R004467,C000234,onboarding,2025-10-10T13:26:00Z,2025-10-10T13:39:00Z,1,10,5,information,I needed more than one contact.
R004468,C000170,support,2025-10-10T14:57:00Z,2025-10-10T15:16:00Z,1,7,3,resolution,The response was quick.
R004469,C002016,service,2025-10-10T16:28:00Z,2025-10-10T16:44:00Z,1,6,3,schedule,I needed more than one contact.
R004470,C001870,support,2025-10-10T17:59:00Z,2025-10-10T19:17:00Z,1,5,5,communication,I needed more than one contact.
R004471,C001572,service,2025-10-10T19:30:00Z,2025-10-24T20:16:00Z,2,10,4,experience,The response was quick.
R004472,C000867,service,2025-10-10T21:01:00Z,2025-10-10T22:09:00Z,1,8,5,schedule,The response was quick.
R004473,C001411,renewal,2025-10-10T22:32:00Z,2025-10-10T23:40:00Z,1,6,4,relationship,The information could be clearer.
R004474,C000487,support,2025-10-11T00:03:00Z,2025-10-11T01:55:00Z,1,7,3,resolution,The response was quick.
R004475,C001054,support,2025-10-11T01:34:00Z,2025-10-11T02:47:00Z,1,7,3,communication,Everything worked as expected.
R004476,C001136,service,2025-10-11T03:05:00Z,2025-10-11T03:42:00Z,1,6,4,experience,The response was quick.
R004477,C001734,support,2025-10-11T04:36:00Z,2025-10-11T07:28:00Z,1,1,4,communication,The response was quick.
R004478,C000255,support,2025-10-11T06:07:00Z,2025-10-11T08:28:00Z,1,4,4,communication,I needed more than one contact.
R004479,C001648,service,2025-10-11T07:38:00Z,2025-10-11T08:19:00Z,1,5,2,experience,I needed more than one contact.
R004480,C001244,support,2025-10-11T09:09:00Z,2025-10-11T10:23:00Z,1,4,3,resolution,The response was quick.
R004481,C000777,service,2025-10-11T10:40:00Z,2025-10-11T11:36:00Z,1,6,5,experience,Everything worked as expected.
R004482,C000298,support,2025-10-11T12:11:00Z,2025-10-11T13:44:00Z,1,6,2,resolution,Everything worked as expected.
R004483,C002378,renewal,2025-10-11T13:42:00Z,2025-10-11T16:03:00Z,1,10,4,relationship,The waiting time affected the experience.
R004484,C002276,renewal,2025-10-11T15:13:00Z,2025-10-11T17:57:00Z,1,10,4,relationship,The information could be clearer.
R004485,C001077,support,2025-10-11T16:44:00Z,2025-10-11T18:35:00Z,1,8,5,communication,Everything worked as expected.
R004486,C002360,renewal,2025-10-11T18:15:00Z,2025-10-11T19:48:00Z,1,7,4,relationship,Everything worked as expected.
R004487,C000019,service,2025-10-11T19:46:00Z,2025-10-11T22:36:00Z,1,6,5,experience,The waiting time affected the experience.
R004488,C000564,renewal,2025-10-11T21:17:00Z,2025-10-25T21:21:00Z,2,4,3,relationship,The information could be clearer.
R004489,C002311,renewal,2025-10-11T22:48:00Z,2025-10-11T23:32:00Z,1,8,5,value,The waiting time affected the experience.
R004490,C000997,renewal,2025-10-12T00:19:00Z,2025-10-12T00:36:00Z,1,7,3,relationship,The information could be clearer.
R004491,C000189,support,2025-10-12T01:50:00Z,2025-10-12T04:36:00Z,1,5,5,communication,The information could be clearer.
R004492,C000993,service,2025-10-12T03:21:00Z,2025-10-12T05:12:00Z,1,6,5,schedule,The response was quick.
R004493,C001171,service,2025-10-12T04:52:00Z,2025-10-12T05:26:00Z,1,8,4,schedule,I needed more than one contact.
R004494,C000454,service,2025-10-12T06:23:00Z,2025-10-12T06:32:00Z,1,10,2,experience,The response was quick.
R004495,C000309,support,2025-10-12T07:54:00Z,2025-10-12T09:12:00Z,1,7,5,resolution,The waiting time affected the experience.
R004496,C000853,onboarding,2025-10-12T09:25:00Z,2025-10-12T10:53:00Z,1,8,5,information,The response was quick.
R004497,C002100,renewal,2025-10-12T10:56:00Z,2025-10-12T11:02:00Z,1,8,4,value,The waiting time affected the experience.
R004498,C002186,support,2025-10-12T12:27:00Z,2025-10-12T13:33:00Z,1,8,3,resolution,The response was quick.
R004499,C000246,support,2025-10-12T13:58:00Z,2025-10-12T16:10:00Z,1,5,2,resolution,The response was quick.
R004500,C002224,support,2025-10-12T15:29:00Z,2025-10-12T18:20:00Z,1,8,4,communication,The response was quick.
R004501,C000110,service,2025-10-12T17:00:00Z,2025-10-12T19:20:00Z,1,8,2,schedule,The waiting time affected the experience.
R004502,C000840,service,2025-10-12T18:31:00Z,2025-10-12T19:17:00Z,1,10,4,experience,I needed more than one contact.
R004503,C001850,service,2025-10-12T20:02:00Z,2025-10-12T22:18:00Z,1,5,3,schedule,The information could be clearer.
R004504,C000767,support,2025-10-12T21:33:00Z,2025-10-12T21:42:00Z,1,4,4,communication,The information could be clearer.
R004505,C002203,service,2025-10-12T23:04:00Z,2025-10-26T23:25:00Z,2,6,5,schedule,The response was quick.
R004506,C001881,service,2025-10-13T00:35:00Z,2025-10-13T02:37:00Z,1,9,4,schedule,The response was quick.
R004507,C001888,support,2025-10-13T02:06:00Z,2025-10-13T04:51:00Z,1,5,2,communication,The information could be clearer.
R004508,C000786,service,2025-10-13T03:37:00Z,2025-10-13T06:34:00Z,1,6,4,schedule,Everything worked as expected.
R004509,C001829,service,2025-10-13T05:08:00Z,2025-10-13T07:46:00Z,1,10,3,experience,The waiting time affected the experience.
R004510,C000685,service,2025-10-13T06:39:00Z,2025-10-13T07:06:00Z,1,8,3,schedule,The information could be clearer.
R004511,C000404,support,2025-10-13T08:10:00Z,2025-10-13T10:27:00Z,1,6,3,resolution,Everything worked as expected.
R004512,C000703,renewal,2025-10-13T09:41:00Z,2025-10-13T11:22:00Z,1,5,3,value,The waiting time affected the experience.
R004513,C001799,support,2025-10-13T11:12:00Z,2025-10-13T13:43:00Z,1,8,3,communication,Everything worked as expected.
R004514,C002133,service,2025-10-13T12:43:00Z,2025-10-13T14:08:00Z,1,7,2,schedule,Everything worked as expected.
R004515,C002302,renewal,2025-10-13T14:14:00Z,2025-10-13T15:01:00Z,1,9,4,relationship,The waiting time affected the experience.
R004516,C001586,service,2025-10-13T15:45:00Z,2025-10-13T18:13:00Z,1,9,5,experience,The response was quick.
R004517,C000003,support,2025-10-13T17:16:00Z,2025-10-13T19:53:00Z,1,5,3,communication,The information could be clearer.
R004518,C001945,support,2025-10-13T18:47:00Z,2025-10-13T18:56:00Z,1,9,2,communication,The information could be clearer.
R004519,C001402,support,2025-10-13T20:18:00Z,2025-10-13T22:37:00Z,1,6,3,resolution,The waiting time affected the experience.
R004520,C001503,support,2025-10-13T21:49:00Z,2025-10-14T00:05:00Z,1,8,2,resolution,The waiting time affected the experience.
R004521,C002148,onboarding,2025-10-13T23:20:00Z,2025-10-14T01:58:00Z,1,8,2,information,I needed more than one contact.
R004522,C001075,support,2025-10-14T00:51:00Z,2025-10-28T01:29:00Z,2,6,3,communication,The response was quick.
R004523,C001769,service,2025-10-14T02:22:00Z,2025-10-14T02:41:00Z,1,8,5,experience,I needed more than one contact.
R004524,C000291,service,2025-10-14T03:53:00Z,2025-10-14T06:16:00Z,1,6,3,schedule,Everything worked as expected.
R004525,C000493,onboarding,2025-10-14T05:24:00Z,2025-10-14T05:50:00Z,1,7,5,information,The waiting time affected the experience.
R004526,C000532,service,2025-10-14T06:55:00Z,2025-10-14T07:06:00Z,1,9,5,experience,The information could be clearer.
R004527,C002222,onboarding,2025-10-14T08:26:00Z,2025-10-14T08:43:00Z,1,7,4,access,The waiting time affected the experience.
R004528,C001646,onboarding,2025-10-14T09:57:00Z,2025-10-14T12:06:00Z,1,5,4,access,The waiting time affected the experience.
R004529,C001678,support,2025-10-14T11:28:00Z,2025-10-14T12:58:00Z,1,3,4,communication,Everything worked as expected.
R004530,C002334,support,2025-10-14T12:59:00Z,2025-10-14T15:20:00Z,1,7,3,communication,The response was quick.
R004531,C002374,service,2025-10-14T14:30:00Z,2025-10-14T16:02:00Z,1,9,4,schedule,The response was quick.
R004532,C000419,service,2025-10-14T16:01:00Z,2025-10-14T18:57:00Z,1,10,3,experience,The information could be clearer.
R004533,C000443,onboarding,2025-10-14T17:32:00Z,2025-10-14T19:20:00Z,1,9,5,information,Everything worked as expected.
R004534,C000056,service,2025-10-14T19:03:00Z,2025-10-14T20:09:00Z,1,5,3,schedule,The response was quick.
R004535,C000833,support,2025-10-14T20:34:00Z,2025-10-14T20:45:00Z,1,9,3,resolution,The response was quick.
R004536,C001883,renewal,2025-10-14T22:05:00Z,2025-10-14T23:42:00Z,1,6,4,relationship,Everything worked as expected.
R004537,C001083,onboarding,2025-10-14T23:36:00Z,2025-10-15T01:55:00Z,1,10,4,access,I needed more than one contact.
R004538,C001990,support,2025-10-15T01:07:00Z,2025-10-15T02:29:00Z,1,8,4,resolution,Everything worked as expected.
R004539,C000256,service,2025-10-15T02:38:00Z,2025-10-29T03:33:00Z,2,5,2,experience,The information could be clearer.
R004540,C001700,renewal,2025-10-15T04:09:00Z,2025-10-15T05:26:00Z,1,4,4,relationship,Everything worked as expected.
R004541,C002347,onboarding,2025-10-15T05:40:00Z,2025-10-15T05:54:00Z,1,5,4,access,The waiting time affected the experience.
R004542,C000986,support,2025-10-15T07:11:00Z,2025-10-15T09:30:00Z,1,7,5,communication,I needed more than one contact.
R004543,C000395,support,2025-10-15T08:42:00Z,2025-10-15T09:54:00Z,1,5,3,resolution,The waiting time affected the experience.
R004544,C000315,onboarding,2025-10-15T10:13:00Z,2025-10-15T12:56:00Z,1,5,5,information,I needed more than one contact.
R004545,C000727,service,2025-10-15T11:44:00Z,2025-10-15T12:50:00Z,1,9,4,schedule,I needed more than one contact.
R004546,C001744,service,2025-10-15T13:15:00Z,2025-10-15T13:44:00Z,1,9,3,schedule,The information could be clearer.
R004547,C001001,onboarding,2025-10-15T14:46:00Z,2025-10-15T16:28:00Z,1,9,3,information,The response was quick.
R004548,C001954,service,2025-10-15T16:17:00Z,2025-10-15T18:09:00Z,1,5,3,schedule,I needed more than one contact.
R004549,C000297,service,2025-10-15T17:48:00Z,2025-10-15T19:50:00Z,1,4,3,experience,The information could be clearer.
R004550,C000985,onboarding,2025-10-15T19:19:00Z,2025-10-15T19:59:00Z,1,7,4,access,The response was quick.
R004551,C001884,service,2025-10-15T20:50:00Z,2025-10-15T23:08:00Z,1,8,5,experience,I needed more than one contact.
R004552,C001394,support,2025-10-15T22:21:00Z,2025-10-16T00:12:00Z,1,10,3,resolution,The waiting time affected the experience.
R004553,C001126,support,2025-10-15T23:52:00Z,2025-10-16T01:42:00Z,1,7,2,communication,The waiting time affected the experience.
R004554,C000759,support,2025-10-16T01:23:00Z,2025-10-16T02:44:00Z,1,5,4,communication,I needed more than one contact.
R004555,C001195,support,2025-10-16T02:54:00Z,2025-10-16T04:06:00Z,1,9,2,communication,The response was quick.
R004556,C000335,onboarding,2025-10-16T04:25:00Z,2025-10-30T04:38:00Z,2,4,5,information,The response was quick.
R004557,C001016,onboarding,2025-10-16T05:56:00Z,2025-10-16T07:04:00Z,1,4,4,access,The waiting time affected the experience.
R004558,C001832,renewal,2025-10-16T07:27:00Z,2025-10-16T07:49:00Z,1,7,4,relationship,I needed more than one contact.
R004559,C000820,onboarding,2025-10-16T08:58:00Z,2025-10-16T10:39:00Z,1,5,3,information,Everything worked as expected.
R004560,C001096,renewal,2025-10-16T10:29:00Z,2025-10-16T12:21:00Z,1,8,5,relationship,The information could be clearer.
R004561,C000072,support,2025-10-16T12:00:00Z,2025-10-16T14:02:00Z,1,4,4,communication,The response was quick.
R004562,C001363,service,2025-10-16T13:31:00Z,2025-10-16T15:53:00Z,1,9,5,schedule,The information could be clearer.
R004563,C000822,service,2025-10-16T15:02:00Z,2025-10-16T16:57:00Z,1,5,3,schedule,The response was quick.
R004564,C000206,onboarding,2025-10-16T16:33:00Z,2025-10-16T18:12:00Z,1,10,5,access,The information could be clearer.
R004565,C000908,service,2025-10-16T18:04:00Z,2025-10-16T19:34:00Z,1,6,5,schedule,The waiting time affected the experience.
R004566,C000549,renewal,2025-10-16T19:35:00Z,2025-10-16T21:34:00Z,1,6,4,relationship,I needed more than one contact.
R004567,C000128,support,2025-10-16T21:06:00Z,2025-10-16T22:45:00Z,1,4,2,communication,The response was quick.
R004568,C000288,onboarding,2025-10-16T22:37:00Z,2025-10-16T22:55:00Z,1,10,5,information,I needed more than one contact.
R004569,C000180,service,2025-10-17T00:08:00Z,2025-10-17T00:23:00Z,1,1,4,schedule,The waiting time affected the experience.
R004570,C001245,onboarding,2025-10-17T01:39:00Z,2025-10-17T02:14:00Z,1,6,4,information,The waiting time affected the experience.
R004571,C000195,service,2025-10-17T03:10:00Z,2025-10-17T04:04:00Z,1,10,2,schedule,The response was quick.
R004572,C001558,onboarding,2025-10-17T04:41:00Z,2025-10-17T06:26:00Z,1,7,5,information,The response was quick.
R004573,C000278,renewal,2025-10-17T06:12:00Z,2025-10-31T06:42:00Z,2,7,5,value,The response was quick.
R004574,C000917,service,2025-10-17T07:43:00Z,2025-10-17T09:05:00Z,1,7,4,experience,Everything worked as expected.
R004575,C001457,service,2025-10-17T09:14:00Z,2025-10-17T09:50:00Z,1,4,5,schedule,I needed more than one contact.
R004576,C001463,support,2025-10-17T10:45:00Z,2025-10-17T12:01:00Z,1,8,3,resolution,The information could be clearer.
R004577,C001757,service,2025-10-17T12:16:00Z,2025-10-17T12:50:00Z,1,8,4,experience,The information could be clearer.
R004578,C002397,support,2025-10-17T13:47:00Z,2025-10-17T14:23:00Z,1,8,3,communication,The information could be clearer.
R004579,C001903,support,2025-10-17T15:18:00Z,2025-10-17T17:09:00Z,1,5,2,resolution,The waiting time affected the experience.
R004580,C001941,service,2025-10-17T16:49:00Z,2025-10-17T18:05:00Z,1,8,4,experience,The waiting time affected the experience.
R004581,C001788,support,2025-10-17T18:20:00Z,2025-10-17T20:44:00Z,1,9,3,resolution,The waiting time affected the experience.
R004582,C002221,service,2025-10-17T19:51:00Z,2025-10-17T20:19:00Z,1,9,4,schedule,I needed more than one contact.
R004583,C001265,renewal,2025-10-17T21:22:00Z,2025-10-18T00:15:00Z,1,5,3,relationship,The waiting time affected the experience.
R004584,C000662,onboarding,2025-10-17T22:53:00Z,2025-10-18T01:07:00Z,1,8,3,access,The information could be clearer.
R004585,C001386,renewal,2025-10-18T00:24:00Z,2025-10-18T00:43:00Z,1,5,3,relationship,I needed more than one contact.
R004586,C000890,renewal,2025-10-18T01:55:00Z,2025-10-18T03:44:00Z,1,7,5,value,Everything worked as expected.
R004587,C000945,onboarding,2025-10-18T03:26:00Z,2025-10-18T05:41:00Z,1,9,3,information,The waiting time affected the experience.
R004588,C001234,renewal,2025-10-18T04:57:00Z,2025-10-18T07:25:00Z,1,4,1,value,The response was quick.
R004589,C001855,service,2025-10-18T06:28:00Z,2025-10-18T08:54:00Z,1,7,4,schedule,I needed more than one contact.
R004590,C001060,support,2025-10-18T07:59:00Z,2025-11-01T08:46:00Z,2,5,4,resolution,The waiting time affected the experience.
R004591,C002270,service,2025-10-18T09:30:00Z,2025-10-18T10:17:00Z,1,8,4,schedule,The waiting time affected the experience.
R004592,C000831,service,2025-10-18T11:01:00Z,2025-10-18T11:19:00Z,1,8,4,experience,I needed more than one contact.
R004593,C000574,support,2025-10-18T12:32:00Z,2025-10-18T14:47:00Z,1,2,5,communication,Everything worked as expected.
R004594,C002217,support,2025-10-18T14:03:00Z,2025-10-18T14:23:00Z,1,7,3,resolution,The waiting time affected the experience.
R004595,C001327,support,2025-10-18T15:34:00Z,2025-10-18T18:11:00Z,1,7,4,communication,The waiting time affected the experience.
R004596,C001885,service,2025-10-18T17:05:00Z,2025-10-18T18:51:00Z,1,10,4,experience,The waiting time affected the experience.
R004597,C001180,support,2025-10-18T18:36:00Z,2025-10-18T21:30:00Z,1,8,5,communication,Everything worked as expected.
R004598,C000325,service,2025-10-18T20:07:00Z,2025-10-18T22:19:00Z,1,7,2,experience,I needed more than one contact.
R004599,C002393,support,2025-10-18T21:38:00Z,2025-10-18T22:33:00Z,1,6,2,communication,The waiting time affected the experience.
R004600,C000366,support,2025-10-18T23:09:00Z,2025-10-19T00:27:00Z,1,6,4,communication,The waiting time affected the experience.
R004601,C000268,onboarding,2025-10-19T00:40:00Z,2025-10-19T02:56:00Z,1,6,5,access,The information could be clearer.
R004602,C001734,service,2025-10-19T02:11:00Z,2025-10-19T03:30:00Z,1,10,4,schedule,The waiting time affected the experience.
R004603,C001609,renewal,2025-10-19T03:42:00Z,2025-10-19T05:05:00Z,1,5,5,relationship,Everything worked as expected.
R004604,C002145,support,2025-10-19T05:13:00Z,2025-10-19T06:02:00Z,1,8,4,communication,The information could be clearer.
R004605,C000032,service,2025-10-19T06:44:00Z,2025-10-19T09:12:00Z,1,6,4,schedule,The information could be clearer.
R004606,C000665,service,2025-10-19T08:15:00Z,2025-10-19T09:43:00Z,1,8,5,schedule,I needed more than one contact.
R004607,C000812,support,2025-10-19T09:46:00Z,2025-11-02T09:51:00Z,2,5,3,communication,The waiting time affected the experience.
R004608,C002296,service,2025-10-19T11:17:00Z,2025-10-19T14:00:00Z,1,10,5,schedule,The waiting time affected the experience.
R004609,C000489,support,2025-10-19T12:48:00Z,2025-10-19T13:48:00Z,1,2,4,resolution,The waiting time affected the experience.
R004610,C000178,support,2025-10-19T14:19:00Z,2025-10-19T14:30:00Z,1,5,4,resolution,The response was quick.
R004611,C000114,support,2025-10-19T15:50:00Z,2025-10-19T16:54:00Z,1,6,5,resolution,The response was quick.
R004612,C000095,support,2025-10-19T17:21:00Z,2025-10-19T19:36:00Z,1,6,2,communication,I needed more than one contact.
R004613,C002066,renewal,2025-10-19T18:52:00Z,2025-10-19T19:51:00Z,1,8,5,value,I needed more than one contact.
R004614,C001672,onboarding,2025-10-19T20:23:00Z,2025-10-19T21:00:00Z,1,9,5,information,I needed more than one contact.
R004615,C002074,support,2025-10-19T21:54:00Z,2025-10-19T22:49:00Z,1,6,2,communication,Everything worked as expected.
R004616,C002226,support,2025-10-19T23:25:00Z,2025-10-20T01:55:00Z,1,2,5,resolution,The waiting time affected the experience.
R004617,C001164,service,2025-10-20T00:56:00Z,2025-10-20T02:42:00Z,1,7,3,experience,I needed more than one contact.
R004618,C000416,support,2025-10-20T02:27:00Z,2025-10-20T04:10:00Z,1,5,2,resolution,I needed more than one contact.
R004619,C001522,onboarding,2025-10-20T03:58:00Z,2025-10-20T06:55:00Z,1,7,4,information,The response was quick.
R004620,C001736,service,2025-10-20T05:29:00Z,2025-10-20T05:38:00Z,1,6,3,schedule,Everything worked as expected.
R004621,C001996,support,2025-10-20T07:00:00Z,2025-10-20T08:34:00Z,1,6,3,communication,I needed more than one contact.
R004622,C001371,onboarding,2025-10-20T08:31:00Z,2025-10-20T09:05:00Z,1,10,4,information,The response was quick.
R004623,C002242,support,2025-10-20T10:02:00Z,2025-10-20T10:12:00Z,1,8,5,communication,The response was quick.
R004624,C000817,support,2025-10-20T11:33:00Z,2025-11-03T11:55:00Z,2,4,1,resolution,The response was quick.
R004625,C001442,support,2025-10-20T13:04:00Z,2025-10-20T14:33:00Z,1,7,2,communication,The response was quick.
R004626,C002047,service,2025-10-20T14:35:00Z,2025-10-20T14:54:00Z,1,7,3,experience,Everything worked as expected.
R004627,C002194,support,2025-10-20T16:06:00Z,2025-10-20T16:30:00Z,1,7,1,communication,The waiting time affected the experience.
R004628,C001207,support,2025-10-20T17:37:00Z,2025-10-20T18:32:00Z,1,8,2,communication,I needed more than one contact.
R004629,C000745,service,2025-10-20T19:08:00Z,2025-10-20T22:07:00Z,1,6,4,schedule,Everything worked as expected.
R004630,C001691,service,2025-10-20T20:39:00Z,2025-10-20T21:01:00Z,1,7,4,experience,The waiting time affected the experience.
R004631,C001542,service,2025-10-20T22:10:00Z,2025-10-21T00:31:00Z,1,10,4,experience,The response was quick.
R004632,C000241,support,2025-10-20T23:41:00Z,2025-10-21T01:17:00Z,1,3,1,resolution,The waiting time affected the experience.
R004633,C001919,support,2025-10-21T01:12:00Z,2025-10-21T04:04:00Z,1,5,4,communication,The waiting time affected the experience.
R004634,C002331,support,2025-10-21T02:43:00Z,2025-10-21T05:27:00Z,1,5,3,communication,The response was quick.
R004635,C001394,service,2025-10-21T04:14:00Z,2025-10-21T05:59:00Z,1,6,5,schedule,Everything worked as expected.
R004636,C001075,service,2025-10-21T05:45:00Z,2025-10-21T06:16:00Z,1,10,4,schedule,I needed more than one contact.
R004637,C001354,renewal,2025-10-21T07:16:00Z,2025-10-21T09:06:00Z,1,9,5,value,The response was quick.
R004638,C002184,support,2025-10-21T08:47:00Z,2025-10-21T10:04:00Z,1,6,2,resolution,Everything worked as expected.
R004639,C001886,service,2025-10-21T10:18:00Z,2025-10-21T12:16:00Z,1,10,4,experience,The information could be clearer.
R004640,C000528,renewal,2025-10-21T11:49:00Z,2025-10-21T13:21:00Z,1,7,2,value,The waiting time affected the experience.
R004641,C002062,support,2025-10-21T13:20:00Z,2025-11-04T13:59:00Z,2,5,3,resolution,Everything worked as expected.
R004642,C001405,onboarding,2025-10-21T14:51:00Z,2025-10-21T15:27:00Z,1,8,5,access,The response was quick.
R004643,C000589,service,2025-10-21T16:22:00Z,2025-10-21T17:51:00Z,1,5,4,schedule,The information could be clearer.
R004644,C001485,onboarding,2025-10-21T17:53:00Z,2025-10-21T20:50:00Z,1,7,5,access,I needed more than one contact.
R004645,C001761,support,2025-10-21T19:24:00Z,2025-10-21T21:43:00Z,1,5,2,communication,The response was quick.
R004646,C000943,support,2025-10-21T20:55:00Z,2025-10-21T23:36:00Z,1,5,4,communication,Everything worked as expected.
R004647,C002183,renewal,2025-10-21T22:26:00Z,2025-10-22T00:35:00Z,1,6,4,relationship,Everything worked as expected.
R004648,C000361,service,2025-10-21T23:57:00Z,2025-10-22T00:42:00Z,1,10,4,experience,I needed more than one contact.
R004649,C001563,service,2025-10-22T01:28:00Z,2025-10-22T01:35:00Z,1,6,5,experience,I needed more than one contact.
R004650,C000813,support,2025-10-22T02:59:00Z,2025-10-22T04:59:00Z,1,10,4,resolution,The information could be clearer.
R004651,C001412,support,2025-10-22T04:30:00Z,2025-10-22T06:08:00Z,1,6,4,communication,The information could be clearer.
R004652,C001892,service,2025-10-22T06:01:00Z,2025-10-22T07:14:00Z,1,10,3,schedule,Everything worked as expected.
R004653,C000707,support,2025-10-22T07:32:00Z,2025-10-22T07:52:00Z,1,8,3,communication,The waiting time affected the experience.
R004654,C000665,renewal,2025-10-22T09:03:00Z,2025-10-22T11:43:00Z,1,10,3,relationship,The waiting time affected the experience.
R004655,C002317,support,2025-10-22T10:34:00Z,2025-10-22T12:19:00Z,1,5,4,communication,Everything worked as expected.
R004656,C002133,renewal,2025-10-22T12:05:00Z,2025-10-22T12:57:00Z,1,7,3,value,The waiting time affected the experience.
R004657,C000530,support,2025-10-22T13:36:00Z,2025-10-22T15:37:00Z,1,1,1,communication,The information could be clearer.
R004658,C000355,onboarding,2025-10-22T15:07:00Z,2025-11-05T16:03:00Z,2,10,4,information,Everything worked as expected.
R004659,C000014,onboarding,2025-10-22T16:38:00Z,2025-10-22T17:46:00Z,1,10,5,access,The response was quick.
R004660,C001487,support,2025-10-22T18:09:00Z,2025-10-22T18:20:00Z,1,7,4,resolution,The response was quick.
R004661,C001221,support,2025-10-22T19:40:00Z,2025-10-22T20:23:00Z,1,6,4,communication,The response was quick.
R004662,C000316,onboarding,2025-10-22T21:11:00Z,2025-10-22T21:33:00Z,1,6,5,access,Everything worked as expected.
R004663,C000130,onboarding,2025-10-22T22:42:00Z,2025-10-23T01:12:00Z,1,10,5,access,I needed more than one contact.
R004664,C001687,onboarding,2025-10-23T00:13:00Z,2025-10-23T02:45:00Z,1,10,5,information,The response was quick.
R004665,C001389,onboarding,2025-10-23T01:44:00Z,2025-10-23T02:55:00Z,1,7,3,access,The response was quick.
R004666,C001657,support,2025-10-23T03:15:00Z,2025-10-23T04:51:00Z,1,6,3,resolution,I needed more than one contact.
R004667,C001022,support,2025-10-23T04:46:00Z,2025-10-23T07:04:00Z,1,8,3,resolution,Everything worked as expected.
R004668,C000354,support,2025-10-23T06:17:00Z,2025-10-23T08:29:00Z,1,6,3,communication,The information could be clearer.
R004669,C002135,renewal,2025-10-23T07:48:00Z,2025-10-23T08:31:00Z,1,5,3,relationship,I needed more than one contact.
R004670,C000280,renewal,2025-10-23T09:19:00Z,2025-10-23T10:36:00Z,1,7,5,value,The response was quick.
R004671,C001826,onboarding,2025-10-23T10:50:00Z,2025-10-23T13:19:00Z,1,9,4,access,I needed more than one contact.
R004672,C000605,support,2025-10-23T12:21:00Z,2025-10-23T13:21:00Z,1,7,5,communication,I needed more than one contact.
R004673,C001152,support,2025-10-23T13:52:00Z,2025-10-23T14:05:00Z,1,6,4,communication,The waiting time affected the experience.
R004674,C000292,service,2025-10-23T15:23:00Z,2025-10-23T15:50:00Z,1,10,4,schedule,Everything worked as expected.
R004675,C002237,service,2025-10-23T16:54:00Z,2025-11-06T17:08:00Z,2,6,5,schedule,Everything worked as expected.
R004676,C001950,support,2025-10-23T18:25:00Z,2025-10-23T19:30:00Z,1,5,3,resolution,The waiting time affected the experience.
R004677,C001631,service,2025-10-23T19:56:00Z,2025-10-23T21:24:00Z,1,10,2,experience,The response was quick.
R004678,C000957,renewal,2025-10-23T21:27:00Z,2025-10-23T23:24:00Z,1,8,3,relationship,The information could be clearer.
R004679,C000701,service,2025-10-23T22:58:00Z,2025-10-24T00:01:00Z,1,9,4,schedule,The information could be clearer.
R004680,C002245,support,2025-10-24T00:29:00Z,2025-10-24T03:07:00Z,1,4,3,resolution,I needed more than one contact.
R004681,C002092,onboarding,2025-10-24T02:00:00Z,2025-10-24T03:00:00Z,1,9,5,information,I needed more than one contact.
R004682,C000582,onboarding,2025-10-24T03:31:00Z,2025-10-24T06:29:00Z,1,8,5,information,I needed more than one contact.
R004683,C002306,support,2025-10-24T05:02:00Z,2025-10-24T05:48:00Z,1,9,3,communication,Everything worked as expected.
R004684,C001101,service,2025-10-24T06:33:00Z,2025-10-24T08:56:00Z,1,10,4,experience,The information could be clearer.
R004685,C000224,renewal,2025-10-24T08:04:00Z,2025-10-24T08:46:00Z,1,5,5,value,Everything worked as expected.
R004686,C000137,renewal,2025-10-24T09:35:00Z,2025-10-24T12:07:00Z,1,9,4,value,Everything worked as expected.
R004687,C002273,service,2025-10-24T11:06:00Z,2025-10-24T11:37:00Z,1,10,4,schedule,The waiting time affected the experience.
R004688,C001735,service,2025-10-24T12:37:00Z,2025-10-24T13:07:00Z,1,6,5,schedule,The waiting time affected the experience.
R004689,C001971,service,2025-10-24T14:08:00Z,2025-10-24T16:20:00Z,1,7,5,schedule,The response was quick.
R004690,C001323,renewal,2025-10-24T15:39:00Z,2025-10-24T16:54:00Z,1,8,4,relationship,I needed more than one contact.
R004691,C001007,support,2025-10-24T17:10:00Z,2025-10-24T18:34:00Z,1,7,5,communication,The waiting time affected the experience.
R004692,C001817,support,2025-10-24T18:41:00Z,2025-11-07T19:12:00Z,2,5,4,communication,I needed more than one contact.
R004693,C000002,onboarding,2025-10-24T20:12:00Z,2025-10-24T22:09:00Z,1,10,5,information,I needed more than one contact.
R004694,C000091,support,2025-10-24T21:43:00Z,2025-10-24T23:34:00Z,1,4,3,communication,The waiting time affected the experience.
R004695,C001370,onboarding,2025-10-24T23:14:00Z,2025-10-25T02:02:00Z,1,10,3,information,The information could be clearer.
R004696,C000333,service,2025-10-25T00:45:00Z,2025-10-25T03:32:00Z,1,9,3,schedule,I needed more than one contact.
R004697,C002294,service,2025-10-25T02:16:00Z,2025-10-25T05:03:00Z,1,6,5,experience,The waiting time affected the experience.
R004698,C000815,support,2025-10-25T03:47:00Z,2025-10-25T04:53:00Z,1,7,1,resolution,The waiting time affected the experience.
R004699,C001380,renewal,2025-10-25T05:18:00Z,2025-10-25T08:14:00Z,1,8,3,relationship,Everything worked as expected.
R004700,C002098,support,2025-10-25T06:49:00Z,2025-10-25T07:25:00Z,1,8,4,resolution,The response was quick.
R004701,C000131,onboarding,2025-10-25T08:20:00Z,2025-10-25T10:50:00Z,1,8,5,access,Everything worked as expected.
R004702,C000613,service,2025-10-25T09:51:00Z,2025-10-25T11:29:00Z,1,7,5,schedule,The response was quick.
R004703,C000894,service,2025-10-25T11:22:00Z,2025-10-25T14:12:00Z,1,6,4,experience,The information could be clearer.
R004704,C000177,service,2025-10-25T12:53:00Z,2025-10-25T15:30:00Z,1,9,3,experience,I needed more than one contact.
R004705,C000248,service,2025-10-25T14:24:00Z,2025-10-25T15:00:00Z,1,8,4,schedule,The response was quick.
R004706,C000126,renewal,2025-10-25T15:55:00Z,2025-10-25T16:33:00Z,1,3,4,relationship,Everything worked as expected.
R004707,C001597,onboarding,2025-10-25T17:26:00Z,2025-10-25T19:02:00Z,1,9,4,information,The information could be clearer.
R004708,C001189,support,2025-10-25T18:57:00Z,2025-10-25T20:00:00Z,1,6,2,resolution,The information could be clearer.
R004709,C001527,service,2025-10-25T20:28:00Z,2025-11-08T21:16:00Z,2,7,3,schedule,I needed more than one contact.
R004710,C001251,onboarding,2025-10-25T21:59:00Z,2025-10-25T22:26:00Z,1,5,5,information,The waiting time affected the experience.
R004711,C001465,service,2025-10-25T23:30:00Z,2025-10-26T00:17:00Z,1,7,5,experience,Everything worked as expected.
R004712,C001482,service,2025-10-26T01:01:00Z,2025-10-26T02:28:00Z,1,8,5,schedule,I needed more than one contact.
R004713,C002211,service,2025-10-26T02:32:00Z,2025-10-26T05:16:00Z,1,9,5,schedule,I needed more than one contact.
R004714,C000660,service,2025-10-26T04:03:00Z,2025-10-26T06:04:00Z,1,9,4,experience,Everything worked as expected.
R004715,C002187,service,2025-10-26T05:34:00Z,2025-10-26T06:49:00Z,1,7,3,schedule,Everything worked as expected.
R004716,C000195,onboarding,2025-10-26T07:05:00Z,2025-10-26T07:13:00Z,1,7,4,information,The information could be clearer.
R004717,C001741,onboarding,2025-10-26T08:36:00Z,2025-10-26T10:38:00Z,1,9,5,access,Everything worked as expected.
R004718,C001453,onboarding,2025-10-26T10:07:00Z,2025-10-26T10:43:00Z,1,9,4,information,The information could be clearer.
R004719,C000583,support,2025-10-26T11:38:00Z,2025-10-26T12:40:00Z,1,3,4,communication,The response was quick.
R004720,C001765,onboarding,2025-10-26T13:09:00Z,2025-10-26T13:53:00Z,1,6,4,access,Everything worked as expected.
R004721,C000366,onboarding,2025-10-26T14:40:00Z,2025-10-26T17:39:00Z,1,9,4,access,The response was quick.
R004722,C001796,support,2025-10-26T16:11:00Z,2025-10-26T17:09:00Z,1,9,4,communication,I needed more than one contact.
R004723,C002106,service,2025-10-26T17:42:00Z,2025-10-26T18:22:00Z,1,8,3,experience,The information could be clearer.
R004724,C001419,service,2025-10-26T19:13:00Z,2025-10-26T21:43:00Z,1,9,3,experience,The waiting time affected the experience.
R004725,C001039,service,2025-10-26T20:44:00Z,2025-10-26T23:17:00Z,1,10,5,schedule,The response was quick.
R004726,C001199,service,2025-10-26T22:15:00Z,2025-11-09T22:21:00Z,2,7,2,experience,The information could be clearer.
R004727,C000366,service,2025-10-26T23:46:00Z,2025-10-27T00:09:00Z,1,9,4,schedule,I needed more than one contact.
R004728,C000488,onboarding,2025-10-27T01:17:00Z,2025-10-27T01:39:00Z,1,7,4,information,Everything worked as expected.
R004729,C001757,onboarding,2025-10-27T02:48:00Z,2025-10-27T05:32:00Z,1,10,4,access,The response was quick.
R004730,C000630,support,2025-10-27T04:19:00Z,2025-10-27T06:01:00Z,1,8,5,resolution,I needed more than one contact.
R004731,C002320,renewal,2025-10-27T05:50:00Z,2025-10-27T08:21:00Z,1,5,2,relationship,Everything worked as expected.
R004732,C001344,onboarding,2025-10-27T07:21:00Z,2025-10-27T07:28:00Z,1,8,4,access,The information could be clearer.
R004733,C001850,service,2025-10-27T08:52:00Z,2025-10-27T11:34:00Z,1,7,5,schedule,The response was quick.
R004734,C000873,support,2025-10-27T10:23:00Z,2025-10-27T11:34:00Z,1,6,3,resolution,The response was quick.
R004735,C001479,service,2025-10-27T11:54:00Z,2025-10-27T14:26:00Z,1,8,3,experience,The waiting time affected the experience.
R004736,C000563,service,2025-10-27T13:25:00Z,2025-10-27T16:22:00Z,1,5,3,schedule,The information could be clearer.
R004737,C002211,support,2025-10-27T14:56:00Z,2025-10-27T16:18:00Z,1,8,3,resolution,The waiting time affected the experience.
R004738,C002052,service,2025-10-27T16:27:00Z,2025-10-27T17:53:00Z,1,7,5,schedule,The information could be clearer.
R004739,C001723,service,2025-10-27T17:58:00Z,2025-10-27T20:27:00Z,1,8,2,schedule,Everything worked as expected.
R004740,C000702,renewal,2025-10-27T19:29:00Z,2025-10-27T21:42:00Z,1,5,5,relationship,The waiting time affected the experience.
R004741,C002380,support,2025-10-27T21:00:00Z,2025-10-27T21:06:00Z,1,6,5,resolution,The information could be clearer.
R004742,C001089,service,2025-10-27T22:31:00Z,2025-10-28T01:30:00Z,1,6,4,experience,Everything worked as expected.
R004743,C000244,renewal,2025-10-28T00:02:00Z,2025-11-11T00:25:00Z,2,8,5,value,Everything worked as expected.
R004744,C001139,service,2025-10-28T01:33:00Z,2025-10-28T03:50:00Z,1,6,5,experience,I needed more than one contact.
R004745,C000573,onboarding,2025-10-28T03:04:00Z,2025-10-28T05:35:00Z,1,10,5,information,The response was quick.
R004746,C001613,renewal,2025-10-28T04:35:00Z,2025-10-28T06:54:00Z,1,7,4,value,I needed more than one contact.
R004747,C000598,onboarding,2025-10-28T06:06:00Z,2025-10-28T08:23:00Z,1,7,2,access,The information could be clearer.
R004748,C000641,onboarding,2025-10-28T07:37:00Z,2025-10-28T07:46:00Z,1,8,5,access,The information could be clearer.
R004749,C001045,service,2025-10-28T09:08:00Z,2025-10-28T11:00:00Z,1,7,2,schedule,The waiting time affected the experience.
R004750,C000965,onboarding,2025-10-28T10:39:00Z,2025-10-28T10:50:00Z,1,10,5,information,The information could be clearer.
R004751,C002059,support,2025-10-28T12:10:00Z,2025-10-28T14:55:00Z,1,9,4,communication,Everything worked as expected.
R004752,C001700,support,2025-10-28T13:41:00Z,2025-10-28T14:02:00Z,1,8,3,resolution,The response was quick.
R004753,C002023,support,2025-10-28T15:12:00Z,2025-10-28T17:56:00Z,1,6,4,communication,The response was quick.
R004754,C000199,onboarding,2025-10-28T16:43:00Z,2025-10-28T17:05:00Z,1,8,3,access,The waiting time affected the experience.
R004755,C001961,support,2025-10-28T18:14:00Z,2025-10-28T20:43:00Z,1,7,3,communication,I needed more than one contact.
R004756,C000006,service,2025-10-28T19:45:00Z,2025-10-28T22:03:00Z,1,8,5,experience,The waiting time affected the experience.
R004757,C002164,support,2025-10-28T21:16:00Z,2025-10-28T22:13:00Z,1,6,3,communication,I needed more than one contact.
R004758,C001832,onboarding,2025-10-28T22:47:00Z,2025-10-29T00:24:00Z,1,8,4,information,Everything worked as expected.
R004759,C001968,support,2025-10-29T00:18:00Z,2025-10-29T01:36:00Z,1,6,4,resolution,Everything worked as expected.
R004760,C001619,service,2025-10-29T01:49:00Z,2025-11-12T02:29:00Z,2,8,2,experience,The information could be clearer.
R004761,C002378,service,2025-10-29T03:20:00Z,2025-10-29T03:27:00Z,1,10,4,experience,The information could be clearer.
R004762,C001696,service,2025-10-29T04:51:00Z,2025-10-29T05:15:00Z,1,10,3,experience,The response was quick.
R004763,C000497,support,2025-10-29T06:22:00Z,2025-10-29T08:42:00Z,1,7,3,resolution,The information could be clearer.
R004764,C002265,renewal,2025-10-29T07:53:00Z,2025-10-29T09:36:00Z,1,7,3,value,Everything worked as expected.
R004765,C000632,onboarding,2025-10-29T09:24:00Z,2025-10-29T10:46:00Z,1,6,5,access,Everything worked as expected.
R004766,C001808,renewal,2025-10-29T10:55:00Z,2025-10-29T12:08:00Z,1,9,2,value,Everything worked as expected.
R004767,C001361,support,2025-10-29T12:26:00Z,2025-10-29T14:27:00Z,1,8,3,communication,The waiting time affected the experience.
R004768,C000007,support,2025-10-29T13:57:00Z,2025-10-29T14:46:00Z,1,9,5,communication,Everything worked as expected.
R004769,C000095,service,2025-10-29T15:28:00Z,2025-10-29T17:57:00Z,1,7,4,experience,The waiting time affected the experience.
R004770,C000895,support,2025-10-29T16:59:00Z,2025-10-29T17:45:00Z,1,9,3,communication,The information could be clearer.
R004771,C001521,renewal,2025-10-29T18:30:00Z,2025-10-29T20:04:00Z,1,9,3,relationship,I needed more than one contact.
R004772,C001825,support,2025-10-29T20:01:00Z,2025-10-29T22:31:00Z,1,6,5,communication,The information could be clearer.
R004773,C000979,service,2025-10-29T21:32:00Z,2025-10-30T00:29:00Z,1,6,5,schedule,The information could be clearer.
R004774,C000293,support,2025-10-29T23:03:00Z,2025-10-30T00:46:00Z,1,5,4,resolution,The response was quick.
R004775,C000613,service,2025-10-30T00:34:00Z,2025-10-30T01:40:00Z,1,6,4,experience,The information could be clearer.
R004776,C002114,onboarding,2025-10-30T02:05:00Z,2025-10-30T04:31:00Z,1,8,5,access,The response was quick.
R004777,C001789,onboarding,2025-10-30T03:36:00Z,2025-11-13T04:33:00Z,2,7,5,access,Everything worked as expected.
R004778,C000445,support,2025-10-30T05:07:00Z,2025-10-30T06:52:00Z,1,6,2,communication,Everything worked as expected.
R004779,C001852,service,2025-10-30T06:38:00Z,2025-10-30T08:06:00Z,1,9,4,experience,Everything worked as expected.
R004780,C001977,service,2025-10-30T08:09:00Z,2025-10-30T10:49:00Z,1,3,5,experience,The response was quick.
R004781,C001220,renewal,2025-10-30T09:40:00Z,2025-10-30T12:29:00Z,1,5,4,value,The information could be clearer.
R004782,C000616,service,2025-10-30T11:11:00Z,2025-10-30T12:43:00Z,1,7,5,schedule,The response was quick.
R004783,C001184,support,2025-10-30T12:42:00Z,2025-10-30T13:36:00Z,1,5,2,resolution,The waiting time affected the experience.
R004784,C000692,service,2025-10-30T14:13:00Z,2025-10-30T16:12:00Z,1,8,4,schedule,The response was quick.
R004785,C001961,service,2025-10-30T15:44:00Z,2025-10-30T18:27:00Z,1,8,4,experience,The information could be clearer.
R004786,C001732,service,2025-10-30T17:15:00Z,2025-10-30T17:33:00Z,1,9,4,experience,The response was quick.
R004787,C002297,onboarding,2025-10-30T18:46:00Z,2025-10-30T18:59:00Z,1,10,4,access,Everything worked as expected.
R004788,C000572,support,2025-10-30T20:17:00Z,2025-10-30T20:32:00Z,1,5,3,communication,The waiting time affected the experience.
R004789,C002031,onboarding,2025-10-30T21:48:00Z,2025-10-30T21:59:00Z,1,8,4,information,The waiting time affected the experience.
R004790,C000011,service,2025-10-30T23:19:00Z,2025-10-30T23:30:00Z,1,8,3,experience,The waiting time affected the experience.
R004791,C001103,support,2025-10-31T00:50:00Z,2025-10-31T01:00:00Z,1,4,3,communication,The information could be clearer.
R004792,C001832,support,2025-10-31T02:21:00Z,2025-10-31T02:48:00Z,1,5,3,communication,I needed more than one contact.
R004793,C001882,support,2025-10-31T03:52:00Z,2025-10-31T05:02:00Z,1,7,3,resolution,Everything worked as expected.
R004794,C000037,onboarding,2025-10-31T05:23:00Z,2025-11-14T05:38:00Z,2,8,5,information,The response was quick.
R004795,C002154,renewal,2025-10-31T06:54:00Z,2025-10-31T08:05:00Z,1,6,4,relationship,The response was quick.
R004796,C002342,support,2025-10-31T08:25:00Z,2025-10-31T09:26:00Z,1,9,4,resolution,I needed more than one contact.
R004797,C001383,renewal,2025-10-31T09:56:00Z,2025-10-31T12:00:00Z,1,9,3,value,Everything worked as expected.
R004798,C000276,renewal,2025-10-31T11:27:00Z,2025-10-31T12:59:00Z,1,5,3,value,The information could be clearer.
R004799,C001733,service,2025-10-31T12:58:00Z,2025-10-31T13:53:00Z,1,5,4,experience,I needed more than one contact.
R004800,C002092,support,2025-10-31T14:29:00Z,2025-10-31T14:53:00Z,1,6,4,resolution,I needed more than one contact.
R004801,C000255,support,2025-10-31T16:00:00Z,2025-10-31T17:02:00Z,1,7,3,communication,The information could be clearer.
R004802,C000604,support,2025-10-31T17:31:00Z,2025-10-31T18:51:00Z,1,5,3,resolution,Everything worked as expected.
R004803,C002255,renewal,2025-10-31T19:02:00Z,2025-10-31T20:31:00Z,1,10,4,value,The waiting time affected the experience.
R004804,C000521,service,2025-10-31T20:33:00Z,2025-10-31T21:18:00Z,1,8,4,experience,The response was quick.
R004805,C001202,support,2025-10-31T22:04:00Z,2025-10-31T23:24:00Z,1,7,4,resolution,The information could be clearer.
R004806,C001249,renewal,2025-10-31T23:35:00Z,2025-11-01T00:06:00Z,1,6,4,value,The information could be clearer.
R004807,C001244,support,2025-11-01T01:06:00Z,2025-11-01T03:40:00Z,1,4,4,resolution,I needed more than one contact.
R004808,C001969,support,2025-11-01T02:37:00Z,2025-11-01T03:33:00Z,1,4,4,communication,The response was quick.
R004809,C000488,renewal,2025-11-01T04:08:00Z,2025-11-01T05:58:00Z,1,6,3,value,The waiting time affected the experience.
R004810,C002264,onboarding,2025-11-01T05:39:00Z,2025-11-01T05:46:00Z,1,10,4,access,I needed more than one contact.
R004811,C002058,renewal,2025-11-01T07:10:00Z,2025-11-15T07:42:00Z,2,4,3,relationship,The response was quick.
R004812,C001703,support,2025-11-01T08:41:00Z,2025-11-01T10:28:00Z,1,5,4,resolution,The waiting time affected the experience.
R004813,C001743,service,2025-11-01T10:12:00Z,2025-11-01T11:07:00Z,1,7,3,experience,Everything worked as expected.
R004814,C000723,support,2025-11-01T11:43:00Z,2025-11-01T14:24:00Z,1,5,4,communication,I needed more than one contact.
R004815,C002300,onboarding,2025-11-01T13:14:00Z,2025-11-01T15:08:00Z,1,8,4,access,The response was quick.
R004816,C000171,service,2025-11-01T14:45:00Z,2025-11-01T17:36:00Z,1,10,4,schedule,I needed more than one contact.
R004817,C002099,service,2025-11-01T16:16:00Z,2025-11-01T19:07:00Z,1,7,3,schedule,Everything worked as expected.
R004818,C001189,support,2025-11-01T17:47:00Z,2025-11-01T18:53:00Z,1,8,3,communication,The waiting time affected the experience.
R004819,C000691,support,2025-11-01T19:18:00Z,2025-11-01T21:37:00Z,1,5,3,communication,I needed more than one contact.
R004820,C001696,service,2025-11-01T20:49:00Z,2025-11-01T22:00:00Z,1,10,3,experience,Everything worked as expected.
R004821,C000907,support,2025-11-01T22:20:00Z,2025-11-01T23:44:00Z,1,6,2,resolution,The information could be clearer.
R004822,C001510,service,2025-11-01T23:51:00Z,2025-11-02T00:19:00Z,1,7,4,experience,The information could be clearer.
R004823,C002207,support,2025-11-02T01:22:00Z,2025-11-02T03:52:00Z,1,9,3,communication,The response was quick.
R004824,C002279,support,2025-11-02T02:53:00Z,2025-11-02T05:36:00Z,1,5,4,communication,The information could be clearer.
R004825,C000051,support,2025-11-02T04:24:00Z,2025-11-02T05:21:00Z,1,7,4,resolution,Everything worked as expected.
R004826,C001910,service,2025-11-02T05:55:00Z,2025-11-02T06:55:00Z,1,8,3,experience,I needed more than one contact.
R004827,C000680,service,2025-11-02T07:26:00Z,2025-11-02T09:59:00Z,1,8,4,experience,Everything worked as expected.
R004828,C000686,renewal,2025-11-02T08:57:00Z,2025-11-16T09:46:00Z,2,6,4,value,Everything worked as expected.
R004829,C000813,onboarding,2025-11-02T10:28:00Z,2025-11-02T11:48:00Z,1,8,3,information,Everything worked as expected.
R004830,C000317,renewal,2025-11-02T11:59:00Z,2025-11-02T12:10:00Z,1,7,4,value,The waiting time affected the experience.
R004831,C002330,support,2025-11-02T13:30:00Z,2025-11-02T16:24:00Z,1,8,4,resolution,The response was quick.
R004832,C001679,onboarding,2025-11-02T15:01:00Z,2025-11-02T15:32:00Z,1,6,3,access,The response was quick.
R004833,C000974,service,2025-11-02T16:32:00Z,2025-11-02T18:33:00Z,1,6,3,experience,The information could be clearer.
R004834,C000267,support,2025-11-02T18:03:00Z,2025-11-02T21:00:00Z,1,8,3,communication,I needed more than one contact.
R004835,C002310,support,2025-11-02T19:34:00Z,2025-11-02T20:30:00Z,1,10,5,communication,The response was quick.
R004836,C001748,service,2025-11-02T21:05:00Z,2025-11-02T23:47:00Z,1,9,5,schedule,The information could be clearer.
R004837,C001338,renewal,2025-11-02T22:36:00Z,2025-11-02T22:49:00Z,1,9,4,value,The waiting time affected the experience.
R004838,C002079,renewal,2025-11-03T00:07:00Z,2025-11-03T01:30:00Z,1,7,4,relationship,The waiting time affected the experience.
R004839,C000550,support,2025-11-03T01:38:00Z,2025-11-03T03:33:00Z,1,3,3,resolution,The waiting time affected the experience.
R004840,C000536,renewal,2025-11-03T03:09:00Z,2025-11-03T05:31:00Z,1,8,4,value,The response was quick.
R004841,C001529,onboarding,2025-11-03T04:40:00Z,2025-11-03T04:45:00Z,1,10,5,access,The response was quick.
R004842,C002320,onboarding,2025-11-03T06:11:00Z,2025-11-03T06:59:00Z,1,7,5,information,The waiting time affected the experience.
R004843,C000925,renewal,2025-11-03T07:42:00Z,2025-11-03T09:14:00Z,1,7,4,value,Everything worked as expected.
R004844,C001429,support,2025-11-03T09:13:00Z,2025-11-03T11:30:00Z,1,5,4,resolution,The waiting time affected the experience.
R004845,C000462,support,2025-11-03T10:44:00Z,2025-11-17T10:51:00Z,2,7,4,resolution,Everything worked as expected.
R004846,C001497,service,2025-11-03T12:15:00Z,2025-11-03T14:14:00Z,1,8,5,schedule,Everything worked as expected.
R004847,C000232,renewal,2025-11-03T13:46:00Z,2025-11-03T15:54:00Z,1,7,4,value,I needed more than one contact.
R004848,C000829,service,2025-11-03T15:17:00Z,2025-11-03T17:19:00Z,1,8,4,schedule,Everything worked as expected.
R004849,C001326,support,2025-11-03T16:48:00Z,2025-11-03T18:16:00Z,1,5,5,resolution,The response was quick.
R004850,C001494,service,2025-11-03T18:19:00Z,2025-11-03T20:53:00Z,1,6,4,experience,The waiting time affected the experience.
R004851,C000341,support,2025-11-03T19:50:00Z,2025-11-03T20:13:00Z,1,8,4,communication,I needed more than one contact.
R004852,C000562,support,2025-11-03T21:21:00Z,2025-11-03T21:56:00Z,1,7,5,resolution,Everything worked as expected.
R004853,C001872,support,2025-11-03T22:52:00Z,2025-11-04T01:05:00Z,1,8,4,communication,The response was quick.
R004854,C000312,service,2025-11-04T00:23:00Z,2025-11-04T01:00:00Z,1,9,4,experience,The response was quick.
R004855,C002058,service,2025-11-04T01:54:00Z,2025-11-04T02:44:00Z,1,6,4,schedule,The information could be clearer.
R004856,C001513,renewal,2025-11-04T03:25:00Z,2025-11-04T05:47:00Z,1,9,4,relationship,The waiting time affected the experience.
R004857,C001759,service,2025-11-04T04:56:00Z,2025-11-04T07:23:00Z,1,8,4,schedule,The waiting time affected the experience.
R004858,C001963,onboarding,2025-11-04T06:27:00Z,2025-11-04T08:37:00Z,1,10,4,access,I needed more than one contact.
R004859,C002190,service,2025-11-04T07:58:00Z,2025-11-04T09:31:00Z,1,6,5,schedule,Everything worked as expected.
R004860,C001299,support,2025-11-04T09:29:00Z,2025-11-04T12:25:00Z,1,9,4,resolution,I needed more than one contact.
R004861,C001118,support,2025-11-04T11:00:00Z,2025-11-04T11:41:00Z,1,8,2,communication,The information could be clearer.
R004862,C000605,support,2025-11-04T12:31:00Z,2025-11-18T12:55:00Z,2,8,4,communication,I needed more than one contact.
R004863,C001783,renewal,2025-11-04T14:02:00Z,2025-11-04T14:51:00Z,1,6,4,value,I needed more than one contact.
R004864,C000799,renewal,2025-11-04T15:33:00Z,2025-11-04T17:59:00Z,1,5,4,relationship,The waiting time affected the experience.
R004865,C000754,support,2025-11-04T17:04:00Z,2025-11-04T18:55:00Z,1,7,4,communication,The response was quick.
R004866,C000751,support,2025-11-04T18:35:00Z,2025-11-04T20:20:00Z,1,8,4,communication,Everything worked as expected.
R004867,C002203,support,2025-11-04T20:06:00Z,2025-11-04T21:48:00Z,1,7,3,resolution,I needed more than one contact.
R004868,C002231,service,2025-11-04T21:37:00Z,2025-11-04T23:54:00Z,1,4,4,experience,The waiting time affected the experience.
R004869,C000670,service,2025-11-04T23:08:00Z,2025-11-05T00:26:00Z,1,8,3,schedule,The response was quick.
R004870,C001104,renewal,2025-11-05T00:39:00Z,2025-11-05T02:53:00Z,1,7,5,relationship,The waiting time affected the experience.
R004871,C000364,renewal,2025-11-05T02:10:00Z,2025-11-05T04:29:00Z,1,8,3,value,Everything worked as expected.
R004872,C001024,onboarding,2025-11-05T03:41:00Z,2025-11-05T04:32:00Z,1,7,5,information,The response was quick.
R004873,C001396,service,2025-11-05T05:12:00Z,2025-11-05T07:03:00Z,1,7,5,schedule,Everything worked as expected.
R004874,C000649,renewal,2025-11-05T06:43:00Z,2025-11-05T07:36:00Z,1,9,3,relationship,The waiting time affected the experience.
R004875,C001917,support,2025-11-05T08:14:00Z,2025-11-05T08:34:00Z,1,2,5,resolution,Everything worked as expected.
R004876,C001631,service,2025-11-05T09:45:00Z,2025-11-05T12:15:00Z,1,5,4,schedule,I needed more than one contact.
R004877,C000021,support,2025-11-05T11:16:00Z,2025-11-05T13:48:00Z,1,6,2,resolution,The response was quick.
R004878,C001793,renewal,2025-11-05T12:47:00Z,2025-11-05T14:07:00Z,1,10,4,relationship,I needed more than one contact.
R004879,C000477,support,2025-11-05T14:18:00Z,2025-11-19T14:59:00Z,2,8,2,communication,I needed more than one contact.
R004880,C000030,support,2025-11-05T15:49:00Z,2025-11-05T17:16:00Z,1,8,2,communication,The waiting time affected the experience.
R004881,C000154,renewal,2025-11-05T17:20:00Z,2025-11-05T19:26:00Z,1,8,3,relationship,The information could be clearer.
R004882,C000574,support,2025-11-05T18:51:00Z,2025-11-05T19:50:00Z,1,5,3,communication,I needed more than one contact.
R004883,C000606,service,2025-11-05T20:22:00Z,2025-11-05T22:16:00Z,1,7,4,schedule,The information could be clearer.
R004884,C001200,renewal,2025-11-05T21:53:00Z,2025-11-05T22:02:00Z,1,8,4,relationship,The waiting time affected the experience.
R004885,C000826,onboarding,2025-11-05T23:24:00Z,2025-11-06T00:21:00Z,1,10,4,information,The response was quick.
R004886,C001331,support,2025-11-06T00:55:00Z,2025-11-06T03:39:00Z,1,6,2,communication,I needed more than one contact.
R004887,C001204,support,2025-11-06T02:26:00Z,2025-11-06T04:52:00Z,1,5,4,resolution,I needed more than one contact.
R004888,C002384,service,2025-11-06T03:57:00Z,2025-11-06T04:35:00Z,1,6,4,schedule,The response was quick.
R004889,C000570,service,2025-11-06T05:28:00Z,2025-11-06T06:35:00Z,1,9,3,schedule,The response was quick.
R004890,C001015,onboarding,2025-11-06T06:59:00Z,2025-11-06T07:46:00Z,1,9,4,access,The response was quick.
R004891,C000277,renewal,2025-11-06T08:30:00Z,2025-11-06T10:06:00Z,1,8,3,value,The waiting time affected the experience.
R004892,C000852,renewal,2025-11-06T10:01:00Z,2025-11-06T12:45:00Z,1,7,4,value,Everything worked as expected.
R004893,C001519,service,2025-11-06T11:32:00Z,2025-11-06T12:37:00Z,1,10,3,schedule,Everything worked as expected.
R004894,C001212,service,2025-11-06T13:03:00Z,2025-11-06T15:59:00Z,1,9,4,experience,The information could be clearer.
R004895,C001447,renewal,2025-11-06T14:34:00Z,2025-11-06T17:19:00Z,1,7,3,relationship,The information could be clearer.
R004896,C001806,support,2025-11-06T16:05:00Z,2025-11-20T17:03:00Z,2,8,2,resolution,I needed more than one contact.
R004897,C000534,service,2025-11-06T17:36:00Z,2025-11-06T20:07:00Z,1,9,5,schedule,Everything worked as expected.
R004898,C000765,service,2025-11-06T19:07:00Z,2025-11-06T20:40:00Z,1,8,4,schedule,Everything worked as expected.
R004899,C000909,renewal,2025-11-06T20:38:00Z,2025-11-06T21:20:00Z,1,8,4,relationship,The waiting time affected the experience.
R004900,C000685,renewal,2025-11-06T22:09:00Z,2025-11-07T00:01:00Z,1,10,4,value,Everything worked as expected.
R004901,C000197,support,2025-11-06T23:40:00Z,2025-11-07T02:35:00Z,1,6,2,communication,Everything worked as expected.
R004902,C001800,support,2025-11-07T01:11:00Z,2025-11-07T03:12:00Z,1,6,3,communication,Everything worked as expected.
R004903,C002355,service,2025-11-07T02:42:00Z,2025-11-07T03:56:00Z,1,9,5,schedule,The response was quick.
R004904,C002141,support,2025-11-07T04:13:00Z,2025-11-07T06:53:00Z,1,8,3,communication,The waiting time affected the experience.
R004905,C002078,support,2025-11-07T05:44:00Z,2025-11-07T07:11:00Z,1,7,4,communication,The information could be clearer.
R004906,C002381,service,2025-11-07T07:15:00Z,2025-11-07T07:33:00Z,1,7,5,schedule,The information could be clearer.
R004907,C000500,renewal,2025-11-07T08:46:00Z,2025-11-07T10:23:00Z,1,2,4,value,The response was quick.
R004908,C001971,service,2025-11-07T10:17:00Z,2025-11-07T11:15:00Z,1,9,3,schedule,The response was quick.
R004909,C002046,service,2025-11-07T11:48:00Z,2025-11-07T12:52:00Z,1,5,2,experience,The information could be clearer.
R004910,C001651,service,2025-11-07T13:19:00Z,2025-11-07T15:12:00Z,1,10,4,schedule,The response was quick.
R004911,C002277,renewal,2025-11-07T14:50:00Z,2025-11-07T16:23:00Z,1,9,4,relationship,The waiting time affected the experience.
R004912,C002012,service,2025-11-07T16:21:00Z,2025-11-07T18:33:00Z,1,7,4,experience,The waiting time affected the experience.
R004913,C002028,service,2025-11-07T17:52:00Z,2025-11-21T18:08:00Z,2,7,5,experience,The response was quick.
R004914,C001727,renewal,2025-11-07T19:23:00Z,2025-11-07T20:19:00Z,1,10,3,value,Everything worked as expected.
R004915,C000015,support,2025-11-07T20:54:00Z,2025-11-07T22:03:00Z,1,7,2,resolution,The response was quick.
R004916,C001098,support,2025-11-07T22:25:00Z,2025-11-07T23:58:00Z,1,6,4,resolution,I needed more than one contact.
R004917,C001713,onboarding,2025-11-07T23:56:00Z,2025-11-08T00:03:00Z,1,10,5,access,The information could be clearer.
R004918,C001762,service,2025-11-08T01:27:00Z,2025-11-08T04:02:00Z,1,9,4,experience,I needed more than one contact.
R004919,C001014,support,2025-11-08T02:58:00Z,2025-11-08T05:40:00Z,1,8,3,communication,Everything worked as expected.
R004920,C002362,service,2025-11-08T04:29:00Z,2025-11-08T06:34:00Z,1,9,3,schedule,Everything worked as expected.
R004921,C000330,onboarding,2025-11-08T06:00:00Z,2025-11-08T06:49:00Z,1,8,4,access,The waiting time affected the experience.
R004922,C001465,service,2025-11-08T07:31:00Z,2025-11-08T07:45:00Z,1,9,3,schedule,The response was quick.
R004923,C001456,support,2025-11-08T09:02:00Z,2025-11-08T11:26:00Z,1,5,3,resolution,The information could be clearer.
R004924,C002304,service,2025-11-08T10:33:00Z,2025-11-08T13:17:00Z,1,6,4,schedule,The response was quick.
R004925,C000708,support,2025-11-08T12:04:00Z,2025-11-08T14:48:00Z,1,3,4,resolution,The information could be clearer.
R004926,C000572,service,2025-11-08T13:35:00Z,2025-11-08T16:04:00Z,1,6,3,experience,I needed more than one contact.
R004927,C001777,renewal,2025-11-08T15:06:00Z,2025-11-08T16:16:00Z,1,7,5,value,The response was quick.
R004928,C001227,service,2025-11-08T16:37:00Z,2025-11-08T17:20:00Z,1,8,4,experience,Everything worked as expected.
R004929,C002030,support,2025-11-08T18:08:00Z,2025-11-08T19:49:00Z,1,8,3,communication,I needed more than one contact.
R004930,C000285,support,2025-11-08T19:39:00Z,2025-11-22T20:12:00Z,2,5,3,communication,The waiting time affected the experience.
R004931,C000411,support,2025-11-08T21:10:00Z,2025-11-09T00:09:00Z,1,7,3,resolution,Everything worked as expected.
R004932,C000887,onboarding,2025-11-08T22:41:00Z,2025-11-08T23:26:00Z,1,10,4,access,The waiting time affected the experience.
R004933,C001460,renewal,2025-11-09T00:12:00Z,2025-11-09T02:33:00Z,1,3,3,value,Everything worked as expected.
R004934,C000830,support,2025-11-09T01:43:00Z,2025-11-09T03:13:00Z,1,9,4,communication,The waiting time affected the experience.
R004935,C002053,onboarding,2025-11-09T03:14:00Z,2025-11-09T04:27:00Z,1,7,5,information,The response was quick.
R004936,C001306,service,2025-11-09T04:45:00Z,2025-11-09T07:42:00Z,1,3,4,experience,Everything worked as expected.
R004937,C000742,onboarding,2025-11-09T06:16:00Z,2025-11-09T08:59:00Z,1,7,3,access,I needed more than one contact.
R004938,C002043,support,2025-11-09T07:47:00Z,2025-11-09T10:36:00Z,1,6,4,communication,The information could be clearer.
R004939,C002307,renewal,2025-11-09T09:18:00Z,2025-11-09T10:56:00Z,1,8,4,relationship,I needed more than one contact.
R004940,C000005,renewal,2025-11-09T10:49:00Z,2025-11-09T11:33:00Z,1,10,3,relationship,The information could be clearer.
R004941,C001619,support,2025-11-09T12:20:00Z,2025-11-09T14:32:00Z,1,7,2,resolution,The waiting time affected the experience.
R004942,C001835,onboarding,2025-11-09T13:51:00Z,2025-11-09T15:15:00Z,1,9,4,access,Everything worked as expected.
R004943,C001370,service,2025-11-09T15:22:00Z,2025-11-09T16:20:00Z,1,5,4,schedule,The waiting time affected the experience.
R004944,C001143,service,2025-11-09T16:53:00Z,2025-11-09T19:15:00Z,1,9,4,experience,Everything worked as expected.
R004945,C000004,service,2025-11-09T18:24:00Z,2025-11-09T20:15:00Z,1,6,5,schedule,Everything worked as expected.
R004946,C000519,support,2025-11-09T19:55:00Z,2025-11-09T21:54:00Z,1,6,3,communication,The response was quick.
R004947,C000126,service,2025-11-09T21:26:00Z,2025-11-23T22:16:00Z,2,6,5,experience,The response was quick.
R004948,C001254,renewal,2025-11-09T22:57:00Z,2025-11-09T23:14:00Z,1,6,4,relationship,The response was quick.
R004949,C000799,support,2025-11-10T00:28:00Z,2025-11-10T03:05:00Z,1,6,4,communication,Everything worked as expected.
R004950,C002275,onboarding,2025-11-10T01:59:00Z,2025-11-10T02:21:00Z,1,6,5,information,The waiting time affected the experience.
R004951,C001255,renewal,2025-11-10T03:30:00Z,2025-11-10T04:41:00Z,1,6,5,relationship,The information could be clearer.
R004952,C000782,renewal,2025-11-10T05:01:00Z,2025-11-10T07:51:00Z,1,5,4,relationship,Everything worked as expected.
R004953,C000826,service,2025-11-10T06:32:00Z,2025-11-10T07:20:00Z,1,10,5,experience,I needed more than one contact.
R004954,C000843,onboarding,2025-11-10T08:03:00Z,2025-11-10T08:58:00Z,1,8,5,information,Everything worked as expected.
R004955,C000271,service,2025-11-10T09:34:00Z,2025-11-10T09:44:00Z,1,7,4,experience,The information could be clearer.
R004956,C002214,support,2025-11-10T11:05:00Z,2025-11-10T13:58:00Z,1,8,4,resolution,The waiting time affected the experience.
R004957,C001758,service,2025-11-10T12:36:00Z,2025-11-10T13:19:00Z,1,6,3,schedule,The response was quick.
R004958,C000905,onboarding,2025-11-10T14:07:00Z,2025-11-10T14:40:00Z,1,6,4,access,The information could be clearer.
R004959,C001437,service,2025-11-10T15:38:00Z,2025-11-10T16:22:00Z,1,7,3,schedule,The information could be clearer.
R004960,C001159,support,2025-11-10T17:09:00Z,2025-11-10T18:58:00Z,1,5,3,resolution,The waiting time affected the experience.
R004961,C000955,onboarding,2025-11-10T18:40:00Z,2025-11-10T19:12:00Z,1,10,4,access,Everything worked as expected.
R004962,C000247,renewal,2025-11-10T20:11:00Z,2025-11-10T22:47:00Z,1,5,3,relationship,The waiting time affected the experience.
R004963,C000097,support,2025-11-10T21:42:00Z,2025-11-10T23:51:00Z,1,4,5,resolution,Everything worked as expected.
R004964,C000592,support,2025-11-10T23:13:00Z,2025-11-24T23:21:00Z,2,9,3,communication,Everything worked as expected.
R004965,C000327,service,2025-11-11T00:44:00Z,2025-11-11T01:28:00Z,1,6,5,schedule,I needed more than one contact.
R004966,C000509,service,2025-11-11T02:15:00Z,2025-11-11T04:08:00Z,1,8,4,experience,The information could be clearer.
R004967,C001701,support,2025-11-11T03:46:00Z,2025-11-11T04:03:00Z,1,9,5,communication,The waiting time affected the experience.
R004968,C001685,support,2025-11-11T05:17:00Z,2025-11-11T06:34:00Z,1,8,3,resolution,I needed more than one contact.
R004969,C002094,renewal,2025-11-11T06:48:00Z,2025-11-11T07:56:00Z,1,8,4,value,The waiting time affected the experience.
R004970,C001195,support,2025-11-11T08:19:00Z,2025-11-11T09:08:00Z,1,4,3,communication,The information could be clearer.
R004971,C001187,service,2025-11-11T09:50:00Z,2025-11-11T10:28:00Z,1,9,5,schedule,The information could be clearer.
R004972,C001032,onboarding,2025-11-11T11:21:00Z,2025-11-11T12:31:00Z,1,8,5,access,The waiting time affected the experience.
R004973,C000146,service,2025-11-11T12:52:00Z,2025-11-11T15:50:00Z,1,8,5,schedule,The waiting time affected the experience.
R004974,C000348,renewal,2025-11-11T14:23:00Z,2025-11-11T15:31:00Z,1,9,3,value,Everything worked as expected.
R004975,C000482,support,2025-11-11T15:54:00Z,2025-11-11T16:01:00Z,1,6,4,communication,Everything worked as expected.
R004976,C000572,renewal,2025-11-11T17:25:00Z,2025-11-11T18:37:00Z,1,4,3,relationship,Everything worked as expected.
R004977,C000068,onboarding,2025-11-11T18:56:00Z,2025-11-11T21:05:00Z,1,6,4,information,The information could be clearer.
R004978,C000324,renewal,2025-11-11T20:27:00Z,2025-11-11T21:20:00Z,1,10,5,relationship,The information could be clearer.
R004979,C002187,support,2025-11-11T21:58:00Z,2025-11-12T00:37:00Z,1,3,4,resolution,The waiting time affected the experience.
R004980,C000267,renewal,2025-11-11T23:29:00Z,2025-11-12T02:03:00Z,1,5,3,relationship,The waiting time affected the experience.
R004981,C002133,service,2025-11-12T01:00:00Z,2025-11-26T01:25:00Z,2,10,4,experience,The response was quick.
R004982,C001356,support,2025-11-12T02:31:00Z,2025-11-12T05:11:00Z,1,10,4,communication,The response was quick.
R004983,C001978,support,2025-11-12T04:02:00Z,2025-11-12T06:46:00Z,1,7,5,resolution,Everything worked as expected.
R004984,C002341,support,2025-11-12T05:33:00Z,2025-11-12T08:03:00Z,1,6,2,communication,I needed more than one contact.
R004985,C001378,service,2025-11-12T07:04:00Z,2025-11-12T09:36:00Z,1,5,5,schedule,The information could be clearer.
R004986,C002218,onboarding,2025-11-12T08:35:00Z,2025-11-12T09:51:00Z,1,8,5,access,The response was quick.
R004987,C000989,support,2025-11-12T10:06:00Z,2025-11-12T13:05:00Z,1,10,3,communication,The response was quick.
R004988,C001767,support,2025-11-12T11:37:00Z,2025-11-12T12:38:00Z,1,8,3,resolution,Everything worked as expected.
R004989,C001945,onboarding,2025-11-12T13:08:00Z,2025-11-12T13:27:00Z,1,9,4,access,The information could be clearer.
R004990,C002096,support,2025-11-12T14:39:00Z,2025-11-12T16:17:00Z,1,6,2,communication,I needed more than one contact.
R004991,C001711,support,2025-11-12T16:10:00Z,2025-11-12T17:45:00Z,1,4,2,resolution,Everything worked as expected.
R004992,C001282,onboarding,2025-11-12T17:41:00Z,2025-11-12T19:16:00Z,1,8,5,access,The response was quick.
R004993,C000413,renewal,2025-11-12T19:12:00Z,2025-11-12T21:51:00Z,1,6,4,relationship,The response was quick.
R004994,C000053,support,2025-11-12T20:43:00Z,2025-11-12T22:46:00Z,1,7,4,resolution,I needed more than one contact.
R004995,C000412,support,2025-11-12T22:14:00Z,2025-11-12T22:46:00Z,1,5,2,resolution,The waiting time affected the experience.
R004996,C001650,service,2025-11-12T23:45:00Z,2025-11-13T01:20:00Z,1,8,5,experience,The information could be clearer.
R004997,C000835,support,2025-11-13T01:16:00Z,2025-11-13T03:16:00Z,1,4,3,communication,The waiting time affected the experience.
R004998,C001910,onboarding,2025-11-13T02:47:00Z,2025-11-27T03:29:00Z,2,8,5,access,Everything worked as expected.
R004999,C002214,onboarding,2025-11-13T04:18:00Z,2025-11-13T05:12:00Z,1,8,5,information,The information could be clearer.
R005000,C000164,service,2025-11-13T05:49:00Z,2025-11-13T08:09:00Z,1,7,4,schedule,I needed more than one contact.
R005001,C002091,onboarding,2025-11-13T07:20:00Z,2025-11-13T09:12:00Z,1,8,4,access,The information could be clearer.
R005002,C001977,support,2025-11-13T08:51:00Z,2025-11-13T09:06:00Z,1,3,2,resolution,The information could be clearer.
R005003,C000934,service,2025-11-13T10:22:00Z,2025-11-13T12:09:00Z,1,8,4,schedule,Everything worked as expected.
R005004,C000338,service,2025-11-13T11:53:00Z,2025-11-13T14:18:00Z,1,9,3,experience,The response was quick.
R005005,C002308,support,2025-11-13T13:24:00Z,2025-11-13T13:33:00Z,1,7,5,resolution,I needed more than one contact.
R005006,C001925,support,2025-11-13T14:55:00Z,2025-11-13T16:52:00Z,1,5,3,communication,The waiting time affected the experience.
R005007,C000474,onboarding,2025-11-13T16:26:00Z,2025-11-13T17:51:00Z,1,9,5,information,Everything worked as expected.
R005008,C000221,service,2025-11-13T17:57:00Z,2025-11-13T18:04:00Z,1,8,5,experience,The response was quick.
R005009,C000095,support,2025-11-13T19:28:00Z,2025-11-13T20:48:00Z,1,5,4,communication,The response was quick.
R005010,C000066,service,2025-11-13T20:59:00Z,2025-11-13T21:11:00Z,1,10,3,schedule,The waiting time affected the experience.
R005011,C001279,service,2025-11-13T22:30:00Z,2025-11-14T01:30:00Z,1,6,3,schedule,I needed more than one contact.
R005012,C001193,renewal,2025-11-14T00:01:00Z,2025-11-14T02:15:00Z,1,7,3,relationship,The information could be clearer.
R005013,C000552,renewal,2025-11-14T01:32:00Z,2025-11-14T04:03:00Z,1,9,4,relationship,The response was quick.
R005014,C001484,service,2025-11-14T03:03:00Z,2025-11-14T04:49:00Z,1,8,4,schedule,The response was quick.
R005015,C000686,renewal,2025-11-14T04:34:00Z,2025-11-28T04:34:00Z,2,7,3,relationship,The information could be clearer.
R005016,C001667,support,2025-11-14T06:05:00Z,2025-11-14T08:09:00Z,1,1,5,communication,The response was quick.
R005017,C001775,support,2025-11-14T07:36:00Z,2025-11-14T09:51:00Z,1,5,3,communication,Everything worked as expected.
R005018,C000759,support,2025-11-14T09:07:00Z,2025-11-14T11:57:00Z,1,3,4,resolution,Everything worked as expected.
R005019,C000944,service,2025-11-14T10:38:00Z,2025-11-14T12:33:00Z,1,3,4,schedule,The information could be clearer.
R005020,C002238,service,2025-11-14T12:09:00Z,2025-11-14T14:20:00Z,1,10,3,experience,The response was quick.
R005021,C000956,support,2025-11-14T13:40:00Z,2025-11-14T14:55:00Z,1,3,2,resolution,I needed more than one contact.
R005022,C002111,onboarding,2025-11-14T15:11:00Z,2025-11-14T15:34:00Z,1,7,5,information,The response was quick.
R005023,C001706,support,2025-11-14T16:42:00Z,2025-11-14T18:29:00Z,1,6,3,communication,I needed more than one contact.
R005024,C000250,onboarding,2025-11-14T18:13:00Z,2025-11-14T20:10:00Z,1,6,5,information,The information could be clearer.
R005025,C002164,renewal,2025-11-14T19:44:00Z,2025-11-14T21:26:00Z,1,6,5,value,Everything worked as expected.
R005026,C000472,renewal,2025-11-14T21:15:00Z,2025-11-14T23:50:00Z,1,8,4,value,Everything worked as expected.
R005027,C001399,support,2025-11-14T22:46:00Z,2025-11-15T00:45:00Z,1,6,2,resolution,I needed more than one contact.
R005028,C001542,service,2025-11-15T00:17:00Z,2025-11-15T02:55:00Z,1,8,3,experience,The waiting time affected the experience.
R005029,C001711,support,2025-11-15T01:48:00Z,2025-11-15T02:00:00Z,1,4,3,communication,Everything worked as expected.
R005030,C001820,support,2025-11-15T03:19:00Z,2025-11-15T04:56:00Z,1,5,3,resolution,I needed more than one contact.
R005031,C001249,onboarding,2025-11-15T04:50:00Z,2025-11-15T07:46:00Z,1,6,5,access,I needed more than one contact.
R005032,C001682,renewal,2025-11-15T06:21:00Z,2025-11-29T06:38:00Z,2,9,4,relationship,Everything worked as expected.
R005033,C001115,service,2025-11-15T07:52:00Z,2025-11-15T09:46:00Z,1,10,4,experience,The response was quick.
R005034,C000833,service,2025-11-15T09:23:00Z,2025-11-15T11:55:00Z,1,7,3,experience,The response was quick.
R005035,C000767,service,2025-11-15T10:54:00Z,2025-11-15T11:34:00Z,1,7,4,schedule,Everything worked as expected.
R005036,C001472,onboarding,2025-11-15T12:25:00Z,2025-11-15T14:48:00Z,1,10,5,access,The waiting time affected the experience.
R005037,C001609,service,2025-11-15T13:56:00Z,2025-11-15T15:56:00Z,1,10,4,schedule,I needed more than one contact.
R005038,C001569,support,2025-11-15T15:27:00Z,2025-11-15T15:42:00Z,1,7,2,resolution,Everything worked as expected.
R005039,C000146,support,2025-11-15T16:58:00Z,2025-11-15T19:26:00Z,1,5,5,communication,The information could be clearer.
R005040,C001061,support,2025-11-15T18:29:00Z,2025-11-15T20:38:00Z,1,4,3,resolution,The waiting time affected the experience.
R005041,C002208,support,2025-11-15T20:00:00Z,2025-11-15T22:42:00Z,1,7,2,resolution,Everything worked as expected.
R005042,C000796,service,2025-11-15T21:31:00Z,2025-11-15T23:32:00Z,1,7,4,schedule,The response was quick.
R005043,C001808,support,2025-11-15T23:02:00Z,2025-11-15T23:30:00Z,1,8,4,resolution,The waiting time affected the experience.
R005044,C001874,onboarding,2025-11-16T00:33:00Z,2025-11-16T03:32:00Z,1,10,3,access,The information could be clearer.
R005045,C000919,support,2025-11-16T02:04:00Z,2025-11-16T04:41:00Z,1,3,3,resolution,The response was quick.
R005046,C001837,support,2025-11-16T03:35:00Z,2025-11-16T05:57:00Z,1,6,3,communication,Everything worked as expected.
R005047,C000295,support,2025-11-16T05:06:00Z,2025-11-16T05:57:00Z,1,7,3,communication,I needed more than one contact.
R005048,C001895,service,2025-11-16T06:37:00Z,2025-11-16T09:19:00Z,1,7,5,schedule,The waiting time affected the experience.
R005049,C000001,support,2025-11-16T08:08:00Z,2025-11-30T08:42:00Z,2,3,4,resolution,The response was quick.
R005050,C000543,service,2025-11-16T09:39:00Z,2025-11-16T10:02:00Z,1,5,4,schedule,I needed more than one contact.
R005051,C000732,support,2025-11-16T11:10:00Z,2025-11-16T12:40:00Z,1,4,4,resolution,I needed more than one contact.
R005052,C001061,support,2025-11-16T12:41:00Z,2025-11-16T13:45:00Z,1,7,4,resolution,The response was quick.
R005053,C000902,onboarding,2025-11-16T14:12:00Z,2025-11-16T16:03:00Z,1,6,3,information,The waiting time affected the experience.
R005054,C000898,onboarding,2025-11-16T15:43:00Z,2025-11-16T15:56:00Z,1,9,5,information,I needed more than one contact.
R005055,C001287,onboarding,2025-11-16T17:14:00Z,2025-11-16T17:43:00Z,1,9,4,information,The waiting time affected the experience.
R005056,C002318,support,2025-11-16T18:45:00Z,2025-11-16T20:59:00Z,1,6,2,communication,The information could be clearer.
R005057,C002304,renewal,2025-11-16T20:16:00Z,2025-11-16T21:28:00Z,1,5,5,relationship,I needed more than one contact.
R005058,C001857,service,2025-11-16T21:47:00Z,2025-11-16T22:16:00Z,1,7,3,schedule,I needed more than one contact.
R005059,C000278,onboarding,2025-11-16T23:18:00Z,2025-11-17T00:54:00Z,1,6,5,information,I needed more than one contact.
R005060,C002036,service,2025-11-17T00:49:00Z,2025-11-17T01:11:00Z,1,7,4,schedule,The waiting time affected the experience.
R005061,C002027,support,2025-11-17T02:20:00Z,2025-11-17T04:04:00Z,1,7,3,communication,The information could be clearer.
R005062,C000224,service,2025-11-17T03:51:00Z,2025-11-17T05:59:00Z,1,8,4,experience,The response was quick.
R005063,C001918,renewal,2025-11-17T05:22:00Z,2025-11-17T05:53:00Z,1,7,4,value,I needed more than one contact.
R005064,C001460,onboarding,2025-11-17T06:53:00Z,2025-11-17T08:12:00Z,1,9,5,access,The information could be clearer.
R005065,C001668,service,2025-11-17T08:24:00Z,2025-11-17T11:10:00Z,1,8,3,experience,The information could be clearer.
R005066,C001868,service,2025-11-17T09:55:00Z,2025-12-01T10:46:00Z,2,9,4,experience,The waiting time affected the experience.
R005067,C001053,service,2025-11-17T11:26:00Z,2025-11-17T13:03:00Z,1,8,3,experience,The information could be clearer.
R005068,C001024,service,2025-11-17T12:57:00Z,2025-11-17T13:19:00Z,1,9,3,experience,The response was quick.
R005069,C000686,service,2025-11-17T14:28:00Z,2025-11-17T16:03:00Z,1,9,3,schedule,The response was quick.
R005070,C000471,service,2025-11-17T15:59:00Z,2025-11-17T17:36:00Z,1,7,5,schedule,The waiting time affected the experience.
R005071,C000593,service,2025-11-17T17:30:00Z,2025-11-17T19:05:00Z,1,8,3,schedule,The waiting time affected the experience.
R005072,C000046,support,2025-11-17T19:01:00Z,2025-11-17T19:23:00Z,1,8,4,resolution,The waiting time affected the experience.
R005073,C000105,service,2025-11-17T20:32:00Z,2025-11-17T23:32:00Z,1,10,3,schedule,The information could be clearer.
R005074,C001943,renewal,2025-11-17T22:03:00Z,2025-11-17T22:42:00Z,1,7,3,value,The waiting time affected the experience.
R005075,C001114,service,2025-11-17T23:34:00Z,2025-11-18T00:43:00Z,1,7,4,schedule,The information could be clearer.
R005076,C001179,onboarding,2025-11-18T01:05:00Z,2025-11-18T02:25:00Z,1,8,5,information,The response was quick.
R005077,C002348,onboarding,2025-11-18T02:36:00Z,2025-11-18T02:52:00Z,1,8,3,access,I needed more than one contact.
R005078,C000405,support,2025-11-18T04:07:00Z,2025-11-18T05:38:00Z,1,4,3,communication,I needed more than one contact.
R005079,C001465,service,2025-11-18T05:38:00Z,2025-11-18T06:13:00Z,1,10,5,schedule,I needed more than one contact.
R005080,C001351,support,2025-11-18T07:09:00Z,2025-11-18T10:04:00Z,1,9,4,communication,I needed more than one contact.
R005081,C002094,service,2025-11-18T08:40:00Z,2025-11-18T09:20:00Z,1,10,5,experience,Everything worked as expected.
R005082,C000148,service,2025-11-18T10:11:00Z,2025-11-18T10:37:00Z,1,9,5,schedule,The response was quick.
R005083,C001472,renewal,2025-11-18T11:42:00Z,2025-12-02T11:51:00Z,2,9,5,value,The waiting time affected the experience.
R005084,C000898,renewal,2025-11-18T13:13:00Z,2025-11-18T15:33:00Z,1,10,4,value,The waiting time affected the experience.
R005085,C000817,service,2025-11-18T14:44:00Z,2025-11-18T15:36:00Z,1,7,4,experience,Everything worked as expected.
R005086,C002063,service,2025-11-18T16:15:00Z,2025-11-18T18:15:00Z,1,10,3,experience,The information could be clearer.
R005087,C001783,support,2025-11-18T17:46:00Z,2025-11-18T18:53:00Z,1,5,4,resolution,The information could be clearer.
R005088,C001921,support,2025-11-18T19:17:00Z,2025-11-18T20:00:00Z,1,4,3,resolution,Everything worked as expected.
R005089,C001586,service,2025-11-18T20:48:00Z,2025-11-18T21:59:00Z,1,10,4,experience,The information could be clearer.
R005090,C001510,support,2025-11-18T22:19:00Z,2025-11-18T23:33:00Z,1,5,4,communication,The response was quick.
R005091,C001902,service,2025-11-18T23:50:00Z,2025-11-19T00:38:00Z,1,5,5,experience,Everything worked as expected.
R005092,C001538,service,2025-11-19T01:21:00Z,2025-11-19T02:12:00Z,1,7,5,schedule,Everything worked as expected.
R005093,C000252,renewal,2025-11-19T02:52:00Z,2025-11-19T04:17:00Z,1,6,3,relationship,The response was quick.
R005094,C001907,service,2025-11-19T04:23:00Z,2025-11-19T05:31:00Z,1,9,4,schedule,Everything worked as expected.
R005095,C001931,service,2025-11-19T05:54:00Z,2025-11-19T06:22:00Z,1,5,4,schedule,I needed more than one contact.
R005096,C001030,renewal,2025-11-19T07:25:00Z,2025-11-19T10:10:00Z,1,6,4,relationship,The information could be clearer.
R005097,C000066,service,2025-11-19T08:56:00Z,2025-11-19T09:33:00Z,1,8,4,schedule,The information could be clearer.
R005098,C000621,onboarding,2025-11-19T10:27:00Z,2025-11-19T12:25:00Z,1,10,5,access,The information could be clearer.
R005099,C000398,service,2025-11-19T11:58:00Z,2025-11-19T12:16:00Z,1,10,5,experience,The response was quick.
R005100,C001853,service,2025-11-19T13:29:00Z,2025-12-03T13:55:00Z,2,10,5,experience,The waiting time affected the experience.
R005101,C001122,service,2025-11-19T15:00:00Z,2025-11-19T15:33:00Z,1,8,3,schedule,Everything worked as expected.
R005102,C000848,service,2025-11-19T16:31:00Z,2025-11-19T17:41:00Z,1,10,3,schedule,I needed more than one contact.
R005103,C000622,service,2025-11-19T18:02:00Z,2025-11-19T19:51:00Z,1,7,4,experience,Everything worked as expected.
R005104,C000697,support,2025-11-19T19:33:00Z,2025-11-19T20:47:00Z,1,3,3,resolution,Everything worked as expected.
R005105,C002400,onboarding,2025-11-19T21:04:00Z,2025-11-19T22:56:00Z,1,10,5,access,The response was quick.
R005106,C000913,support,2025-11-19T22:35:00Z,2025-11-20T00:18:00Z,1,5,4,resolution,The waiting time affected the experience.
R005107,C000227,service,2025-11-20T00:06:00Z,2025-11-20T02:23:00Z,1,9,4,experience,The information could be clearer.
R005108,C000687,renewal,2025-11-20T01:37:00Z,2025-11-20T02:02:00Z,1,4,2,relationship,Everything worked as expected.
R005109,C002212,service,2025-11-20T03:08:00Z,2025-11-20T04:24:00Z,1,3,2,schedule,I needed more than one contact.
R005110,C000517,onboarding,2025-11-20T04:39:00Z,2025-11-20T05:09:00Z,1,9,5,access,I needed more than one contact.
R005111,C001049,renewal,2025-11-20T06:10:00Z,2025-11-20T08:01:00Z,1,7,4,value,I needed more than one contact.
R005112,C000814,renewal,2025-11-20T07:41:00Z,2025-11-20T09:42:00Z,1,7,4,relationship,I needed more than one contact.
R005113,C001975,support,2025-11-20T09:12:00Z,2025-11-20T10:32:00Z,1,7,2,communication,The information could be clearer.
R005114,C000203,service,2025-11-20T10:43:00Z,2025-11-20T12:03:00Z,1,9,3,schedule,I needed more than one contact.
R005115,C000067,support,2025-11-20T12:14:00Z,2025-11-20T14:44:00Z,1,9,3,communication,Everything worked as expected.
R005116,C000295,support,2025-11-20T13:45:00Z,2025-11-20T15:57:00Z,1,3,3,resolution,The information could be clearer.
R005117,C000827,renewal,2025-11-20T15:16:00Z,2025-12-04T15:59:00Z,2,8,4,value,Everything worked as expected.
R005118,C000575,service,2025-11-20T16:47:00Z,2025-11-20T18:30:00Z,1,8,5,experience,Everything worked as expected.
R005119,C001181,support,2025-11-20T18:18:00Z,2025-11-20T19:08:00Z,1,8,2,communication,The waiting time affected the experience.
R005120,C000333,renewal,2025-11-20T19:49:00Z,2025-11-20T22:15:00Z,1,10,4,value,The waiting time affected the experience.
R005121,C001555,service,2025-11-20T21:20:00Z,2025-11-20T23:40:00Z,1,6,4,experience,I needed more than one contact.
R005122,C002208,service,2025-11-20T22:51:00Z,2025-11-21T01:04:00Z,1,6,4,experience,The waiting time affected the experience.
R005123,C001794,renewal,2025-11-21T00:22:00Z,2025-11-21T03:16:00Z,1,10,5,value,The response was quick.
R005124,C000417,support,2025-11-21T01:53:00Z,2025-11-21T02:22:00Z,1,7,4,resolution,Everything worked as expected.
R005125,C000552,renewal,2025-11-21T03:24:00Z,2025-11-21T05:41:00Z,1,7,4,relationship,The waiting time affected the experience.
R005126,C000635,service,2025-11-21T04:55:00Z,2025-11-21T07:22:00Z,1,8,4,experience,The waiting time affected the experience.
R005127,C001465,support,2025-11-21T06:26:00Z,2025-11-21T08:11:00Z,1,6,3,resolution,The information could be clearer.
R005128,C000272,service,2025-11-21T07:57:00Z,2025-11-21T09:42:00Z,1,10,4,schedule,The response was quick.
R005129,C000227,service,2025-11-21T09:28:00Z,2025-11-21T11:18:00Z,1,6,3,schedule,I needed more than one contact.
R005130,C000269,renewal,2025-11-21T10:59:00Z,2025-11-21T11:50:00Z,1,9,4,relationship,The waiting time affected the experience.
R005131,C001801,renewal,2025-11-21T12:30:00Z,2025-11-21T14:59:00Z,1,5,4,relationship,The waiting time affected the experience.
R005132,C000707,service,2025-11-21T14:01:00Z,2025-11-21T15:59:00Z,1,8,4,experience,The waiting time affected the experience.
R005133,C000162,renewal,2025-11-21T15:32:00Z,2025-11-21T17:39:00Z,1,7,4,value,I needed more than one contact.
R005134,C002292,service,2025-11-21T17:03:00Z,2025-12-05T17:04:00Z,2,10,5,schedule,The waiting time affected the experience.
R005135,C000735,support,2025-11-21T18:34:00Z,2025-11-21T19:54:00Z,1,3,1,communication,The information could be clearer.
R005136,C001103,renewal,2025-11-21T20:05:00Z,2025-11-21T22:53:00Z,1,7,4,value,The information could be clearer.
R005137,C000491,support,2025-11-21T21:36:00Z,2025-11-21T23:12:00Z,1,6,3,communication,Everything worked as expected.
R005138,C000208,service,2025-11-21T23:07:00Z,2025-11-22T00:38:00Z,1,10,4,experience,The information could be clearer.
R005139,C000613,service,2025-11-22T00:38:00Z,2025-11-22T02:43:00Z,1,9,4,experience,The response was quick.
R005140,C001048,renewal,2025-11-22T02:09:00Z,2025-11-22T02:14:00Z,1,10,4,relationship,The information could be clearer.
R005141,C001622,service,2025-11-22T03:40:00Z,2025-11-22T03:49:00Z,1,7,4,schedule,The information could be clearer.
R005142,C001718,renewal,2025-11-22T05:11:00Z,2025-11-22T05:43:00Z,1,10,4,value,The waiting time affected the experience.
R005143,C001818,onboarding,2025-11-22T06:42:00Z,2025-11-22T08:22:00Z,1,6,3,access,I needed more than one contact.
R005144,C001098,service,2025-11-22T08:13:00Z,2025-11-22T08:48:00Z,1,4,5,experience,I needed more than one contact.
R005145,C001695,onboarding,2025-11-22T09:44:00Z,2025-11-22T10:38:00Z,1,10,4,information,Everything worked as expected.
R005146,C000145,support,2025-11-22T11:15:00Z,2025-11-22T11:51:00Z,1,4,5,resolution,Everything worked as expected.
R005147,C002293,service,2025-11-22T12:46:00Z,2025-11-22T14:16:00Z,1,10,5,schedule,Everything worked as expected.
R005148,C000427,renewal,2025-11-22T14:17:00Z,2025-11-22T16:29:00Z,1,6,4,relationship,The response was quick.
R005149,C000463,service,2025-11-22T15:48:00Z,2025-11-22T18:13:00Z,1,5,3,schedule,The waiting time affected the experience.
R005150,C001940,onboarding,2025-11-22T17:19:00Z,2025-11-22T18:08:00Z,1,7,5,access,Everything worked as expected.
R005151,C001068,service,2025-11-22T18:50:00Z,2025-12-06T19:08:00Z,2,9,5,experience,The response was quick.
R005152,C000729,onboarding,2025-11-22T20:21:00Z,2025-11-22T21:35:00Z,1,8,5,access,Everything worked as expected.
R005153,C001292,support,2025-11-22T21:52:00Z,2025-11-22T23:48:00Z,1,7,3,resolution,Everything worked as expected.
R005154,C000387,support,2025-11-22T23:23:00Z,2025-11-23T00:40:00Z,1,4,3,resolution,The waiting time affected the experience.
R005155,C000368,service,2025-11-23T00:54:00Z,2025-11-23T03:45:00Z,1,10,3,schedule,The response was quick.
R005156,C000860,support,2025-11-23T02:25:00Z,2025-11-23T05:12:00Z,1,8,3,resolution,The information could be clearer.
R005157,C001925,support,2025-11-23T03:56:00Z,2025-11-23T05:27:00Z,1,8,3,communication,I needed more than one contact.
R005158,C000216,renewal,2025-11-23T05:27:00Z,2025-11-23T07:10:00Z,1,6,4,relationship,I needed more than one contact.
R005159,C001816,onboarding,2025-11-23T06:58:00Z,2025-11-23T09:09:00Z,1,8,4,information,The information could be clearer.
R005160,C000388,service,2025-11-23T08:29:00Z,2025-11-23T10:02:00Z,1,7,5,experience,I needed more than one contact.
R005161,C002112,service,2025-11-23T10:00:00Z,2025-11-23T11:53:00Z,1,7,3,experience,The information could be clearer.
R005162,C001065,service,2025-11-23T11:31:00Z,2025-11-23T13:09:00Z,1,5,3,experience,The waiting time affected the experience.
R005163,C001099,service,2025-11-23T13:02:00Z,2025-11-23T15:11:00Z,1,9,2,experience,Everything worked as expected.
R005164,C001652,onboarding,2025-11-23T14:33:00Z,2025-11-23T15:52:00Z,1,10,3,access,I needed more than one contact.
R005165,C000383,service,2025-11-23T16:04:00Z,2025-11-23T16:57:00Z,1,5,2,schedule,The waiting time affected the experience.
R005166,C000073,service,2025-11-23T17:35:00Z,2025-11-23T20:09:00Z,1,7,3,experience,Everything worked as expected.
R005167,C000163,service,2025-11-23T19:06:00Z,2025-11-23T19:27:00Z,1,7,4,experience,The waiting time affected the experience.
R005168,C000731,service,2025-11-23T20:37:00Z,2025-12-07T21:12:00Z,2,4,5,experience,The waiting time affected the experience.
R005169,C000820,support,2025-11-23T22:08:00Z,2025-11-23T22:24:00Z,1,9,3,resolution,The response was quick.
R005170,C000527,renewal,2025-11-23T23:39:00Z,2025-11-24T01:13:00Z,1,7,2,relationship,The waiting time affected the experience.
R005171,C001924,onboarding,2025-11-24T01:10:00Z,2025-11-24T03:24:00Z,1,10,5,access,I needed more than one contact.
R005172,C000293,support,2025-11-24T02:41:00Z,2025-11-24T04:03:00Z,1,9,4,resolution,The response was quick.
R005173,C002167,service,2025-11-24T04:12:00Z,2025-11-24T07:08:00Z,1,8,5,schedule,The response was quick.
R005174,C001615,onboarding,2025-11-24T05:43:00Z,2025-11-24T07:04:00Z,1,10,5,information,The response was quick.
R005175,C000272,renewal,2025-11-24T07:14:00Z,2025-11-24T09:30:00Z,1,8,3,relationship,Everything worked as expected.
R005176,C002301,service,2025-11-24T08:45:00Z,2025-11-24T10:28:00Z,1,8,4,experience,I needed more than one contact.
R005177,C000100,service,2025-11-24T10:16:00Z,2025-11-24T11:30:00Z,1,8,3,experience,Everything worked as expected.
R005178,C002228,onboarding,2025-11-24T11:47:00Z,2025-11-24T13:39:00Z,1,5,5,information,Everything worked as expected.
R005179,C001584,onboarding,2025-11-24T13:18:00Z,2025-11-24T13:57:00Z,1,9,3,access,The information could be clearer.
R005180,C000618,support,2025-11-24T14:49:00Z,2025-11-24T17:46:00Z,1,6,4,communication,The waiting time affected the experience.
R005181,C000187,onboarding,2025-11-24T16:20:00Z,2025-11-24T17:56:00Z,1,6,5,information,The waiting time affected the experience.
R005182,C001033,service,2025-11-24T17:51:00Z,2025-11-24T20:01:00Z,1,7,3,schedule,The information could be clearer.
R005183,C001627,support,2025-11-24T19:22:00Z,2025-11-24T19:46:00Z,1,6,4,resolution,The waiting time affected the experience.
R005184,C001349,service,2025-11-24T20:53:00Z,2025-11-24T21:09:00Z,1,10,2,experience,I needed more than one contact.
R005185,C000241,onboarding,2025-11-24T22:24:00Z,2025-12-08T23:16:00Z,2,10,5,access,Everything worked as expected.
R005186,C000275,support,2025-11-24T23:55:00Z,2025-11-25T02:41:00Z,1,10,5,resolution,Everything worked as expected.
R005187,C001235,onboarding,2025-11-25T01:26:00Z,2025-11-25T03:21:00Z,1,7,5,information,I needed more than one contact.
R005188,C001478,renewal,2025-11-25T02:57:00Z,2025-11-25T04:06:00Z,1,6,4,value,The response was quick.
R005189,C001658,onboarding,2025-11-25T04:28:00Z,2025-11-25T06:44:00Z,1,10,3,information,The response was quick.
R005190,C000480,renewal,2025-11-25T05:59:00Z,2025-11-25T06:06:00Z,1,8,5,value,The information could be clearer.
R005191,C000563,service,2025-11-25T07:30:00Z,2025-11-25T08:44:00Z,1,8,4,schedule,The waiting time affected the experience.
R005192,C001743,renewal,2025-11-25T09:01:00Z,2025-11-25T11:06:00Z,1,8,5,value,The information could be clearer.
R005193,C002367,service,2025-11-25T10:32:00Z,2025-11-25T11:34:00Z,1,9,5,schedule,Everything worked as expected.
R005194,C001476,service,2025-11-25T12:03:00Z,2025-11-25T13:14:00Z,1,9,2,experience,The response was quick.
R005195,C001387,onboarding,2025-11-25T13:34:00Z,2025-11-25T13:42:00Z,1,6,4,access,The response was quick.
R005196,C000664,support,2025-11-25T15:05:00Z,2025-11-25T16:18:00Z,1,7,4,communication,The information could be clearer.
R005197,C000296,renewal,2025-11-25T16:36:00Z,2025-11-25T19:13:00Z,1,9,5,relationship,The waiting time affected the experience.
R005198,C001894,service,2025-11-25T18:07:00Z,2025-11-25T19:03:00Z,1,7,4,schedule,The waiting time affected the experience.
R005199,C001179,service,2025-11-25T19:38:00Z,2025-11-25T20:07:00Z,1,4,5,schedule,The waiting time affected the experience.
R005200,C001883,service,2025-11-25T21:09:00Z,2025-11-25T23:25:00Z,1,8,5,schedule,The response was quick.
R005201,C000215,support,2025-11-25T22:40:00Z,2025-11-26T00:06:00Z,1,7,5,resolution,Everything worked as expected.
R005202,C002074,support,2025-11-26T00:11:00Z,2025-12-10T00:21:00Z,2,8,4,resolution,Everything worked as expected.
R005203,C000710,service,2025-11-26T01:42:00Z,2025-11-26T03:28:00Z,1,7,4,experience,The information could be clearer.
R005204,C001894,support,2025-11-26T03:13:00Z,2025-11-26T05:58:00Z,1,5,3,communication,Everything worked as expected.
R005205,C000436,service,2025-11-26T04:44:00Z,2025-11-26T07:28:00Z,1,9,4,experience,Everything worked as expected.
R005206,C001523,renewal,2025-11-26T06:15:00Z,2025-11-26T07:59:00Z,1,5,5,relationship,Everything worked as expected.
R005207,C000035,service,2025-11-26T07:46:00Z,2025-11-26T08:57:00Z,1,10,4,schedule,I needed more than one contact.
R005208,C001575,support,2025-11-26T09:17:00Z,2025-11-26T09:52:00Z,1,6,3,resolution,The waiting time affected the experience.
R005209,C001984,service,2025-11-26T10:48:00Z,2025-11-26T13:18:00Z,1,8,4,schedule,The response was quick.
R005210,C001429,support,2025-11-26T12:19:00Z,2025-11-26T14:13:00Z,1,5,4,resolution,I needed more than one contact.
R005211,C001150,support,2025-11-26T13:50:00Z,2025-11-26T16:24:00Z,1,9,3,resolution,I needed more than one contact.
R005212,C000699,support,2025-11-26T15:21:00Z,2025-11-26T17:44:00Z,1,5,3,communication,Everything worked as expected.
R005213,C000948,support,2025-11-26T16:52:00Z,2025-11-26T17:12:00Z,1,5,4,resolution,The information could be clearer.
R005214,C002382,service,2025-11-26T18:23:00Z,2025-11-26T20:33:00Z,1,8,4,experience,The waiting time affected the experience.
R005215,C000819,service,2025-11-26T19:54:00Z,2025-11-26T22:21:00Z,1,7,5,schedule,I needed more than one contact.
R005216,C001428,renewal,2025-11-26T21:25:00Z,2025-11-26T22:09:00Z,1,8,5,value,The response was quick.
R005217,C000169,support,2025-11-26T22:56:00Z,2025-11-27T01:03:00Z,1,9,2,communication,The response was quick.
R005218,C002170,service,2025-11-27T00:27:00Z,2025-11-27T03:21:00Z,1,7,3,schedule,I needed more than one contact.
R005219,C001821,renewal,2025-11-27T01:58:00Z,2025-12-11T02:25:00Z,2,4,4,value,Everything worked as expected.
R005220,C002033,onboarding,2025-11-27T03:29:00Z,2025-11-27T04:06:00Z,1,9,4,access,Everything worked as expected.
R005221,C000040,onboarding,2025-11-27T05:00:00Z,2025-11-27T07:21:00Z,1,6,4,information,Everything worked as expected.
R005222,C000420,service,2025-11-27T06:31:00Z,2025-11-27T08:34:00Z,1,6,5,experience,The waiting time affected the experience.
R005223,C000789,onboarding,2025-11-27T08:02:00Z,2025-11-27T10:32:00Z,1,7,3,access,The waiting time affected the experience.
R005224,C000311,renewal,2025-11-27T09:33:00Z,2025-11-27T11:24:00Z,1,5,3,relationship,The response was quick.
R005225,C000634,service,2025-11-27T11:04:00Z,2025-11-27T12:43:00Z,1,5,3,schedule,I needed more than one contact.
R005226,C000814,onboarding,2025-11-27T12:35:00Z,2025-11-27T14:46:00Z,1,8,4,information,The information could be clearer.
R005227,C000910,onboarding,2025-11-27T14:06:00Z,2025-11-27T15:21:00Z,1,10,4,information,Everything worked as expected.
R005228,C001631,service,2025-11-27T15:37:00Z,2025-11-27T18:18:00Z,1,5,3,experience,The information could be clearer.
R005229,C000672,support,2025-11-27T17:08:00Z,2025-11-27T18:24:00Z,1,5,2,resolution,The response was quick.
R005230,C001901,onboarding,2025-11-27T18:39:00Z,2025-11-27T21:31:00Z,1,6,5,access,The information could be clearer.
R005231,C002098,onboarding,2025-11-27T20:10:00Z,2025-11-27T20:54:00Z,1,9,4,information,The information could be clearer.
R005232,C002220,onboarding,2025-11-27T21:41:00Z,2025-11-27T22:47:00Z,1,8,3,access,The information could be clearer.
R005233,C000730,support,2025-11-27T23:12:00Z,2025-11-28T00:06:00Z,1,8,2,resolution,Everything worked as expected.
R005234,C000219,support,2025-11-28T00:43:00Z,2025-11-28T01:48:00Z,1,6,3,communication,Everything worked as expected.
R005235,C001309,support,2025-11-28T02:14:00Z,2025-11-28T02:50:00Z,1,8,4,resolution,Everything worked as expected.
R005236,C002135,support,2025-11-28T03:45:00Z,2025-12-12T04:29:00Z,2,7,2,resolution,The waiting time affected the experience.
R005237,C000970,service,2025-11-28T05:16:00Z,2025-11-28T07:19:00Z,1,7,2,schedule,The information could be clearer.
R005238,C000544,onboarding,2025-11-28T06:47:00Z,2025-11-28T09:46:00Z,1,10,4,access,The information could be clearer.
R005239,C001118,support,2025-11-28T08:18:00Z,2025-11-28T09:32:00Z,1,5,4,resolution,The information could be clearer.
R005240,C002080,support,2025-11-28T09:49:00Z,2025-11-28T11:27:00Z,1,5,4,communication,The response was quick.
R005241,C000770,service,2025-11-28T11:20:00Z,2025-11-28T14:14:00Z,1,8,4,schedule,The response was quick.
R005242,C000747,service,2025-11-28T12:51:00Z,2025-11-28T15:33:00Z,1,9,5,schedule,The response was quick.
R005243,C001745,onboarding,2025-11-28T14:22:00Z,2025-11-28T15:29:00Z,1,5,5,information,I needed more than one contact.
R005244,C002232,onboarding,2025-11-28T15:53:00Z,2025-11-28T18:42:00Z,1,7,4,information,Everything worked as expected.
R005245,C001909,renewal,2025-11-28T17:24:00Z,2025-11-28T18:57:00Z,1,6,4,value,The waiting time affected the experience.
R005246,C000840,support,2025-11-28T18:55:00Z,2025-11-28T19:31:00Z,1,3,3,communication,The information could be clearer.
R005247,C001121,service,2025-11-28T20:26:00Z,2025-11-28T20:32:00Z,1,6,4,experience,I needed more than one contact.
R005248,C002104,service,2025-11-28T21:57:00Z,2025-11-29T00:20:00Z,1,8,5,experience,The information could be clearer.
R005249,C000753,support,2025-11-28T23:28:00Z,2025-11-29T00:09:00Z,1,4,3,resolution,The information could be clearer.
R005250,C002028,service,2025-11-29T00:59:00Z,2025-11-29T01:59:00Z,1,9,5,experience,The information could be clearer.
R005251,C001344,service,2025-11-29T02:30:00Z,2025-11-29T04:34:00Z,1,10,3,schedule,The waiting time affected the experience.
R005252,C000828,renewal,2025-11-29T04:01:00Z,2025-11-29T05:22:00Z,1,6,2,value,The information could be clearer.
R005253,C001599,renewal,2025-11-29T05:32:00Z,2025-12-13T05:34:00Z,2,8,4,relationship,The response was quick.
R005254,C000768,service,2025-11-29T07:03:00Z,2025-11-29T08:04:00Z,1,6,4,schedule,I needed more than one contact.
R005255,C000989,service,2025-11-29T08:34:00Z,2025-11-29T09:16:00Z,1,4,4,schedule,The information could be clearer.
R005256,C002055,onboarding,2025-11-29T10:05:00Z,2025-11-29T12:31:00Z,1,5,5,information,The response was quick.
R005257,C002270,service,2025-11-29T11:36:00Z,2025-11-29T13:23:00Z,1,6,2,schedule,The response was quick.
R005258,C000596,service,2025-11-29T13:07:00Z,2025-11-29T13:55:00Z,1,9,4,schedule,The waiting time affected the experience.
R005259,C001233,support,2025-11-29T14:38:00Z,2025-11-29T15:14:00Z,1,7,5,communication,The information could be clearer.
R005260,C002065,renewal,2025-11-29T16:09:00Z,2025-11-29T17:20:00Z,1,7,3,relationship,Everything worked as expected.
R005261,C002017,support,2025-11-29T17:40:00Z,2025-11-29T19:16:00Z,1,5,4,resolution,Everything worked as expected.
R005262,C001535,renewal,2025-11-29T19:11:00Z,2025-11-29T21:36:00Z,1,7,3,relationship,Everything worked as expected.
R005263,C000802,onboarding,2025-11-29T20:42:00Z,2025-11-29T23:30:00Z,1,7,5,information,The waiting time affected the experience.
R005264,C000511,service,2025-11-29T22:13:00Z,2025-11-30T01:05:00Z,1,6,4,schedule,I needed more than one contact.
R005265,C000902,service,2025-11-29T23:44:00Z,2025-11-30T00:55:00Z,1,7,5,schedule,The information could be clearer.
R005266,C000517,onboarding,2025-11-30T01:15:00Z,2025-11-30T03:09:00Z,1,10,5,information,I needed more than one contact.
R005267,C001219,support,2025-11-30T02:46:00Z,2025-11-30T05:39:00Z,1,5,5,communication,The information could be clearer.
R005268,C000044,service,2025-11-30T04:17:00Z,2025-11-30T07:16:00Z,1,8,5,schedule,The waiting time affected the experience.
R005269,C000923,renewal,2025-11-30T05:48:00Z,2025-11-30T08:14:00Z,1,7,4,relationship,The information could be clearer.
R005270,C000820,support,2025-11-30T07:19:00Z,2025-12-14T07:38:00Z,2,6,1,resolution,Everything worked as expected.
R005271,C000594,support,2025-11-30T08:50:00Z,2025-11-30T10:41:00Z,1,6,3,communication,The waiting time affected the experience.
R005272,C000666,support,2025-11-30T10:21:00Z,2025-11-30T13:08:00Z,1,8,4,resolution,The waiting time affected the experience.
R005273,C001841,service,2025-11-30T11:52:00Z,2025-11-30T12:24:00Z,1,7,5,experience,The waiting time affected the experience.
R005274,C002028,renewal,2025-11-30T13:23:00Z,2025-11-30T14:23:00Z,1,9,5,value,The information could be clearer.
R005275,C001018,support,2025-11-30T14:54:00Z,2025-11-30T16:47:00Z,1,4,3,resolution,Everything worked as expected.
R005276,C001908,onboarding,2025-11-30T16:25:00Z,2025-11-30T19:23:00Z,1,10,4,access,The response was quick.
R005277,C000612,renewal,2025-11-30T17:56:00Z,2025-11-30T19:12:00Z,1,9,5,value,Everything worked as expected.
R005278,C001564,renewal,2025-11-30T19:27:00Z,2025-11-30T21:30:00Z,1,10,4,value,I needed more than one contact.
R005279,C000164,support,2025-11-30T20:58:00Z,2025-11-30T22:33:00Z,1,7,3,resolution,Everything worked as expected.
R005280,C001025,onboarding,2025-11-30T22:29:00Z,2025-11-30T23:09:00Z,1,10,4,access,The information could be clearer.
R005281,C001027,service,2025-12-01T00:00:00Z,2025-12-01T01:34:00Z,1,5,3,schedule,The information could be clearer.
R005282,C001208,onboarding,2025-12-01T01:31:00Z,2025-12-01T01:58:00Z,1,6,5,access,The response was quick.
R005283,C000864,renewal,2025-12-01T03:02:00Z,2025-12-01T03:53:00Z,1,6,3,value,Everything worked as expected.
R005284,C001986,renewal,2025-12-01T04:33:00Z,2025-12-01T06:52:00Z,1,3,3,value,The waiting time affected the experience.
R005285,C000994,support,2025-12-01T06:04:00Z,2025-12-01T07:59:00Z,1,8,4,resolution,The waiting time affected the experience.
R005286,C000182,onboarding,2025-12-01T07:35:00Z,2025-12-01T09:23:00Z,1,9,2,information,Everything worked as expected.
R005287,C001624,service,2025-12-01T09:06:00Z,2025-12-15T09:42:00Z,2,7,4,schedule,I needed more than one contact.
R005288,C000027,support,2025-12-01T10:37:00Z,2025-12-01T11:26:00Z,1,10,4,communication,The waiting time affected the experience.
R005289,C001843,service,2025-12-01T12:08:00Z,2025-12-01T12:34:00Z,1,8,4,schedule,Everything worked as expected.
R005290,C000130,service,2025-12-01T13:39:00Z,2025-12-01T16:17:00Z,1,10,5,schedule,The information could be clearer.
R005291,C000382,onboarding,2025-12-01T15:10:00Z,2025-12-01T17:27:00Z,1,10,4,access,The waiting time affected the experience.
R005292,C001400,support,2025-12-01T16:41:00Z,2025-12-01T17:30:00Z,1,7,4,communication,The waiting time affected the experience.
R005293,C000963,renewal,2025-12-01T18:12:00Z,2025-12-01T18:35:00Z,1,8,4,relationship,I needed more than one contact.
R005294,C000101,service,2025-12-01T19:43:00Z,2025-12-01T21:33:00Z,1,10,5,experience,The information could be clearer.
R005295,C001443,support,2025-12-01T21:14:00Z,2025-12-01T22:47:00Z,1,4,4,communication,The information could be clearer.
R005296,C001904,support,2025-12-01T22:45:00Z,2025-12-02T01:17:00Z,1,7,3,resolution,The response was quick.
R005297,C000678,service,2025-12-02T00:16:00Z,2025-12-02T01:33:00Z,1,10,4,experience,The response was quick.
R005298,C001582,onboarding,2025-12-02T01:47:00Z,2025-12-02T04:35:00Z,1,9,4,information,The response was quick.
R005299,C000376,renewal,2025-12-02T03:18:00Z,2025-12-02T04:29:00Z,1,9,4,value,The response was quick.
R005300,C001162,service,2025-12-02T04:49:00Z,2025-12-02T05:38:00Z,1,10,4,experience,Everything worked as expected.
R005301,C000176,support,2025-12-02T06:20:00Z,2025-12-02T07:45:00Z,1,6,2,resolution,The information could be clearer.
R005302,C001362,onboarding,2025-12-02T07:51:00Z,2025-12-02T10:06:00Z,1,10,5,information,The information could be clearer.
R005303,C002004,support,2025-12-02T09:22:00Z,2025-12-02T09:42:00Z,1,7,2,communication,The waiting time affected the experience.
R005304,C001111,support,2025-12-02T10:53:00Z,2025-12-16T11:46:00Z,2,6,4,resolution,The response was quick.
R005305,C000781,support,2025-12-02T12:24:00Z,2025-12-02T13:38:00Z,1,6,2,communication,The waiting time affected the experience.
R005306,C001565,support,2025-12-02T13:55:00Z,2025-12-02T15:42:00Z,1,7,1,communication,The response was quick.
R005307,C001312,onboarding,2025-12-02T15:26:00Z,2025-12-02T16:11:00Z,1,7,5,access,The information could be clearer.
R005308,C001592,renewal,2025-12-02T16:57:00Z,2025-12-02T18:19:00Z,1,10,5,value,The response was quick.
R005309,C000891,renewal,2025-12-02T18:28:00Z,2025-12-02T19:23:00Z,1,10,3,value,Everything worked as expected.
R005310,C001604,support,2025-12-02T19:59:00Z,2025-12-02T22:53:00Z,1,5,3,resolution,I needed more than one contact.
R005311,C001125,service,2025-12-02T21:30:00Z,2025-12-02T21:40:00Z,1,4,3,schedule,I needed more than one contact.
R005312,C002293,onboarding,2025-12-02T23:01:00Z,2025-12-03T00:53:00Z,1,9,4,information,The response was quick.
R005313,C000132,support,2025-12-03T00:32:00Z,2025-12-03T02:30:00Z,1,8,3,resolution,Everything worked as expected.
R005314,C001670,support,2025-12-03T02:03:00Z,2025-12-03T03:09:00Z,1,6,4,communication,The waiting time affected the experience.
R005315,C001940,renewal,2025-12-03T03:34:00Z,2025-12-03T04:16:00Z,1,6,3,value,The waiting time affected the experience.
R005316,C002046,support,2025-12-03T05:05:00Z,2025-12-03T07:10:00Z,1,8,1,communication,The information could be clearer.
R005317,C000390,onboarding,2025-12-03T06:36:00Z,2025-12-03T09:22:00Z,1,8,3,access,Everything worked as expected.
R005318,C001533,onboarding,2025-12-03T08:07:00Z,2025-12-03T08:12:00Z,1,7,4,information,The waiting time affected the experience.
R005319,C001672,onboarding,2025-12-03T09:38:00Z,2025-12-03T10:27:00Z,1,10,3,access,The response was quick.
R005320,C001303,onboarding,2025-12-03T11:09:00Z,2025-12-03T11:45:00Z,1,7,3,access,I needed more than one contact.
R005321,C001025,onboarding,2025-12-03T12:40:00Z,2025-12-17T12:51:00Z,2,10,4,information,I needed more than one contact.
R005322,C000730,onboarding,2025-12-03T14:11:00Z,2025-12-03T14:47:00Z,1,8,3,access,The information could be clearer.
R005323,C001940,renewal,2025-12-03T15:42:00Z,2025-12-03T16:07:00Z,1,7,4,value,The waiting time affected the experience.
R005324,C001397,support,2025-12-03T17:13:00Z,2025-12-03T19:52:00Z,1,3,4,communication,Everything worked as expected.
R005325,C001208,renewal,2025-12-03T18:44:00Z,2025-12-03T21:42:00Z,1,5,2,value,The waiting time affected the experience.
R005326,C002311,renewal,2025-12-03T20:15:00Z,2025-12-03T21:08:00Z,1,10,5,value,Everything worked as expected.
R005327,C000678,support,2025-12-03T21:46:00Z,2025-12-03T22:22:00Z,1,5,5,resolution,Everything worked as expected.
R005328,C000597,support,2025-12-03T23:17:00Z,2025-12-04T00:06:00Z,1,4,4,resolution,Everything worked as expected.
R005329,C001166,support,2025-12-04T00:48:00Z,2025-12-04T01:21:00Z,1,9,4,resolution,The response was quick.
R005330,C000545,renewal,2025-12-04T02:19:00Z,2025-12-04T03:06:00Z,1,6,3,relationship,The waiting time affected the experience.
R005331,C001922,support,2025-12-04T03:50:00Z,2025-12-04T04:37:00Z,1,9,3,resolution,I needed more than one contact.
R005332,C001100,onboarding,2025-12-04T05:21:00Z,2025-12-04T06:08:00Z,1,7,4,information,Everything worked as expected.
R005333,C001132,support,2025-12-04T06:52:00Z,2025-12-04T09:30:00Z,1,6,5,communication,I needed more than one contact.
R005334,C001648,onboarding,2025-12-04T08:23:00Z,2025-12-04T11:21:00Z,1,8,5,access,The waiting time affected the experience.
R005335,C001264,service,2025-12-04T09:54:00Z,2025-12-04T10:14:00Z,1,10,4,schedule,The information could be clearer.
R005336,C001696,support,2025-12-04T11:25:00Z,2025-12-04T14:03:00Z,1,3,4,resolution,I needed more than one contact.
R005337,C000502,onboarding,2025-12-04T12:56:00Z,2025-12-04T13:53:00Z,1,6,5,information,The waiting time affected the experience.
R005338,C001990,support,2025-12-04T14:27:00Z,2025-12-18T14:55:00Z,2,3,1,communication,I needed more than one contact.
R005339,C001196,renewal,2025-12-04T15:58:00Z,2025-12-04T16:53:00Z,1,10,3,relationship,The information could be clearer.
R005340,C000367,service,2025-12-04T17:29:00Z,2025-12-04T19:02:00Z,1,7,3,experience,The waiting time affected the experience.
R005341,C000235,support,2025-12-04T19:00:00Z,2025-12-04T21:01:00Z,1,5,4,resolution,Everything worked as expected.
R005342,C000555,onboarding,2025-12-04T20:31:00Z,2025-12-04T21:29:00Z,1,10,4,information,The response was quick.
R005343,C001189,support,2025-12-04T22:02:00Z,2025-12-05T00:14:00Z,1,7,2,communication,I needed more than one contact.
R005344,C000305,service,2025-12-04T23:33:00Z,2025-12-05T00:18:00Z,1,8,4,experience,I needed more than one contact.
R005345,C000345,service,2025-12-05T01:04:00Z,2025-12-05T01:57:00Z,1,7,3,schedule,The information could be clearer.
R005346,C001736,service,2025-12-05T02:35:00Z,2025-12-05T05:13:00Z,1,6,2,experience,I needed more than one contact.
R005347,C002044,service,2025-12-05T04:06:00Z,2025-12-05T05:51:00Z,1,9,5,experience,Everything worked as expected.
R005348,C001839,support,2025-12-05T05:37:00Z,2025-12-05T07:18:00Z,1,7,4,communication,Everything worked as expected.
R005349,C001185,support,2025-12-05T07:08:00Z,2025-12-05T09:14:00Z,1,6,4,communication,The response was quick.
R005350,C000954,support,2025-12-05T08:39:00Z,2025-12-05T11:30:00Z,1,5,3,resolution,I needed more than one contact.
R005351,C000496,renewal,2025-12-05T10:10:00Z,2025-12-05T13:02:00Z,1,7,3,value,The response was quick.
R005352,C002173,renewal,2025-12-05T11:41:00Z,2025-12-05T12:17:00Z,1,7,5,relationship,The response was quick.
R005353,C001569,support,2025-12-05T13:12:00Z,2025-12-05T15:14:00Z,1,6,4,communication,The information could be clearer.
R005354,C000565,support,2025-12-05T14:43:00Z,2025-12-05T17:15:00Z,1,6,2,communication,The waiting time affected the experience.
R005355,C000611,support,2025-12-05T16:14:00Z,2025-12-19T16:59:00Z,2,7,1,communication,The response was quick.
R005356,C000004,service,2025-12-05T17:45:00Z,2025-12-05T18:52:00Z,1,8,4,schedule,The response was quick.
R005357,C001775,onboarding,2025-12-05T19:16:00Z,2025-12-05T19:25:00Z,1,10,4,access,The response was quick.
R005358,C000864,support,2025-12-05T20:47:00Z,2025-12-05T23:32:00Z,1,7,4,resolution,The waiting time affected the experience.
R005359,C001649,renewal,2025-12-05T22:18:00Z,2025-12-06T00:05:00Z,1,4,5,relationship,I needed more than one contact.
R005360,C000741,renewal,2025-12-05T23:49:00Z,2025-12-06T00:47:00Z,1,9,4,value,I needed more than one contact.
R005361,C001229,support,2025-12-06T01:20:00Z,2025-12-06T03:28:00Z,1,9,4,communication,Everything worked as expected.
R005362,C002066,renewal,2025-12-06T02:51:00Z,2025-12-06T03:04:00Z,1,10,4,relationship,The response was quick.
R005363,C000909,support,2025-12-06T04:22:00Z,2025-12-06T07:13:00Z,1,5,3,resolution,The waiting time affected the experience.
R005364,C000929,service,2025-12-06T05:53:00Z,2025-12-06T08:12:00Z,1,6,4,schedule,The waiting time affected the experience.
R005365,C000985,support,2025-12-06T07:24:00Z,2025-12-06T07:52:00Z,1,4,2,communication,The information could be clearer.
R005366,C000868,service,2025-12-06T08:55:00Z,2025-12-06T11:17:00Z,1,10,5,experience,The response was quick.
R005367,C001189,renewal,2025-12-06T10:26:00Z,2025-12-06T12:57:00Z,1,7,5,value,The response was quick.
R005368,C000902,onboarding,2025-12-06T11:57:00Z,2025-12-06T14:42:00Z,1,9,3,access,I needed more than one contact.
R005369,C001060,support,2025-12-06T13:28:00Z,2025-12-06T13:50:00Z,1,7,4,resolution,I needed more than one contact.
R005370,C001830,service,2025-12-06T14:59:00Z,2025-12-06T15:49:00Z,1,6,3,experience,I needed more than one contact.
R005371,C000113,service,2025-12-06T16:30:00Z,2025-12-06T17:54:00Z,1,9,5,experience,The response was quick.
R005372,C002307,onboarding,2025-12-06T18:01:00Z,2025-12-20T18:04:00Z,2,10,4,access,I needed more than one contact.
R005373,C000158,support,2025-12-06T19:32:00Z,2025-12-06T20:46:00Z,1,4,3,communication,Everything worked as expected.
R005374,C000798,onboarding,2025-12-06T21:03:00Z,2025-12-06T22:06:00Z,1,10,3,access,Everything worked as expected.
R005375,C000039,service,2025-12-06T22:34:00Z,2025-12-07T00:46:00Z,1,8,4,experience,Everything worked as expected.
R005376,C001482,service,2025-12-07T00:05:00Z,2025-12-07T00:18:00Z,1,8,5,experience,The response was quick.
R005377,C001634,support,2025-12-07T01:36:00Z,2025-12-07T03:04:00Z,1,6,3,resolution,The waiting time affected the experience.
R005378,C001179,support,2025-12-07T03:07:00Z,2025-12-07T05:07:00Z,1,4,3,communication,The waiting time affected the experience.
R005379,C001882,support,2025-12-07T04:38:00Z,2025-12-07T06:59:00Z,1,5,5,resolution,The response was quick.
R005380,C002235,support,2025-12-07T06:09:00Z,2025-12-07T07:59:00Z,1,7,3,communication,The information could be clearer.
R005381,C001885,renewal,2025-12-07T07:40:00Z,2025-12-07T10:18:00Z,1,8,3,value,The waiting time affected the experience.
R005382,C001945,service,2025-12-07T09:11:00Z,2025-12-07T11:54:00Z,1,7,4,schedule,The response was quick.
R005383,C001534,support,2025-12-07T10:42:00Z,2025-12-07T11:40:00Z,1,8,3,communication,Everything worked as expected.
R005384,C000381,support,2025-12-07T12:13:00Z,2025-12-07T12:38:00Z,1,5,3,resolution,The information could be clearer.
R005385,C001963,onboarding,2025-12-07T13:44:00Z,2025-12-07T15:10:00Z,1,6,4,information,The waiting time affected the experience.
R005386,C002375,service,2025-12-07T15:15:00Z,2025-12-07T16:18:00Z,1,8,3,schedule,Everything worked as expected.
R005387,C000863,service,2025-12-07T16:46:00Z,2025-12-07T16:52:00Z,1,6,5,experience,The waiting time affected the experience.
R005388,C002083,service,2025-12-07T18:17:00Z,2025-12-07T19:52:00Z,1,5,5,experience,I needed more than one contact.
R005389,C000030,service,2025-12-07T19:48:00Z,2025-12-21T20:08:00Z,2,4,3,experience,The information could be clearer.
R005390,C000995,renewal,2025-12-07T21:19:00Z,2025-12-07T23:30:00Z,1,8,3,value,The information could be clearer.
R005391,C001110,service,2025-12-07T22:50:00Z,2025-12-08T00:44:00Z,1,9,5,schedule,I needed more than one contact.
R005392,C000812,renewal,2025-12-08T00:21:00Z,2025-12-08T01:39:00Z,1,10,3,value,The waiting time affected the experience.
R005393,C000270,service,2025-12-08T01:52:00Z,2025-12-08T03:52:00Z,1,3,3,experience,The waiting time affected the experience.
R005394,C001102,onboarding,2025-12-08T03:23:00Z,2025-12-08T04:32:00Z,1,8,3,information,Everything worked as expected.
R005395,C000640,service,2025-12-08T04:54:00Z,2025-12-08T06:46:00Z,1,5,3,experience,The information could be clearer.
R005396,C000282,service,2025-12-08T06:25:00Z,2025-12-08T06:46:00Z,1,4,3,experience,Everything worked as expected.
R005397,C002153,service,2025-12-08T07:56:00Z,2025-12-08T10:14:00Z,1,7,2,experience,I needed more than one contact.
R005398,C000363,support,2025-12-08T09:27:00Z,2025-12-08T10:40:00Z,1,8,4,communication,Everything worked as expected.
R005399,C001412,onboarding,2025-12-08T10:58:00Z,2025-12-08T12:22:00Z,1,4,4,information,The response was quick.
R005400,C000207,service,2025-12-08T12:29:00Z,2025-12-08T13:03:00Z,1,6,4,experience,Everything worked as expected.
R005401,C000361,support,2025-12-08T14:00:00Z,2025-12-08T16:30:00Z,1,8,4,resolution,The response was quick.
R005402,C001232,service,2025-12-08T15:31:00Z,2025-12-08T17:08:00Z,1,9,3,schedule,Everything worked as expected.
R005403,C001830,support,2025-12-08T17:02:00Z,2025-12-08T17:29:00Z,1,6,2,resolution,The response was quick.
R005404,C001538,service,2025-12-08T18:33:00Z,2025-12-08T19:24:00Z,1,7,3,experience,I needed more than one contact.
R005405,C000666,service,2025-12-08T20:04:00Z,2025-12-08T22:15:00Z,1,7,4,schedule,The response was quick.
R005406,C002237,service,2025-12-08T21:35:00Z,2025-12-22T22:12:00Z,2,9,5,schedule,The response was quick.
R005407,C001154,onboarding,2025-12-08T23:06:00Z,2025-12-09T00:56:00Z,1,8,5,information,Everything worked as expected.
R005408,C002049,support,2025-12-09T00:37:00Z,2025-12-09T03:25:00Z,1,10,4,resolution,The response was quick.
R005409,C000440,service,2025-12-09T02:08:00Z,2025-12-09T02:45:00Z,1,10,5,schedule,The waiting time affected the experience.
R005410,C001855,service,2025-12-09T03:39:00Z,2025-12-09T05:43:00Z,1,9,3,schedule,The response was quick.
R005411,C000386,support,2025-12-09T05:10:00Z,2025-12-09T08:00:00Z,1,6,2,communication,Everything worked as expected.
R005412,C000348,onboarding,2025-12-09T06:41:00Z,2025-12-09T07:15:00Z,1,5,4,information,The waiting time affected the experience.
R005413,C000356,service,2025-12-09T08:12:00Z,2025-12-09T09:08:00Z,1,8,5,experience,The waiting time affected the experience.
R005414,C002247,support,2025-12-09T09:43:00Z,2025-12-09T10:06:00Z,1,6,4,communication,The response was quick.
R005415,C001972,support,2025-12-09T11:14:00Z,2025-12-09T12:57:00Z,1,7,3,resolution,The information could be clearer.
R005416,C001153,service,2025-12-09T12:45:00Z,2025-12-09T13:40:00Z,1,8,4,experience,Everything worked as expected.
R005417,C000109,service,2025-12-09T14:16:00Z,2025-12-09T14:27:00Z,1,10,4,experience,The waiting time affected the experience.
R005418,C002399,service,2025-12-09T15:47:00Z,2025-12-09T16:18:00Z,1,7,5,experience,Everything worked as expected.
R005419,C001753,renewal,2025-12-09T17:18:00Z,2025-12-09T18:55:00Z,1,3,5,relationship,Everything worked as expected.
R005420,C001237,support,2025-12-09T18:49:00Z,2025-12-09T19:56:00Z,1,6,3,communication,I needed more than one contact.
R005421,C001400,onboarding,2025-12-09T20:20:00Z,2025-12-09T21:11:00Z,1,10,3,access,The response was quick.
R005422,C000471,service,2025-12-09T21:51:00Z,2025-12-09T23:26:00Z,1,7,4,schedule,The information could be clearer.
R005423,C000766,onboarding,2025-12-09T23:22:00Z,2025-12-24T00:16:00Z,2,8,4,information,I needed more than one contact.
R005424,C000716,onboarding,2025-12-10T00:53:00Z,2025-12-10T02:07:00Z,1,9,3,access,Everything worked as expected.
R005425,C002263,service,2025-12-10T02:24:00Z,2025-12-10T05:07:00Z,1,8,2,experience,The response was quick.
R005426,C001226,support,2025-12-10T03:55:00Z,2025-12-10T05:23:00Z,1,7,4,communication,The waiting time affected the experience.
R005427,C001093,service,2025-12-10T05:26:00Z,2025-12-10T05:31:00Z,1,8,4,experience,The information could be clearer.
R005428,C000575,renewal,2025-12-10T06:57:00Z,2025-12-10T08:24:00Z,1,7,5,relationship,The waiting time affected the experience.
R005429,C000044,support,2025-12-10T08:28:00Z,2025-12-10T08:41:00Z,1,7,4,communication,Everything worked as expected.
R005430,C001719,service,2025-12-10T09:59:00Z,2025-12-10T12:32:00Z,1,5,4,schedule,The waiting time affected the experience.
R005431,C002084,support,2025-12-10T11:30:00Z,2025-12-10T12:35:00Z,1,5,3,resolution,Everything worked as expected.
R005432,C002134,support,2025-12-10T13:01:00Z,2025-12-10T14:54:00Z,1,7,3,resolution,I needed more than one contact.
R005433,C001068,service,2025-12-10T14:32:00Z,2025-12-10T16:57:00Z,1,7,5,schedule,The information could be clearer.
R005434,C002198,service,2025-12-10T16:03:00Z,2025-12-10T17:52:00Z,1,10,5,experience,The information could be clearer.
R005435,C000845,onboarding,2025-12-10T17:34:00Z,2025-12-10T19:52:00Z,1,7,4,information,The waiting time affected the experience.
R005436,C002320,service,2025-12-10T19:05:00Z,2025-12-10T21:01:00Z,1,5,3,schedule,The waiting time affected the experience.
R005437,C001053,service,2025-12-10T20:36:00Z,2025-12-10T21:15:00Z,1,8,3,experience,Everything worked as expected.
R005438,C001599,service,2025-12-10T22:07:00Z,2025-12-11T00:53:00Z,1,9,5,schedule,The response was quick.
R005439,C001319,service,2025-12-10T23:38:00Z,2025-12-11T02:17:00Z,1,8,4,schedule,The response was quick.
R005440,C000415,support,2025-12-11T01:09:00Z,2025-12-25T01:21:00Z,2,8,4,resolution,The waiting time affected the experience.
R005441,C000676,service,2025-12-11T02:40:00Z,2025-12-11T04:31:00Z,1,7,4,experience,The information could be clearer.
R005442,C002020,onboarding,2025-12-11T04:11:00Z,2025-12-11T05:32:00Z,1,8,3,information,I needed more than one contact.
R005443,C000682,support,2025-12-11T05:42:00Z,2025-12-11T07:54:00Z,1,7,2,resolution,The waiting time affected the experience.
R005444,C002388,onboarding,2025-12-11T07:13:00Z,2025-12-11T08:49:00Z,1,6,3,access,The response was quick.
R005445,C000589,support,2025-12-11T08:44:00Z,2025-12-11T11:24:00Z,1,4,3,communication,The response was quick.
R005446,C000993,onboarding,2025-12-11T10:15:00Z,2025-12-11T11:35:00Z,1,9,5,access,The waiting time affected the experience.
R005447,C001950,support,2025-12-11T11:46:00Z,2025-12-11T12:46:00Z,1,6,4,communication,The information could be clearer.
R005448,C001684,service,2025-12-11T13:17:00Z,2025-12-11T15:02:00Z,1,8,3,experience,The information could be clearer.
R005449,C001174,service,2025-12-11T14:48:00Z,2025-12-11T16:01:00Z,1,6,2,experience,The response was quick.
R005450,C002318,support,2025-12-11T16:19:00Z,2025-12-11T17:16:00Z,1,6,2,resolution,The information could be clearer.
R005451,C000611,renewal,2025-12-11T17:50:00Z,2025-12-11T20:26:00Z,1,6,3,value,The response was quick.
R005452,C001124,support,2025-12-11T19:21:00Z,2025-12-11T20:30:00Z,1,8,1,communication,I needed more than one contact.
R005453,C001544,support,2025-12-11T20:52:00Z,2025-12-11T22:54:00Z,1,9,3,resolution,I needed more than one contact.
R005454,C001310,renewal,2025-12-11T22:23:00Z,2025-12-12T00:04:00Z,1,10,3,relationship,The waiting time affected the experience.
R005455,C000385,support,2025-12-11T23:54:00Z,2025-12-12T02:51:00Z,1,9,5,resolution,The waiting time affected the experience.
R005456,C000556,renewal,2025-12-12T01:25:00Z,2025-12-12T03:50:00Z,1,7,4,value,Everything worked as expected.
R005457,C001805,service,2025-12-12T02:56:00Z,2025-12-26T03:25:00Z,2,10,3,experience,Everything worked as expected.
R005458,C001274,service,2025-12-12T04:27:00Z,2025-12-12T06:03:00Z,1,7,3,schedule,Everything worked as expected.
R005459,C001613,service,2025-12-12T05:58:00Z,2025-12-12T06:34:00Z,1,9,3,experience,Everything worked as expected.
R005460,C000722,onboarding,2025-12-12T07:29:00Z,2025-12-12T09:30:00Z,1,7,4,information,The information could be clearer.
R005461,C001565,service,2025-12-12T09:00:00Z,2025-12-12T10:34:00Z,1,8,3,schedule,The response was quick.
R005462,C002003,support,2025-12-12T10:31:00Z,2025-12-12T11:49:00Z,1,8,3,communication,The waiting time affected the experience.
R005463,C001072,support,2025-12-12T12:02:00Z,2025-12-12T12:30:00Z,1,8,5,resolution,The information could be clearer.
R005464,C000374,onboarding,2025-12-12T13:33:00Z,2025-12-12T13:49:00Z,1,8,2,access,Everything worked as expected.
R005465,C000066,onboarding,2025-12-12T15:04:00Z,2025-12-12T15:34:00Z,1,8,5,access,I needed more than one contact.
R005466,C000814,support,2025-12-12T16:35:00Z,2025-12-12T17:22:00Z,1,4,5,resolution,The response was quick.
R005467,C002020,service,2025-12-12T18:06:00Z,2025-12-12T18:37:00Z,1,7,4,schedule,I needed more than one contact.
R005468,C002359,service,2025-12-12T19:37:00Z,2025-12-12T20:18:00Z,1,6,4,schedule,Everything worked as expected.
R005469,C000502,service,2025-12-12T21:08:00Z,2025-12-12T21:17:00Z,1,6,3,schedule,Everything worked as expected.
R005470,C000347,support,2025-12-12T22:39:00Z,2025-12-12T23:41:00Z,1,7,1,communication,Everything worked as expected.
R005471,C002246,renewal,2025-12-13T00:10:00Z,2025-12-13T02:08:00Z,1,8,3,relationship,The response was quick.
R005472,C001893,service,2025-12-13T01:41:00Z,2025-12-13T04:34:00Z,1,7,4,experience,Everything worked as expected.
R005473,C000610,support,2025-12-13T03:12:00Z,2025-12-13T05:24:00Z,1,7,3,resolution,The response was quick.
R005474,C001565,service,2025-12-13T04:43:00Z,2025-12-27T05:29:00Z,2,8,3,schedule,The information could be clearer.
R005475,C002217,support,2025-12-13T06:14:00Z,2025-12-13T07:05:00Z,1,6,4,resolution,The waiting time affected the experience.
R005476,C000668,service,2025-12-13T07:45:00Z,2025-12-13T08:31:00Z,1,10,3,experience,The information could be clearer.
R005477,C001163,renewal,2025-12-13T09:16:00Z,2025-12-13T10:56:00Z,1,7,4,value,Everything worked as expected.
R005478,C001366,service,2025-12-13T10:47:00Z,2025-12-13T12:58:00Z,1,8,5,schedule,Everything worked as expected.
R005479,C000406,service,2025-12-13T12:18:00Z,2025-12-13T14:37:00Z,1,9,3,schedule,The response was quick.
R005480,C001434,service,2025-12-13T13:49:00Z,2025-12-13T13:55:00Z,1,9,4,experience,Everything worked as expected.
R005481,C001564,onboarding,2025-12-13T15:20:00Z,2025-12-13T16:42:00Z,1,8,4,access,The response was quick.
R005482,C000617,onboarding,2025-12-13T16:51:00Z,2025-12-13T18:49:00Z,1,9,4,information,The waiting time affected the experience.
R005483,C001455,service,2025-12-13T18:22:00Z,2025-12-13T19:00:00Z,1,9,5,schedule,Everything worked as expected.
R005484,C001581,support,2025-12-13T19:53:00Z,2025-12-13T20:25:00Z,1,7,4,communication,Everything worked as expected.
R005485,C002096,support,2025-12-13T21:24:00Z,2025-12-13T21:46:00Z,1,4,4,resolution,The waiting time affected the experience.
R005486,C000721,support,2025-12-13T22:55:00Z,2025-12-14T00:23:00Z,1,8,2,resolution,The waiting time affected the experience.
R005487,C002386,service,2025-12-14T00:26:00Z,2025-12-14T02:49:00Z,1,8,4,schedule,The response was quick.
R005488,C001455,service,2025-12-14T01:57:00Z,2025-12-14T02:58:00Z,1,6,5,schedule,Everything worked as expected.
R005489,C001933,support,2025-12-14T03:28:00Z,2025-12-14T06:21:00Z,1,6,3,resolution,The response was quick.
R005490,C000924,service,2025-12-14T04:59:00Z,2025-12-14T07:48:00Z,1,8,5,schedule,The information could be clearer.
R005491,C001151,onboarding,2025-12-14T06:30:00Z,2025-12-28T06:34:00Z,2,8,4,information,I needed more than one contact.
R005492,C000874,renewal,2025-12-14T08:01:00Z,2025-12-14T10:30:00Z,1,6,3,value,The information could be clearer.
R005493,C002263,support,2025-12-14T09:32:00Z,2025-12-14T09:43:00Z,1,6,4,resolution,The response was quick.
R005494,C001541,renewal,2025-12-14T11:03:00Z,2025-12-14T12:00:00Z,1,7,3,relationship,I needed more than one contact.
R005495,C001742,onboarding,2025-12-14T12:34:00Z,2025-12-14T12:41:00Z,1,7,5,access,I needed more than one contact.
R005496,C001691,support,2025-12-14T14:05:00Z,2025-12-14T15:37:00Z,1,7,3,communication,Everything worked as expected.
R005497,C002377,onboarding,2025-12-14T15:36:00Z,2025-12-14T17:17:00Z,1,10,5,access,Everything worked as expected.
R005498,C002271,onboarding,2025-12-14T17:07:00Z,2025-12-14T17:24:00Z,1,8,4,information,Everything worked as expected.
R005499,C000337,onboarding,2025-12-14T18:38:00Z,2025-12-14T19:25:00Z,1,5,4,access,The waiting time affected the experience.
R005500,C000216,service,2025-12-14T20:09:00Z,2025-12-14T22:38:00Z,1,3,4,experience,Everything worked as expected.
R005501,C000709,service,2025-12-14T21:40:00Z,2025-12-14T23:03:00Z,1,7,5,experience,The waiting time affected the experience.
R005502,C000269,service,2025-12-14T23:11:00Z,2025-12-14T23:42:00Z,1,9,5,experience,The response was quick.
R005503,C000064,service,2025-12-15T00:42:00Z,2025-12-15T03:14:00Z,1,8,5,schedule,I needed more than one contact.
R005504,C000278,service,2025-12-15T02:13:00Z,2025-12-15T03:02:00Z,1,6,4,schedule,I needed more than one contact.
R005505,C000539,support,2025-12-15T03:44:00Z,2025-12-15T04:14:00Z,1,4,4,resolution,Everything worked as expected.
R005506,C001624,service,2025-12-15T05:15:00Z,2025-12-15T06:59:00Z,1,9,3,schedule,The information could be clearer.
R005507,C001777,renewal,2025-12-15T06:46:00Z,2025-12-15T07:35:00Z,1,6,4,relationship,Everything worked as expected.
R005508,C000105,support,2025-12-15T08:17:00Z,2025-12-29T08:38:00Z,2,7,2,communication,Everything worked as expected.
R005509,C001194,support,2025-12-15T09:48:00Z,2025-12-15T12:22:00Z,1,9,4,communication,I needed more than one contact.
R005510,C000413,service,2025-12-15T11:19:00Z,2025-12-15T13:57:00Z,1,5,4,schedule,The response was quick.
R005511,C000861,renewal,2025-12-15T12:50:00Z,2025-12-15T15:05:00Z,1,10,3,relationship,Everything worked as expected.
R005512,C001127,service,2025-12-15T14:21:00Z,2025-12-15T15:22:00Z,1,10,4,schedule,I needed more than one contact.
R005513,C001310,support,2025-12-15T15:52:00Z,2025-12-15T17:22:00Z,1,6,3,communication,The waiting time affected the experience.
R005514,C000829,service,2025-12-15T17:23:00Z,2025-12-15T19:14:00Z,1,8,5,schedule,The response was quick.
R005515,C000339,support,2025-12-15T18:54:00Z,2025-12-15T20:45:00Z,1,5,3,resolution,The response was quick.
R005516,C002238,service,2025-12-15T20:25:00Z,2025-12-15T22:55:00Z,1,8,3,experience,The response was quick.
R005517,C001664,renewal,2025-12-15T21:56:00Z,2025-12-15T22:49:00Z,1,6,4,relationship,Everything worked as expected.
R005518,C000770,service,2025-12-15T23:27:00Z,2025-12-16T00:30:00Z,1,4,4,schedule,The response was quick.
R005519,C001833,support,2025-12-16T00:58:00Z,2025-12-16T01:57:00Z,1,4,3,communication,The information could be clearer.
R005520,C000198,support,2025-12-16T02:29:00Z,2025-12-16T03:35:00Z,1,7,4,communication,The waiting time affected the experience.
R005521,C000046,onboarding,2025-12-16T04:00:00Z,2025-12-16T05:10:00Z,1,8,3,access,The information could be clearer.
R005522,C000441,support,2025-12-16T05:31:00Z,2025-12-16T06:52:00Z,1,6,3,resolution,I needed more than one contact.
R005523,C001671,support,2025-12-16T07:02:00Z,2025-12-16T08:35:00Z,1,6,2,resolution,I needed more than one contact.
R005524,C000713,support,2025-12-16T08:33:00Z,2025-12-16T09:16:00Z,1,10,4,communication,The waiting time affected the experience.
R005525,C000774,service,2025-12-16T10:04:00Z,2025-12-30T10:42:00Z,2,7,4,experience,The information could be clearer.
R005526,C001187,service,2025-12-16T11:35:00Z,2025-12-16T12:25:00Z,1,9,4,experience,Everything worked as expected.
R005527,C000360,support,2025-12-16T13:06:00Z,2025-12-16T15:19:00Z,1,7,4,resolution,Everything worked as expected.
R005528,C002375,support,2025-12-16T14:37:00Z,2025-12-16T17:18:00Z,1,10,3,resolution,The response was quick.
R005529,C002151,service,2025-12-16T16:08:00Z,2025-12-16T16:45:00Z,1,5,4,schedule,I needed more than one contact.
R005530,C002236,renewal,2025-12-16T17:39:00Z,2025-12-16T19:46:00Z,1,5,3,relationship,Everything worked as expected.
R005531,C001258,support,2025-12-16T19:10:00Z,2025-12-16T22:04:00Z,1,5,4,resolution,The waiting time affected the experience.
R005532,C000099,onboarding,2025-12-16T20:41:00Z,2025-12-16T21:07:00Z,1,10,4,access,The waiting time affected the experience.
R005533,C001873,renewal,2025-12-16T22:12:00Z,2025-12-16T23:08:00Z,1,6,3,relationship,I needed more than one contact.
R005534,C001989,onboarding,2025-12-16T23:43:00Z,2025-12-17T00:52:00Z,1,9,5,information,The information could be clearer.
R005535,C001029,support,2025-12-17T01:14:00Z,2025-12-17T03:31:00Z,1,3,3,resolution,The information could be clearer.
R005536,C000136,support,2025-12-17T02:45:00Z,2025-12-17T03:07:00Z,1,3,3,communication,The waiting time affected the experience.
R005537,C001650,support,2025-12-17T04:16:00Z,2025-12-17T05:45:00Z,1,5,5,resolution,Everything worked as expected.
R005538,C000552,support,2025-12-17T05:47:00Z,2025-12-17T07:49:00Z,1,7,4,communication,The response was quick.
R005539,C001142,onboarding,2025-12-17T07:18:00Z,2025-12-17T08:40:00Z,1,6,4,information,The waiting time affected the experience.
R005540,C000911,onboarding,2025-12-17T08:49:00Z,2025-12-17T09:03:00Z,1,9,3,information,The response was quick.
R005541,C002093,support,2025-12-17T10:20:00Z,2025-12-17T12:41:00Z,1,2,1,communication,I needed more than one contact.
R005542,C001398,renewal,2025-12-17T11:51:00Z,2025-12-31T12:46:00Z,2,9,5,relationship,The response was quick.
R005543,C001929,support,2025-12-17T13:22:00Z,2025-12-17T16:17:00Z,1,7,2,communication,Everything worked as expected.
R005544,C001573,support,2025-12-17T14:53:00Z,2025-12-17T16:22:00Z,1,6,3,resolution,Everything worked as expected.
R005545,C000664,service,2025-12-17T16:24:00Z,2025-12-17T16:34:00Z,1,6,5,experience,The response was quick.
R005546,C000657,onboarding,2025-12-17T17:55:00Z,2025-12-17T19:18:00Z,1,10,5,access,Everything worked as expected.
R005547,C002023,support,2025-12-17T19:26:00Z,2025-12-17T22:06:00Z,1,6,2,resolution,The waiting time affected the experience.
R005548,C001236,support,2025-12-17T20:57:00Z,2025-12-17T22:25:00Z,1,9,3,communication,I needed more than one contact.
R005549,C000929,support,2025-12-17T22:28:00Z,2025-12-17T22:46:00Z,1,6,2,communication,The information could be clearer.
R005550,C000059,renewal,2025-12-17T23:59:00Z,2025-12-18T02:33:00Z,1,5,4,relationship,The information could be clearer.
R005551,C001556,support,2025-12-18T01:30:00Z,2025-12-18T03:56:00Z,1,6,4,resolution,The response was quick.
R005552,C001602,service,2025-12-18T03:01:00Z,2025-12-18T03:55:00Z,1,6,5,schedule,The information could be clearer.
R005553,C000560,support,2025-12-18T04:32:00Z,2025-12-18T05:17:00Z,1,6,4,resolution,The waiting time affected the experience.
R005554,C002242,onboarding,2025-12-18T06:03:00Z,2025-12-18T08:22:00Z,1,9,4,information,The information could be clearer.
R005555,C001000,support,2025-12-18T07:34:00Z,2025-12-18T08:02:00Z,1,3,5,resolution,I needed more than one contact.
R005556,C000074,support,2025-12-18T09:05:00Z,2025-12-18T11:06:00Z,1,5,5,communication,The information could be clearer.
R005557,C000245,onboarding,2025-12-18T10:36:00Z,2025-12-18T12:59:00Z,1,8,5,access,The waiting time affected the experience.
R005558,C000784,renewal,2025-12-18T12:07:00Z,2025-12-18T13:24:00Z,1,6,4,value,Everything worked as expected.
R005559,C002183,service,2025-12-18T13:38:00Z,2026-01-01T13:51:00Z,2,10,3,experience,The response was quick.
R005560,C002363,renewal,2025-12-18T15:09:00Z,2025-12-18T16:44:00Z,1,9,3,relationship,The information could be clearer.
R005561,C002210,support,2025-12-18T16:40:00Z,2025-12-18T16:54:00Z,1,8,2,communication,The waiting time affected the experience.
R005562,C001754,service,2025-12-18T18:11:00Z,2025-12-18T20:12:00Z,1,8,4,schedule,The waiting time affected the experience.
R005563,C001246,onboarding,2025-12-18T19:42:00Z,2025-12-18T20:06:00Z,1,9,3,information,The waiting time affected the experience.
R005564,C001835,service,2025-12-18T21:13:00Z,2025-12-18T23:14:00Z,1,6,5,experience,I needed more than one contact.
R005565,C001805,support,2025-12-18T22:44:00Z,2025-12-19T00:55:00Z,1,5,3,communication,The response was quick.
R005566,C000456,onboarding,2025-12-19T00:15:00Z,2025-12-19T01:46:00Z,1,8,4,information,The response was quick.
R005567,C001110,renewal,2025-12-19T01:46:00Z,2025-12-19T04:41:00Z,1,8,5,relationship,The waiting time affected the experience.
R005568,C001631,service,2025-12-19T03:17:00Z,2025-12-19T05:07:00Z,1,10,4,experience,The information could be clearer.
R005569,C001185,onboarding,2025-12-19T04:48:00Z,2025-12-19T04:59:00Z,1,9,4,information,The response was quick.
R005570,C000715,service,2025-12-19T06:19:00Z,2025-12-19T06:40:00Z,1,7,3,experience,The information could be clearer.
R005571,C002000,onboarding,2025-12-19T07:50:00Z,2025-12-19T08:57:00Z,1,8,4,access,Everything worked as expected.
R005572,C002266,onboarding,2025-12-19T09:21:00Z,2025-12-19T10:17:00Z,1,7,5,information,The response was quick.
R005573,C000939,support,2025-12-19T10:52:00Z,2025-12-19T13:05:00Z,1,7,3,resolution,The waiting time affected the experience.
R005574,C000224,onboarding,2025-12-19T12:23:00Z,2025-12-19T14:24:00Z,1,5,5,information,The information could be clearer.
R005575,C002183,support,2025-12-19T13:54:00Z,2025-12-19T15:26:00Z,1,3,5,communication,Everything worked as expected.
R005576,C001394,onboarding,2025-12-19T15:25:00Z,2026-01-02T15:55:00Z,2,10,4,access,I needed more than one contact.
R005577,C002099,service,2025-12-19T16:56:00Z,2025-12-19T19:16:00Z,1,9,4,schedule,Everything worked as expected.
R005578,C000601,renewal,2025-12-19T18:27:00Z,2025-12-19T21:21:00Z,1,6,4,relationship,The information could be clearer.
R005579,C002025,onboarding,2025-12-19T19:58:00Z,2025-12-19T22:33:00Z,1,4,4,information,The information could be clearer.
R005580,C001475,service,2025-12-19T21:29:00Z,2025-12-19T22:39:00Z,1,4,4,experience,The information could be clearer.
R005581,C002390,renewal,2025-12-19T23:00:00Z,2025-12-19T23:28:00Z,1,3,5,relationship,Everything worked as expected.
R005582,C001420,support,2025-12-20T00:31:00Z,2025-12-20T01:19:00Z,1,6,3,resolution,The response was quick.
R005583,C000676,service,2025-12-20T02:02:00Z,2025-12-20T03:38:00Z,1,9,3,schedule,The waiting time affected the experience.
R005584,C000200,support,2025-12-20T03:33:00Z,2025-12-20T04:59:00Z,1,9,4,communication,The response was quick.
R005585,C000866,service,2025-12-20T05:04:00Z,2025-12-20T05:39:00Z,1,6,2,schedule,Everything worked as expected.
R005586,C000902,renewal,2025-12-20T06:35:00Z,2025-12-20T07:35:00Z,1,6,4,relationship,The response was quick.
R005587,C000108,support,2025-12-20T08:06:00Z,2025-12-20T10:49:00Z,1,4,4,communication,I needed more than one contact.
R005588,C002176,service,2025-12-20T09:37:00Z,2025-12-20T10:34:00Z,1,4,2,schedule,The waiting time affected the experience.
R005589,C001286,service,2025-12-20T11:08:00Z,2025-12-20T13:20:00Z,1,10,5,experience,The information could be clearer.
R005590,C001995,service,2025-12-20T12:39:00Z,2025-12-20T13:58:00Z,1,10,5,schedule,The response was quick.
R005591,C001157,service,2025-12-20T14:10:00Z,2025-12-20T15:34:00Z,1,8,4,experience,Everything worked as expected.
R005592,C001870,support,2025-12-20T15:41:00Z,2025-12-20T18:01:00Z,1,5,3,communication,The waiting time affected the experience.
R005593,C001443,service,2025-12-20T17:12:00Z,2026-01-03T17:59:00Z,2,8,5,schedule,The waiting time affected the experience.
R005594,C001223,service,2025-12-20T18:43:00Z,2025-12-20T19:53:00Z,1,9,4,experience,The response was quick.
R005595,C002388,service,2025-12-20T20:14:00Z,2025-12-20T22:45:00Z,1,8,5,experience,The waiting time affected the experience.
R005596,C002306,support,2025-12-20T21:45:00Z,2025-12-20T23:47:00Z,1,4,3,communication,The response was quick.
R005597,C000341,service,2025-12-20T23:16:00Z,2025-12-21T01:02:00Z,1,7,4,experience,The waiting time affected the experience.
R005598,C001217,support,2025-12-21T00:47:00Z,2025-12-21T01:10:00Z,1,3,5,communication,Everything worked as expected.
R005599,C000531,onboarding,2025-12-21T02:18:00Z,2025-12-21T04:46:00Z,1,8,4,access,The response was quick.
R005600,C000623,support,2025-12-21T03:49:00Z,2025-12-21T05:54:00Z,1,4,3,communication,The information could be clearer.
R005601,C002119,service,2025-12-21T05:20:00Z,2025-12-21T08:17:00Z,1,4,3,experience,Everything worked as expected.
R005602,C001217,support,2025-12-21T06:51:00Z,2025-12-21T08:44:00Z,1,8,4,resolution,The information could be clearer.
R005603,C002053,service,2025-12-21T08:22:00Z,2025-12-21T09:06:00Z,1,5,3,experience,The information could be clearer.
R005604,C001044,renewal,2025-12-21T09:53:00Z,2025-12-21T10:15:00Z,1,7,4,relationship,Everything worked as expected.
R005605,C001503,service,2025-12-21T11:24:00Z,2025-12-21T13:19:00Z,1,9,3,schedule,I needed more than one contact.
R005606,C002282,service,2025-12-21T12:55:00Z,2025-12-21T13:34:00Z,1,9,4,schedule,The information could be clearer.
R005607,C002355,support,2025-12-21T14:26:00Z,2025-12-21T16:15:00Z,1,6,4,resolution,The waiting time affected the experience.
R005608,C001505,service,2025-12-21T15:57:00Z,2025-12-21T16:17:00Z,1,9,4,schedule,The response was quick.
R005609,C002393,service,2025-12-21T17:28:00Z,2025-12-21T18:19:00Z,1,2,5,experience,The information could be clearer.
R005610,C001669,renewal,2025-12-21T18:59:00Z,2026-01-04T19:04:00Z,2,6,3,relationship,The information could be clearer.
R005611,C001639,service,2025-12-21T20:30:00Z,2025-12-21T21:14:00Z,1,8,5,experience,The information could be clearer.
R005612,C002362,service,2025-12-21T22:01:00Z,2025-12-22T00:51:00Z,1,10,4,schedule,Everything worked as expected.
R005613,C002269,service,2025-12-21T23:32:00Z,2025-12-22T01:25:00Z,1,9,4,schedule,I needed more than one contact.
R005614,C000362,service,2025-12-22T01:03:00Z,2025-12-22T02:14:00Z,1,10,3,experience,The waiting time affected the experience.
R005615,C001995,support,2025-12-22T02:34:00Z,2025-12-22T03:59:00Z,1,6,4,resolution,The information could be clearer.
R005616,C000343,renewal,2025-12-22T04:05:00Z,2025-12-22T06:00:00Z,1,9,3,value,The information could be clearer.
R005617,C000920,onboarding,2025-12-22T05:36:00Z,2025-12-22T07:07:00Z,1,9,3,access,Everything worked as expected.
R005618,C000312,onboarding,2025-12-22T07:07:00Z,2025-12-22T09:07:00Z,1,10,5,access,Everything worked as expected.
R005619,C000992,service,2025-12-22T08:38:00Z,2025-12-22T09:29:00Z,1,8,4,experience,The waiting time affected the experience.
R005620,C001116,onboarding,2025-12-22T10:09:00Z,2025-12-22T12:57:00Z,1,6,4,access,The response was quick.
R005621,C001288,support,2025-12-22T11:40:00Z,2025-12-22T13:34:00Z,1,6,3,resolution,Everything worked as expected.
R005622,C001646,service,2025-12-22T13:11:00Z,2025-12-22T15:18:00Z,1,7,3,schedule,The response was quick.
R005623,C000796,renewal,2025-12-22T14:42:00Z,2025-12-22T15:10:00Z,1,5,3,value,I needed more than one contact.
R005624,C001450,service,2025-12-22T16:13:00Z,2025-12-22T18:44:00Z,1,9,4,experience,I needed more than one contact.
R005625,C000991,renewal,2025-12-22T17:44:00Z,2025-12-22T19:41:00Z,1,5,3,value,The waiting time affected the experience.
R005626,C000379,service,2025-12-22T19:15:00Z,2025-12-22T20:43:00Z,1,10,4,experience,The response was quick.
R005627,C001205,support,2025-12-22T20:46:00Z,2026-01-05T21:08:00Z,2,8,2,resolution,The waiting time affected the experience.
R005628,C000206,support,2025-12-22T22:17:00Z,2025-12-22T22:33:00Z,1,6,4,communication,The waiting time affected the experience.
R005629,C000090,support,2025-12-22T23:48:00Z,2025-12-23T00:08:00Z,1,8,3,communication,Everything worked as expected.
R005630,C001459,service,2025-12-23T01:19:00Z,2025-12-23T03:55:00Z,1,9,3,experience,The response was quick.
R005631,C002296,renewal,2025-12-23T02:50:00Z,2025-12-23T05:23:00Z,1,7,3,value,I needed more than one contact.
R005632,C000210,support,2025-12-23T04:21:00Z,2025-12-23T07:10:00Z,1,4,3,resolution,The information could be clearer.
R005633,C001488,service,2025-12-23T05:52:00Z,2025-12-23T08:38:00Z,1,10,3,schedule,The information could be clearer.
R005634,C000745,renewal,2025-12-23T07:23:00Z,2025-12-23T08:12:00Z,1,4,3,value,Everything worked as expected.
R005635,C000278,service,2025-12-23T08:54:00Z,2025-12-23T09:00:00Z,1,7,4,experience,I needed more than one contact.
R005636,C001477,support,2025-12-23T10:25:00Z,2025-12-23T12:12:00Z,1,9,1,resolution,The response was quick.
R005637,C000193,renewal,2025-12-23T11:56:00Z,2025-12-23T13:23:00Z,1,8,3,relationship,Everything worked as expected.
R005638,C000455,service,2025-12-23T13:27:00Z,2025-12-23T14:22:00Z,1,7,5,schedule,The information could be clearer.
R005639,C000326,service,2025-12-23T14:58:00Z,2025-12-23T16:09:00Z,1,10,5,schedule,The response was quick.
R005640,C000305,service,2025-12-23T16:29:00Z,2025-12-23T19:22:00Z,1,4,4,experience,The waiting time affected the experience.
R005641,C000824,renewal,2025-12-23T18:00:00Z,2025-12-23T20:47:00Z,1,9,3,value,Everything worked as expected.
R005642,C002103,onboarding,2025-12-23T19:31:00Z,2025-12-23T20:59:00Z,1,10,3,information,Everything worked as expected.
R005643,C001248,support,2025-12-23T21:02:00Z,2025-12-23T23:46:00Z,1,9,3,communication,I needed more than one contact.
R005644,C000323,service,2025-12-23T22:33:00Z,2026-01-06T23:12:00Z,2,6,2,schedule,The waiting time affected the experience.
R005645,C001042,support,2025-12-24T00:04:00Z,2025-12-24T03:00:00Z,1,10,5,resolution,The information could be clearer.
R005646,C000386,support,2025-12-24T01:35:00Z,2025-12-24T02:56:00Z,1,5,2,communication,The waiting time affected the experience.
R005647,C002258,onboarding,2025-12-24T03:06:00Z,2025-12-24T03:50:00Z,1,6,4,access,The waiting time affected the experience.
R005648,C000983,support,2025-12-24T04:37:00Z,2025-12-24T06:00:00Z,1,9,5,resolution,Everything worked as expected.
R005649,C001459,onboarding,2025-12-24T06:08:00Z,2025-12-24T08:55:00Z,1,8,5,information,The response was quick.
R005650,C001591,onboarding,2025-12-24T07:39:00Z,2025-12-24T08:12:00Z,1,10,5,access,The waiting time affected the experience.
R005651,C002101,support,2025-12-24T09:10:00Z,2025-12-24T10:45:00Z,1,4,5,resolution,The waiting time affected the experience.
R005652,C001466,renewal,2025-12-24T10:41:00Z,2025-12-24T13:32:00Z,1,9,3,relationship,The information could be clearer.
R005653,C000379,support,2025-12-24T12:12:00Z,2025-12-24T13:44:00Z,1,4,5,communication,I needed more than one contact.
R005654,C001035,support,2025-12-24T13:43:00Z,2025-12-24T13:54:00Z,1,6,4,resolution,The response was quick.
R005655,C001872,support,2025-12-24T15:14:00Z,2025-12-24T17:05:00Z,1,5,3,communication,I needed more than one contact.
R005656,C000826,service,2025-12-24T16:45:00Z,2025-12-24T18:14:00Z,1,10,2,schedule,The response was quick.
R005657,C000076,renewal,2025-12-24T18:16:00Z,2025-12-24T18:52:00Z,1,8,3,value,The response was quick.
R005658,C001320,service,2025-12-24T19:47:00Z,2025-12-24T20:23:00Z,1,6,4,experience,The waiting time affected the experience.
R005659,C000499,service,2025-12-24T21:18:00Z,2025-12-25T00:03:00Z,1,6,5,schedule,Everything worked as expected.
R005660,C000449,service,2025-12-24T22:49:00Z,2025-12-25T00:17:00Z,1,10,3,experience,The waiting time affected the experience.
R005661,C001665,support,2025-12-25T00:20:00Z,2026-01-08T01:16:00Z,2,4,5,communication,Everything worked as expected.
R005662,C000073,support,2025-12-25T01:51:00Z,2025-12-25T02:35:00Z,1,5,5,communication,I needed more than one contact.
R005663,C000404,onboarding,2025-12-25T03:22:00Z,2025-12-25T05:55:00Z,1,9,4,information,The response was quick.
R005664,C000605,service,2025-12-25T04:53:00Z,2025-12-25T07:01:00Z,1,8,4,experience,The waiting time affected the experience.
R005665,C000790,onboarding,2025-12-25T06:24:00Z,2025-12-25T08:19:00Z,1,6,5,information,The response was quick.
R005666,C001279,onboarding,2025-12-25T07:55:00Z,2025-12-25T09:54:00Z,1,10,5,information,I needed more than one contact.
R005667,C001873,service,2025-12-25T09:26:00Z,2025-12-25T12:25:00Z,1,8,5,schedule,Everything worked as expected.
R005668,C001461,service,2025-12-25T10:57:00Z,2025-12-25T13:49:00Z,1,8,5,schedule,The response was quick.
R005669,C002107,onboarding,2025-12-25T12:28:00Z,2025-12-25T15:08:00Z,1,9,4,information,The information could be clearer.
R005670,C001895,service,2025-12-25T13:59:00Z,2025-12-25T16:07:00Z,1,9,5,schedule,The information could be clearer.
R005671,C001803,service,2025-12-25T15:30:00Z,2025-12-25T16:50:00Z,1,8,5,experience,The waiting time affected the experience.
R005672,C000860,service,2025-12-25T17:01:00Z,2025-12-25T19:19:00Z,1,10,4,schedule,Everything worked as expected.
R005673,C000583,renewal,2025-12-25T18:32:00Z,2025-12-25T21:25:00Z,1,9,5,relationship,The response was quick.
R005674,C000854,onboarding,2025-12-25T20:03:00Z,2025-12-25T22:15:00Z,1,7,5,access,The response was quick.
R005675,C001963,onboarding,2025-12-25T21:34:00Z,2025-12-25T23:50:00Z,1,6,4,access,The information could be clearer.
R005676,C000275,service,2025-12-25T23:05:00Z,2025-12-26T01:29:00Z,1,9,3,schedule,I needed more than one contact.
R005677,C000170,service,2025-12-26T00:36:00Z,2025-12-26T01:43:00Z,1,7,4,schedule,The response was quick.
R005678,C001239,onboarding,2025-12-26T02:07:00Z,2026-01-09T02:21:00Z,2,10,4,information,The waiting time affected the experience.
R005679,C001241,service,2025-12-26T03:38:00Z,2025-12-26T04:49:00Z,1,4,4,schedule,The information could be clearer.
R005680,C000731,service,2025-12-26T05:09:00Z,2025-12-26T06:59:00Z,1,10,5,schedule,Everything worked as expected.
R005681,C000338,support,2025-12-26T06:40:00Z,2025-12-26T06:55:00Z,1,4,3,resolution,The information could be clearer.
R005682,C000783,renewal,2025-12-26T08:11:00Z,2025-12-26T09:10:00Z,1,8,2,value,The response was quick.
R005683,C001662,support,2025-12-26T09:42:00Z,2025-12-26T11:16:00Z,1,5,3,communication,The waiting time affected the experience.
R005684,C001459,service,2025-12-26T11:13:00Z,2025-12-26T13:06:00Z,1,9,3,experience,The waiting time affected the experience.
R005685,C000565,support,2025-12-26T12:44:00Z,2025-12-26T15:40:00Z,1,4,5,communication,Everything worked as expected.
R005686,C001077,onboarding,2025-12-26T14:15:00Z,2025-12-26T15:18:00Z,1,6,5,access,Everything worked as expected.
R005687,C002266,renewal,2025-12-26T15:46:00Z,2025-12-26T18:46:00Z,1,5,5,relationship,The waiting time affected the experience.
R005688,C002316,service,2025-12-26T17:17:00Z,2025-12-26T20:00:00Z,1,7,5,schedule,I needed more than one contact.
R005689,C001027,support,2025-12-26T18:48:00Z,2025-12-26T20:49:00Z,1,7,3,communication,Everything worked as expected.
R005690,C000635,support,2025-12-26T20:19:00Z,2025-12-26T20:54:00Z,1,5,2,resolution,The response was quick.
R005691,C001833,onboarding,2025-12-26T21:50:00Z,2025-12-26T22:15:00Z,1,5,3,information,The information could be clearer.
R005692,C000564,service,2025-12-26T23:21:00Z,2025-12-27T01:53:00Z,1,6,2,experience,The response was quick.
R005693,C000464,renewal,2025-12-27T00:52:00Z,2025-12-27T02:13:00Z,1,5,4,relationship,Everything worked as expected.
R005694,C001519,support,2025-12-27T02:23:00Z,2025-12-27T04:20:00Z,1,10,3,resolution,The response was quick.
R005695,C000717,onboarding,2025-12-27T03:54:00Z,2026-01-10T04:25:00Z,2,9,5,access,The response was quick.
R005696,C001045,support,2025-12-27T05:25:00Z,2025-12-27T07:37:00Z,1,5,3,resolution,The information could be clearer.
R005697,C000782,service,2025-12-27T06:56:00Z,2025-12-27T09:00:00Z,1,7,4,schedule,Everything worked as expected.
R005698,C000593,service,2025-12-27T08:27:00Z,2025-12-27T09:52:00Z,1,8,4,experience,The information could be clearer.
R005699,C001134,onboarding,2025-12-27T09:58:00Z,2025-12-27T10:14:00Z,1,9,4,access,Everything worked as expected.
R005700,C002045,service,2025-12-27T11:29:00Z,2025-12-27T12:13:00Z,1,6,4,schedule,I needed more than one contact.
R005701,C000341,onboarding,2025-12-27T13:00:00Z,2025-12-27T14:26:00Z,1,10,4,information,Everything worked as expected.
R005702,C002278,support,2025-12-27T14:31:00Z,2025-12-27T14:54:00Z,1,8,3,communication,The information could be clearer.
R005703,C000885,support,2025-12-27T16:02:00Z,2025-12-27T18:58:00Z,1,7,3,resolution,Everything worked as expected.
R005704,C000466,support,2025-12-27T17:33:00Z,2025-12-27T18:40:00Z,1,8,3,communication,The response was quick.
R005705,C001991,service,2025-12-27T19:04:00Z,2025-12-27T21:08:00Z,1,9,4,experience,I needed more than one contact.
R005706,C001022,support,2025-12-27T20:35:00Z,2025-12-27T22:09:00Z,1,1,2,communication,I needed more than one contact.
R005707,C002259,renewal,2025-12-27T22:06:00Z,2025-12-28T00:58:00Z,1,9,3,value,Everything worked as expected.
R005708,C001607,support,2025-12-27T23:37:00Z,2025-12-28T00:11:00Z,1,3,3,communication,I needed more than one contact.
R005709,C001755,service,2025-12-28T01:08:00Z,2025-12-28T03:36:00Z,1,7,2,experience,The waiting time affected the experience.
R005710,C002128,support,2025-12-28T02:39:00Z,2025-12-28T05:18:00Z,1,7,4,communication,I needed more than one contact.
R005711,C001057,service,2025-12-28T04:10:00Z,2025-12-28T06:43:00Z,1,5,4,experience,I needed more than one contact.
R005712,C000276,onboarding,2025-12-28T05:41:00Z,2026-01-11T06:29:00Z,2,10,5,information,Everything worked as expected.
R005713,C000042,onboarding,2025-12-28T07:12:00Z,2025-12-28T07:56:00Z,1,8,4,access,I needed more than one contact.
R005714,C001725,support,2025-12-28T08:43:00Z,2025-12-28T10:36:00Z,1,9,4,resolution,The waiting time affected the experience.
R005715,C000551,onboarding,2025-12-28T10:14:00Z,2025-12-28T11:58:00Z,1,6,5,information,I needed more than one contact.
R005716,C000265,support,2025-12-28T11:45:00Z,2025-12-28T12:30:00Z,1,5,3,communication,I needed more than one contact.
R005717,C001891,support,2025-12-28T13:16:00Z,2025-12-28T14:16:00Z,1,2,5,communication,The waiting time affected the experience.
R005718,C001797,service,2025-12-28T14:47:00Z,2025-12-28T16:29:00Z,1,10,4,experience,The information could be clearer.
R005719,C002108,support,2025-12-28T16:18:00Z,2025-12-28T18:55:00Z,1,6,3,resolution,The response was quick.
R005720,C000583,renewal,2025-12-28T17:49:00Z,2025-12-28T18:03:00Z,1,3,4,relationship,The information could be clearer.
R005721,C002281,service,2025-12-28T19:20:00Z,2025-12-28T22:02:00Z,1,6,5,schedule,Everything worked as expected.
R005722,C001575,renewal,2025-12-28T20:51:00Z,2025-12-28T21:20:00Z,1,7,3,value,The waiting time affected the experience.
R005723,C000222,service,2025-12-28T22:22:00Z,2025-12-28T23:49:00Z,1,6,5,schedule,The response was quick.
R005724,C001097,service,2025-12-28T23:53:00Z,2025-12-29T00:47:00Z,1,4,3,schedule,The waiting time affected the experience.
R005725,C001582,support,2025-12-29T01:24:00Z,2025-12-29T03:46:00Z,1,6,3,resolution,Everything worked as expected.
R005726,C001182,service,2025-12-29T02:55:00Z,2025-12-29T04:12:00Z,1,6,2,experience,The response was quick.
R005727,C001057,onboarding,2025-12-29T04:26:00Z,2025-12-29T06:36:00Z,1,10,5,access,Everything worked as expected.
R005728,C001161,service,2025-12-29T05:57:00Z,2025-12-29T07:28:00Z,1,5,4,experience,Everything worked as expected.
R005729,C000145,service,2025-12-29T07:28:00Z,2026-01-12T07:34:00Z,2,8,4,schedule,The response was quick.
R005730,C000575,support,2025-12-29T08:59:00Z,2025-12-29T09:46:00Z,1,7,4,communication,I needed more than one contact.
R005731,C000122,service,2025-12-29T10:30:00Z,2025-12-29T10:44:00Z,1,8,5,experience,The information could be clearer.
R005732,C002330,onboarding,2025-12-29T12:01:00Z,2025-12-29T12:40:00Z,1,7,4,access,The response was quick.
R005733,C001101,service,2025-12-29T13:32:00Z,2025-12-29T14:21:00Z,1,8,3,schedule,The information could be clearer.
R005734,C002105,support,2025-12-29T15:03:00Z,2025-12-29T16:07:00Z,1,4,4,communication,Everything worked as expected.
R005735,C001322,support,2025-12-29T16:34:00Z,2025-12-29T17:59:00Z,1,6,4,resolution,Everything worked as expected.
R005736,C000467,service,2025-12-29T18:05:00Z,2025-12-29T18:40:00Z,1,7,4,experience,The waiting time affected the experience.
R005737,C000295,service,2025-12-29T19:36:00Z,2025-12-29T21:52:00Z,1,6,3,schedule,Everything worked as expected.
R005738,C000712,renewal,2025-12-29T21:07:00Z,2025-12-29T23:15:00Z,1,7,5,relationship,Everything worked as expected.
R005739,C000087,service,2025-12-29T22:38:00Z,2025-12-30T00:34:00Z,1,10,5,experience,The information could be clearer.
R005740,C000472,onboarding,2025-12-30T00:09:00Z,2025-12-30T02:14:00Z,1,8,4,access,The information could be clearer.
R005741,C001455,support,2025-12-30T01:40:00Z,2025-12-30T03:53:00Z,1,7,3,resolution,The information could be clearer.
R005742,C001091,renewal,2025-12-30T03:11:00Z,2025-12-30T04:41:00Z,1,8,3,relationship,I needed more than one contact.
R005743,C001865,renewal,2025-12-30T04:42:00Z,2025-12-30T05:44:00Z,1,9,3,value,I needed more than one contact.
R005744,C002384,renewal,2025-12-30T06:13:00Z,2025-12-30T08:14:00Z,1,10,3,relationship,I needed more than one contact.
R005745,C001206,support,2025-12-30T07:44:00Z,2025-12-30T10:25:00Z,1,6,3,communication,The response was quick.
R005746,C000419,onboarding,2025-12-30T09:15:00Z,2026-01-13T09:38:00Z,2,6,5,information,The response was quick.
R005747,C000678,service,2025-12-30T10:46:00Z,2025-12-30T13:06:00Z,1,5,3,experience,Everything worked as expected.
R005748,C001452,service,2025-12-30T12:17:00Z,2025-12-30T14:01:00Z,1,8,5,schedule,The information could be clearer.
R005749,C001269,renewal,2025-12-30T13:48:00Z,2025-12-30T14:28:00Z,1,4,5,value,The response was quick.
R005750,C000582,support,2025-12-30T15:19:00Z,2025-12-30T17:24:00Z,1,2,2,resolution,The waiting time affected the experience.
R005751,C000037,renewal,2025-12-30T16:50:00Z,2025-12-30T19:13:00Z,1,7,4,value,The waiting time affected the experience.
R005752,C000834,renewal,2025-12-30T18:21:00Z,2025-12-30T19:51:00Z,1,9,4,relationship,The waiting time affected the experience.
R005753,C000515,service,2025-12-30T19:52:00Z,2025-12-30T22:03:00Z,1,8,4,experience,I needed more than one contact.
R005754,C002053,support,2025-12-30T21:23:00Z,2025-12-30T23:51:00Z,1,6,3,resolution,The information could be clearer.
R005755,C001072,service,2025-12-30T22:54:00Z,2025-12-31T01:39:00Z,1,6,4,schedule,Everything worked as expected.
R005756,C001518,service,2025-12-31T00:25:00Z,2025-12-31T01:39:00Z,1,9,4,experience,The information could be clearer.
R005757,C001921,renewal,2025-12-31T01:56:00Z,2025-12-31T02:25:00Z,1,6,4,relationship,The response was quick.
R005758,C002360,support,2025-12-31T03:27:00Z,2025-12-31T05:55:00Z,1,6,3,communication,The waiting time affected the experience.
R005759,C001887,support,2025-12-31T04:58:00Z,2025-12-31T06:27:00Z,1,7,2,communication,The information could be clearer.
R005760,C001146,service,2025-12-31T06:29:00Z,2025-12-31T07:33:00Z,1,10,4,experience,The waiting time affected the experience.
R005761,C001444,service,2025-12-31T08:00:00Z,2025-12-31T08:21:00Z,1,8,5,experience,The response was quick.
R005762,C001811,renewal,2025-12-31T09:31:00Z,2025-12-31T11:10:00Z,1,9,5,relationship,Everything worked as expected.
R005763,C001710,support,2025-12-31T11:02:00Z,2026-01-14T11:42:00Z,2,7,2,resolution,The information could be clearer.
R005764,C000581,support,2025-12-31T12:33:00Z,2025-12-31T14:23:00Z,1,4,3,communication,Everything worked as expected.
R005765,C000527,support,2025-12-31T14:04:00Z,2025-12-31T17:01:00Z,1,4,4,communication,The waiting time affected the experience.
R005766,C000355,onboarding,2025-12-31T15:35:00Z,2025-12-31T18:11:00Z,1,4,4,information,The information could be clearer.
R005767,C001020,onboarding,2025-12-31T17:06:00Z,2025-12-31T17:16:00Z,1,10,3,information,The information could be clearer.
R005768,C002203,support,2025-12-31T18:37:00Z,2025-12-31T20:16:00Z,1,4,4,resolution,The waiting time affected the experience.
R005769,C000437,support,2025-12-31T20:08:00Z,2025-12-31T22:55:00Z,1,4,2,resolution,The waiting time affected the experience.
R005770,C002100,support,2025-12-31T21:39:00Z,2025-12-31T22:45:00Z,1,6,5,resolution,I needed more than one contact.
R005771,C002379,support,2025-12-31T23:10:00Z,2025-12-31T23:43:00Z,1,9,2,resolution,The information could be clearer.
R005772,C000713,service,2026-01-01T00:41:00Z,2026-01-01T02:05:00Z,1,8,3,experience,The response was quick.
R005773,C000293,service,2026-01-01T02:12:00Z,2026-01-01T02:51:00Z,1,10,4,experience,Everything worked as expected.
R005774,C000925,service,2026-01-01T03:43:00Z,2026-01-01T06:36:00Z,1,8,4,schedule,The information could be clearer.
R005775,C002079,renewal,2026-01-01T05:14:00Z,2026-01-01T06:45:00Z,1,7,5,value,Everything worked as expected.
R005776,C000422,service,2026-01-01T06:45:00Z,2026-01-01T09:05:00Z,1,7,5,schedule,Everything worked as expected.
R005777,C000011,renewal,2026-01-01T08:16:00Z,2026-01-01T10:34:00Z,1,5,3,relationship,The waiting time affected the experience.
R005778,C002019,service,2026-01-01T09:47:00Z,2026-01-01T11:25:00Z,1,9,4,experience,Everything worked as expected.
R005779,C001017,support,2026-01-01T11:18:00Z,2026-01-01T12:18:00Z,1,5,3,resolution,The waiting time affected the experience.
R005780,C001911,support,2026-01-01T12:49:00Z,2026-01-15T13:46:00Z,2,6,5,communication,Everything worked as expected.
R005781,C001463,renewal,2026-01-01T14:20:00Z,2026-01-01T15:47:00Z,1,10,3,value,The information could be clearer.
R005782,C000373,service,2026-01-01T15:51:00Z,2026-01-01T16:20:00Z,1,7,5,schedule,The response was quick.
R005783,C001614,service,2026-01-01T17:22:00Z,2026-01-01T18:12:00Z,1,10,4,experience,The information could be clearer.
R005784,C000248,support,2026-01-01T18:53:00Z,2026-01-01T19:10:00Z,1,8,4,communication,The waiting time affected the experience.
R005785,C002088,onboarding,2026-01-01T20:24:00Z,2026-01-01T21:12:00Z,1,8,5,information,I needed more than one contact.
R005786,C001822,support,2026-01-01T21:55:00Z,2026-01-01T22:19:00Z,1,5,5,resolution,The information could be clearer.
R005787,C001704,renewal,2026-01-01T23:26:00Z,2026-01-02T01:05:00Z,1,7,2,relationship,I needed more than one contact.
R005788,C000938,onboarding,2026-01-02T00:57:00Z,2026-01-02T01:19:00Z,1,10,5,information,The response was quick.
R005789,C001244,service,2026-01-02T02:28:00Z,2026-01-02T04:26:00Z,1,7,4,schedule,I needed more than one contact.
R005790,C000296,service,2026-01-02T03:59:00Z,2026-01-02T05:14:00Z,1,8,5,schedule,The response was quick.
R005791,C000503,service,2026-01-02T05:30:00Z,2026-01-02T07:37:00Z,1,8,4,schedule,I needed more than one contact.
R005792,C001530,service,2026-01-02T07:01:00Z,2026-01-02T08:53:00Z,1,10,4,experience,I needed more than one contact.
R005793,C002165,renewal,2026-01-02T08:32:00Z,2026-01-02T10:59:00Z,1,4,3,relationship,Everything worked as expected.
R005794,C001776,onboarding,2026-01-02T10:03:00Z,2026-01-02T12:40:00Z,1,7,4,information,The information could be clearer.
R005795,C000589,onboarding,2026-01-02T11:34:00Z,2026-01-02T11:51:00Z,1,7,4,access,I needed more than one contact.
R005796,C001439,renewal,2026-01-02T13:05:00Z,2026-01-02T15:09:00Z,1,7,4,value,The response was quick.
R005797,C001472,service,2026-01-02T14:36:00Z,2026-01-02T14:54:00Z,1,7,4,experience,The waiting time affected the experience.
R005798,C000939,renewal,2026-01-02T16:07:00Z,2026-01-02T16:18:00Z,1,6,3,relationship,The response was quick.
R005799,C001153,service,2026-01-02T17:38:00Z,2026-01-02T19:44:00Z,1,8,4,experience,The information could be clearer.
R005800,C001562,onboarding,2026-01-02T19:09:00Z,2026-01-02T19:44:00Z,1,7,5,access,Everything worked as expected.
R005801,C001150,support,2026-01-02T20:40:00Z,2026-01-02T21:52:00Z,1,6,3,resolution,I needed more than one contact.
R005802,C000288,onboarding,2026-01-02T22:11:00Z,2026-01-03T00:05:00Z,1,9,4,access,The information could be clearer.
R005803,C000894,service,2026-01-02T23:42:00Z,2026-01-03T00:03:00Z,1,10,4,experience,The response was quick.
R005804,C001825,support,2026-01-03T01:13:00Z,2026-01-03T02:19:00Z,1,5,4,resolution,I needed more than one contact.
R005805,C000776,service,2026-01-03T02:44:00Z,2026-01-03T05:24:00Z,1,3,3,schedule,I needed more than one contact.
R005806,C000156,renewal,2026-01-03T04:15:00Z,2026-01-03T04:34:00Z,1,6,3,relationship,The information could be clearer.
R005807,C000980,support,2026-01-03T05:46:00Z,2026-01-03T06:58:00Z,1,5,5,communication,The information could be clearer.
R005808,C001410,service,2026-01-03T07:17:00Z,2026-01-03T09:11:00Z,1,7,5,experience,The information could be clearer.
R005809,C001083,renewal,2026-01-03T08:48:00Z,2026-01-03T08:58:00Z,1,8,5,relationship,I needed more than one contact.
R005810,C001626,onboarding,2026-01-03T10:19:00Z,2026-01-03T11:30:00Z,1,9,4,access,The waiting time affected the experience.
R005811,C001223,service,2026-01-03T11:50:00Z,2026-01-03T14:13:00Z,1,8,4,experience,The waiting time affected the experience.
R005812,C000012,service,2026-01-03T13:21:00Z,2026-01-03T13:27:00Z,1,7,4,schedule,I needed more than one contact.
R005813,C002329,service,2026-01-03T14:52:00Z,2026-01-03T15:56:00Z,1,6,3,schedule,I needed more than one contact.
R005814,C000665,service,2026-01-03T16:23:00Z,2026-01-03T16:39:00Z,1,6,3,schedule,The response was quick.
R005815,C002201,service,2026-01-03T17:54:00Z,2026-01-03T19:46:00Z,1,4,4,experience,The response was quick.
R005816,C002171,service,2026-01-03T19:25:00Z,2026-01-03T20:52:00Z,1,6,5,schedule,The information could be clearer.
R005817,C000421,renewal,2026-01-03T20:56:00Z,2026-01-03T22:33:00Z,1,7,3,value,Everything worked as expected.
R005818,C001355,service,2026-01-03T22:27:00Z,2026-01-04T00:48:00Z,1,6,5,schedule,The waiting time affected the experience.
R005819,C000853,renewal,2026-01-03T23:58:00Z,2026-01-04T00:03:00Z,1,6,5,value,The response was quick.
R005820,C002010,service,2026-01-04T01:29:00Z,2026-01-04T02:55:00Z,1,9,5,schedule,The information could be clearer.
R005821,C000249,support,2026-01-04T03:00:00Z,2026-01-04T04:13:00Z,1,7,2,communication,The information could be clearer.
R005822,C001626,service,2026-01-04T04:31:00Z,2026-01-04T07:31:00Z,1,5,4,experience,The waiting time affected the experience.
R005823,C001164,support,2026-01-04T06:02:00Z,2026-01-04T08:42:00Z,1,7,4,communication,The information could be clearer.
R005824,C000110,service,2026-01-04T07:33:00Z,2026-01-04T08:51:00Z,1,9,4,schedule,The information could be clearer.
R005825,C000269,onboarding,2026-01-04T09:04:00Z,2026-01-04T11:52:00Z,1,7,3,access,I needed more than one contact.
R005826,C000760,service,2026-01-04T10:35:00Z,2026-01-04T11:54:00Z,1,10,4,schedule,The information could be clearer.
R005827,C000164,onboarding,2026-01-04T12:06:00Z,2026-01-04T14:39:00Z,1,7,3,access,The waiting time affected the experience.
R005828,C001613,support,2026-01-04T13:37:00Z,2026-01-04T16:05:00Z,1,7,3,communication,The waiting time affected the experience.
R005829,C001825,service,2026-01-04T15:08:00Z,2026-01-04T15:28:00Z,1,4,4,experience,Everything worked as expected.
R005830,C001110,service,2026-01-04T16:39:00Z,2026-01-04T17:05:00Z,1,6,5,schedule,Everything worked as expected.
R005831,C001000,renewal,2026-01-04T18:10:00Z,2026-01-04T18:33:00Z,1,8,4,relationship,The response was quick.
R005832,C000370,onboarding,2026-01-04T19:41:00Z,2026-01-04T21:45:00Z,1,9,4,access,Everything worked as expected.
R005833,C001291,support,2026-01-04T21:12:00Z,2026-01-04T23:49:00Z,1,10,3,resolution,The response was quick.
R005834,C001774,onboarding,2026-01-04T22:43:00Z,2026-01-05T00:33:00Z,1,10,4,information,The waiting time affected the experience.
R005835,C001829,service,2026-01-05T00:14:00Z,2026-01-05T00:44:00Z,1,5,5,experience,The waiting time affected the experience.
R005836,C001588,renewal,2026-01-05T01:45:00Z,2026-01-05T02:56:00Z,1,6,4,relationship,The waiting time affected the experience.
R005837,C001206,service,2026-01-05T03:16:00Z,2026-01-05T04:59:00Z,1,9,4,experience,I needed more than one contact.
R005838,C002332,onboarding,2026-01-05T04:47:00Z,2026-01-05T07:39:00Z,1,6,5,information,The response was quick.
R005839,C000296,support,2026-01-05T06:18:00Z,2026-01-05T06:36:00Z,1,6,3,communication,Everything worked as expected.
R005840,C001546,service,2026-01-05T07:49:00Z,2026-01-05T08:07:00Z,1,5,4,experience,The waiting time affected the experience.
R005841,C001782,service,2026-01-05T09:20:00Z,2026-01-05T12:06:00Z,1,7,4,schedule,The information could be clearer.
R005842,C000084,support,2026-01-05T10:51:00Z,2026-01-05T12:23:00Z,1,5,3,resolution,Everything worked as expected.
R005843,C001212,support,2026-01-05T12:22:00Z,2026-01-05T14:43:00Z,1,4,2,communication,I needed more than one contact.
R005844,C002155,service,2026-01-05T13:53:00Z,2026-01-05T15:16:00Z,1,6,3,schedule,I needed more than one contact.
R005845,C000584,onboarding,2026-01-05T15:24:00Z,2026-01-05T15:52:00Z,1,7,4,access,The information could be clearer.
R005846,C001180,service,2026-01-05T16:55:00Z,2026-01-05T18:09:00Z,1,8,3,schedule,The information could be clearer.
R005847,C000280,service,2026-01-05T18:26:00Z,2026-01-05T21:12:00Z,1,6,3,schedule,I needed more than one contact.
R005848,C001793,support,2026-01-05T19:57:00Z,2026-01-05T21:28:00Z,1,8,2,communication,Everything worked as expected.
R005849,C001536,onboarding,2026-01-05T21:28:00Z,2026-01-05T23:04:00Z,1,9,5,information,The waiting time affected the experience.
R005850,C001411,service,2026-01-05T22:59:00Z,2026-01-06T00:16:00Z,1,6,4,experience,The information could be clearer.
R005851,C000210,onboarding,2026-01-06T00:30:00Z,2026-01-06T02:23:00Z,1,10,4,access,The information could be clearer.
R005852,C000481,onboarding,2026-01-06T02:01:00Z,2026-01-06T04:48:00Z,1,7,3,access,Everything worked as expected.
R005853,C002114,service,2026-01-06T03:32:00Z,2026-01-06T06:19:00Z,1,7,5,experience,The response was quick.
R005854,C000481,support,2026-01-06T05:03:00Z,2026-01-06T07:36:00Z,1,8,3,resolution,Everything worked as expected.
R005855,C000893,onboarding,2026-01-06T06:34:00Z,2026-01-06T07:13:00Z,1,6,5,information,Everything worked as expected.
R005856,C002280,support,2026-01-06T08:05:00Z,2026-01-06T08:24:00Z,1,7,3,resolution,The waiting time affected the experience.
R005857,C001039,support,2026-01-06T09:36:00Z,2026-01-06T12:17:00Z,1,8,5,resolution,The waiting time affected the experience.
R005858,C000917,service,2026-01-06T11:07:00Z,2026-01-06T13:07:00Z,1,9,5,schedule,The information could be clearer.
R005859,C000293,service,2026-01-06T12:38:00Z,2026-01-06T14:52:00Z,1,7,3,experience,The information could be clearer.
R005860,C000556,onboarding,2026-01-06T14:09:00Z,2026-01-06T16:55:00Z,1,8,3,access,I needed more than one contact.
R005861,C001183,service,2026-01-06T15:40:00Z,2026-01-06T18:15:00Z,1,6,5,experience,Everything worked as expected.
R005862,C000404,onboarding,2026-01-06T17:11:00Z,2026-01-06T17:52:00Z,1,10,4,access,I needed more than one contact.
R005863,C001343,service,2026-01-06T18:42:00Z,2026-01-06T19:59:00Z,1,9,5,experience,The waiting time affected the experience.
R005864,C001746,service,2026-01-06T20:13:00Z,2026-01-06T20:58:00Z,1,10,4,experience,I needed more than one contact.
R005865,C000483,renewal,2026-01-06T21:44:00Z,2026-01-07T00:11:00Z,1,6,4,relationship,The information could be clearer.
R005866,C001145,support,2026-01-06T23:15:00Z,2026-01-06T23:23:00Z,1,7,5,communication,The response was quick.
R005867,C001368,renewal,2026-01-07T00:46:00Z,2026-01-07T03:04:00Z,1,8,5,relationship,Everything worked as expected.
R005868,C002096,service,2026-01-07T02:17:00Z,2026-01-07T04:23:00Z,1,9,5,experience,Everything worked as expected.
R005869,C000792,service,2026-01-07T03:48:00Z,2026-01-07T05:50:00Z,1,10,5,experience,Everything worked as expected.
R005870,C000112,onboarding,2026-01-07T05:19:00Z,2026-01-07T06:06:00Z,1,10,5,information,Everything worked as expected.
R005871,C000971,onboarding,2026-01-07T06:50:00Z,2026-01-07T09:37:00Z,1,8,5,access,I needed more than one contact.
R005872,C002054,support,2026-01-07T08:21:00Z,2026-01-07T09:08:00Z,1,6,4,resolution,Everything worked as expected.
R005873,C000195,service,2026-01-07T09:52:00Z,2026-01-07T10:22:00Z,1,7,4,schedule,The information could be clearer.
R005874,C001150,service,2026-01-07T11:23:00Z,2026-01-07T14:16:00Z,1,8,5,experience,The response was quick.
R005875,C002316,support,2026-01-07T12:54:00Z,2026-01-07T13:32:00Z,1,5,5,communication,The response was quick.
R005876,C001829,onboarding,2026-01-07T14:25:00Z,2026-01-07T16:31:00Z,1,10,4,information,I needed more than one contact.
R005877,C002289,onboarding,2026-01-07T15:56:00Z,2026-01-07T16:55:00Z,1,7,4,information,The waiting time affected the experience.
R005878,C000040,service,2026-01-07T17:27:00Z,2026-01-07T19:18:00Z,1,9,5,experience,I needed more than one contact.
R005879,C002164,support,2026-01-07T18:58:00Z,2026-01-07T21:04:00Z,1,6,5,communication,The information could be clearer.
R005880,C001400,service,2026-01-07T20:29:00Z,2026-01-07T21:00:00Z,1,6,4,schedule,The information could be clearer.
R005881,C001891,support,2026-01-07T22:00:00Z,2026-01-07T23:09:00Z,1,3,2,resolution,Everything worked as expected.
R005882,C000298,renewal,2026-01-07T23:31:00Z,2026-01-08T00:56:00Z,1,6,4,value,Everything worked as expected.
R005883,C000911,support,2026-01-08T01:02:00Z,2026-01-08T01:24:00Z,1,4,5,resolution,The information could be clearer.
R005884,C002135,onboarding,2026-01-08T02:33:00Z,2026-01-08T02:59:00Z,1,10,3,information,I needed more than one contact.
R005885,C000197,service,2026-01-08T04:04:00Z,2026-01-08T05:56:00Z,1,7,4,experience,I needed more than one contact.
R005886,C001865,renewal,2026-01-08T05:35:00Z,2026-01-08T06:30:00Z,1,7,5,value,The response was quick.
R005887,C001112,renewal,2026-01-08T07:06:00Z,2026-01-08T09:24:00Z,1,5,2,relationship,I needed more than one contact.
R005888,C001812,renewal,2026-01-08T08:37:00Z,2026-01-08T09:51:00Z,1,8,4,value,The waiting time affected the experience.
R005889,C000467,service,2026-01-08T10:08:00Z,2026-01-08T12:11:00Z,1,7,3,experience,Everything worked as expected.
R005890,C001458,service,2026-01-08T11:39:00Z,2026-01-08T14:01:00Z,1,5,5,schedule,The response was quick.
R005891,C000223,renewal,2026-01-08T13:10:00Z,2026-01-08T16:00:00Z,1,8,2,relationship,Everything worked as expected.
R005892,C001829,support,2026-01-08T14:41:00Z,2026-01-08T17:05:00Z,1,6,3,resolution,The waiting time affected the experience.
R005893,C001374,support,2026-01-08T16:12:00Z,2026-01-08T16:25:00Z,1,8,2,resolution,The information could be clearer.
R005894,C001681,support,2026-01-08T17:43:00Z,2026-01-08T20:21:00Z,1,10,3,communication,The information could be clearer.
R005895,C001868,renewal,2026-01-08T19:14:00Z,2026-01-08T19:38:00Z,1,10,3,relationship,The waiting time affected the experience.
R005896,C002124,support,2026-01-08T20:45:00Z,2026-01-08T22:48:00Z,1,8,3,communication,I needed more than one contact.
R005897,C000676,service,2026-01-08T22:16:00Z,2026-01-09T00:08:00Z,1,9,5,experience,The response was quick.
R005898,C000571,service,2026-01-08T23:47:00Z,2026-01-09T01:01:00Z,1,8,5,experience,The waiting time affected the experience.
R005899,C000267,onboarding,2026-01-09T01:18:00Z,2026-01-09T04:12:00Z,1,7,4,access,I needed more than one contact.
R005900,C000316,service,2026-01-09T02:49:00Z,2026-01-09T03:00:00Z,1,7,5,experience,Everything worked as expected.
R005901,C001733,support,2026-01-09T04:20:00Z,2026-01-09T07:19:00Z,1,8,2,resolution,The waiting time affected the experience.
R005902,C000452,renewal,2026-01-09T05:51:00Z,2026-01-09T06:39:00Z,1,6,5,value,The information could be clearer.
R005903,C002090,onboarding,2026-01-09T07:22:00Z,2026-01-09T09:21:00Z,1,9,4,information,The response was quick.
R005904,C000270,support,2026-01-09T08:53:00Z,2026-01-09T09:29:00Z,1,6,5,communication,The response was quick.
R005905,C000770,onboarding,2026-01-09T10:24:00Z,2026-01-09T10:33:00Z,1,5,4,access,The information could be clearer.
R005906,C000856,service,2026-01-09T11:55:00Z,2026-01-09T14:31:00Z,1,7,5,experience,Everything worked as expected.
R005907,C002304,support,2026-01-09T13:26:00Z,2026-01-09T13:48:00Z,1,9,5,resolution,The waiting time affected the experience.
R005908,C000416,renewal,2026-01-09T14:57:00Z,2026-01-09T17:10:00Z,1,6,2,relationship,Everything worked as expected.
R005909,C002103,support,2026-01-09T16:28:00Z,2026-01-09T17:53:00Z,1,1,4,communication,The waiting time affected the experience.
R005910,C002364,onboarding,2026-01-09T17:59:00Z,2026-01-09T19:00:00Z,1,5,3,access,The waiting time affected the experience.
R005911,C001750,support,2026-01-09T19:30:00Z,2026-01-09T20:07:00Z,1,9,2,communication,The response was quick.
R005912,C002386,onboarding,2026-01-09T21:01:00Z,2026-01-09T21:42:00Z,1,10,3,information,The response was quick.
R005913,C001699,service,2026-01-09T22:32:00Z,2026-01-09T23:12:00Z,1,10,3,experience,The waiting time affected the experience.
R005914,C001379,onboarding,2026-01-10T00:03:00Z,2026-01-10T02:12:00Z,1,9,5,information,The response was quick.
R005915,C000543,support,2026-01-10T01:34:00Z,2026-01-10T01:48:00Z,1,2,3,resolution,The response was quick.
R005916,C001968,service,2026-01-10T03:05:00Z,2026-01-10T04:44:00Z,1,6,4,experience,The response was quick.
R005917,C001294,support,2026-01-10T04:36:00Z,2026-01-10T06:24:00Z,1,8,3,communication,I needed more than one contact.
R005918,C001216,service,2026-01-10T06:07:00Z,2026-01-10T06:56:00Z,1,6,3,experience,I needed more than one contact.
R005919,C002087,service,2026-01-10T07:38:00Z,2026-01-10T08:46:00Z,1,10,5,schedule,The waiting time affected the experience.
R005920,C000972,service,2026-01-10T09:09:00Z,2026-01-10T10:11:00Z,1,7,4,schedule,The waiting time affected the experience.
R005921,C002125,renewal,2026-01-10T10:40:00Z,2026-01-10T12:44:00Z,1,10,3,relationship,The response was quick.
R005922,C000871,renewal,2026-01-10T12:11:00Z,2026-01-10T15:05:00Z,1,7,3,relationship,The information could be clearer.
R005923,C001919,service,2026-01-10T13:42:00Z,2026-01-10T14:13:00Z,1,5,5,schedule,The information could be clearer.
R005924,C001940,service,2026-01-10T15:13:00Z,2026-01-10T16:24:00Z,1,10,4,experience,The information could be clearer.
R005925,C002337,support,2026-01-10T16:44:00Z,2026-01-10T19:03:00Z,1,5,3,resolution,The waiting time affected the experience.
R005926,C000949,support,2026-01-10T18:15:00Z,2026-01-10T21:14:00Z,1,7,3,communication,The waiting time affected the experience.
R005927,C000810,renewal,2026-01-10T19:46:00Z,2026-01-10T21:03:00Z,1,6,5,value,I needed more than one contact.
R005928,C001410,service,2026-01-10T21:17:00Z,2026-01-10T23:22:00Z,1,7,4,schedule,The information could be clearer.
R005929,C001894,renewal,2026-01-10T22:48:00Z,2026-01-10T23:00:00Z,1,5,3,value,Everything worked as expected.
R005930,C002254,support,2026-01-11T00:19:00Z,2026-01-11T01:31:00Z,1,5,3,communication,The response was quick.
R005931,C001540,service,2026-01-11T01:50:00Z,2026-01-11T03:43:00Z,1,9,5,experience,The waiting time affected the experience.
R005932,C000078,service,2026-01-11T03:21:00Z,2026-01-11T05:12:00Z,1,5,4,schedule,Everything worked as expected.
R005933,C000127,onboarding,2026-01-11T04:52:00Z,2026-01-11T07:07:00Z,1,10,5,access,Everything worked as expected.
R005934,C002317,service,2026-01-11T06:23:00Z,2026-01-11T08:01:00Z,1,6,5,schedule,I needed more than one contact.
R005935,C001677,service,2026-01-11T07:54:00Z,2026-01-11T10:01:00Z,1,10,5,schedule,The information could be clearer.
R005936,C000441,service,2026-01-11T09:25:00Z,2026-01-11T09:35:00Z,1,6,3,schedule,Everything worked as expected.
R005937,C001491,support,2026-01-11T10:56:00Z,2026-01-11T13:33:00Z,1,6,3,communication,The information could be clearer.
R005938,C000987,renewal,2026-01-11T12:27:00Z,2026-01-11T14:01:00Z,1,9,4,relationship,The response was quick.
R005939,C000435,service,2026-01-11T13:58:00Z,2026-01-11T14:45:00Z,1,7,4,experience,The waiting time affected the experience.
R005940,C001270,service,2026-01-11T15:29:00Z,2026-01-11T17:02:00Z,1,3,3,schedule,Everything worked as expected.
R005941,C002394,support,2026-01-11T17:00:00Z,2026-01-11T18:15:00Z,1,9,3,communication,I needed more than one contact.
R005942,C001909,onboarding,2026-01-11T18:31:00Z,2026-01-11T19:57:00Z,1,10,3,access,The information could be clearer.
R005943,C002131,support,2026-01-11T20:02:00Z,2026-01-11T22:25:00Z,1,3,4,communication,Everything worked as expected.
R005944,C000678,support,2026-01-11T21:33:00Z,2026-01-11T22:30:00Z,1,4,4,communication,The information could be clearer.
R005945,C002152,onboarding,2026-01-11T23:04:00Z,2026-01-12T00:32:00Z,1,9,4,information,I needed more than one contact.
R005946,C000131,onboarding,2026-01-12T00:35:00Z,2026-01-12T01:46:00Z,1,7,5,access,The information could be clearer.
R005947,C000690,service,2026-01-12T02:06:00Z,2026-01-12T02:48:00Z,1,10,4,schedule,The waiting time affected the experience.
R005948,C000339,support,2026-01-12T03:37:00Z,2026-01-12T06:11:00Z,1,7,4,resolution,The response was quick.
R005949,C002323,onboarding,2026-01-12T05:08:00Z,2026-01-12T05:30:00Z,1,9,5,access,The response was quick.
R005950,C001662,service,2026-01-12T06:39:00Z,2026-01-12T09:35:00Z,1,7,4,schedule,The response was quick.
R005951,C001795,service,2026-01-12T08:10:00Z,2026-01-12T08:35:00Z,1,6,3,schedule,Everything worked as expected.
R005952,C000862,service,2026-01-12T09:41:00Z,2026-01-12T11:42:00Z,1,9,4,schedule,The waiting time affected the experience.
R005953,C002338,service,2026-01-12T11:12:00Z,2026-01-12T12:54:00Z,1,9,5,experience,I needed more than one contact.
R005954,C002369,renewal,2026-01-12T12:43:00Z,2026-01-12T15:06:00Z,1,9,4,relationship,The information could be clearer.
R005955,C001886,support,2026-01-12T14:14:00Z,2026-01-12T17:13:00Z,1,7,5,resolution,The information could be clearer.
R005956,C000503,support,2026-01-12T15:45:00Z,2026-01-12T15:59:00Z,1,4,2,communication,The response was quick.
R005957,C001507,service,2026-01-12T17:16:00Z,2026-01-12T19:16:00Z,1,10,5,schedule,The waiting time affected the experience.
R005958,C001801,onboarding,2026-01-12T18:47:00Z,2026-01-12T18:52:00Z,1,8,3,information,I needed more than one contact.
R005959,C000125,support,2026-01-12T20:18:00Z,2026-01-12T22:38:00Z,1,8,2,communication,I needed more than one contact.
R005960,C000878,service,2026-01-12T21:49:00Z,2026-01-12T23:27:00Z,1,8,5,experience,The information could be clearer.
R005961,C001080,service,2026-01-12T23:20:00Z,2026-01-12T23:58:00Z,1,8,3,schedule,I needed more than one contact.
R005962,C001330,onboarding,2026-01-13T00:51:00Z,2026-01-13T02:37:00Z,1,10,4,information,The response was quick.
R005963,C000512,support,2026-01-13T02:22:00Z,2026-01-13T05:03:00Z,1,4,2,resolution,The response was quick.
R005964,C000626,onboarding,2026-01-13T03:53:00Z,2026-01-13T05:57:00Z,1,8,3,information,I needed more than one contact.
R005965,C001274,service,2026-01-13T05:24:00Z,2026-01-13T07:06:00Z,1,7,3,experience,The response was quick.
R005966,C001192,service,2026-01-13T06:55:00Z,2026-01-13T07:21:00Z,1,10,4,experience,The waiting time affected the experience.
R005967,C002329,onboarding,2026-01-13T08:26:00Z,2026-01-13T08:39:00Z,1,4,5,access,The response was quick.
R005968,C002034,support,2026-01-13T09:57:00Z,2026-01-13T10:27:00Z,1,8,4,communication,The information could be clearer.
R005969,C000964,support,2026-01-13T11:28:00Z,2026-01-13T14:05:00Z,1,6,4,communication,The response was quick.
R005970,C002055,support,2026-01-13T12:59:00Z,2026-01-13T15:30:00Z,1,4,2,communication,The information could be clearer.
R005971,C000274,service,2026-01-13T14:30:00Z,2026-01-13T14:44:00Z,1,9,4,schedule,I needed more than one contact.
R005972,C001922,onboarding,2026-01-13T16:01:00Z,2026-01-13T18:30:00Z,1,6,4,information,The waiting time affected the experience.
R005973,C000589,support,2026-01-13T17:32:00Z,2026-01-13T18:33:00Z,1,8,4,communication,The waiting time affected the experience.
R005974,C000748,support,2026-01-13T19:03:00Z,2026-01-13T19:13:00Z,1,8,3,resolution,The response was quick.
R005975,C001182,renewal,2026-01-13T20:34:00Z,2026-01-13T23:15:00Z,1,7,4,relationship,The response was quick.
R005976,C000670,service,2026-01-13T22:05:00Z,2026-01-14T00:56:00Z,1,7,4,schedule,The waiting time affected the experience.
R005977,C002176,onboarding,2026-01-13T23:36:00Z,2026-01-14T01:25:00Z,1,4,5,access,The waiting time affected the experience.
R005978,C002125,service,2026-01-14T01:07:00Z,2026-01-14T02:50:00Z,1,7,4,schedule,The information could be clearer.
R005979,C001474,support,2026-01-14T02:38:00Z,2026-01-14T03:15:00Z,1,6,3,resolution,I needed more than one contact.
R005980,C000383,onboarding,2026-01-14T04:09:00Z,2026-01-14T06:45:00Z,1,8,3,access,The waiting time affected the experience.
R005981,C000014,support,2026-01-14T05:40:00Z,2026-01-14T08:11:00Z,1,5,3,resolution,The response was quick.
R005982,C001062,service,2026-01-14T07:11:00Z,2026-01-14T08:49:00Z,1,7,4,experience,Everything worked as expected.
R005983,C001011,service,2026-01-14T08:42:00Z,2026-01-14T09:19:00Z,1,9,4,schedule,The waiting time affected the experience.
R005984,C001968,renewal,2026-01-14T10:13:00Z,2026-01-14T12:00:00Z,1,5,5,value,Everything worked as expected.
R005985,C001398,service,2026-01-14T11:44:00Z,2026-01-14T13:18:00Z,1,9,5,experience,The information could be clearer.
R005986,C001699,renewal,2026-01-14T13:15:00Z,2026-01-14T14:17:00Z,1,7,3,value,The waiting time affected the experience.
R005987,C000242,support,2026-01-14T14:46:00Z,2026-01-14T16:39:00Z,1,7,3,resolution,I needed more than one contact.
R005988,C001011,support,2026-01-14T16:17:00Z,2026-01-14T19:06:00Z,1,5,5,communication,The response was quick.
R005989,C000579,onboarding,2026-01-14T17:48:00Z,2026-01-14T18:45:00Z,1,7,3,information,I needed more than one contact.
R005990,C000555,service,2026-01-14T19:19:00Z,2026-01-14T21:45:00Z,1,10,4,schedule,The waiting time affected the experience.
R005991,C001236,onboarding,2026-01-14T20:50:00Z,2026-01-14T21:25:00Z,1,8,5,information,I needed more than one contact.
R005992,C001263,support,2026-01-14T22:21:00Z,2026-01-15T00:03:00Z,1,8,3,resolution,Everything worked as expected.
R005993,C001617,support,2026-01-14T23:52:00Z,2026-01-15T00:24:00Z,1,6,2,communication,I needed more than one contact.
R005994,C000170,service,2026-01-15T01:23:00Z,2026-01-15T01:54:00Z,1,8,5,experience,The information could be clearer.
R005995,C001302,renewal,2026-01-15T02:54:00Z,2026-01-15T05:33:00Z,1,5,3,value,Everything worked as expected.
R005996,C001330,service,2026-01-15T04:25:00Z,2026-01-15T05:43:00Z,1,7,5,experience,The information could be clearer.
R005997,C000896,onboarding,2026-01-15T05:56:00Z,2026-01-15T08:16:00Z,1,9,4,access,The response was quick.
R005998,C000089,support,2026-01-15T07:27:00Z,2026-01-15T08:00:00Z,1,8,2,resolution,Everything worked as expected.
R005999,C000432,service,2026-01-15T08:58:00Z,2026-01-15T10:46:00Z,1,7,5,schedule,The information could be clearer.
R006000,C002307,support,2026-01-15T10:29:00Z,2026-01-15T10:53:00Z,1,9,1,resolution,Everything worked as expected.
