survey_id,response_id,metric,score,category,subcategory,question_id
survey-demo,B0000,CSAT,2,Atendimento,Demora,q_wait
survey-demo,B0001,NPS,5,Atendimento,Demora,q_resolution
survey-demo,B0001,NPS,5,Atendimento,Demora,q_wait
survey-demo,B0001,NPS,5,Comunicação,Retorno,q_resolution
survey-demo,B0001,NPS,5,Comunicação,Retorno,q_wait
survey-demo,B0001,NPS,5,Processo,Agendamento,q_resolution
survey-demo,B0001,NPS,5,Processo,Agendamento,q_wait
survey-demo,B0002,NPS,0,Atendimento,Demora,q_wait
survey-demo,B0002,NPS,0,Comunicação,Retorno,q_wait
survey-demo,B0002,NPS,0,Processo,Agendamento,q_wait
survey-demo,B0003,CSAT,5,Atendimento,Demora,q_wait
survey-demo,B0003,CSAT,5,Comunicação,Retorno,q_wait
survey-demo,B0004,NPS,0,Atendimento,Demora,q_wait
survey-demo,B0004,NPS,0,Comunicação,Retorno,q_wait
survey-demo,B0004,NPS,0,Processo,Agendamento,q_wait
survey-demo,B0005,NPS,6,Atendimento,Demora,
survey-demo,B0005,NPS,6,Comunicação,Retorno,
survey-demo,B0005,NPS,6,Processo,Agendamento,
survey-demo,B0006,CSAT,3,Atendimento,Cordialidade,q_resolution
survey-demo,B0006,CSAT,3,Atendimento,Cordialidade,q_wait
survey-demo,B0006,CSAT,3,Atendimento,Demora,q_resolution
survey-demo,B0006,CSAT,3,Atendimento,Demora,q_wait
survey-demo,B0006,CSAT,3,Comunicação,Retorno,q_resolution
survey-demo,B0006,CSAT,3,Comunicação,Retorno,q_wait
survey-demo,B0006,CSAT,3,Processo,Agendamento,q_resolution
survey-demo,B0006,CSAT,3,Processo,Agendamento,q_wait
survey-demo,B0007,NPS,5,Atendimento,Cordialidade,q_channels
survey-demo,B0007,NPS,5,Atendimento,Cordialidade,q_resolution
survey-demo,B0007,NPS,5,Atendimento,Cordialidade,q_wait
survey-demo,B0007,NPS,5,Atendimento,Demora,q_channels
survey-demo,B0007,NPS,5,Atendimento,Demora,q_resolution
survey-demo,B0007,NPS,5,Atendimento,Demora,q_wait
survey-demo,B0007,NPS,5,Comunicação,Retorno,q_channels
survey-demo,B0007,NPS,5,Comunicação,Retorno,q_resolution
survey-demo,B0007,NPS,5,Comunicação,Retorno,q_wait
survey-demo,B0007,NPS,5,Processo,Agendamento,q_channels
survey-demo,B0007,NPS,5,Processo,Agendamento,q_resolution
survey-demo,B0007,NPS,5,Processo,Agendamento,q_wait
survey-demo,B0008,NPS,4,Atendimento,Demora,q_wait
survey-demo,B0009,CSAT,3,Atendimento,Demora,q_channels
survey-demo,B0009,CSAT,3,Atendimento,Demora,q_resolution
survey-demo,B0009,CSAT,3,Atendimento,Demora,q_wait
survey-demo,B0009,CSAT,3,Comunicação,Retorno,q_channels
survey-demo,B0009,CSAT,3,Comunicação,Retorno,q_resolution
survey-demo,B0009,CSAT,3,Comunicação,Retorno,q_wait
survey-demo,B0009,CSAT,3,Processo,Agendamento,q_channels
survey-demo,B0009,CSAT,3,Processo,Agendamento,q_resolution
survey-demo,B0009,CSAT,3,Processo,Agendamento,q_wait
survey-demo,B0010,NPS,7,Atendimento,Demora,q_wait
survey-demo,B0011,NPS,4,Atendimento,Cordialidade,q_channels
survey-demo,B0011,NPS,4,Atendimento,Cordialidade,q_resolution
survey-demo,B0011,NPS,4,Atendimento,Cordialidade,q_wait
survey-demo,B0011,NPS,4,Atendimento,Demora,q_channels
survey-demo,B0011,NPS,4,Atendimento,Demora,q_resolution
survey-demo,B0011,NPS,4,Atendimento,Demora,q_wait
survey-demo,B0011,NPS,4,Comunicação,Retorno,q_channels
survey-demo,B0011,NPS,4,Comunicação,Retorno,q_resolution
survey-demo,B0011,NPS,4,Comunicação,Retorno,q_wait
survey-demo,B0011,NPS,4,Processo,Agendamento,q_channels
survey-demo,B0011,NPS,4,Processo,Agendamento,q_resolution
survey-demo,B0011,NPS,4,Processo,Agendamento,q_wait
survey-demo,B0012,CSAT,4,,,
survey-demo,B0013,NPS,10,Atendimento,Demora,q_resolution
survey-demo,B0013,NPS,10,Atendimento,Demora,q_wait
survey-demo,B0013,NPS,10,Comunicação,Retorno,q_resolution
survey-demo,B0013,NPS,10,Comunicação,Retorno,q_wait
survey-demo,B0014,NPS,1,Atendimento,Cordialidade,q_wait
survey-demo,B0014,NPS,1,Atendimento,Demora,q_wait
survey-demo,B0014,NPS,1,Comunicação,Retorno,q_wait
survey-demo,B0014,NPS,1,Processo,Agendamento,q_wait
survey-demo,B0015,CSAT,3,Atendimento,Demora,q_channels
survey-demo,B0015,CSAT,3,Atendimento,Demora,q_resolution
survey-demo,B0015,CSAT,3,Atendimento,Demora,q_wait
survey-demo,B0015,CSAT,3,Comunicação,Retorno,q_channels
survey-demo,B0015,CSAT,3,Comunicação,Retorno,q_resolution
survey-demo,B0015,CSAT,3,Comunicação,Retorno,q_wait
survey-demo,B0015,CSAT,3,Processo,Agendamento,q_channels
survey-demo,B0015,CSAT,3,Processo,Agendamento,q_resolution
survey-demo,B0015,CSAT,3,Processo,Agendamento,q_wait
survey-demo,B0016,NPS,1,Atendimento,Demora,q_wait
survey-demo,B0017,NPS,9,Atendimento,Demora,
survey-demo,B0017,NPS,9,Comunicação,Retorno,
survey-demo,B0018,CSAT,5,,,
survey-demo,B0019,NPS,6,Atendimento,Demora,
survey-demo,B0019,NPS,6,Comunicação,Retorno,
survey-demo,B0019,NPS,6,Processo,Agendamento,
survey-demo,B0020,NPS,2,Atendimento,Cordialidade,
survey-demo,B0020,NPS,2,Atendimento,Demora,
survey-demo,B0020,NPS,2,Comunicação,Retorno,
survey-demo,B0020,NPS,2,Processo,Agendamento,
survey-demo,B0021,CSAT,4,Atendimento,Demora,
survey-demo,B0022,NPS,3,Atendimento,Cordialidade,
survey-demo,B0022,NPS,3,Atendimento,Demora,
survey-demo,B0022,NPS,3,Comunicação,Retorno,
survey-demo,B0022,NPS,3,Processo,Agendamento,
survey-demo,B0023,NPS,4,Atendimento,Demora,q_resolution
survey-demo,B0023,NPS,4,Atendimento,Demora,q_wait
survey-demo,B0023,NPS,4,Comunicação,Retorno,q_resolution
survey-demo,B0023,NPS,4,Comunicação,Retorno,q_wait
survey-demo,B0023,NPS,4,Processo,Agendamento,q_resolution
survey-demo,B0023,NPS,4,Processo,Agendamento,q_wait
survey-demo,B0024,CSAT,2,Atendimento,Demora,q_wait
survey-demo,B0025,NPS,9,,,q_wait
survey-demo,B0026,NPS,2,Atendimento,Demora,
survey-demo,B0026,NPS,2,Comunicação,Retorno,
survey-demo,B0027,CSAT,4,Atendimento,Demora,q_wait
survey-demo,B0027,CSAT,4,Comunicação,Retorno,q_wait
survey-demo,B0028,NPS,8,,,q_wait
survey-demo,B0029,NPS,7,Atendimento,Demora,q_resolution
survey-demo,B0029,NPS,7,Atendimento,Demora,q_wait
survey-demo,B0029,NPS,7,Comunicação,Retorno,q_resolution
survey-demo,B0029,NPS,7,Comunicação,Retorno,q_wait
survey-demo,B0030,CSAT,5,Atendimento,Demora,q_resolution
survey-demo,B0030,CSAT,5,Atendimento,Demora,q_wait
survey-demo,B0030,CSAT,5,Comunicação,Retorno,q_resolution
survey-demo,B0030,CSAT,5,Comunicação,Retorno,q_wait
survey-demo,B0031,NPS,8,Atendimento,Demora,q_channels
survey-demo,B0031,NPS,8,Atendimento,Demora,q_resolution
survey-demo,B0031,NPS,8,Atendimento,Demora,q_wait
survey-demo,B0031,NPS,8,Comunicação,Retorno,q_channels
survey-demo,B0031,NPS,8,Comunicação,Retorno,q_resolution
survey-demo,B0031,NPS,8,Comunicação,Retorno,q_wait
survey-demo,B0032,NPS,2,Atendimento,Demora,q_wait
survey-demo,B0033,CSAT,2,Atendimento,Cordialidade,q_wait
survey-demo,B0033,CSAT,2,Atendimento,Demora,q_wait
survey-demo,B0033,CSAT,2,Comunicação,Retorno,q_wait
survey-demo,B0033,CSAT,2,Processo,Agendamento,q_wait
survey-demo,B0034,NPS,10,Atendimento,Demora,q_channels
survey-demo,B0034,NPS,10,Atendimento,Demora,q_resolution
survey-demo,B0034,NPS,10,Atendimento,Demora,q_wait
survey-demo,B0034,NPS,10,Comunicação,Retorno,q_channels
survey-demo,B0034,NPS,10,Comunicação,Retorno,q_resolution
survey-demo,B0034,NPS,10,Comunicação,Retorno,q_wait
survey-demo,B0035,NPS,6,Atendimento,Cordialidade,q_wait
survey-demo,B0035,NPS,6,Atendimento,Demora,q_wait
survey-demo,B0035,NPS,6,Comunicação,Retorno,q_wait
survey-demo,B0035,NPS,6,Processo,Agendamento,q_wait
survey-demo,B0036,CSAT,1,Atendimento,Demora,q_channels
survey-demo,B0036,CSAT,1,Atendimento,Demora,q_resolution
survey-demo,B0036,CSAT,1,Atendimento,Demora,q_wait
survey-demo,B0036,CSAT,1,Comunicação,Retorno,q_channels
survey-demo,B0036,CSAT,1,Comunicação,Retorno,q_resolution
survey-demo,B0036,CSAT,1,Comunicação,Retorno,q_wait
survey-demo,B0036,CSAT,1,Processo,Agendamento,q_channels
survey-demo,B0036,CSAT,1,Processo,Agendamento,q_resolution
survey-demo,B0036,CSAT,1,Processo,Agendamento,q_wait
survey-demo,B0037,NPS,8,,,q_wait
survey-demo,B0038,NPS,0,Atendimento,Demora,q_wait
survey-demo,B0038,NPS,0,Comunicação,Retorno,q_wait
survey-demo,B0038,NPS,0,Processo,Agendamento,q_wait
survey-demo,B0039,CSAT,1,Atendimento,Demora,q_wait
survey-demo,B0039,CSAT,1,Comunicação,Retorno,q_wait
survey-demo,B0039,CSAT,1,Processo,Agendamento,q_wait
survey-demo,B0040,NPS,10,Atendimento,Demora,q_wait
survey-demo,B0041,NPS,8,Atendimento,Demora,q_resolution
survey-demo,B0041,NPS,8,Atendimento,Demora,q_wait
survey-demo,B0042,CSAT,2,Atendimento,Demora,q_resolution
survey-demo,B0042,CSAT,2,Atendimento,Demora,q_wait
survey-demo,B0042,CSAT,2,Comunicação,Retorno,q_resolution
survey-demo,B0042,CSAT,2,Comunicação,Retorno,q_wait
survey-demo,B0042,CSAT,2,Processo,Agendamento,q_resolution
survey-demo,B0042,CSAT,2,Processo,Agendamento,q_wait
survey-demo,B0043,NPS,9,Atendimento,Demora,
survey-demo,B0044,NPS,3,Atendimento,Demora,q_channels
survey-demo,B0044,NPS,3,Atendimento,Demora,q_resolution
survey-demo,B0044,NPS,3,Atendimento,Demora,q_wait
survey-demo,B0044,NPS,3,Comunicação,Retorno,q_channels
survey-demo,B0044,NPS,3,Comunicação,Retorno,q_resolution
survey-demo,B0044,NPS,3,Comunicação,Retorno,q_wait
survey-demo,B0045,CSAT,2,Atendimento,Demora,q_wait
survey-demo,B0045,CSAT,2,Comunicação,Retorno,q_wait
survey-demo,B0045,CSAT,2,Processo,Agendamento,q_wait
survey-demo,B0046,NPS,10,Atendimento,Demora,q_wait
survey-demo,B0046,NPS,10,Comunicação,Retorno,q_wait
survey-demo,B0047,NPS,10,Atendimento,Demora,q_channels
survey-demo,B0047,NPS,10,Atendimento,Demora,q_resolution
survey-demo,B0047,NPS,10,Atendimento,Demora,q_wait
survey-demo,B0047,NPS,10,Comunicação,Retorno,q_channels
survey-demo,B0047,NPS,10,Comunicação,Retorno,q_resolution
survey-demo,B0047,NPS,10,Comunicação,Retorno,q_wait
survey-demo,B0048,CSAT,3,Atendimento,Demora,q_wait
survey-demo,B0049,NPS,4,Atendimento,Demora,q_channels
survey-demo,B0049,NPS,4,Atendimento,Demora,q_resolution
survey-demo,B0049,NPS,4,Atendimento,Demora,q_wait
survey-demo,B0049,NPS,4,Comunicação,Retorno,q_channels
survey-demo,B0049,NPS,4,Comunicação,Retorno,q_resolution
survey-demo,B0049,NPS,4,Comunicação,Retorno,q_wait
survey-demo,B0049,NPS,4,Processo,Agendamento,q_channels
survey-demo,B0049,NPS,4,Processo,Agendamento,q_resolution
survey-demo,B0049,NPS,4,Processo,Agendamento,q_wait
survey-demo,B0050,NPS,8,,,q_channels
survey-demo,B0050,NPS,8,,,q_resolution
survey-demo,B0050,NPS,8,,,q_wait
survey-demo,B0051,CSAT,4,Atendimento,Demora,q_channels
survey-demo,B0051,CSAT,4,Atendimento,Demora,q_resolution
survey-demo,B0051,CSAT,4,Atendimento,Demora,q_wait
survey-demo,B0051,CSAT,4,Comunicação,Retorno,q_channels
survey-demo,B0051,CSAT,4,Comunicação,Retorno,q_resolution
survey-demo,B0051,CSAT,4,Comunicação,Retorno,q_wait
survey-demo,B0052,NPS,0,Atendimento,Demora,
survey-demo,B0052,NPS,0,Comunicação,Retorno,
survey-demo,B0052,NPS,0,Processo,Agendamento,
survey-demo,B0053,NPS,7,Atendimento,Demora,q_resolution
survey-demo,B0053,NPS,7,Atendimento,Demora,q_wait
survey-demo,B0054,CSAT,5,Atendimento,Demora,q_channels
survey-demo,B0054,CSAT,5,Atendimento,Demora,q_resolution
survey-demo,B0054,CSAT,5,Atendimento,Demora,q_wait
survey-demo,B0054,CSAT,5,Comunicação,Retorno,q_channels
survey-demo,B0054,CSAT,5,Comunicação,Retorno,q_resolution
survey-demo,B0054,CSAT,5,Comunicação,Retorno,q_wait
survey-demo,B0055,NPS,4,Atendimento,Demora,q_channels
survey-demo,B0055,NPS,4,Atendimento,Demora,q_resolution
survey-demo,B0055,NPS,4,Atendimento,Demora,q_wait
survey-demo,B0055,NPS,4,Comunicação,Retorno,q_channels
survey-demo,B0055,NPS,4,Comunicação,Retorno,q_resolution
survey-demo,B0055,NPS,4,Comunicação,Retorno,q_wait
survey-demo,B0055,NPS,4,Processo,Agendamento,q_channels
survey-demo,B0055,NPS,4,Processo,Agendamento,q_resolution
survey-demo,B0055,NPS,4,Processo,Agendamento,q_wait
survey-demo,B0056,NPS,5,Atendimento,Demora,q_wait
survey-demo,B0057,CSAT,4,Atendimento,Demora,q_wait
survey-demo,B0058,NPS,5,Atendimento,Demora,q_wait
survey-demo,B0058,NPS,5,Comunicação,Retorno,q_wait
survey-demo,B0058,NPS,5,Processo,Agendamento,q_wait
survey-demo,B0059,NPS,6,Atendimento,Demora,q_wait
survey-demo,B0059,NPS,6,Comunicação,Retorno,q_wait
survey-demo,B0060,CSAT,3,Atendimento,Demora,q_resolution
survey-demo,B0060,CSAT,3,Atendimento,Demora,q_wait
survey-demo,B0060,CSAT,3,Comunicação,Retorno,q_resolution
survey-demo,B0060,CSAT,3,Comunicação,Retorno,q_wait
survey-demo,B0060,CSAT,3,Processo,Agendamento,q_resolution
survey-demo,B0060,CSAT,3,Processo,Agendamento,q_wait
survey-demo,B0061,NPS,8,,,q_wait
survey-demo,B0062,NPS,4,Atendimento,Demora,q_channels
survey-demo,B0062,NPS,4,Atendimento,Demora,q_resolution
survey-demo,B0062,NPS,4,Atendimento,Demora,q_wait
survey-demo,B0062,NPS,4,Comunicação,Retorno,q_channels
survey-demo,B0062,NPS,4,Comunicação,Retorno,q_resolution
survey-demo,B0062,NPS,4,Comunicação,Retorno,q_wait
survey-demo,B0062,NPS,4,Processo,Agendamento,q_channels
survey-demo,B0062,NPS,4,Processo,Agendamento,q_resolution
survey-demo,B0062,NPS,4,Processo,Agendamento,q_wait
survey-demo,B0063,CSAT,2,Atendimento,Demora,q_channels
survey-demo,B0063,CSAT,2,Atendimento,Demora,q_resolution
survey-demo,B0063,CSAT,2,Atendimento,Demora,q_wait
survey-demo,B0063,CSAT,2,Comunicação,Retorno,q_channels
survey-demo,B0063,CSAT,2,Comunicação,Retorno,q_resolution
survey-demo,B0063,CSAT,2,Comunicação,Retorno,q_wait
survey-demo,B0064,NPS,5,Atendimento,Demora,q_wait
survey-demo,B0065,NPS,7,,,q_resolution
survey-demo,B0065,NPS,7,,,q_wait
survey-demo,B0066,CSAT,3,Atendimento,Cordialidade,
survey-demo,B0066,CSAT,3,Atendimento,Demora,
survey-demo,B0066,CSAT,3,Comunicação,Retorno,
survey-demo,B0066,CSAT,3,Processo,Agendamento,
survey-demo,B0067,NPS,6,Atendimento,Demora,q_channels
survey-demo,B0067,NPS,6,Atendimento,Demora,q_resolution
survey-demo,B0067,NPS,6,Atendimento,Demora,q_wait
survey-demo,B0067,NPS,6,Comunicação,Retorno,q_channels
survey-demo,B0067,NPS,6,Comunicação,Retorno,q_resolution
survey-demo,B0067,NPS,6,Comunicação,Retorno,q_wait
survey-demo,B0067,NPS,6,Processo,Agendamento,q_channels
survey-demo,B0067,NPS,6,Processo,Agendamento,q_resolution
survey-demo,B0067,NPS,6,Processo,Agendamento,q_wait
survey-demo,B0068,NPS,4,Atendimento,Demora,q_wait
survey-demo,B0068,NPS,4,Comunicação,Retorno,q_wait
survey-demo,B0068,NPS,4,Processo,Agendamento,q_wait
survey-demo,B0069,CSAT,5,,,q_channels
survey-demo,B0069,CSAT,5,,,q_resolution
survey-demo,B0069,CSAT,5,,,q_wait
survey-demo,B0070,NPS,10,,,q_channels
survey-demo,B0070,NPS,10,,,q_resolution
survey-demo,B0070,NPS,10,,,q_wait
survey-demo,B0071,NPS,8,,,q_channels
survey-demo,B0071,NPS,8,,,q_resolution
survey-demo,B0071,NPS,8,,,q_wait
survey-demo,B0072,CSAT,4,Atendimento,Demora,q_wait
survey-demo,B0073,NPS,0,Atendimento,Demora,q_resolution
survey-demo,B0073,NPS,0,Atendimento,Demora,q_wait
survey-demo,B0073,NPS,0,Comunicação,Retorno,q_resolution
survey-demo,B0073,NPS,0,Comunicação,Retorno,q_wait
survey-demo,B0073,NPS,0,Processo,Agendamento,q_resolution
survey-demo,B0073,NPS,0,Processo,Agendamento,q_wait
survey-demo,B0074,NPS,0,Atendimento,Cordialidade,q_resolution
survey-demo,B0074,NPS,0,Atendimento,Cordialidade,q_wait
survey-demo,B0074,NPS,0,Atendimento,Demora,q_resolution
survey-demo,B0074,NPS,0,Atendimento,Demora,q_wait
survey-demo,B0074,NPS,0,Comunicação,Retorno,q_resolution
survey-demo,B0074,NPS,0,Comunicação,Retorno,q_wait
survey-demo,B0074,NPS,0,Processo,Agendamento,q_resolution
survey-demo,B0074,NPS,0,Processo,Agendamento,q_wait
survey-demo,B0075,CSAT,2,Atendimento,Demora,q_resolution
survey-demo,B0075,CSAT,2,Atendimento,Demora,q_wait
survey-demo,B0075,CSAT,2,Comunicação,Retorno,q_resolution
survey-demo,B0075,CSAT,2,Comunicação,Retorno,q_wait
survey-demo,B0076,NPS,5,Atendimento,Demora,
survey-demo,B0076,NPS,5,Comunicação,Retorno,
survey-demo,B0076,NPS,5,Processo,Agendamento,
survey-demo,B0077,NPS,9,Atendimento,Demora,
survey-demo,B0078,CSAT,1,Atendimento,Demora,q_wait
survey-demo,B0078,CSAT,1,Comunicação,Retorno,q_wait
survey-demo,B0079,NPS,8,Atendimento,Demora,q_wait
survey-demo,B0079,NPS,8,Comunicação,Retorno,q_wait
survey-demo,B0080,NPS,1,Atendimento,Demora,q_wait
survey-demo,B0081,CSAT,2,Atendimento,Demora,q_resolution
survey-demo,B0081,CSAT,2,Atendimento,Demora,q_wait
survey-demo,B0081,CSAT,2,Comunicação,Retorno,q_resolution
survey-demo,B0081,CSAT,2,Comunicação,Retorno,q_wait
survey-demo,B0082,NPS,2,Atendimento,Cordialidade,q_resolution
survey-demo,B0082,NPS,2,Atendimento,Cordialidade,q_wait
survey-demo,B0082,NPS,2,Atendimento,Demora,q_resolution
survey-demo,B0082,NPS,2,Atendimento,Demora,q_wait
survey-demo,B0082,NPS,2,Comunicação,Retorno,q_resolution
survey-demo,B0082,NPS,2,Comunicação,Retorno,q_wait
survey-demo,B0082,NPS,2,Processo,Agendamento,q_resolution
survey-demo,B0082,NPS,2,Processo,Agendamento,q_wait
survey-demo,B0083,NPS,6,Atendimento,Cordialidade,q_channels
survey-demo,B0083,NPS,6,Atendimento,Cordialidade,q_resolution
survey-demo,B0083,NPS,6,Atendimento,Cordialidade,q_wait
survey-demo,B0083,NPS,6,Atendimento,Demora,q_channels
survey-demo,B0083,NPS,6,Atendimento,Demora,q_resolution
survey-demo,B0083,NPS,6,Atendimento,Demora,q_wait
survey-demo,B0083,NPS,6,Comunicação,Retorno,q_channels
survey-demo,B0083,NPS,6,Comunicação,Retorno,q_resolution
survey-demo,B0083,NPS,6,Comunicação,Retorno,q_wait
survey-demo,B0083,NPS,6,Processo,Agendamento,q_channels
survey-demo,B0083,NPS,6,Processo,Agendamento,q_resolution
survey-demo,B0083,NPS,6,Processo,Agendamento,q_wait
survey-demo,B0084,CSAT,1,Atendimento,Demora,q_channels
survey-demo,B0084,CSAT,1,Atendimento,Demora,q_resolution
survey-demo,B0084,CSAT,1,Atendimento,Demora,q_wait
survey-demo,B0084,CSAT,1,Comunicação,Retorno,q_channels
survey-demo,B0084,CSAT,1,Comunicação,Retorno,q_resolution
survey-demo,B0084,CSAT,1,Comunicação,Retorno,q_wait
survey-demo,B0085,NPS,10,Atendimento,Demora,q_wait
survey-demo,B0086,NPS,2,Atendimento,Demora,
survey-demo,B0086,NPS,2,Comunicação,Retorno,
survey-demo,B0086,NPS,2,Processo,Agendamento,
survey-demo,B0087,CSAT,2,Atendimento,Demora,q_channels
survey-demo,B0087,CSAT,2,Atendimento,Demora,q_resolution
survey-demo,B0087,CSAT,2,Atendimento,Demora,q_wait
survey-demo,B0087,CSAT,2,Comunicação,Retorno,q_channels
survey-demo,B0087,CSAT,2,Comunicação,Retorno,q_resolution
survey-demo,B0087,CSAT,2,Comunicação,Retorno,q_wait
survey-demo,B0088,NPS,10,Atendimento,Demora,q_wait
survey-demo,B0089,NPS,10,,,
survey-demo,B0090,CSAT,5,,,q_wait
survey-demo,B0091,NPS,3,Atendimento,Cordialidade,
survey-demo,B0091,NPS,3,Atendimento,Demora,
survey-demo,B0091,NPS,3,Comunicação,Retorno,
survey-demo,B0091,NPS,3,Processo,Agendamento,
survey-demo,B0092,NPS,0,Atendimento,Demora,
survey-demo,B0092,NPS,0,Comunicação,Retorno,
survey-demo,B0092,NPS,0,Processo,Agendamento,
survey-demo,B0093,CSAT,1,Atendimento,Cordialidade,
survey-demo,B0093,CSAT,1,Atendimento,Demora,
survey-demo,B0093,CSAT,1,Comunicação,Retorno,
survey-demo,B0093,CSAT,1,Processo,Agendamento,
survey-demo,B0094,NPS,0,Atendimento,Cordialidade,
survey-demo,B0094,NPS,0,Atendimento,Demora,
survey-demo,B0094,NPS,0,Comunicação,Retorno,
survey-demo,B0094,NPS,0,Processo,Agendamento,
survey-demo,B0095,NPS,2,Atendimento,Demora,q_resolution
survey-demo,B0095,NPS,2,Atendimento,Demora,q_wait
survey-demo,B0095,NPS,2,Comunicação,Retorno,q_resolution
survey-demo,B0095,NPS,2,Comunicação,Retorno,q_wait
survey-demo,B0095,NPS,2,Processo,Agendamento,q_resolution
survey-demo,B0095,NPS,2,Processo,Agendamento,q_wait
survey-demo,B0096,CSAT,3,Atendimento,Demora,q_wait
survey-demo,B0097,NPS,10,Atendimento,Demora,q_wait
survey-demo,B0097,NPS,10,Comunicação,Retorno,q_wait
survey-demo,B0098,NPS,3,Atendimento,Demora,q_resolution
survey-demo,B0098,NPS,3,Atendimento,Demora,q_wait
survey-demo,B0098,NPS,3,Comunicação,Retorno,q_resolution
survey-demo,B0098,NPS,3,Comunicação,Retorno,q_wait
survey-demo,B0099,CSAT,1,Atendimento,Demora,q_wait
survey-demo,B0099,CSAT,1,Comunicação,Retorno,q_wait
survey-demo,B0099,CSAT,1,Processo,Agendamento,q_wait
survey-demo,B0100,NPS,3,Atendimento,Demora,q_channels
survey-demo,B0100,NPS,3,Atendimento,Demora,q_resolution
survey-demo,B0100,NPS,3,Atendimento,Demora,q_wait
survey-demo,B0100,NPS,3,Comunicação,Retorno,q_channels
survey-demo,B0100,NPS,3,Comunicação,Retorno,q_resolution
survey-demo,B0100,NPS,3,Comunicação,Retorno,q_wait
survey-demo,B0100,NPS,3,Processo,Agendamento,q_channels
survey-demo,B0100,NPS,3,Processo,Agendamento,q_resolution
survey-demo,B0100,NPS,3,Processo,Agendamento,q_wait
survey-demo,B0101,NPS,1,Atendimento,Cordialidade,q_channels
survey-demo,B0101,NPS,1,Atendimento,Cordialidade,q_resolution
survey-demo,B0101,NPS,1,Atendimento,Cordialidade,q_wait
survey-demo,B0101,NPS,1,Atendimento,Demora,q_channels
survey-demo,B0101,NPS,1,Atendimento,Demora,q_resolution
survey-demo,B0101,NPS,1,Atendimento,Demora,q_wait
survey-demo,B0101,NPS,1,Comunicação,Retorno,q_channels
survey-demo,B0101,NPS,1,Comunicação,Retorno,q_resolution
survey-demo,B0101,NPS,1,Comunicação,Retorno,q_wait
survey-demo,B0101,NPS,1,Processo,Agendamento,q_channels
survey-demo,B0101,NPS,1,Processo,Agendamento,q_resolution
survey-demo,B0101,NPS,1,Processo,Agendamento,q_wait
survey-demo,B0102,CSAT,5,,,q_channels
survey-demo,B0102,CSAT,5,,,q_resolution
survey-demo,B0102,CSAT,5,,,q_wait
survey-demo,B0103,NPS,6,Atendimento,Demora,q_resolution
survey-demo,B0103,NPS,6,Atendimento,Demora,q_wait
survey-demo,B0103,NPS,6,Comunicação,Retorno,q_resolution
survey-demo,B0103,NPS,6,Comunicação,Retorno,q_wait
survey-demo,B0104,NPS,7,Atendimento,Demora,q_wait
survey-demo,B0105,CSAT,3,Atendimento,Demora,q_channels
survey-demo,B0105,CSAT,3,Atendimento,Demora,q_resolution
survey-demo,B0105,CSAT,3,Atendimento,Demora,q_wait
survey-demo,B0105,CSAT,3,Comunicação,Retorno,q_channels
survey-demo,B0105,CSAT,3,Comunicação,Retorno,q_resolution
survey-demo,B0105,CSAT,3,Comunicação,Retorno,q_wait
survey-demo,B0106,NPS,6,Atendimento,Demora,
survey-demo,B0106,NPS,6,Comunicação,Retorno,
survey-demo,B0107,NPS,6,Atendimento,Demora,q_resolution
survey-demo,B0107,NPS,6,Atendimento,Demora,q_wait
survey-demo,B0107,NPS,6,Comunicação,Retorno,q_resolution
survey-demo,B0107,NPS,6,Comunicação,Retorno,q_wait
survey-demo,B0107,NPS,6,Processo,Agendamento,q_resolution
survey-demo,B0107,NPS,6,Processo,Agendamento,q_wait
survey-demo,B0108,CSAT,5,,,q_resolution
survey-demo,B0108,CSAT,5,,,q_wait
survey-demo,B0109,NPS,1,Atendimento,Cordialidade,q_resolution
survey-demo,B0109,NPS,1,Atendimento,Cordialidade,q_wait
survey-demo,B0109,NPS,1,Atendimento,Demora,q_resolution
survey-demo,B0109,NPS,1,Atendimento,Demora,q_wait
survey-demo,B0109,NPS,1,Comunicação,Retorno,q_resolution
survey-demo,B0109,NPS,1,Comunicação,Retorno,q_wait
survey-demo,B0109,NPS,1,Processo,Agendamento,q_resolution
survey-demo,B0109,NPS,1,Processo,Agendamento,q_wait
survey-demo,B0110,NPS,2,Atendimento,Demora,q_channels
survey-demo,B0110,NPS,2,Atendimento,Demora,q_resolution
survey-demo,B0110,NPS,2,Atendimento,Demora,q_wait
survey-demo,B0110,NPS,2,Comunicação,Retorno,q_channels
survey-demo,B0110,NPS,2,Comunicação,Retorno,q_resolution
survey-demo,B0110,NPS,2,Comunicação,Retorno,q_wait
survey-demo,B0110,NPS,2,Processo,Agendamento,q_channels
survey-demo,B0110,NPS,2,Processo,Agendamento,q_resolution
survey-demo,B0110,NPS,2,Processo,Agendamento,q_wait
survey-demo,B0111,CSAT,1,Atendimento,Cordialidade,
survey-demo,B0111,CSAT,1,Atendimento,Demora,
survey-demo,B0111,CSAT,1,Comunicação,Retorno,
survey-demo,B0111,CSAT,1,Processo,Agendamento,
survey-demo,B0112,NPS,10,Atendimento,Demora,q_wait
survey-demo,B0113,NPS,3,Atendimento,Cordialidade,
survey-demo,B0113,NPS,3,Atendimento,Demora,
survey-demo,B0113,NPS,3,Comunicação,Retorno,
survey-demo,B0113,NPS,3,Processo,Agendamento,
survey-demo,B0114,CSAT,2,Atendimento,Cordialidade,
survey-demo,B0114,CSAT,2,Atendimento,Demora,
survey-demo,B0114,CSAT,2,Comunicação,Retorno,
survey-demo,B0114,CSAT,2,Processo,Agendamento,
survey-demo,B0115,NPS,3,Atendimento,Demora,q_resolution
survey-demo,B0115,NPS,3,Atendimento,Demora,q_wait
survey-demo,B0115,NPS,3,Comunicação,Retorno,q_resolution
survey-demo,B0115,NPS,3,Comunicação,Retorno,q_wait
survey-demo,B0115,NPS,3,Processo,Agendamento,q_resolution
survey-demo,B0115,NPS,3,Processo,Agendamento,q_wait
survey-demo,B0116,NPS,5,Atendimento,Cordialidade,
survey-demo,B0116,NPS,5,Atendimento,Demora,
survey-demo,B0116,NPS,5,Comunicação,Retorno,
survey-demo,B0116,NPS,5,Processo,Agendamento,
survey-demo,B0117,CSAT,1,Atendimento,Demora,q_resolution
survey-demo,B0117,CSAT,1,Atendimento,Demora,q_wait
survey-demo,B0117,CSAT,1,Comunicação,Retorno,q_resolution
survey-demo,B0117,CSAT,1,Comunicação,Retorno,q_wait
survey-demo,B0118,NPS,9,Atendimento,Demora,q_resolution
survey-demo,B0118,NPS,9,Atendimento,Demora,q_wait
survey-demo,B0118,NPS,9,Comunicação,Retorno,q_resolution
survey-demo,B0118,NPS,9,Comunicação,Retorno,q_wait
survey-demo,B0119,NPS,5,Atendimento,Demora,q_wait
survey-demo,B0119,NPS,5,Comunicação,Retorno,q_wait
survey-demo,B0119,NPS,5,Processo,Agendamento,q_wait
survey-demo,B0120,CSAT,5,,,q_wait
survey-demo,B0121,NPS,5,Atendimento,Demora,q_wait
survey-demo,B0121,NPS,5,Comunicação,Retorno,q_wait
survey-demo,B0121,NPS,5,Processo,Agendamento,q_wait
survey-demo,B0122,NPS,9,Atendimento,Demora,q_channels
survey-demo,B0122,NPS,9,Atendimento,Demora,q_resolution
survey-demo,B0122,NPS,9,Atendimento,Demora,q_wait
survey-demo,B0123,CSAT,2,Atendimento,Demora,q_wait
survey-demo,B0123,CSAT,2,Comunicação,Retorno,q_wait
survey-demo,B0123,CSAT,2,Processo,Agendamento,q_wait
survey-demo,B0124,NPS,9,Atendimento,Demora,
survey-demo,B0125,NPS,9,Atendimento,Demora,q_channels
survey-demo,B0125,NPS,9,Atendimento,Demora,q_resolution
survey-demo,B0125,NPS,9,Atendimento,Demora,q_wait
survey-demo,B0125,NPS,9,Comunicação,Retorno,q_channels
survey-demo,B0125,NPS,9,Comunicação,Retorno,q_resolution
survey-demo,B0125,NPS,9,Comunicação,Retorno,q_wait
survey-demo,B0126,CSAT,5,Atendimento,Demora,
survey-demo,B0126,CSAT,5,Comunicação,Retorno,
survey-demo,B0127,NPS,6,Atendimento,Cordialidade,q_wait
survey-demo,B0127,NPS,6,Atendimento,Demora,q_wait
survey-demo,B0127,NPS,6,Comunicação,Retorno,q_wait
survey-demo,B0127,NPS,6,Processo,Agendamento,q_wait
survey-demo,B0128,NPS,7,Atendimento,Demora,q_wait
survey-demo,B0129,CSAT,5,Atendimento,Demora,q_channels
survey-demo,B0129,CSAT,5,Atendimento,Demora,q_resolution
survey-demo,B0129,CSAT,5,Atendimento,Demora,q_wait
survey-demo,B0129,CSAT,5,Comunicação,Retorno,q_channels
survey-demo,B0129,CSAT,5,Comunicação,Retorno,q_resolution
survey-demo,B0129,CSAT,5,Comunicação,Retorno,q_wait
survey-demo,B0130,NPS,5,Atendimento,Cordialidade,
survey-demo,B0130,NPS,5,Atendimento,Demora,
survey-demo,B0130,NPS,5,Comunicação,Retorno,
survey-demo,B0130,NPS,5,Processo,Agendamento,
survey-demo,B0131,NPS,8,Atendimento,Demora,
survey-demo,B0132,CSAT,5,,,q_channels
survey-demo,B0132,CSAT,5,,,q_resolution
survey-demo,B0132,CSAT,5,,,q_wait
survey-demo,B0133,NPS,9,,,q_resolution
survey-demo,B0133,NPS,9,,,q_wait
survey-demo,B0134,NPS,2,Atendimento,Cordialidade,q_wait
survey-demo,B0134,NPS,2,Atendimento,Demora,q_wait
survey-demo,B0134,NPS,2,Comunicação,Retorno,q_wait
survey-demo,B0134,NPS,2,Processo,Agendamento,q_wait
survey-demo,B0135,CSAT,3,Atendimento,Cordialidade,q_channels
survey-demo,B0135,CSAT,3,Atendimento,Cordialidade,q_resolution
survey-demo,B0135,CSAT,3,Atendimento,Cordialidade,q_wait
survey-demo,B0135,CSAT,3,Atendimento,Demora,q_channels
survey-demo,B0135,CSAT,3,Atendimento,Demora,q_resolution
survey-demo,B0135,CSAT,3,Atendimento,Demora,q_wait
survey-demo,B0135,CSAT,3,Comunicação,Retorno,q_channels
survey-demo,B0135,CSAT,3,Comunicação,Retorno,q_resolution
survey-demo,B0135,CSAT,3,Comunicação,Retorno,q_wait
survey-demo,B0135,CSAT,3,Processo,Agendamento,q_channels
survey-demo,B0135,CSAT,3,Processo,Agendamento,q_resolution
survey-demo,B0135,CSAT,3,Processo,Agendamento,q_wait
survey-demo,B0136,NPS,1,Atendimento,Demora,q_wait
survey-demo,B0137,NPS,3,Atendimento,Cordialidade,q_resolution
survey-demo,B0137,NPS,3,Atendimento,Cordialidade,q_wait
survey-demo,B0137,NPS,3,Atendimento,Demora,q_resolution
survey-demo,B0137,NPS,3,Atendimento,Demora,q_wait
survey-demo,B0137,NPS,3,Comunicação,Retorno,q_resolution
survey-demo,B0137,NPS,3,Comunicação,Retorno,q_wait
survey-demo,B0137,NPS,3,Processo,Agendamento,q_resolution
survey-demo,B0137,NPS,3,Processo,Agendamento,q_wait
survey-demo,B0138,CSAT,1,Atendimento,Cordialidade,q_wait
survey-demo,B0138,CSAT,1,Atendimento,Demora,q_wait
survey-demo,B0138,CSAT,1,Comunicação,Retorno,q_wait
survey-demo,B0138,CSAT,1,Processo,Agendamento,q_wait
survey-demo,B0139,NPS,9,Atendimento,Demora,q_resolution
survey-demo,B0139,NPS,9,Atendimento,Demora,q_wait
survey-demo,B0140,NPS,4,Atendimento,Cordialidade,q_wait
survey-demo,B0140,NPS,4,Atendimento,Demora,q_wait
survey-demo,B0140,NPS,4,Comunicação,Retorno,q_wait
survey-demo,B0140,NPS,4,Processo,Agendamento,q_wait
survey-demo,B0141,CSAT,3,Atendimento,Demora,q_channels
survey-demo,B0141,CSAT,3,Atendimento,Demora,q_resolution
survey-demo,B0141,CSAT,3,Atendimento,Demora,q_wait
survey-demo,B0141,CSAT,3,Comunicação,Retorno,q_channels
survey-demo,B0141,CSAT,3,Comunicação,Retorno,q_resolution
survey-demo,B0141,CSAT,3,Comunicação,Retorno,q_wait
survey-demo,B0142,NPS,1,Atendimento,Demora,q_resolution
survey-demo,B0142,NPS,1,Atendimento,Demora,q_wait
survey-demo,B0142,NPS,1,Comunicação,Retorno,q_resolution
survey-demo,B0142,NPS,1,Comunicação,Retorno,q_wait
survey-demo,B0142,NPS,1,Processo,Agendamento,q_resolution
survey-demo,B0142,NPS,1,Processo,Agendamento,q_wait
survey-demo,B0143,NPS,4,Atendimento,Demora,q_wait
survey-demo,B0143,NPS,4,Comunicação,Retorno,q_wait
survey-demo,B0143,NPS,4,Processo,Agendamento,q_wait
survey-demo,B0144,CSAT,5,Atendimento,Demora,q_wait
survey-demo,B0145,NPS,7,Atendimento,Demora,q_wait
survey-demo,B0146,NPS,3,Atendimento,Cordialidade,q_wait
survey-demo,B0146,NPS,3,Atendimento,Demora,q_wait
survey-demo,B0146,NPS,3,Comunicação,Retorno,q_wait
survey-demo,B0146,NPS,3,Processo,Agendamento,q_wait
survey-demo,B0147,CSAT,2,Atendimento,Demora,q_channels
survey-demo,B0147,CSAT,2,Atendimento,Demora,q_resolution
survey-demo,B0147,CSAT,2,Atendimento,Demora,q_wait
survey-demo,B0147,CSAT,2,Comunicação,Retorno,q_channels
survey-demo,B0147,CSAT,2,Comunicação,Retorno,q_resolution
survey-demo,B0147,CSAT,2,Comunicação,Retorno,q_wait
survey-demo,B0148,NPS,2,Atendimento,Cordialidade,q_channels
survey-demo,B0148,NPS,2,Atendimento,Cordialidade,q_resolution
survey-demo,B0148,NPS,2,Atendimento,Cordialidade,q_wait
survey-demo,B0148,NPS,2,Atendimento,Demora,q_channels
survey-demo,B0148,NPS,2,Atendimento,Demora,q_resolution
survey-demo,B0148,NPS,2,Atendimento,Demora,q_wait
survey-demo,B0148,NPS,2,Comunicação,Retorno,q_channels
survey-demo,B0148,NPS,2,Comunicação,Retorno,q_resolution
survey-demo,B0148,NPS,2,Comunicação,Retorno,q_wait
survey-demo,B0148,NPS,2,Processo,Agendamento,q_channels
survey-demo,B0148,NPS,2,Processo,Agendamento,q_resolution
survey-demo,B0148,NPS,2,Processo,Agendamento,q_wait
survey-demo,B0149,NPS,7,Atendimento,Demora,
survey-demo,B0149,NPS,7,Comunicação,Retorno,
survey-demo,B0150,CSAT,2,Atendimento,Demora,q_wait
survey-demo,B0150,CSAT,2,Comunicação,Retorno,q_wait
survey-demo,B0150,CSAT,2,Processo,Agendamento,q_wait
survey-demo,B0151,NPS,8,,,q_channels
survey-demo,B0151,NPS,8,,,q_resolution
survey-demo,B0151,NPS,8,,,q_wait
survey-demo,B0152,NPS,9,,,q_wait
survey-demo,B0153,CSAT,1,Atendimento,Demora,q_wait
survey-demo,B0153,CSAT,1,Comunicação,Retorno,q_wait
survey-demo,B0153,CSAT,1,Processo,Agendamento,q_wait
survey-demo,B0154,NPS,4,Atendimento,Demora,q_wait
survey-demo,B0154,NPS,4,Comunicação,Retorno,q_wait
survey-demo,B0154,NPS,4,Processo,Agendamento,q_wait
survey-demo,B0155,NPS,5,Atendimento,Cordialidade,
survey-demo,B0155,NPS,5,Atendimento,Demora,
survey-demo,B0155,NPS,5,Comunicação,Retorno,
survey-demo,B0155,NPS,5,Processo,Agendamento,
survey-demo,B0156,CSAT,3,Atendimento,Demora,q_channels
survey-demo,B0156,CSAT,3,Atendimento,Demora,q_resolution
survey-demo,B0156,CSAT,3,Atendimento,Demora,q_wait
survey-demo,B0156,CSAT,3,Comunicação,Retorno,q_channels
survey-demo,B0156,CSAT,3,Comunicação,Retorno,q_resolution
survey-demo,B0156,CSAT,3,Comunicação,Retorno,q_wait
survey-demo,B0157,NPS,8,,,q_resolution
survey-demo,B0157,NPS,8,,,q_wait
survey-demo,B0158,NPS,4,Atendimento,Demora,q_wait
survey-demo,B0158,NPS,4,Comunicação,Retorno,q_wait
survey-demo,B0158,NPS,4,Processo,Agendamento,q_wait
survey-demo,B0159,CSAT,3,Atendimento,Demora,q_channels
survey-demo,B0159,CSAT,3,Atendimento,Demora,q_resolution
survey-demo,B0159,CSAT,3,Atendimento,Demora,q_wait
survey-demo,B0159,CSAT,3,Comunicação,Retorno,q_channels
survey-demo,B0159,CSAT,3,Comunicação,Retorno,q_resolution
survey-demo,B0159,CSAT,3,Comunicação,Retorno,q_wait
survey-demo,B0159,CSAT,3,Processo,Agendamento,q_channels
survey-demo,B0159,CSAT,3,Processo,Agendamento,q_resolution
survey-demo,B0159,CSAT,3,Processo,Agendamento,q_wait
survey-demo,B0160,NPS,8,Atendimento,Demora,q_wait
survey-demo,B0161,NPS,10,,,q_wait
survey-demo,B0162,CSAT,1,Atendimento,Demora,
survey-demo,B0162,CSAT,1,Comunicação,Retorno,
survey-demo,B0162,CSAT,1,Processo,Agendamento,
survey-demo,B0163,NPS,10,Atendimento,Demora,q_channels
survey-demo,B0163,NPS,10,Atendimento,Demora,q_resolution
survey-demo,B0163,NPS,10,Atendimento,Demora,q_wait
survey-demo,B0163,NPS,10,Comunicação,Retorno,q_channels
survey-demo,B0163,NPS,10,Comunicação,Retorno,q_resolution
survey-demo,B0163,NPS,10,Comunicação,Retorno,q_wait
survey-demo,B0164,NPS,3,Atendimento,Demora,q_resolution
survey-demo,B0164,NPS,3,Atendimento,Demora,q_wait
survey-demo,B0164,NPS,3,Comunicação,Retorno,q_resolution
survey-demo,B0164,NPS,3,Comunicação,Retorno,q_wait
survey-demo,B0165,CSAT,2,Atendimento,Cordialidade,
survey-demo,B0165,CSAT,2,Atendimento,Demora,
survey-demo,B0165,CSAT,2,Comunicação,Retorno,
survey-demo,B0165,CSAT,2,Processo,Agendamento,
survey-demo,B0166,NPS,0,Atendimento,Demora,q_wait
survey-demo,B0166,NPS,0,Comunicação,Retorno,q_wait
survey-demo,B0167,NPS,9,,,q_wait
survey-demo,B0168,CSAT,5,Atendimento,Demora,q_wait
survey-demo,B0169,NPS,10,,,q_resolution
survey-demo,B0169,NPS,10,,,q_wait
survey-demo,B0170,NPS,6,Atendimento,Cordialidade,q_channels
survey-demo,B0170,NPS,6,Atendimento,Cordialidade,q_resolution
survey-demo,B0170,NPS,6,Atendimento,Cordialidade,q_wait
survey-demo,B0170,NPS,6,Atendimento,Demora,q_channels
survey-demo,B0170,NPS,6,Atendimento,Demora,q_resolution
survey-demo,B0170,NPS,6,Atendimento,Demora,q_wait
survey-demo,B0170,NPS,6,Comunicação,Retorno,q_channels
survey-demo,B0170,NPS,6,Comunicação,Retorno,q_resolution
survey-demo,B0170,NPS,6,Comunicação,Retorno,q_wait
survey-demo,B0170,NPS,6,Processo,Agendamento,q_channels
survey-demo,B0170,NPS,6,Processo,Agendamento,q_resolution
survey-demo,B0170,NPS,6,Processo,Agendamento,q_wait
survey-demo,B0171,CSAT,1,Atendimento,Cordialidade,q_resolution
survey-demo,B0171,CSAT,1,Atendimento,Cordialidade,q_wait
survey-demo,B0171,CSAT,1,Atendimento,Demora,q_resolution
survey-demo,B0171,CSAT,1,Atendimento,Demora,q_wait
survey-demo,B0171,CSAT,1,Comunicação,Retorno,q_resolution
survey-demo,B0171,CSAT,1,Comunicação,Retorno,q_wait
survey-demo,B0171,CSAT,1,Processo,Agendamento,q_resolution
survey-demo,B0171,CSAT,1,Processo,Agendamento,q_wait
survey-demo,B0172,NPS,4,Atendimento,Demora,q_wait
survey-demo,B0172,NPS,4,Comunicação,Retorno,q_wait
survey-demo,B0172,NPS,4,Processo,Agendamento,q_wait
survey-demo,B0173,NPS,10,Atendimento,Demora,q_channels
survey-demo,B0173,NPS,10,Atendimento,Demora,q_resolution
survey-demo,B0173,NPS,10,Atendimento,Demora,q_wait
survey-demo,B0173,NPS,10,Comunicação,Retorno,q_channels
survey-demo,B0173,NPS,10,Comunicação,Retorno,q_resolution
survey-demo,B0173,NPS,10,Comunicação,Retorno,q_wait
survey-demo,B0174,CSAT,3,Atendimento,Demora,q_channels
survey-demo,B0174,CSAT,3,Atendimento,Demora,q_resolution
survey-demo,B0174,CSAT,3,Atendimento,Demora,q_wait
survey-demo,B0174,CSAT,3,Comunicação,Retorno,q_channels
survey-demo,B0174,CSAT,3,Comunicação,Retorno,q_resolution
survey-demo,B0174,CSAT,3,Comunicação,Retorno,q_wait
survey-demo,B0175,NPS,7,Atendimento,Demora,q_wait
survey-demo,B0175,NPS,7,Comunicação,Retorno,q_wait
survey-demo,B0176,NPS,7,Atendimento,Demora,q_wait
survey-demo,B0177,CSAT,2,Atendimento,Demora,q_wait
survey-demo,B0177,CSAT,2,Comunicação,Retorno,q_wait
survey-demo,B0177,CSAT,2,Processo,Agendamento,q_wait
survey-demo,B0178,NPS,2,Atendimento,Cordialidade,q_wait
survey-demo,B0178,NPS,2,Atendimento,Demora,q_wait
survey-demo,B0178,NPS,2,Comunicação,Retorno,q_wait
survey-demo,B0178,NPS,2,Processo,Agendamento,q_wait
survey-demo,B0179,NPS,7,Atendimento,Demora,
survey-demo,B0180,CSAT,1,Atendimento,Demora,
survey-demo,B0180,CSAT,1,Comunicação,Retorno,
survey-demo,B0181,NPS,9,Atendimento,Demora,
survey-demo,B0181,NPS,9,Comunicação,Retorno,
survey-demo,B0182,NPS,5,Atendimento,Cordialidade,q_wait
survey-demo,B0182,NPS,5,Atendimento,Demora,q_wait
survey-demo,B0182,NPS,5,Comunicação,Retorno,q_wait
survey-demo,B0182,NPS,5,Processo,Agendamento,q_wait
survey-demo,B0183,CSAT,4,,,q_resolution
survey-demo,B0183,CSAT,4,,,q_wait
survey-demo,B0184,NPS,2,Atendimento,Demora,q_wait
survey-demo,B0185,NPS,10,,,q_wait
survey-demo,B0186,CSAT,2,Atendimento,Demora,q_channels
survey-demo,B0186,CSAT,2,Atendimento,Demora,q_resolution
survey-demo,B0186,CSAT,2,Atendimento,Demora,q_wait
survey-demo,B0186,CSAT,2,Comunicação,Retorno,q_channels
survey-demo,B0186,CSAT,2,Comunicação,Retorno,q_resolution
survey-demo,B0186,CSAT,2,Comunicação,Retorno,q_wait
survey-demo,B0186,CSAT,2,Processo,Agendamento,q_channels
survey-demo,B0186,CSAT,2,Processo,Agendamento,q_resolution
survey-demo,B0186,CSAT,2,Processo,Agendamento,q_wait
survey-demo,B0187,NPS,2,Atendimento,Demora,q_wait
survey-demo,B0187,NPS,2,Comunicação,Retorno,q_wait
survey-demo,B0187,NPS,2,Processo,Agendamento,q_wait
survey-demo,B0188,NPS,9,,,q_wait
survey-demo,B0189,CSAT,3,Atendimento,Cordialidade,q_resolution
survey-demo,B0189,CSAT,3,Atendimento,Cordialidade,q_wait
survey-demo,B0189,CSAT,3,Atendimento,Demora,q_resolution
survey-demo,B0189,CSAT,3,Atendimento,Demora,q_wait
survey-demo,B0189,CSAT,3,Comunicação,Retorno,q_resolution
survey-demo,B0189,CSAT,3,Comunicação,Retorno,q_wait
survey-demo,B0189,CSAT,3,Processo,Agendamento,q_resolution
survey-demo,B0189,CSAT,3,Processo,Agendamento,q_wait
survey-demo,B0190,NPS,9,Atendimento,Demora,
survey-demo,B0191,NPS,4,Atendimento,Demora,
survey-demo,B0191,NPS,4,Comunicação,Retorno,
survey-demo,B0191,NPS,4,Processo,Agendamento,
survey-demo,B0192,CSAT,2,Atendimento,Demora,q_wait
survey-demo,B0193,NPS,10,Atendimento,Demora,
survey-demo,B0193,NPS,10,Comunicação,Retorno,
survey-demo,B0194,NPS,0,Atendimento,Cordialidade,q_channels
survey-demo,B0194,NPS,0,Atendimento,Cordialidade,q_resolution
survey-demo,B0194,NPS,0,Atendimento,Cordialidade,q_wait
survey-demo,B0194,NPS,0,Atendimento,Demora,q_channels
survey-demo,B0194,NPS,0,Atendimento,Demora,q_resolution
survey-demo,B0194,NPS,0,Atendimento,Demora,q_wait
survey-demo,B0194,NPS,0,Comunicação,Retorno,q_channels
survey-demo,B0194,NPS,0,Comunicação,Retorno,q_resolution
survey-demo,B0194,NPS,0,Comunicação,Retorno,q_wait
survey-demo,B0194,NPS,0,Processo,Agendamento,q_channels
survey-demo,B0194,NPS,0,Processo,Agendamento,q_resolution
survey-demo,B0194,NPS,0,Processo,Agendamento,q_wait
survey-demo,B0195,CSAT,4,,,q_channels
survey-demo,B0195,CSAT,4,,,q_resolution
survey-demo,B0195,CSAT,4,,,q_wait
survey-demo,B0196,NPS,0,Atendimento,Cordialidade,q_channels
survey-demo,B0196,NPS,0,Atendimento,Cordialidade,q_resolution
survey-demo,B0196,NPS,0,Atendimento,Cordialidade,q_wait
survey-demo,B0196,NPS,0,Atendimento,Demora,q_channels
survey-demo,B0196,NPS,0,Atendimento,Demora,q_resolution
survey-demo,B0196,NPS,0,Atendimento,Demora,q_wait
survey-demo,B0196,NPS,0,Comunicação,Retorno,q_channels
survey-demo,B0196,NPS,0,Comunicação,Retorno,q_resolution
survey-demo,B0196,NPS,0,Comunicação,Retorno,q_wait
survey-demo,B0196,NPS,0,Processo,Agendamento,q_channels
survey-demo,B0196,NPS,0,Processo,Agendamento,q_resolution
survey-demo,B0196,NPS,0,Processo,Agendamento,q_wait
survey-demo,B0197,NPS,9,,,
survey-demo,B0198,CSAT,5,Atendimento,Demora,q_resolution
survey-demo,B0198,CSAT,5,Atendimento,Demora,q_wait
survey-demo,B0198,CSAT,5,Comunicação,Retorno,q_resolution
survey-demo,B0198,CSAT,5,Comunicação,Retorno,q_wait
survey-demo,B0199,NPS,3,Atendimento,Demora,q_channels
survey-demo,B0199,NPS,3,Atendimento,Demora,q_resolution
survey-demo,B0199,NPS,3,Atendimento,Demora,q_wait
survey-demo,B0199,NPS,3,Comunicação,Retorno,q_channels
survey-demo,B0199,NPS,3,Comunicação,Retorno,q_resolution
survey-demo,B0199,NPS,3,Comunicação,Retorno,q_wait
survey-demo,B0199,NPS,3,Processo,Agendamento,q_channels
survey-demo,B0199,NPS,3,Processo,Agendamento,q_resolution
survey-demo,B0199,NPS,3,Processo,Agendamento,q_wait
survey-demo,B0200,NPS,7,Atendimento,Demora,q_wait
survey-demo,B0201,CSAT,1,Atendimento,Cordialidade,
survey-demo,B0201,CSAT,1,Atendimento,Demora,
survey-demo,B0201,CSAT,1,Comunicação,Retorno,
survey-demo,B0201,CSAT,1,Processo,Agendamento,
survey-demo,B0202,NPS,6,Atendimento,Demora,q_channels
survey-demo,B0202,NPS,6,Atendimento,Demora,q_resolution
survey-demo,B0202,NPS,6,Atendimento,Demora,q_wait
survey-demo,B0202,NPS,6,Comunicação,Retorno,q_channels
survey-demo,B0202,NPS,6,Comunicação,Retorno,q_resolution
survey-demo,B0202,NPS,6,Comunicação,Retorno,q_wait
survey-demo,B0202,NPS,6,Processo,Agendamento,q_channels
survey-demo,B0202,NPS,6,Processo,Agendamento,q_resolution
survey-demo,B0202,NPS,6,Processo,Agendamento,q_wait
survey-demo,B0203,NPS,9,Atendimento,Demora,q_channels
survey-demo,B0203,NPS,9,Atendimento,Demora,q_resolution
survey-demo,B0203,NPS,9,Atendimento,Demora,q_wait
survey-demo,B0203,NPS,9,Comunicação,Retorno,q_channels
survey-demo,B0203,NPS,9,Comunicação,Retorno,q_resolution
survey-demo,B0203,NPS,9,Comunicação,Retorno,q_wait
survey-demo,B0204,CSAT,1,Atendimento,Demora,
survey-demo,B0204,CSAT,1,Comunicação,Retorno,
survey-demo,B0205,NPS,0,Atendimento,Cordialidade,
survey-demo,B0205,NPS,0,Atendimento,Demora,
survey-demo,B0205,NPS,0,Comunicação,Retorno,
survey-demo,B0205,NPS,0,Processo,Agendamento,
survey-demo,B0206,NPS,0,Atendimento,Demora,q_resolution
survey-demo,B0206,NPS,0,Atendimento,Demora,q_wait
survey-demo,B0206,NPS,0,Comunicação,Retorno,q_resolution
survey-demo,B0206,NPS,0,Comunicação,Retorno,q_wait
survey-demo,B0207,CSAT,3,Atendimento,Demora,q_channels
survey-demo,B0207,CSAT,3,Atendimento,Demora,q_resolution
survey-demo,B0207,CSAT,3,Atendimento,Demora,q_wait
survey-demo,B0207,CSAT,3,Comunicação,Retorno,q_channels
survey-demo,B0207,CSAT,3,Comunicação,Retorno,q_resolution
survey-demo,B0207,CSAT,3,Comunicação,Retorno,q_wait
survey-demo,B0208,NPS,4,Atendimento,Demora,q_wait
survey-demo,B0209,NPS,3,Atendimento,Demora,
survey-demo,B0209,NPS,3,Comunicação,Retorno,
survey-demo,B0210,CSAT,3,Atendimento,Demora,
survey-demo,B0210,CSAT,3,Comunicação,Retorno,
survey-demo,B0210,CSAT,3,Processo,Agendamento,
survey-demo,B0211,NPS,7,,,q_channels
survey-demo,B0211,NPS,7,,,q_resolution
survey-demo,B0211,NPS,7,,,q_wait
survey-demo,B0212,NPS,1,Atendimento,Demora,q_channels
survey-demo,B0212,NPS,1,Atendimento,Demora,q_resolution
survey-demo,B0212,NPS,1,Atendimento,Demora,q_wait
survey-demo,B0212,NPS,1,Comunicação,Retorno,q_channels
survey-demo,B0212,NPS,1,Comunicação,Retorno,q_resolution
survey-demo,B0212,NPS,1,Comunicação,Retorno,q_wait
survey-demo,B0212,NPS,1,Processo,Agendamento,q_channels
survey-demo,B0212,NPS,1,Processo,Agendamento,q_resolution
survey-demo,B0212,NPS,1,Processo,Agendamento,q_wait
survey-demo,B0213,CSAT,5,,,q_resolution
survey-demo,B0213,CSAT,5,,,q_wait
survey-demo,B0214,NPS,4,Atendimento,Cordialidade,q_channels
survey-demo,B0214,NPS,4,Atendimento,Cordialidade,q_resolution
survey-demo,B0214,NPS,4,Atendimento,Cordialidade,q_wait
survey-demo,B0214,NPS,4,Atendimento,Demora,q_channels
survey-demo,B0214,NPS,4,Atendimento,Demora,q_resolution
survey-demo,B0214,NPS,4,Atendimento,Demora,q_wait
survey-demo,B0214,NPS,4,Comunicação,Retorno,q_channels
survey-demo,B0214,NPS,4,Comunicação,Retorno,q_resolution
survey-demo,B0214,NPS,4,Comunicação,Retorno,q_wait
survey-demo,B0214,NPS,4,Processo,Agendamento,q_channels
survey-demo,B0214,NPS,4,Processo,Agendamento,q_resolution
survey-demo,B0214,NPS,4,Processo,Agendamento,q_wait
survey-demo,B0215,NPS,9,,,q_wait
survey-demo,B0216,CSAT,5,,,q_wait
survey-demo,B0217,NPS,7,Atendimento,Demora,q_channels
survey-demo,B0217,NPS,7,Atendimento,Demora,q_resolution
survey-demo,B0217,NPS,7,Atendimento,Demora,q_wait
survey-demo,B0217,NPS,7,Comunicação,Retorno,q_channels
survey-demo,B0217,NPS,7,Comunicação,Retorno,q_resolution
survey-demo,B0217,NPS,7,Comunicação,Retorno,q_wait
survey-demo,B0218,NPS,10,Atendimento,Demora,q_resolution
survey-demo,B0218,NPS,10,Atendimento,Demora,q_wait
survey-demo,B0219,CSAT,4,Atendimento,Demora,q_wait
survey-demo,B0219,CSAT,4,Comunicação,Retorno,q_wait
survey-demo,B0220,NPS,2,Atendimento,Demora,q_resolution
survey-demo,B0220,NPS,2,Atendimento,Demora,q_wait
survey-demo,B0220,NPS,2,Comunicação,Retorno,q_resolution
survey-demo,B0220,NPS,2,Comunicação,Retorno,q_wait
survey-demo,B0220,NPS,2,Processo,Agendamento,q_resolution
survey-demo,B0220,NPS,2,Processo,Agendamento,q_wait
survey-demo,B0221,NPS,0,Atendimento,Demora,q_channels
survey-demo,B0221,NPS,0,Atendimento,Demora,q_resolution
survey-demo,B0221,NPS,0,Atendimento,Demora,q_wait
survey-demo,B0221,NPS,0,Comunicação,Retorno,q_channels
survey-demo,B0221,NPS,0,Comunicação,Retorno,q_resolution
survey-demo,B0221,NPS,0,Comunicação,Retorno,q_wait
survey-demo,B0221,NPS,0,Processo,Agendamento,q_channels
survey-demo,B0221,NPS,0,Processo,Agendamento,q_resolution
survey-demo,B0221,NPS,0,Processo,Agendamento,q_wait
survey-demo,B0222,CSAT,1,Atendimento,Cordialidade,
survey-demo,B0222,CSAT,1,Atendimento,Demora,
survey-demo,B0222,CSAT,1,Comunicação,Retorno,
survey-demo,B0222,CSAT,1,Processo,Agendamento,
survey-demo,B0223,NPS,8,Atendimento,Demora,q_wait
survey-demo,B0224,NPS,1,Atendimento,Demora,q_wait
survey-demo,B0225,CSAT,2,Atendimento,Demora,q_wait
survey-demo,B0225,CSAT,2,Comunicação,Retorno,q_wait
survey-demo,B0225,CSAT,2,Processo,Agendamento,q_wait
survey-demo,B0226,NPS,8,Atendimento,Demora,q_wait
survey-demo,B0227,NPS,3,Atendimento,Cordialidade,q_wait
survey-demo,B0227,NPS,3,Atendimento,Demora,q_wait
survey-demo,B0227,NPS,3,Comunicação,Retorno,q_wait
survey-demo,B0227,NPS,3,Processo,Agendamento,q_wait
survey-demo,B0228,CSAT,3,Atendimento,Demora,q_channels
survey-demo,B0228,CSAT,3,Atendimento,Demora,q_resolution
survey-demo,B0228,CSAT,3,Atendimento,Demora,q_wait
survey-demo,B0228,CSAT,3,Comunicação,Retorno,q_channels
survey-demo,B0228,CSAT,3,Comunicação,Retorno,q_resolution
survey-demo,B0228,CSAT,3,Comunicação,Retorno,q_wait
survey-demo,B0229,NPS,10,Atendimento,Demora,
survey-demo,B0230,NPS,3,Atendimento,Demora,q_wait
survey-demo,B0230,NPS,3,Comunicação,Retorno,q_wait
survey-demo,B0230,NPS,3,Processo,Agendamento,q_wait
survey-demo,B0231,CSAT,5,,,
survey-demo,B0232,NPS,6,Atendimento,Demora,q_wait
survey-demo,B0233,NPS,10,Atendimento,Demora,q_channels
survey-demo,B0233,NPS,10,Atendimento,Demora,q_resolution
survey-demo,B0233,NPS,10,Atendimento,Demora,q_wait
survey-demo,B0233,NPS,10,Comunicação,Retorno,q_channels
survey-demo,B0233,NPS,10,Comunicação,Retorno,q_resolution
survey-demo,B0233,NPS,10,Comunicação,Retorno,q_wait
survey-demo,B0234,CSAT,4,,,q_resolution
survey-demo,B0234,CSAT,4,,,q_wait
survey-demo,B0235,NPS,0,Atendimento,Demora,
survey-demo,B0235,NPS,0,Comunicação,Retorno,
survey-demo,B0235,NPS,0,Processo,Agendamento,
survey-demo,B0236,NPS,2,Atendimento,Demora,q_channels
survey-demo,B0236,NPS,2,Atendimento,Demora,q_resolution
survey-demo,B0236,NPS,2,Atendimento,Demora,q_wait
survey-demo,B0236,NPS,2,Comunicação,Retorno,q_channels
survey-demo,B0236,NPS,2,Comunicação,Retorno,q_resolution
survey-demo,B0236,NPS,2,Comunicação,Retorno,q_wait
survey-demo,B0236,NPS,2,Processo,Agendamento,q_channels
survey-demo,B0236,NPS,2,Processo,Agendamento,q_resolution
survey-demo,B0236,NPS,2,Processo,Agendamento,q_wait
survey-demo,B0237,CSAT,3,Atendimento,Demora,q_resolution
survey-demo,B0237,CSAT,3,Atendimento,Demora,q_wait
survey-demo,B0237,CSAT,3,Comunicação,Retorno,q_resolution
survey-demo,B0237,CSAT,3,Comunicação,Retorno,q_wait
survey-demo,B0238,NPS,10,,,q_wait
survey-demo,B0239,NPS,0,Atendimento,Demora,q_wait
survey-demo,B0239,NPS,0,Comunicação,Retorno,q_wait
survey-demo,B0240,CSAT,5,Atendimento,Demora,q_wait
survey-demo,B0241,NPS,7,Atendimento,Demora,q_resolution
survey-demo,B0241,NPS,7,Atendimento,Demora,q_wait
survey-demo,B0241,NPS,7,Comunicação,Retorno,q_resolution
survey-demo,B0241,NPS,7,Comunicação,Retorno,q_wait
survey-demo,B0242,NPS,7,Atendimento,Demora,q_resolution
survey-demo,B0242,NPS,7,Atendimento,Demora,q_wait
survey-demo,B0243,CSAT,5,Atendimento,Demora,q_resolution
survey-demo,B0243,CSAT,5,Atendimento,Demora,q_wait
survey-demo,B0244,NPS,4,Atendimento,Cordialidade,q_wait
survey-demo,B0244,NPS,4,Atendimento,Demora,q_wait
survey-demo,B0244,NPS,4,Comunicação,Retorno,q_wait
survey-demo,B0244,NPS,4,Processo,Agendamento,q_wait
survey-demo,B0245,NPS,6,Atendimento,Demora,
survey-demo,B0245,NPS,6,Comunicação,Retorno,
survey-demo,B0246,CSAT,2,Atendimento,Demora,q_channels
survey-demo,B0246,CSAT,2,Atendimento,Demora,q_resolution
survey-demo,B0246,CSAT,2,Atendimento,Demora,q_wait
survey-demo,B0246,CSAT,2,Comunicação,Retorno,q_channels
survey-demo,B0246,CSAT,2,Comunicação,Retorno,q_resolution
survey-demo,B0246,CSAT,2,Comunicação,Retorno,q_wait
survey-demo,B0247,NPS,3,Atendimento,Demora,
survey-demo,B0247,NPS,3,Comunicação,Retorno,
survey-demo,B0248,NPS,1,Atendimento,Demora,q_wait
survey-demo,B0249,CSAT,2,Atendimento,Demora,
survey-demo,B0249,CSAT,2,Comunicação,Retorno,
survey-demo,B0249,CSAT,2,Processo,Agendamento,
survey-demo,B0250,NPS,0,Atendimento,Demora,
survey-demo,B0250,NPS,0,Comunicação,Retorno,
survey-demo,B0251,NPS,5,Atendimento,Demora,
survey-demo,B0251,NPS,5,Comunicação,Retorno,
survey-demo,B0252,CSAT,4,Atendimento,Demora,q_channels
survey-demo,B0252,CSAT,4,Atendimento,Demora,q_resolution
survey-demo,B0252,CSAT,4,Atendimento,Demora,q_wait
survey-demo,B0253,NPS,3,Atendimento,Demora,
survey-demo,B0253,NPS,3,Comunicação,Retorno,
survey-demo,B0254,NPS,7,Atendimento,Demora,q_resolution
survey-demo,B0254,NPS,7,Atendimento,Demora,q_wait
survey-demo,B0255,CSAT,3,Atendimento,Demora,q_wait
survey-demo,B0255,CSAT,3,Comunicação,Retorno,q_wait
survey-demo,B0255,CSAT,3,Processo,Agendamento,q_wait
survey-demo,B0256,NPS,6,Atendimento,Demora,q_wait
survey-demo,B0257,NPS,10,Atendimento,Demora,
survey-demo,B0258,CSAT,5,Atendimento,Demora,q_wait
survey-demo,B0259,NPS,9,,,
survey-demo,B0260,NPS,1,Atendimento,Demora,q_wait
survey-demo,B0260,NPS,1,Comunicação,Retorno,q_wait
survey-demo,B0260,NPS,1,Processo,Agendamento,q_wait
survey-demo,B0261,CSAT,4,Atendimento,Demora,q_channels
survey-demo,B0261,CSAT,4,Atendimento,Demora,q_resolution
survey-demo,B0261,CSAT,4,Atendimento,Demora,q_wait
survey-demo,B0261,CSAT,4,Comunicação,Retorno,q_channels
survey-demo,B0261,CSAT,4,Comunicação,Retorno,q_resolution
survey-demo,B0261,CSAT,4,Comunicação,Retorno,q_wait
survey-demo,B0262,NPS,10,Atendimento,Demora,q_wait
survey-demo,B0262,NPS,10,Comunicação,Retorno,q_wait
survey-demo,B0263,NPS,0,Atendimento,Cordialidade,
survey-demo,B0263,NPS,0,Atendimento,Demora,
survey-demo,B0263,NPS,0,Comunicação,Retorno,
survey-demo,B0263,NPS,0,Processo,Agendamento,
survey-demo,B0264,CSAT,2,Atendimento,Demora,q_wait
survey-demo,B0265,NPS,2,Atendimento,Demora,q_wait
survey-demo,B0265,NPS,2,Comunicação,Retorno,q_wait
survey-demo,B0266,NPS,1,Atendimento,Demora,
survey-demo,B0266,NPS,1,Comunicação,Retorno,
survey-demo,B0267,CSAT,5,Atendimento,Demora,
survey-demo,B0268,NPS,7,Atendimento,Demora,q_channels
survey-demo,B0268,NPS,7,Atendimento,Demora,q_resolution
survey-demo,B0268,NPS,7,Atendimento,Demora,q_wait
survey-demo,B0268,NPS,7,Comunicação,Retorno,q_channels
survey-demo,B0268,NPS,7,Comunicação,Retorno,q_resolution
survey-demo,B0268,NPS,7,Comunicação,Retorno,q_wait
survey-demo,B0269,NPS,7,Atendimento,Demora,q_resolution
survey-demo,B0269,NPS,7,Atendimento,Demora,q_wait
survey-demo,B0270,CSAT,4,Atendimento,Demora,q_channels
survey-demo,B0270,CSAT,4,Atendimento,Demora,q_resolution
survey-demo,B0270,CSAT,4,Atendimento,Demora,q_wait
survey-demo,B0270,CSAT,4,Comunicação,Retorno,q_channels
survey-demo,B0270,CSAT,4,Comunicação,Retorno,q_resolution
survey-demo,B0270,CSAT,4,Comunicação,Retorno,q_wait
survey-demo,B0271,NPS,6,Atendimento,Demora,q_resolution
survey-demo,B0271,NPS,6,Atendimento,Demora,q_wait
survey-demo,B0271,NPS,6,Comunicação,Retorno,q_resolution
survey-demo,B0271,NPS,6,Comunicação,Retorno,q_wait
survey-demo,B0272,NPS,5,Atendimento,Demora,q_wait
survey-demo,B0273,CSAT,4,,,q_wait
survey-demo,B0274,NPS,1,Atendimento,Demora,q_resolution
survey-demo,B0274,NPS,1,Atendimento,Demora,q_wait
survey-demo,B0274,NPS,1,Comunicação,Retorno,q_resolution
survey-demo,B0274,NPS,1,Comunicação,Retorno,q_wait
survey-demo,B0275,NPS,10,Atendimento,Demora,
survey-demo,B0275,NPS,10,Comunicação,Retorno,
survey-demo,B0276,CSAT,1,Atendimento,Cordialidade,q_wait
survey-demo,B0276,CSAT,1,Atendimento,Demora,q_wait
survey-demo,B0276,CSAT,1,Comunicação,Retorno,q_wait
survey-demo,B0276,CSAT,1,Processo,Agendamento,q_wait
survey-demo,B0277,NPS,7,,,
survey-demo,B0278,NPS,0,Atendimento,Demora,q_channels
survey-demo,B0278,NPS,0,Atendimento,Demora,q_resolution
survey-demo,B0278,NPS,0,Atendimento,Demora,q_wait
survey-demo,B0278,NPS,0,Comunicação,Retorno,q_channels
survey-demo,B0278,NPS,0,Comunicação,Retorno,q_resolution
survey-demo,B0278,NPS,0,Comunicação,Retorno,q_wait
survey-demo,B0279,CSAT,2,Atendimento,Demora,q_wait
survey-demo,B0279,CSAT,2,Comunicação,Retorno,q_wait
survey-demo,B0280,NPS,3,Atendimento,Demora,q_wait
survey-demo,B0281,NPS,1,Atendimento,Cordialidade,q_resolution
survey-demo,B0281,NPS,1,Atendimento,Cordialidade,q_wait
survey-demo,B0281,NPS,1,Atendimento,Demora,q_resolution
survey-demo,B0281,NPS,1,Atendimento,Demora,q_wait
survey-demo,B0281,NPS,1,Comunicação,Retorno,q_resolution
survey-demo,B0281,NPS,1,Comunicação,Retorno,q_wait
survey-demo,B0281,NPS,1,Processo,Agendamento,q_resolution
survey-demo,B0281,NPS,1,Processo,Agendamento,q_wait
survey-demo,B0282,CSAT,1,Atendimento,Cordialidade,
survey-demo,B0282,CSAT,1,Atendimento,Demora,
survey-demo,B0282,CSAT,1,Comunicação,Retorno,
survey-demo,B0282,CSAT,1,Processo,Agendamento,
survey-demo,B0283,NPS,8,Atendimento,Demora,q_channels
survey-demo,B0283,NPS,8,Atendimento,Demora,q_resolution
survey-demo,B0283,NPS,8,Atendimento,Demora,q_wait
survey-demo,B0283,NPS,8,Comunicação,Retorno,q_channels
survey-demo,B0283,NPS,8,Comunicação,Retorno,q_resolution
survey-demo,B0283,NPS,8,Comunicação,Retorno,q_wait
survey-demo,B0284,NPS,4,Atendimento,Demora,q_wait
survey-demo,B0284,NPS,4,Comunicação,Retorno,q_wait
survey-demo,B0284,NPS,4,Processo,Agendamento,q_wait
survey-demo,B0285,CSAT,2,Atendimento,Demora,q_resolution
survey-demo,B0285,CSAT,2,Atendimento,Demora,q_wait
survey-demo,B0285,CSAT,2,Comunicação,Retorno,q_resolution
survey-demo,B0285,CSAT,2,Comunicação,Retorno,q_wait
survey-demo,B0286,NPS,7,Atendimento,Demora,q_channels
survey-demo,B0286,NPS,7,Atendimento,Demora,q_resolution
survey-demo,B0286,NPS,7,Atendimento,Demora,q_wait
survey-demo,B0286,NPS,7,Comunicação,Retorno,q_channels
survey-demo,B0286,NPS,7,Comunicação,Retorno,q_resolution
survey-demo,B0286,NPS,7,Comunicação,Retorno,q_wait
survey-demo,B0287,NPS,9,Atendimento,Demora,q_wait
survey-demo,B0288,CSAT,5,,,q_wait
survey-demo,B0289,NPS,3,Atendimento,Demora,q_channels
survey-demo,B0289,NPS,3,Atendimento,Demora,q_resolution
survey-demo,B0289,NPS,3,Atendimento,Demora,q_wait
survey-demo,B0289,NPS,3,Comunicação,Retorno,q_channels
survey-demo,B0289,NPS,3,Comunicação,Retorno,q_resolution
survey-demo,B0289,NPS,3,Comunicação,Retorno,q_wait
survey-demo,B0289,NPS,3,Processo,Agendamento,q_channels
survey-demo,B0289,NPS,3,Processo,Agendamento,q_resolution
survey-demo,B0289,NPS,3,Processo,Agendamento,q_wait
survey-demo,B0290,NPS,6,Atendimento,Cordialidade,q_resolution
survey-demo,B0290,NPS,6,Atendimento,Cordialidade,q_wait
survey-demo,B0290,NPS,6,Atendimento,Demora,q_resolution
survey-demo,B0290,NPS,6,Atendimento,Demora,q_wait
survey-demo,B0290,NPS,6,Comunicação,Retorno,q_resolution
survey-demo,B0290,NPS,6,Comunicação,Retorno,q_wait
survey-demo,B0290,NPS,6,Processo,Agendamento,q_resolution
survey-demo,B0290,NPS,6,Processo,Agendamento,q_wait
survey-demo,B0291,CSAT,3,Atendimento,Cordialidade,
survey-demo,B0291,CSAT,3,Atendimento,Demora,
survey-demo,B0291,CSAT,3,Comunicação,Retorno,
survey-demo,B0291,CSAT,3,Processo,Agendamento,
survey-demo,B0292,NPS,0,Atendimento,Demora,
survey-demo,B0292,NPS,0,Comunicação,Retorno,
survey-demo,B0292,NPS,0,Processo,Agendamento,
survey-demo,B0293,NPS,0,Atendimento,Demora,q_resolution
survey-demo,B0293,NPS,0,Atendimento,Demora,q_wait
survey-demo,B0293,NPS,0,Comunicação,Retorno,q_resolution
survey-demo,B0293,NPS,0,Comunicação,Retorno,q_wait
survey-demo,B0294,CSAT,4,Atendimento,Demora,
survey-demo,B0295,NPS,6,Atendimento,Demora,q_channels
survey-demo,B0295,NPS,6,Atendimento,Demora,q_resolution
survey-demo,B0295,NPS,6,Atendimento,Demora,q_wait
survey-demo,B0295,NPS,6,Comunicação,Retorno,q_channels
survey-demo,B0295,NPS,6,Comunicação,Retorno,q_resolution
survey-demo,B0295,NPS,6,Comunicação,Retorno,q_wait
survey-demo,B0296,NPS,9,,,q_wait
survey-demo,B0297,CSAT,3,Atendimento,Demora,
survey-demo,B0297,CSAT,3,Comunicação,Retorno,
survey-demo,B0297,CSAT,3,Processo,Agendamento,
survey-demo,B0298,NPS,7,Atendimento,Demora,q_resolution
survey-demo,B0298,NPS,7,Atendimento,Demora,q_wait
survey-demo,B0299,NPS,10,Atendimento,Demora,q_channels
survey-demo,B0299,NPS,10,Atendimento,Demora,q_resolution
survey-demo,B0299,NPS,10,Atendimento,Demora,q_wait
survey-demo,B0300,CSAT,1,Atendimento,Cordialidade,q_channels
survey-demo,B0300,CSAT,1,Atendimento,Cordialidade,q_resolution
survey-demo,B0300,CSAT,1,Atendimento,Cordialidade,q_wait
survey-demo,B0300,CSAT,1,Atendimento,Demora,q_channels
survey-demo,B0300,CSAT,1,Atendimento,Demora,q_resolution
survey-demo,B0300,CSAT,1,Atendimento,Demora,q_wait
survey-demo,B0300,CSAT,1,Comunicação,Retorno,q_channels
survey-demo,B0300,CSAT,1,Comunicação,Retorno,q_resolution
survey-demo,B0300,CSAT,1,Comunicação,Retorno,q_wait
survey-demo,B0300,CSAT,1,Processo,Agendamento,q_channels
survey-demo,B0300,CSAT,1,Processo,Agendamento,q_resolution
survey-demo,B0300,CSAT,1,Processo,Agendamento,q_wait
survey-demo,B0301,NPS,8,Atendimento,Demora,q_resolution
survey-demo,B0301,NPS,8,Atendimento,Demora,q_wait
survey-demo,B0302,NPS,10,Atendimento,Demora,q_channels
survey-demo,B0302,NPS,10,Atendimento,Demora,q_resolution
survey-demo,B0302,NPS,10,Atendimento,Demora,q_wait
survey-demo,B0302,NPS,10,Comunicação,Retorno,q_channels
survey-demo,B0302,NPS,10,Comunicação,Retorno,q_resolution
survey-demo,B0302,NPS,10,Comunicação,Retorno,q_wait
survey-demo,B0303,CSAT,2,Atendimento,Demora,q_channels
survey-demo,B0303,CSAT,2,Atendimento,Demora,q_resolution
survey-demo,B0303,CSAT,2,Atendimento,Demora,q_wait
survey-demo,B0303,CSAT,2,Comunicação,Retorno,q_channels
survey-demo,B0303,CSAT,2,Comunicação,Retorno,q_resolution
survey-demo,B0303,CSAT,2,Comunicação,Retorno,q_wait
survey-demo,B0304,NPS,7,Atendimento,Demora,q_wait
survey-demo,B0305,NPS,9,,,q_channels
survey-demo,B0305,NPS,9,,,q_resolution
survey-demo,B0305,NPS,9,,,q_wait
survey-demo,B0306,CSAT,5,,,q_wait
survey-demo,B0307,NPS,10,,,q_resolution
survey-demo,B0307,NPS,10,,,q_wait
survey-demo,B0308,NPS,3,Atendimento,Demora,q_channels
survey-demo,B0308,NPS,3,Atendimento,Demora,q_resolution
survey-demo,B0308,NPS,3,Atendimento,Demora,q_wait
survey-demo,B0308,NPS,3,Comunicação,Retorno,q_channels
survey-demo,B0308,NPS,3,Comunicação,Retorno,q_resolution
survey-demo,B0308,NPS,3,Comunicação,Retorno,q_wait
survey-demo,B0308,NPS,3,Processo,Agendamento,q_channels
survey-demo,B0308,NPS,3,Processo,Agendamento,q_resolution
survey-demo,B0308,NPS,3,Processo,Agendamento,q_wait
survey-demo,B0309,CSAT,2,Atendimento,Demora,q_channels
survey-demo,B0309,CSAT,2,Atendimento,Demora,q_resolution
survey-demo,B0309,CSAT,2,Atendimento,Demora,q_wait
survey-demo,B0309,CSAT,2,Comunicação,Retorno,q_channels
survey-demo,B0309,CSAT,2,Comunicação,Retorno,q_resolution
survey-demo,B0309,CSAT,2,Comunicação,Retorno,q_wait
survey-demo,B0309,CSAT,2,Processo,Agendamento,q_channels
survey-demo,B0309,CSAT,2,Processo,Agendamento,q_resolution
survey-demo,B0309,CSAT,2,Processo,Agendamento,q_wait
survey-demo,B0310,NPS,4,Atendimento,Demora,q_resolution
survey-demo,B0310,NPS,4,Atendimento,Demora,q_wait
survey-demo,B0310,NPS,4,Comunicação,Retorno,q_resolution
survey-demo,B0310,NPS,4,Comunicação,Retorno,q_wait
survey-demo,B0310,NPS,4,Processo,Agendamento,q_resolution
survey-demo,B0310,NPS,4,Processo,Agendamento,q_wait
survey-demo,B0311,NPS,9,,,q_resolution
survey-demo,B0311,NPS,9,,,q_wait
survey-demo,B0312,CSAT,5,,,q_wait
survey-demo,B0313,NPS,1,Atendimento,Cordialidade,q_resolution
survey-demo,B0313,NPS,1,Atendimento,Cordialidade,q_wait
survey-demo,B0313,NPS,1,Atendimento,Demora,q_resolution
survey-demo,B0313,NPS,1,Atendimento,Demora,q_wait
survey-demo,B0313,NPS,1,Comunicação,Retorno,q_resolution
survey-demo,B0313,NPS,1,Comunicação,Retorno,q_wait
survey-demo,B0313,NPS,1,Processo,Agendamento,q_resolution
survey-demo,B0313,NPS,1,Processo,Agendamento,q_wait
survey-demo,B0314,NPS,7,Atendimento,Demora,q_resolution
survey-demo,B0314,NPS,7,Atendimento,Demora,q_wait
survey-demo,B0315,CSAT,5,Atendimento,Demora,q_channels
survey-demo,B0315,CSAT,5,Atendimento,Demora,q_resolution
survey-demo,B0315,CSAT,5,Atendimento,Demora,q_wait
survey-demo,B0315,CSAT,5,Comunicação,Retorno,q_channels
survey-demo,B0315,CSAT,5,Comunicação,Retorno,q_resolution
survey-demo,B0315,CSAT,5,Comunicação,Retorno,q_wait
survey-demo,B0316,NPS,1,Atendimento,Demora,q_channels
survey-demo,B0316,NPS,1,Atendimento,Demora,q_resolution
survey-demo,B0316,NPS,1,Atendimento,Demora,q_wait
survey-demo,B0316,NPS,1,Comunicação,Retorno,q_channels
survey-demo,B0316,NPS,1,Comunicação,Retorno,q_resolution
survey-demo,B0316,NPS,1,Comunicação,Retorno,q_wait
survey-demo,B0317,NPS,8,Atendimento,Demora,q_resolution
survey-demo,B0317,NPS,8,Atendimento,Demora,q_wait
survey-demo,B0318,CSAT,4,Atendimento,Demora,q_wait
survey-demo,B0318,CSAT,4,Comunicação,Retorno,q_wait
survey-demo,B0319,NPS,9,,,q_channels
survey-demo,B0319,NPS,9,,,q_resolution
survey-demo,B0319,NPS,9,,,q_wait
survey-demo,B0320,NPS,7,Atendimento,Demora,q_wait
survey-demo,B0321,CSAT,1,Atendimento,Cordialidade,q_wait
survey-demo,B0321,CSAT,1,Atendimento,Demora,q_wait
survey-demo,B0321,CSAT,1,Comunicação,Retorno,q_wait
survey-demo,B0321,CSAT,1,Processo,Agendamento,q_wait
survey-demo,B0322,NPS,7,,,
survey-demo,B0323,NPS,7,Atendimento,Demora,q_channels
survey-demo,B0323,NPS,7,Atendimento,Demora,q_resolution
survey-demo,B0323,NPS,7,Atendimento,Demora,q_wait
survey-demo,B0324,CSAT,3,Atendimento,Demora,
survey-demo,B0324,CSAT,3,Comunicação,Retorno,
survey-demo,B0325,NPS,3,Atendimento,Cordialidade,q_resolution
survey-demo,B0325,NPS,3,Atendimento,Cordialidade,q_wait
survey-demo,B0325,NPS,3,Atendimento,Demora,q_resolution
survey-demo,B0325,NPS,3,Atendimento,Demora,q_wait
survey-demo,B0325,NPS,3,Comunicação,Retorno,q_resolution
survey-demo,B0325,NPS,3,Comunicação,Retorno,q_wait
survey-demo,B0325,NPS,3,Processo,Agendamento,q_resolution
survey-demo,B0325,NPS,3,Processo,Agendamento,q_wait
survey-demo,B0326,NPS,2,Atendimento,Cordialidade,q_resolution
survey-demo,B0326,NPS,2,Atendimento,Cordialidade,q_wait
survey-demo,B0326,NPS,2,Atendimento,Demora,q_resolution
survey-demo,B0326,NPS,2,Atendimento,Demora,q_wait
survey-demo,B0326,NPS,2,Comunicação,Retorno,q_resolution
survey-demo,B0326,NPS,2,Comunicação,Retorno,q_wait
survey-demo,B0326,NPS,2,Processo,Agendamento,q_resolution
survey-demo,B0326,NPS,2,Processo,Agendamento,q_wait
survey-demo,B0327,CSAT,3,Atendimento,Demora,q_channels
survey-demo,B0327,CSAT,3,Atendimento,Demora,q_resolution
survey-demo,B0327,CSAT,3,Atendimento,Demora,q_wait
survey-demo,B0327,CSAT,3,Comunicação,Retorno,q_channels
survey-demo,B0327,CSAT,3,Comunicação,Retorno,q_resolution
survey-demo,B0327,CSAT,3,Comunicação,Retorno,q_wait
survey-demo,B0327,CSAT,3,Processo,Agendamento,q_channels
survey-demo,B0327,CSAT,3,Processo,Agendamento,q_resolution
survey-demo,B0327,CSAT,3,Processo,Agendamento,q_wait
survey-demo,B0328,NPS,3,Atendimento,Demora,q_wait
survey-demo,B0329,NPS,4,Atendimento,Cordialidade,q_wait
survey-demo,B0329,NPS,4,Atendimento,Demora,q_wait
survey-demo,B0329,NPS,4,Comunicação,Retorno,q_wait
survey-demo,B0329,NPS,4,Processo,Agendamento,q_wait
survey-demo,B0330,CSAT,2,Atendimento,Demora,q_resolution
survey-demo,B0330,CSAT,2,Atendimento,Demora,q_wait
survey-demo,B0330,CSAT,2,Comunicação,Retorno,q_resolution
survey-demo,B0330,CSAT,2,Comunicação,Retorno,q_wait
survey-demo,B0330,CSAT,2,Processo,Agendamento,q_resolution
survey-demo,B0330,CSAT,2,Processo,Agendamento,q_wait
survey-demo,B0331,NPS,2,Atendimento,Demora,q_resolution
survey-demo,B0331,NPS,2,Atendimento,Demora,q_wait
survey-demo,B0331,NPS,2,Comunicação,Retorno,q_resolution
survey-demo,B0331,NPS,2,Comunicação,Retorno,q_wait
survey-demo,B0331,NPS,2,Processo,Agendamento,q_resolution
survey-demo,B0331,NPS,2,Processo,Agendamento,q_wait
survey-demo,B0332,NPS,8,Atendimento,Demora,q_channels
survey-demo,B0332,NPS,8,Atendimento,Demora,q_resolution
survey-demo,B0332,NPS,8,Atendimento,Demora,q_wait
survey-demo,B0332,NPS,8,Comunicação,Retorno,q_channels
survey-demo,B0332,NPS,8,Comunicação,Retorno,q_resolution
survey-demo,B0332,NPS,8,Comunicação,Retorno,q_wait
survey-demo,B0333,CSAT,4,Atendimento,Demora,q_wait
survey-demo,B0334,NPS,4,Atendimento,Demora,
survey-demo,B0334,NPS,4,Comunicação,Retorno,
survey-demo,B0334,NPS,4,Processo,Agendamento,
survey-demo,B0335,NPS,10,Atendimento,Demora,
survey-demo,B0335,NPS,10,Comunicação,Retorno,
survey-demo,B0336,CSAT,5,,,q_wait
survey-demo,B0337,NPS,6,Atendimento,Demora,q_wait
survey-demo,B0337,NPS,6,Comunicação,Retorno,q_wait
survey-demo,B0338,NPS,3,Atendimento,Demora,
survey-demo,B0338,NPS,3,Comunicação,Retorno,
survey-demo,B0338,NPS,3,Processo,Agendamento,
survey-demo,B0339,CSAT,4,Atendimento,Demora,q_resolution
survey-demo,B0339,CSAT,4,Atendimento,Demora,q_wait
survey-demo,B0340,NPS,0,Atendimento,Demora,q_wait
survey-demo,B0340,NPS,0,Comunicação,Retorno,q_wait
survey-demo,B0341,NPS,8,,,
survey-demo,B0342,CSAT,4,,,q_channels
survey-demo,B0342,CSAT,4,,,q_resolution
survey-demo,B0342,CSAT,4,,,q_wait
survey-demo,B0343,NPS,7,Atendimento,Demora,q_resolution
survey-demo,B0343,NPS,7,Atendimento,Demora,q_wait
survey-demo,B0344,NPS,4,Atendimento,Demora,q_wait
survey-demo,B0345,CSAT,2,Atendimento,Cordialidade,q_channels
survey-demo,B0345,CSAT,2,Atendimento,Cordialidade,q_resolution
survey-demo,B0345,CSAT,2,Atendimento,Cordialidade,q_wait
survey-demo,B0345,CSAT,2,Atendimento,Demora,q_channels
survey-demo,B0345,CSAT,2,Atendimento,Demora,q_resolution
survey-demo,B0345,CSAT,2,Atendimento,Demora,q_wait
survey-demo,B0345,CSAT,2,Comunicação,Retorno,q_channels
survey-demo,B0345,CSAT,2,Comunicação,Retorno,q_resolution
survey-demo,B0345,CSAT,2,Comunicação,Retorno,q_wait
survey-demo,B0345,CSAT,2,Processo,Agendamento,q_channels
survey-demo,B0345,CSAT,2,Processo,Agendamento,q_resolution
survey-demo,B0345,CSAT,2,Processo,Agendamento,q_wait
survey-demo,B0346,NPS,3,Atendimento,Cordialidade,q_channels
survey-demo,B0346,NPS,3,Atendimento,Cordialidade,q_resolution
survey-demo,B0346,NPS,3,Atendimento,Cordialidade,q_wait
survey-demo,B0346,NPS,3,Atendimento,Demora,q_channels
survey-demo,B0346,NPS,3,Atendimento,Demora,q_resolution
survey-demo,B0346,NPS,3,Atendimento,Demora,q_wait
survey-demo,B0346,NPS,3,Comunicação,Retorno,q_channels
survey-demo,B0346,NPS,3,Comunicação,Retorno,q_resolution
survey-demo,B0346,NPS,3,Comunicação,Retorno,q_wait
survey-demo,B0346,NPS,3,Processo,Agendamento,q_channels
survey-demo,B0346,NPS,3,Processo,Agendamento,q_resolution
survey-demo,B0346,NPS,3,Processo,Agendamento,q_wait
survey-demo,B0347,NPS,8,Atendimento,Demora,q_resolution
survey-demo,B0347,NPS,8,Atendimento,Demora,q_wait
survey-demo,B0347,NPS,8,Comunicação,Retorno,q_resolution
survey-demo,B0347,NPS,8,Comunicação,Retorno,q_wait
survey-demo,B0348,CSAT,5,,,q_wait
survey-demo,B0349,NPS,6,Atendimento,Demora,
survey-demo,B0349,NPS,6,Comunicação,Retorno,
survey-demo,B0350,NPS,4,Atendimento,Cordialidade,q_channels
survey-demo,B0350,NPS,4,Atendimento,Cordialidade,q_resolution
survey-demo,B0350,NPS,4,Atendimento,Cordialidade,q_wait
survey-demo,B0350,NPS,4,Atendimento,Demora,q_channels
survey-demo,B0350,NPS,4,Atendimento,Demora,q_resolution
survey-demo,B0350,NPS,4,Atendimento,Demora,q_wait
survey-demo,B0350,NPS,4,Comunicação,Retorno,q_channels
survey-demo,B0350,NPS,4,Comunicação,Retorno,q_resolution
survey-demo,B0350,NPS,4,Comunicação,Retorno,q_wait
survey-demo,B0350,NPS,4,Processo,Agendamento,q_channels
survey-demo,B0350,NPS,4,Processo,Agendamento,q_resolution
survey-demo,B0350,NPS,4,Processo,Agendamento,q_wait
survey-demo,B0351,CSAT,1,Atendimento,Demora,q_resolution
survey-demo,B0351,CSAT,1,Atendimento,Demora,q_wait
survey-demo,B0351,CSAT,1,Comunicação,Retorno,q_resolution
survey-demo,B0351,CSAT,1,Comunicação,Retorno,q_wait
survey-demo,B0351,CSAT,1,Processo,Agendamento,q_resolution
survey-demo,B0351,CSAT,1,Processo,Agendamento,q_wait
survey-demo,B0352,NPS,3,Atendimento,Demora,q_wait
survey-demo,B0353,NPS,1,Atendimento,Demora,q_resolution
survey-demo,B0353,NPS,1,Atendimento,Demora,q_wait
survey-demo,B0353,NPS,1,Comunicação,Retorno,q_resolution
survey-demo,B0353,NPS,1,Comunicação,Retorno,q_wait
survey-demo,B0353,NPS,1,Processo,Agendamento,q_resolution
survey-demo,B0353,NPS,1,Processo,Agendamento,q_wait
survey-demo,B0354,CSAT,5,,,q_resolution
survey-demo,B0354,CSAT,5,,,q_wait
survey-demo,B0355,NPS,4,Atendimento,Demora,q_wait
survey-demo,B0355,NPS,4,Comunicação,Retorno,q_wait
survey-demo,B0356,NPS,6,Atendimento,Demora,q_wait
survey-demo,B0356,NPS,6,Comunicação,Retorno,q_wait
survey-demo,B0357,CSAT,5,,,
survey-demo,B0358,NPS,9,Atendimento,Demora,q_channels
survey-demo,B0358,NPS,9,Atendimento,Demora,q_resolution
survey-demo,B0358,NPS,9,Atendimento,Demora,q_wait
survey-demo,B0359,NPS,4,Atendimento,Demora,q_resolution
survey-demo,B0359,NPS,4,Atendimento,Demora,q_wait
survey-demo,B0359,NPS,4,Comunicação,Retorno,q_resolution
survey-demo,B0359,NPS,4,Comunicação,Retorno,q_wait
survey-demo,B0360,CSAT,4,Atendimento,Demora,q_wait
survey-demo,B0361,NPS,10,Atendimento,Demora,
survey-demo,B0361,NPS,10,Comunicação,Retorno,
survey-demo,B0362,NPS,4,Atendimento,Cordialidade,q_wait
survey-demo,B0362,NPS,4,Atendimento,Demora,q_wait
survey-demo,B0362,NPS,4,Comunicação,Retorno,q_wait
survey-demo,B0362,NPS,4,Processo,Agendamento,q_wait
survey-demo,B0363,CSAT,1,Atendimento,Cordialidade,q_resolution
survey-demo,B0363,CSAT,1,Atendimento,Cordialidade,q_wait
survey-demo,B0363,CSAT,1,Atendimento,Demora,q_resolution
survey-demo,B0363,CSAT,1,Atendimento,Demora,q_wait
survey-demo,B0363,CSAT,1,Comunicação,Retorno,q_resolution
survey-demo,B0363,CSAT,1,Comunicação,Retorno,q_wait
survey-demo,B0363,CSAT,1,Processo,Agendamento,q_resolution
survey-demo,B0363,CSAT,1,Processo,Agendamento,q_wait
survey-demo,B0364,NPS,1,Atendimento,Demora,q_resolution
survey-demo,B0364,NPS,1,Atendimento,Demora,q_wait
survey-demo,B0364,NPS,1,Comunicação,Retorno,q_resolution
survey-demo,B0364,NPS,1,Comunicação,Retorno,q_wait
survey-demo,B0365,NPS,4,Atendimento,Demora,q_wait
survey-demo,B0365,NPS,4,Comunicação,Retorno,q_wait
survey-demo,B0366,CSAT,4,Atendimento,Demora,q_wait
survey-demo,B0367,NPS,7,,,q_channels
survey-demo,B0367,NPS,7,,,q_resolution
survey-demo,B0367,NPS,7,,,q_wait
survey-demo,B0368,NPS,9,Atendimento,Demora,q_wait
survey-demo,B0369,CSAT,4,,,q_resolution
survey-demo,B0369,CSAT,4,,,q_wait
survey-demo,B0370,NPS,5,Atendimento,Demora,q_channels
survey-demo,B0370,NPS,5,Atendimento,Demora,q_resolution
survey-demo,B0370,NPS,5,Atendimento,Demora,q_wait
survey-demo,B0370,NPS,5,Comunicação,Retorno,q_channels
survey-demo,B0370,NPS,5,Comunicação,Retorno,q_resolution
survey-demo,B0370,NPS,5,Comunicação,Retorno,q_wait
survey-demo,B0371,NPS,1,Atendimento,Cordialidade,q_channels
survey-demo,B0371,NPS,1,Atendimento,Cordialidade,q_resolution
survey-demo,B0371,NPS,1,Atendimento,Cordialidade,q_wait
survey-demo,B0371,NPS,1,Atendimento,Demora,q_channels
survey-demo,B0371,NPS,1,Atendimento,Demora,q_resolution
survey-demo,B0371,NPS,1,Atendimento,Demora,q_wait
survey-demo,B0371,NPS,1,Comunicação,Retorno,q_channels
survey-demo,B0371,NPS,1,Comunicação,Retorno,q_resolution
survey-demo,B0371,NPS,1,Comunicação,Retorno,q_wait
survey-demo,B0371,NPS,1,Processo,Agendamento,q_channels
survey-demo,B0371,NPS,1,Processo,Agendamento,q_resolution
survey-demo,B0371,NPS,1,Processo,Agendamento,q_wait
survey-demo,B0372,CSAT,4,Atendimento,Demora,q_wait
survey-demo,B0373,NPS,4,Atendimento,Demora,q_channels
survey-demo,B0373,NPS,4,Atendimento,Demora,q_resolution
survey-demo,B0373,NPS,4,Atendimento,Demora,q_wait
survey-demo,B0373,NPS,4,Comunicação,Retorno,q_channels
survey-demo,B0373,NPS,4,Comunicação,Retorno,q_resolution
survey-demo,B0373,NPS,4,Comunicação,Retorno,q_wait
survey-demo,B0374,NPS,7,,,q_channels
survey-demo,B0374,NPS,7,,,q_resolution
survey-demo,B0374,NPS,7,,,q_wait
survey-demo,B0375,CSAT,3,Atendimento,Cordialidade,q_resolution
survey-demo,B0375,CSAT,3,Atendimento,Cordialidade,q_wait
survey-demo,B0375,CSAT,3,Atendimento,Demora,q_resolution
survey-demo,B0375,CSAT,3,Atendimento,Demora,q_wait
survey-demo,B0375,CSAT,3,Comunicação,Retorno,q_resolution
survey-demo,B0375,CSAT,3,Comunicação,Retorno,q_wait
survey-demo,B0375,CSAT,3,Processo,Agendamento,q_resolution
survey-demo,B0375,CSAT,3,Processo,Agendamento,q_wait
survey-demo,B0376,NPS,2,Atendimento,Demora,q_wait
survey-demo,B0377,NPS,5,Atendimento,Demora,q_wait
survey-demo,B0377,NPS,5,Comunicação,Retorno,q_wait
survey-demo,B0377,NPS,5,Processo,Agendamento,q_wait
survey-demo,B0378,CSAT,5,Atendimento,Demora,q_wait
survey-demo,B0378,CSAT,5,Comunicação,Retorno,q_wait
survey-demo,B0379,NPS,5,Atendimento,Demora,q_channels
survey-demo,B0379,NPS,5,Atendimento,Demora,q_resolution
survey-demo,B0379,NPS,5,Atendimento,Demora,q_wait
survey-demo,B0379,NPS,5,Comunicação,Retorno,q_channels
survey-demo,B0379,NPS,5,Comunicação,Retorno,q_resolution
survey-demo,B0379,NPS,5,Comunicação,Retorno,q_wait
survey-demo,B0379,NPS,5,Processo,Agendamento,q_channels
survey-demo,B0379,NPS,5,Processo,Agendamento,q_resolution
survey-demo,B0379,NPS,5,Processo,Agendamento,q_wait
survey-demo,B0380,NPS,6,Atendimento,Demora,q_wait
survey-demo,B0380,NPS,6,Comunicação,Retorno,q_wait
survey-demo,B0380,NPS,6,Processo,Agendamento,q_wait
survey-demo,B0381,CSAT,4,Atendimento,Demora,q_wait
survey-demo,B0381,CSAT,4,Comunicação,Retorno,q_wait
survey-demo,B0382,NPS,6,Atendimento,Demora,
survey-demo,B0382,NPS,6,Comunicação,Retorno,
survey-demo,B0383,NPS,3,Atendimento,Demora,q_channels
survey-demo,B0383,NPS,3,Atendimento,Demora,q_resolution
survey-demo,B0383,NPS,3,Atendimento,Demora,q_wait
survey-demo,B0383,NPS,3,Comunicação,Retorno,q_channels
survey-demo,B0383,NPS,3,Comunicação,Retorno,q_resolution
survey-demo,B0383,NPS,3,Comunicação,Retorno,q_wait
survey-demo,B0384,CSAT,5,Atendimento,Demora,q_wait
survey-demo,B0385,NPS,8,Atendimento,Demora,
survey-demo,B0385,NPS,8,Comunicação,Retorno,
survey-demo,B0386,NPS,10,Atendimento,Demora,q_resolution
survey-demo,B0386,NPS,10,Atendimento,Demora,q_wait
survey-demo,B0386,NPS,10,Comunicação,Retorno,q_resolution
survey-demo,B0386,NPS,10,Comunicação,Retorno,q_wait
survey-demo,B0387,CSAT,1,Atendimento,Demora,q_channels
survey-demo,B0387,CSAT,1,Atendimento,Demora,q_resolution
survey-demo,B0387,CSAT,1,Atendimento,Demora,q_wait
survey-demo,B0387,CSAT,1,Comunicação,Retorno,q_channels
survey-demo,B0387,CSAT,1,Comunicação,Retorno,q_resolution
survey-demo,B0387,CSAT,1,Comunicação,Retorno,q_wait
survey-demo,B0388,NPS,6,Atendimento,Cordialidade,q_wait
survey-demo,B0388,NPS,6,Atendimento,Demora,q_wait
survey-demo,B0388,NPS,6,Comunicação,Retorno,q_wait
survey-demo,B0388,NPS,6,Processo,Agendamento,q_wait
survey-demo,B0389,NPS,4,Atendimento,Demora,q_resolution
survey-demo,B0389,NPS,4,Atendimento,Demora,q_wait
survey-demo,B0389,NPS,4,Comunicação,Retorno,q_resolution
survey-demo,B0389,NPS,4,Comunicação,Retorno,q_wait
survey-demo,B0389,NPS,4,Processo,Agendamento,q_resolution
survey-demo,B0389,NPS,4,Processo,Agendamento,q_wait
survey-demo,B0390,CSAT,2,Atendimento,Demora,
survey-demo,B0390,CSAT,2,Comunicação,Retorno,
survey-demo,B0390,CSAT,2,Processo,Agendamento,
survey-demo,B0391,NPS,1,Atendimento,Cordialidade,q_resolution
survey-demo,B0391,NPS,1,Atendimento,Cordialidade,q_wait
survey-demo,B0391,NPS,1,Atendimento,Demora,q_resolution
survey-demo,B0391,NPS,1,Atendimento,Demora,q_wait
survey-demo,B0391,NPS,1,Comunicação,Retorno,q_resolution
survey-demo,B0391,NPS,1,Comunicação,Retorno,q_wait
survey-demo,B0391,NPS,1,Processo,Agendamento,q_resolution
survey-demo,B0391,NPS,1,Processo,Agendamento,q_wait
survey-demo,B0392,NPS,10,Atendimento,Demora,q_wait
survey-demo,B0393,CSAT,3,Atendimento,Demora,q_resolution
survey-demo,B0393,CSAT,3,Atendimento,Demora,q_wait
survey-demo,B0393,CSAT,3,Comunicação,Retorno,q_resolution
survey-demo,B0393,CSAT,3,Comunicação,Retorno,q_wait
survey-demo,B0394,NPS,5,Atendimento,Demora,q_wait
survey-demo,B0394,NPS,5,Comunicação,Retorno,q_wait
survey-demo,B0394,NPS,5,Processo,Agendamento,q_wait
survey-demo,B0395,NPS,3,Atendimento,Demora,
survey-demo,B0395,NPS,3,Comunicação,Retorno,
survey-demo,B0395,NPS,3,Processo,Agendamento,
survey-demo,B0396,CSAT,5,,,q_resolution
survey-demo,B0396,CSAT,5,,,q_wait
survey-demo,B0397,NPS,2,Atendimento,Demora,q_wait
survey-demo,B0397,NPS,2,Comunicação,Retorno,q_wait
survey-demo,B0397,NPS,2,Processo,Agendamento,q_wait
survey-demo,B0398,NPS,0,Atendimento,Demora,q_resolution
survey-demo,B0398,NPS,0,Atendimento,Demora,q_wait
survey-demo,B0398,NPS,0,Comunicação,Retorno,q_resolution
survey-demo,B0398,NPS,0,Comunicação,Retorno,q_wait
survey-demo,B0399,CSAT,4,Atendimento,Demora,
survey-demo,B0399,CSAT,4,Comunicação,Retorno,
survey-demo,B0400,NPS,3,Atendimento,Demora,q_wait
survey-demo,B0401,NPS,3,Atendimento,Demora,q_wait
survey-demo,B0401,NPS,3,Comunicação,Retorno,q_wait
survey-demo,B0402,CSAT,5,Atendimento,Demora,
survey-demo,B0403,NPS,10,Atendimento,Demora,q_resolution
survey-demo,B0403,NPS,10,Atendimento,Demora,q_wait
survey-demo,B0403,NPS,10,Comunicação,Retorno,q_resolution
survey-demo,B0403,NPS,10,Comunicação,Retorno,q_wait
survey-demo,B0404,NPS,9,Atendimento,Demora,q_wait
survey-demo,B0405,CSAT,4,Atendimento,Demora,
survey-demo,B0406,NPS,1,Atendimento,Demora,q_channels
survey-demo,B0406,NPS,1,Atendimento,Demora,q_resolution
survey-demo,B0406,NPS,1,Atendimento,Demora,q_wait
survey-demo,B0406,NPS,1,Comunicação,Retorno,q_channels
survey-demo,B0406,NPS,1,Comunicação,Retorno,q_resolution
survey-demo,B0406,NPS,1,Comunicação,Retorno,q_wait
survey-demo,B0407,NPS,4,Atendimento,Demora,q_channels
survey-demo,B0407,NPS,4,Atendimento,Demora,q_resolution
survey-demo,B0407,NPS,4,Atendimento,Demora,q_wait
survey-demo,B0407,NPS,4,Comunicação,Retorno,q_channels
survey-demo,B0407,NPS,4,Comunicação,Retorno,q_resolution
survey-demo,B0407,NPS,4,Comunicação,Retorno,q_wait
survey-demo,B0408,CSAT,4,Atendimento,Demora,q_wait
survey-demo,B0409,NPS,4,Atendimento,Demora,q_wait
survey-demo,B0409,NPS,4,Comunicação,Retorno,q_wait
survey-demo,B0409,NPS,4,Processo,Agendamento,q_wait
survey-demo,B0410,NPS,7,Atendimento,Demora,q_wait
survey-demo,B0411,CSAT,5,Atendimento,Demora,q_resolution
survey-demo,B0411,CSAT,5,Atendimento,Demora,q_wait
survey-demo,B0412,NPS,0,Atendimento,Demora,q_resolution
survey-demo,B0412,NPS,0,Atendimento,Demora,q_wait
survey-demo,B0412,NPS,0,Comunicação,Retorno,q_resolution
survey-demo,B0412,NPS,0,Comunicação,Retorno,q_wait
survey-demo,B0413,NPS,2,Atendimento,Demora,
survey-demo,B0413,NPS,2,Comunicação,Retorno,
survey-demo,B0413,NPS,2,Processo,Agendamento,
survey-demo,B0414,CSAT,4,Atendimento,Demora,q_wait
survey-demo,B0414,CSAT,4,Comunicação,Retorno,q_wait
survey-demo,B0415,NPS,10,Atendimento,Demora,q_resolution
survey-demo,B0415,NPS,10,Atendimento,Demora,q_wait
survey-demo,B0415,NPS,10,Comunicação,Retorno,q_resolution
survey-demo,B0415,NPS,10,Comunicação,Retorno,q_wait
survey-demo,B0416,NPS,4,Atendimento,Demora,q_wait
survey-demo,B0417,CSAT,4,,,q_wait
survey-demo,B0418,NPS,1,Atendimento,Cordialidade,q_channels
survey-demo,B0418,NPS,1,Atendimento,Cordialidade,q_resolution
survey-demo,B0418,NPS,1,Atendimento,Cordialidade,q_wait
survey-demo,B0418,NPS,1,Atendimento,Demora,q_channels
survey-demo,B0418,NPS,1,Atendimento,Demora,q_resolution
survey-demo,B0418,NPS,1,Atendimento,Demora,q_wait
survey-demo,B0418,NPS,1,Comunicação,Retorno,q_channels
survey-demo,B0418,NPS,1,Comunicação,Retorno,q_resolution
survey-demo,B0418,NPS,1,Comunicação,Retorno,q_wait
survey-demo,B0418,NPS,1,Processo,Agendamento,q_channels
survey-demo,B0418,NPS,1,Processo,Agendamento,q_resolution
survey-demo,B0418,NPS,1,Processo,Agendamento,q_wait
survey-demo,B0419,NPS,8,Atendimento,Demora,
survey-demo,B0420,CSAT,4,,,q_wait
survey-demo,B0421,NPS,8,Atendimento,Demora,q_resolution
survey-demo,B0421,NPS,8,Atendimento,Demora,q_wait
survey-demo,B0421,NPS,8,Comunicação,Retorno,q_resolution
survey-demo,B0421,NPS,8,Comunicação,Retorno,q_wait
survey-demo,B0422,NPS,9,Atendimento,Demora,q_channels
survey-demo,B0422,NPS,9,Atendimento,Demora,q_resolution
survey-demo,B0422,NPS,9,Atendimento,Demora,q_wait
survey-demo,B0422,NPS,9,Comunicação,Retorno,q_channels
survey-demo,B0422,NPS,9,Comunicação,Retorno,q_resolution
survey-demo,B0422,NPS,9,Comunicação,Retorno,q_wait
survey-demo,B0423,CSAT,3,Atendimento,Demora,q_wait
survey-demo,B0423,CSAT,3,Comunicação,Retorno,q_wait
survey-demo,B0424,NPS,8,Atendimento,Demora,q_wait
survey-demo,B0425,NPS,1,Atendimento,Demora,q_channels
survey-demo,B0425,NPS,1,Atendimento,Demora,q_resolution
survey-demo,B0425,NPS,1,Atendimento,Demora,q_wait
survey-demo,B0425,NPS,1,Comunicação,Retorno,q_channels
survey-demo,B0425,NPS,1,Comunicação,Retorno,q_resolution
survey-demo,B0425,NPS,1,Comunicação,Retorno,q_wait
survey-demo,B0426,CSAT,2,Atendimento,Demora,
survey-demo,B0426,CSAT,2,Comunicação,Retorno,
survey-demo,B0427,NPS,8,Atendimento,Demora,q_wait
survey-demo,B0428,NPS,6,Atendimento,Demora,q_wait
survey-demo,B0428,NPS,6,Comunicação,Retorno,q_wait
survey-demo,B0429,CSAT,4,,,
survey-demo,B0430,NPS,6,Atendimento,Demora,
survey-demo,B0430,NPS,6,Comunicação,Retorno,
survey-demo,B0431,NPS,2,Atendimento,Demora,q_resolution
survey-demo,B0431,NPS,2,Atendimento,Demora,q_wait
survey-demo,B0431,NPS,2,Comunicação,Retorno,q_resolution
survey-demo,B0431,NPS,2,Comunicação,Retorno,q_wait
survey-demo,B0432,CSAT,5,Atendimento,Demora,q_wait
survey-demo,B0433,NPS,0,Atendimento,Demora,q_resolution
survey-demo,B0433,NPS,0,Atendimento,Demora,q_wait
survey-demo,B0433,NPS,0,Comunicação,Retorno,q_resolution
survey-demo,B0433,NPS,0,Comunicação,Retorno,q_wait
survey-demo,B0434,NPS,3,Atendimento,Demora,q_wait
survey-demo,B0434,NPS,3,Comunicação,Retorno,q_wait
survey-demo,B0435,CSAT,3,Atendimento,Cordialidade,q_channels
survey-demo,B0435,CSAT,3,Atendimento,Cordialidade,q_resolution
survey-demo,B0435,CSAT,3,Atendimento,Cordialidade,q_wait
survey-demo,B0435,CSAT,3,Atendimento,Demora,q_channels
survey-demo,B0435,CSAT,3,Atendimento,Demora,q_resolution
survey-demo,B0435,CSAT,3,Atendimento,Demora,q_wait
survey-demo,B0435,CSAT,3,Comunicação,Retorno,q_channels
survey-demo,B0435,CSAT,3,Comunicação,Retorno,q_resolution
survey-demo,B0435,CSAT,3,Comunicação,Retorno,q_wait
survey-demo,B0435,CSAT,3,Processo,Agendamento,q_channels
survey-demo,B0435,CSAT,3,Processo,Agendamento,q_resolution
survey-demo,B0435,CSAT,3,Processo,Agendamento,q_wait
survey-demo,B0436,NPS,10,,,
survey-demo,B0437,NPS,4,Atendimento,Cordialidade,
survey-demo,B0437,NPS,4,Atendimento,Demora,
survey-demo,B0437,NPS,4,Comunicação,Retorno,
survey-demo,B0437,NPS,4,Processo,Agendamento,
survey-demo,B0438,CSAT,5,,,q_resolution
survey-demo,B0438,CSAT,5,,,q_wait
survey-demo,B0439,NPS,1,Atendimento,Demora,q_channels
survey-demo,B0439,NPS,1,Atendimento,Demora,q_resolution
survey-demo,B0439,NPS,1,Atendimento,Demora,q_wait
survey-demo,B0439,NPS,1,Comunicação,Retorno,q_channels
survey-demo,B0439,NPS,1,Comunicação,Retorno,q_resolution
survey-demo,B0439,NPS,1,Comunicação,Retorno,q_wait
survey-demo,B0439,NPS,1,Processo,Agendamento,q_channels
survey-demo,B0439,NPS,1,Processo,Agendamento,q_resolution
survey-demo,B0439,NPS,1,Processo,Agendamento,q_wait
survey-demo,B0440,NPS,6,Atendimento,Demora,q_wait
survey-demo,B0441,CSAT,2,Atendimento,Demora,q_channels
survey-demo,B0441,CSAT,2,Atendimento,Demora,q_resolution
survey-demo,B0441,CSAT,2,Atendimento,Demora,q_wait
survey-demo,B0441,CSAT,2,Comunicação,Retorno,q_channels
survey-demo,B0441,CSAT,2,Comunicação,Retorno,q_resolution
survey-demo,B0441,CSAT,2,Comunicação,Retorno,q_wait
survey-demo,B0442,NPS,8,Atendimento,Demora,q_channels
survey-demo,B0442,NPS,8,Atendimento,Demora,q_resolution
survey-demo,B0442,NPS,8,Atendimento,Demora,q_wait
survey-demo,B0442,NPS,8,Comunicação,Retorno,q_channels
survey-demo,B0442,NPS,8,Comunicação,Retorno,q_resolution
survey-demo,B0442,NPS,8,Comunicação,Retorno,q_wait
survey-demo,B0443,NPS,9,Atendimento,Demora,
survey-demo,B0443,NPS,9,Comunicação,Retorno,
survey-demo,B0444,CSAT,1,Atendimento,Demora,
survey-demo,B0444,CSAT,1,Comunicação,Retorno,
survey-demo,B0444,CSAT,1,Processo,Agendamento,
survey-demo,B0445,NPS,0,Atendimento,Demora,q_channels
survey-demo,B0445,NPS,0,Atendimento,Demora,q_resolution
survey-demo,B0445,NPS,0,Atendimento,Demora,q_wait
survey-demo,B0445,NPS,0,Comunicação,Retorno,q_channels
survey-demo,B0445,NPS,0,Comunicação,Retorno,q_resolution
survey-demo,B0445,NPS,0,Comunicação,Retorno,q_wait
survey-demo,B0446,NPS,0,Atendimento,Demora,
survey-demo,B0446,NPS,0,Comunicação,Retorno,
survey-demo,B0447,CSAT,3,Atendimento,Demora,q_channels
survey-demo,B0447,CSAT,3,Atendimento,Demora,q_resolution
survey-demo,B0447,CSAT,3,Atendimento,Demora,q_wait
survey-demo,B0447,CSAT,3,Comunicação,Retorno,q_channels
survey-demo,B0447,CSAT,3,Comunicação,Retorno,q_resolution
survey-demo,B0447,CSAT,3,Comunicação,Retorno,q_wait
survey-demo,B0447,CSAT,3,Processo,Agendamento,q_channels
survey-demo,B0447,CSAT,3,Processo,Agendamento,q_resolution
survey-demo,B0447,CSAT,3,Processo,Agendamento,q_wait
survey-demo,B0448,NPS,4,Atendimento,Demora,q_wait
survey-demo,B0449,NPS,3,Atendimento,Demora,q_wait
survey-demo,B0449,NPS,3,Comunicação,Retorno,q_wait
survey-demo,B0450,CSAT,1,Atendimento,Demora,
survey-demo,B0450,CSAT,1,Comunicação,Retorno,
survey-demo,B0451,NPS,6,Atendimento,Cordialidade,
survey-demo,B0451,NPS,6,Atendimento,Demora,
survey-demo,B0451,NPS,6,Comunicação,Retorno,
survey-demo,B0451,NPS,6,Processo,Agendamento,
survey-demo,B0452,NPS,6,Atendimento,Demora,q_channels
survey-demo,B0452,NPS,6,Atendimento,Demora,q_resolution
survey-demo,B0452,NPS,6,Atendimento,Demora,q_wait
survey-demo,B0452,NPS,6,Comunicação,Retorno,q_channels
survey-demo,B0452,NPS,6,Comunicação,Retorno,q_resolution
survey-demo,B0452,NPS,6,Comunicação,Retorno,q_wait
survey-demo,B0452,NPS,6,Processo,Agendamento,q_channels
survey-demo,B0452,NPS,6,Processo,Agendamento,q_resolution
survey-demo,B0452,NPS,6,Processo,Agendamento,q_wait
survey-demo,B0453,CSAT,5,Atendimento,Demora,
survey-demo,B0454,NPS,10,Atendimento,Demora,q_channels
survey-demo,B0454,NPS,10,Atendimento,Demora,q_resolution
survey-demo,B0454,NPS,10,Atendimento,Demora,q_wait
survey-demo,B0454,NPS,10,Comunicação,Retorno,q_channels
survey-demo,B0454,NPS,10,Comunicação,Retorno,q_resolution
survey-demo,B0454,NPS,10,Comunicação,Retorno,q_wait
survey-demo,B0455,NPS,9,,,q_wait
survey-demo,B0456,CSAT,5,Atendimento,Demora,q_wait
survey-demo,B0457,NPS,4,Atendimento,Demora,q_resolution
survey-demo,B0457,NPS,4,Atendimento,Demora,q_wait
survey-demo,B0457,NPS,4,Comunicação,Retorno,q_resolution
survey-demo,B0457,NPS,4,Comunicação,Retorno,q_wait
survey-demo,B0458,NPS,2,Atendimento,Demora,q_channels
survey-demo,B0458,NPS,2,Atendimento,Demora,q_resolution
survey-demo,B0458,NPS,2,Atendimento,Demora,q_wait
survey-demo,B0458,NPS,2,Comunicação,Retorno,q_channels
survey-demo,B0458,NPS,2,Comunicação,Retorno,q_resolution
survey-demo,B0458,NPS,2,Comunicação,Retorno,q_wait
survey-demo,B0459,CSAT,2,Atendimento,Demora,q_wait
survey-demo,B0459,CSAT,2,Comunicação,Retorno,q_wait
survey-demo,B0460,NPS,9,Atendimento,Demora,q_channels
survey-demo,B0460,NPS,9,Atendimento,Demora,q_resolution
survey-demo,B0460,NPS,9,Atendimento,Demora,q_wait
survey-demo,B0461,NPS,6,Atendimento,Demora,q_wait
survey-demo,B0461,NPS,6,Comunicação,Retorno,q_wait
survey-demo,B0462,CSAT,3,Atendimento,Demora,q_resolution
survey-demo,B0462,CSAT,3,Atendimento,Demora,q_wait
survey-demo,B0462,CSAT,3,Comunicação,Retorno,q_resolution
survey-demo,B0462,CSAT,3,Comunicação,Retorno,q_wait
survey-demo,B0462,CSAT,3,Processo,Agendamento,q_resolution
survey-demo,B0462,CSAT,3,Processo,Agendamento,q_wait
survey-demo,B0463,NPS,8,Atendimento,Demora,q_channels
survey-demo,B0463,NPS,8,Atendimento,Demora,q_resolution
survey-demo,B0463,NPS,8,Atendimento,Demora,q_wait
survey-demo,B0464,NPS,6,Atendimento,Demora,q_wait
survey-demo,B0465,CSAT,2,Atendimento,Demora,q_wait
survey-demo,B0465,CSAT,2,Comunicação,Retorno,q_wait
survey-demo,B0465,CSAT,2,Processo,Agendamento,q_wait
survey-demo,B0466,NPS,2,Atendimento,Demora,
survey-demo,B0466,NPS,2,Comunicação,Retorno,
survey-demo,B0467,NPS,0,Atendimento,Demora,q_resolution
survey-demo,B0467,NPS,0,Atendimento,Demora,q_wait
survey-demo,B0467,NPS,0,Comunicação,Retorno,q_resolution
survey-demo,B0467,NPS,0,Comunicação,Retorno,q_wait
survey-demo,B0468,CSAT,1,Atendimento,Demora,q_resolution
survey-demo,B0468,CSAT,1,Atendimento,Demora,q_wait
survey-demo,B0468,CSAT,1,Comunicação,Retorno,q_resolution
survey-demo,B0468,CSAT,1,Comunicação,Retorno,q_wait
survey-demo,B0469,NPS,6,Atendimento,Demora,q_channels
survey-demo,B0469,NPS,6,Atendimento,Demora,q_resolution
survey-demo,B0469,NPS,6,Atendimento,Demora,q_wait
survey-demo,B0469,NPS,6,Comunicação,Retorno,q_channels
survey-demo,B0469,NPS,6,Comunicação,Retorno,q_resolution
survey-demo,B0469,NPS,6,Comunicação,Retorno,q_wait
survey-demo,B0469,NPS,6,Processo,Agendamento,q_channels
survey-demo,B0469,NPS,6,Processo,Agendamento,q_resolution
survey-demo,B0469,NPS,6,Processo,Agendamento,q_wait
survey-demo,B0470,NPS,9,Atendimento,Demora,
survey-demo,B0470,NPS,9,Comunicação,Retorno,
survey-demo,B0471,CSAT,2,Atendimento,Cordialidade,
survey-demo,B0471,CSAT,2,Atendimento,Demora,
survey-demo,B0471,CSAT,2,Comunicação,Retorno,
survey-demo,B0471,CSAT,2,Processo,Agendamento,
survey-demo,B0472,NPS,10,,,q_wait
survey-demo,B0473,NPS,8,Atendimento,Demora,
survey-demo,B0473,NPS,8,Comunicação,Retorno,
survey-demo,B0474,CSAT,5,Atendimento,Demora,q_wait
survey-demo,B0475,NPS,1,Atendimento,Cordialidade,q_channels
survey-demo,B0475,NPS,1,Atendimento,Cordialidade,q_resolution
survey-demo,B0475,NPS,1,Atendimento,Cordialidade,q_wait
survey-demo,B0475,NPS,1,Atendimento,Demora,q_channels
survey-demo,B0475,NPS,1,Atendimento,Demora,q_resolution
survey-demo,B0475,NPS,1,Atendimento,Demora,q_wait
survey-demo,B0475,NPS,1,Comunicação,Retorno,q_channels
survey-demo,B0475,NPS,1,Comunicação,Retorno,q_resolution
survey-demo,B0475,NPS,1,Comunicação,Retorno,q_wait
survey-demo,B0475,NPS,1,Processo,Agendamento,q_channels
survey-demo,B0475,NPS,1,Processo,Agendamento,q_resolution
survey-demo,B0475,NPS,1,Processo,Agendamento,q_wait
survey-demo,B0476,NPS,9,,,
survey-demo,B0477,CSAT,2,Atendimento,Cordialidade,
survey-demo,B0477,CSAT,2,Atendimento,Demora,
survey-demo,B0477,CSAT,2,Comunicação,Retorno,
survey-demo,B0477,CSAT,2,Processo,Agendamento,
survey-demo,B0478,NPS,6,Atendimento,Cordialidade,
survey-demo,B0478,NPS,6,Atendimento,Demora,
survey-demo,B0478,NPS,6,Comunicação,Retorno,
survey-demo,B0478,NPS,6,Processo,Agendamento,
survey-demo,B0479,NPS,3,Atendimento,Demora,q_resolution
survey-demo,B0479,NPS,3,Atendimento,Demora,q_wait
survey-demo,B0479,NPS,3,Comunicação,Retorno,q_resolution
survey-demo,B0479,NPS,3,Comunicação,Retorno,q_wait
survey-demo,B0479,NPS,3,Processo,Agendamento,q_resolution
survey-demo,B0479,NPS,3,Processo,Agendamento,q_wait
survey-demo,B0480,CSAT,5,Atendimento,Demora,q_wait
survey-demo,B0481,NPS,6,Atendimento,Cordialidade,
survey-demo,B0481,NPS,6,Atendimento,Demora,
survey-demo,B0481,NPS,6,Comunicação,Retorno,
survey-demo,B0481,NPS,6,Processo,Agendamento,
survey-demo,B0482,NPS,2,Atendimento,Demora,q_channels
survey-demo,B0482,NPS,2,Atendimento,Demora,q_resolution
survey-demo,B0482,NPS,2,Atendimento,Demora,q_wait
survey-demo,B0482,NPS,2,Comunicação,Retorno,q_channels
survey-demo,B0482,NPS,2,Comunicação,Retorno,q_resolution
survey-demo,B0482,NPS,2,Comunicação,Retorno,q_wait
survey-demo,B0482,NPS,2,Processo,Agendamento,q_channels
survey-demo,B0482,NPS,2,Processo,Agendamento,q_resolution
survey-demo,B0482,NPS,2,Processo,Agendamento,q_wait
survey-demo,B0483,CSAT,5,Atendimento,Demora,q_resolution
survey-demo,B0483,CSAT,5,Atendimento,Demora,q_wait
survey-demo,B0483,CSAT,5,Comunicação,Retorno,q_resolution
survey-demo,B0483,CSAT,5,Comunicação,Retorno,q_wait
survey-demo,B0484,NPS,0,Atendimento,Cordialidade,q_wait
survey-demo,B0484,NPS,0,Atendimento,Demora,q_wait
survey-demo,B0484,NPS,0,Comunicação,Retorno,q_wait
survey-demo,B0484,NPS,0,Processo,Agendamento,q_wait
survey-demo,B0485,NPS,10,,,q_wait
survey-demo,B0486,CSAT,1,Atendimento,Demora,
survey-demo,B0486,CSAT,1,Comunicação,Retorno,
survey-demo,B0486,CSAT,1,Processo,Agendamento,
survey-demo,B0487,NPS,0,Atendimento,Cordialidade,q_resolution
survey-demo,B0487,NPS,0,Atendimento,Cordialidade,q_wait
survey-demo,B0487,NPS,0,Atendimento,Demora,q_resolution
survey-demo,B0487,NPS,0,Atendimento,Demora,q_wait
survey-demo,B0487,NPS,0,Comunicação,Retorno,q_resolution
survey-demo,B0487,NPS,0,Comunicação,Retorno,q_wait
survey-demo,B0487,NPS,0,Processo,Agendamento,q_resolution
survey-demo,B0487,NPS,0,Processo,Agendamento,q_wait
survey-demo,B0488,NPS,8,,,q_wait
survey-demo,B0489,CSAT,5,,,q_channels
survey-demo,B0489,CSAT,5,,,q_resolution
survey-demo,B0489,CSAT,5,,,q_wait
survey-demo,B0490,NPS,4,Atendimento,Demora,q_wait
survey-demo,B0490,NPS,4,Comunicação,Retorno,q_wait
survey-demo,B0491,NPS,7,Atendimento,Demora,q_wait
survey-demo,B0492,CSAT,5,Atendimento,Demora,
survey-demo,B0493,NPS,10,Atendimento,Demora,q_wait
survey-demo,B0494,NPS,5,Atendimento,Demora,q_wait
survey-demo,B0494,NPS,5,Comunicação,Retorno,q_wait
survey-demo,B0494,NPS,5,Processo,Agendamento,q_wait
survey-demo,B0495,CSAT,1,Atendimento,Demora,q_resolution
survey-demo,B0495,CSAT,1,Atendimento,Demora,q_wait
survey-demo,B0495,CSAT,1,Comunicação,Retorno,q_resolution
survey-demo,B0495,CSAT,1,Comunicação,Retorno,q_wait
survey-demo,B0495,CSAT,1,Processo,Agendamento,q_resolution
survey-demo,B0495,CSAT,1,Processo,Agendamento,q_wait
survey-demo,B0496,NPS,10,Atendimento,Demora,q_wait
survey-demo,B0497,NPS,3,Atendimento,Demora,q_channels
survey-demo,B0497,NPS,3,Atendimento,Demora,q_resolution
survey-demo,B0497,NPS,3,Atendimento,Demora,q_wait
survey-demo,B0497,NPS,3,Comunicação,Retorno,q_channels
survey-demo,B0497,NPS,3,Comunicação,Retorno,q_resolution
survey-demo,B0497,NPS,3,Comunicação,Retorno,q_wait
survey-demo,B0497,NPS,3,Processo,Agendamento,q_channels
survey-demo,B0497,NPS,3,Processo,Agendamento,q_resolution
survey-demo,B0497,NPS,3,Processo,Agendamento,q_wait
survey-demo,B0498,CSAT,5,,,q_wait
survey-demo,B0499,NPS,10,Atendimento,Demora,q_channels
survey-demo,B0499,NPS,10,Atendimento,Demora,q_resolution
survey-demo,B0499,NPS,10,Atendimento,Demora,q_wait
survey-demo,B0499,NPS,10,Comunicação,Retorno,q_channels
survey-demo,B0499,NPS,10,Comunicação,Retorno,q_resolution
survey-demo,B0499,NPS,10,Comunicação,Retorno,q_wait
survey-demo,B0500,NPS,8,Atendimento,Demora,q_resolution
survey-demo,B0500,NPS,8,Atendimento,Demora,q_wait
survey-demo,B0501,CSAT,3,Atendimento,Cordialidade,q_channels
survey-demo,B0501,CSAT,3,Atendimento,Cordialidade,q_resolution
survey-demo,B0501,CSAT,3,Atendimento,Cordialidade,q_wait
survey-demo,B0501,CSAT,3,Atendimento,Demora,q_channels
survey-demo,B0501,CSAT,3,Atendimento,Demora,q_resolution
survey-demo,B0501,CSAT,3,Atendimento,Demora,q_wait
survey-demo,B0501,CSAT,3,Comunicação,Retorno,q_channels
survey-demo,B0501,CSAT,3,Comunicação,Retorno,q_resolution
survey-demo,B0501,CSAT,3,Comunicação,Retorno,q_wait
survey-demo,B0501,CSAT,3,Processo,Agendamento,q_channels
survey-demo,B0501,CSAT,3,Processo,Agendamento,q_resolution
survey-demo,B0501,CSAT,3,Processo,Agendamento,q_wait
survey-demo,B0502,NPS,5,Atendimento,Demora,q_resolution
survey-demo,B0502,NPS,5,Atendimento,Demora,q_wait
survey-demo,B0502,NPS,5,Comunicação,Retorno,q_resolution
survey-demo,B0502,NPS,5,Comunicação,Retorno,q_wait
survey-demo,B0503,NPS,7,Atendimento,Demora,
survey-demo,B0503,NPS,7,Comunicação,Retorno,
survey-demo,B0504,CSAT,5,Atendimento,Demora,q_wait
survey-demo,B0505,NPS,2,Atendimento,Demora,q_channels
survey-demo,B0505,NPS,2,Atendimento,Demora,q_resolution
survey-demo,B0505,NPS,2,Atendimento,Demora,q_wait
survey-demo,B0505,NPS,2,Comunicação,Retorno,q_channels
survey-demo,B0505,NPS,2,Comunicação,Retorno,q_resolution
survey-demo,B0505,NPS,2,Comunicação,Retorno,q_wait
survey-demo,B0506,NPS,7,Atendimento,Demora,q_resolution
survey-demo,B0506,NPS,7,Atendimento,Demora,q_wait
survey-demo,B0506,NPS,7,Comunicação,Retorno,q_resolution
survey-demo,B0506,NPS,7,Comunicação,Retorno,q_wait
survey-demo,B0507,CSAT,4,Atendimento,Demora,
survey-demo,B0508,NPS,2,Atendimento,Cordialidade,q_wait
survey-demo,B0508,NPS,2,Atendimento,Demora,q_wait
survey-demo,B0508,NPS,2,Comunicação,Retorno,q_wait
survey-demo,B0508,NPS,2,Processo,Agendamento,q_wait
survey-demo,B0509,NPS,10,Atendimento,Demora,
survey-demo,B0509,NPS,10,Comunicação,Retorno,
survey-demo,B0510,CSAT,1,Atendimento,Demora,q_resolution
survey-demo,B0510,CSAT,1,Atendimento,Demora,q_wait
survey-demo,B0510,CSAT,1,Comunicação,Retorno,q_resolution
survey-demo,B0510,CSAT,1,Comunicação,Retorno,q_wait
survey-demo,B0511,NPS,10,,,q_wait
survey-demo,B0512,NPS,6,Atendimento,Demora,q_wait
survey-demo,B0513,CSAT,3,Atendimento,Demora,q_channels
survey-demo,B0513,CSAT,3,Atendimento,Demora,q_resolution
survey-demo,B0513,CSAT,3,Atendimento,Demora,q_wait
survey-demo,B0513,CSAT,3,Comunicação,Retorno,q_channels
survey-demo,B0513,CSAT,3,Comunicação,Retorno,q_resolution
survey-demo,B0513,CSAT,3,Comunicação,Retorno,q_wait
survey-demo,B0513,CSAT,3,Processo,Agendamento,q_channels
survey-demo,B0513,CSAT,3,Processo,Agendamento,q_resolution
survey-demo,B0513,CSAT,3,Processo,Agendamento,q_wait
survey-demo,B0514,NPS,10,,,q_channels
survey-demo,B0514,NPS,10,,,q_resolution
survey-demo,B0514,NPS,10,,,q_wait
survey-demo,B0515,NPS,8,Atendimento,Demora,q_resolution
survey-demo,B0515,NPS,8,Atendimento,Demora,q_wait
survey-demo,B0516,CSAT,1,Atendimento,Demora,q_resolution
survey-demo,B0516,CSAT,1,Atendimento,Demora,q_wait
survey-demo,B0516,CSAT,1,Comunicação,Retorno,q_resolution
survey-demo,B0516,CSAT,1,Comunicação,Retorno,q_wait
survey-demo,B0516,CSAT,1,Processo,Agendamento,q_resolution
survey-demo,B0516,CSAT,1,Processo,Agendamento,q_wait
survey-demo,B0517,NPS,4,Atendimento,Demora,q_resolution
survey-demo,B0517,NPS,4,Atendimento,Demora,q_wait
survey-demo,B0517,NPS,4,Comunicação,Retorno,q_resolution
survey-demo,B0517,NPS,4,Comunicação,Retorno,q_wait
survey-demo,B0518,NPS,8,,,q_channels
survey-demo,B0518,NPS,8,,,q_resolution
survey-demo,B0518,NPS,8,,,q_wait
survey-demo,B0519,CSAT,4,Atendimento,Demora,q_wait
survey-demo,B0520,NPS,10,Atendimento,Demora,q_wait
survey-demo,B0521,NPS,0,Atendimento,Cordialidade,q_wait
survey-demo,B0521,NPS,0,Atendimento,Demora,q_wait
survey-demo,B0521,NPS,0,Comunicação,Retorno,q_wait
survey-demo,B0521,NPS,0,Processo,Agendamento,q_wait
survey-demo,B0522,CSAT,2,Atendimento,Demora,q_channels
survey-demo,B0522,CSAT,2,Atendimento,Demora,q_resolution
survey-demo,B0522,CSAT,2,Atendimento,Demora,q_wait
survey-demo,B0522,CSAT,2,Comunicação,Retorno,q_channels
survey-demo,B0522,CSAT,2,Comunicação,Retorno,q_resolution
survey-demo,B0522,CSAT,2,Comunicação,Retorno,q_wait
survey-demo,B0522,CSAT,2,Processo,Agendamento,q_channels
survey-demo,B0522,CSAT,2,Processo,Agendamento,q_resolution
survey-demo,B0522,CSAT,2,Processo,Agendamento,q_wait
survey-demo,B0523,NPS,8,,,q_channels
survey-demo,B0523,NPS,8,,,q_resolution
survey-demo,B0523,NPS,8,,,q_wait
survey-demo,B0524,NPS,6,Atendimento,Demora,q_channels
survey-demo,B0524,NPS,6,Atendimento,Demora,q_resolution
survey-demo,B0524,NPS,6,Atendimento,Demora,q_wait
survey-demo,B0524,NPS,6,Comunicação,Retorno,q_channels
survey-demo,B0524,NPS,6,Comunicação,Retorno,q_resolution
survey-demo,B0524,NPS,6,Comunicação,Retorno,q_wait
survey-demo,B0524,NPS,6,Processo,Agendamento,q_channels
survey-demo,B0524,NPS,6,Processo,Agendamento,q_resolution
survey-demo,B0524,NPS,6,Processo,Agendamento,q_wait
survey-demo,B0525,CSAT,1,Atendimento,Demora,
survey-demo,B0525,CSAT,1,Comunicação,Retorno,
survey-demo,B0525,CSAT,1,Processo,Agendamento,
survey-demo,B0526,NPS,2,Atendimento,Demora,
survey-demo,B0526,NPS,2,Comunicação,Retorno,
survey-demo,B0527,NPS,8,Atendimento,Demora,q_resolution
survey-demo,B0527,NPS,8,Atendimento,Demora,q_wait
survey-demo,B0528,CSAT,3,Atendimento,Demora,q_wait
survey-demo,B0529,NPS,3,Atendimento,Demora,q_wait
survey-demo,B0529,NPS,3,Comunicação,Retorno,q_wait
survey-demo,B0529,NPS,3,Processo,Agendamento,q_wait
survey-demo,B0530,NPS,1,Atendimento,Demora,q_resolution
survey-demo,B0530,NPS,1,Atendimento,Demora,q_wait
survey-demo,B0530,NPS,1,Comunicação,Retorno,q_resolution
survey-demo,B0530,NPS,1,Comunicação,Retorno,q_wait
survey-demo,B0531,CSAT,5,Atendimento,Demora,q_wait
survey-demo,B0531,CSAT,5,Comunicação,Retorno,q_wait
survey-demo,B0532,NPS,5,Atendimento,Cordialidade,q_channels
survey-demo,B0532,NPS,5,Atendimento,Cordialidade,q_resolution
survey-demo,B0532,NPS,5,Atendimento,Cordialidade,q_wait
survey-demo,B0532,NPS,5,Atendimento,Demora,q_channels
survey-demo,B0532,NPS,5,Atendimento,Demora,q_resolution
survey-demo,B0532,NPS,5,Atendimento,Demora,q_wait
survey-demo,B0532,NPS,5,Comunicação,Retorno,q_channels
survey-demo,B0532,NPS,5,Comunicação,Retorno,q_resolution
survey-demo,B0532,NPS,5,Comunicação,Retorno,q_wait
survey-demo,B0532,NPS,5,Processo,Agendamento,q_channels
survey-demo,B0532,NPS,5,Processo,Agendamento,q_resolution
survey-demo,B0532,NPS,5,Processo,Agendamento,q_wait
survey-demo,B0533,NPS,8,,,
survey-demo,B0534,CSAT,2,Atendimento,Demora,q_channels
survey-demo,B0534,CSAT,2,Atendimento,Demora,q_resolution
survey-demo,B0534,CSAT,2,Atendimento,Demora,q_wait
survey-demo,B0534,CSAT,2,Comunicação,Retorno,q_channels
survey-demo,B0534,CSAT,2,Comunicação,Retorno,q_resolution
survey-demo,B0534,CSAT,2,Comunicação,Retorno,q_wait
survey-demo,B0534,CSAT,2,Processo,Agendamento,q_channels
survey-demo,B0534,CSAT,2,Processo,Agendamento,q_resolution
survey-demo,B0534,CSAT,2,Processo,Agendamento,q_wait
survey-demo,B0535,NPS,7,Atendimento,Demora,q_channels
survey-demo,B0535,NPS,7,Atendimento,Demora,q_resolution
survey-demo,B0535,NPS,7,Atendimento,Demora,q_wait
survey-demo,B0535,NPS,7,Comunicação,Retorno,q_channels
survey-demo,B0535,NPS,7,Comunicação,Retorno,q_resolution
survey-demo,B0535,NPS,7,Comunicação,Retorno,q_wait
survey-demo,B0536,NPS,1,Atendimento,Demora,q_wait
survey-demo,B0537,CSAT,4,,,q_wait
survey-demo,B0538,NPS,5,Atendimento,Cordialidade,q_resolution
survey-demo,B0538,NPS,5,Atendimento,Cordialidade,q_wait
survey-demo,B0538,NPS,5,Atendimento,Demora,q_resolution
survey-demo,B0538,NPS,5,Atendimento,Demora,q_wait
survey-demo,B0538,NPS,5,Comunicação,Retorno,q_resolution
survey-demo,B0538,NPS,5,Comunicação,Retorno,q_wait
survey-demo,B0538,NPS,5,Processo,Agendamento,q_resolution
survey-demo,B0538,NPS,5,Processo,Agendamento,q_wait
survey-demo,B0539,NPS,7,Atendimento,Demora,q_resolution
survey-demo,B0539,NPS,7,Atendimento,Demora,q_wait
survey-demo,B0540,CSAT,1,Atendimento,Demora,q_wait
survey-demo,B0540,CSAT,1,Comunicação,Retorno,q_wait
survey-demo,B0540,CSAT,1,Processo,Agendamento,q_wait
survey-demo,B0541,NPS,6,Atendimento,Demora,
survey-demo,B0541,NPS,6,Comunicação,Retorno,
survey-demo,B0541,NPS,6,Processo,Agendamento,
survey-demo,B0542,NPS,0,Atendimento,Demora,q_channels
survey-demo,B0542,NPS,0,Atendimento,Demora,q_resolution
survey-demo,B0542,NPS,0,Atendimento,Demora,q_wait
survey-demo,B0542,NPS,0,Comunicação,Retorno,q_channels
survey-demo,B0542,NPS,0,Comunicação,Retorno,q_resolution
survey-demo,B0542,NPS,0,Comunicação,Retorno,q_wait
survey-demo,B0542,NPS,0,Processo,Agendamento,q_channels
survey-demo,B0542,NPS,0,Processo,Agendamento,q_resolution
survey-demo,B0542,NPS,0,Processo,Agendamento,q_wait
survey-demo,B0543,CSAT,5,,,q_channels
survey-demo,B0543,CSAT,5,,,q_resolution
survey-demo,B0543,CSAT,5,,,q_wait
survey-demo,B0544,NPS,10,Atendimento,Demora,q_wait
survey-demo,B0545,NPS,4,Atendimento,Demora,q_wait
survey-demo,B0545,NPS,4,Comunicação,Retorno,q_wait
survey-demo,B0545,NPS,4,Processo,Agendamento,q_wait
survey-demo,B0546,CSAT,2,Atendimento,Cordialidade,
survey-demo,B0546,CSAT,2,Atendimento,Demora,
survey-demo,B0546,CSAT,2,Comunicação,Retorno,
survey-demo,B0546,CSAT,2,Processo,Agendamento,
survey-demo,B0547,NPS,9,Atendimento,Demora,
survey-demo,B0548,NPS,6,Atendimento,Demora,q_channels
survey-demo,B0548,NPS,6,Atendimento,Demora,q_resolution
survey-demo,B0548,NPS,6,Atendimento,Demora,q_wait
survey-demo,B0548,NPS,6,Comunicação,Retorno,q_channels
survey-demo,B0548,NPS,6,Comunicação,Retorno,q_resolution
survey-demo,B0548,NPS,6,Comunicação,Retorno,q_wait
survey-demo,B0549,CSAT,3,Atendimento,Demora,q_resolution
survey-demo,B0549,CSAT,3,Atendimento,Demora,q_wait
survey-demo,B0549,CSAT,3,Comunicação,Retorno,q_resolution
survey-demo,B0549,CSAT,3,Comunicação,Retorno,q_wait
survey-demo,B0549,CSAT,3,Processo,Agendamento,q_resolution
survey-demo,B0549,CSAT,3,Processo,Agendamento,q_wait
survey-demo,B0550,NPS,7,Atendimento,Demora,q_channels
survey-demo,B0550,NPS,7,Atendimento,Demora,q_resolution
survey-demo,B0550,NPS,7,Atendimento,Demora,q_wait
survey-demo,B0551,NPS,1,Atendimento,Cordialidade,q_channels
survey-demo,B0551,NPS,1,Atendimento,Cordialidade,q_resolution
survey-demo,B0551,NPS,1,Atendimento,Cordialidade,q_wait
survey-demo,B0551,NPS,1,Atendimento,Demora,q_channels
survey-demo,B0551,NPS,1,Atendimento,Demora,q_resolution
survey-demo,B0551,NPS,1,Atendimento,Demora,q_wait
survey-demo,B0551,NPS,1,Comunicação,Retorno,q_channels
survey-demo,B0551,NPS,1,Comunicação,Retorno,q_resolution
survey-demo,B0551,NPS,1,Comunicação,Retorno,q_wait
survey-demo,B0551,NPS,1,Processo,Agendamento,q_channels
survey-demo,B0551,NPS,1,Processo,Agendamento,q_resolution
survey-demo,B0551,NPS,1,Processo,Agendamento,q_wait
survey-demo,B0552,CSAT,5,,,q_wait
survey-demo,B0553,NPS,8,,,
survey-demo,B0554,NPS,1,Atendimento,Demora,
survey-demo,B0554,NPS,1,Comunicação,Retorno,
survey-demo,B0554,NPS,1,Processo,Agendamento,
survey-demo,B0555,CSAT,1,Atendimento,Demora,q_wait
survey-demo,B0555,CSAT,1,Comunicação,Retorno,q_wait
survey-demo,B0556,NPS,8,Atendimento,Demora,
survey-demo,B0556,NPS,8,Comunicação,Retorno,
survey-demo,B0557,NPS,7,,,q_channels
survey-demo,B0557,NPS,7,,,q_resolution
survey-demo,B0557,NPS,7,,,q_wait
survey-demo,B0558,CSAT,4,Atendimento,Demora,q_resolution
survey-demo,B0558,CSAT,4,Atendimento,Demora,q_wait
survey-demo,B0559,NPS,1,Atendimento,Demora,
survey-demo,B0559,NPS,1,Comunicação,Retorno,
survey-demo,B0560,NPS,6,Atendimento,Demora,q_wait
survey-demo,B0561,CSAT,3,Atendimento,Demora,q_wait
survey-demo,B0561,CSAT,3,Comunicação,Retorno,q_wait
survey-demo,B0561,CSAT,3,Processo,Agendamento,q_wait
survey-demo,B0562,NPS,0,Atendimento,Demora,
survey-demo,B0562,NPS,0,Comunicação,Retorno,
survey-demo,B0562,NPS,0,Processo,Agendamento,
survey-demo,B0563,NPS,8,Atendimento,Demora,q_channels
survey-demo,B0563,NPS,8,Atendimento,Demora,q_resolution
survey-demo,B0563,NPS,8,Atendimento,Demora,q_wait
survey-demo,B0563,NPS,8,Comunicação,Retorno,q_channels
survey-demo,B0563,NPS,8,Comunicação,Retorno,q_resolution
survey-demo,B0563,NPS,8,Comunicação,Retorno,q_wait
survey-demo,B0564,CSAT,2,Atendimento,Demora,q_wait
survey-demo,B0564,CSAT,2,Comunicação,Retorno,q_wait
survey-demo,B0565,NPS,7,Atendimento,Demora,q_resolution
survey-demo,B0565,NPS,7,Atendimento,Demora,q_wait
survey-demo,B0566,NPS,10,Atendimento,Demora,q_resolution
survey-demo,B0566,NPS,10,Atendimento,Demora,q_wait
survey-demo,B0567,CSAT,2,Atendimento,Cordialidade,q_resolution
survey-demo,B0567,CSAT,2,Atendimento,Cordialidade,q_wait
survey-demo,B0567,CSAT,2,Atendimento,Demora,q_resolution
survey-demo,B0567,CSAT,2,Atendimento,Demora,q_wait
survey-demo,B0567,CSAT,2,Comunicação,Retorno,q_resolution
survey-demo,B0567,CSAT,2,Comunicação,Retorno,q_wait
survey-demo,B0567,CSAT,2,Processo,Agendamento,q_resolution
survey-demo,B0567,CSAT,2,Processo,Agendamento,q_wait
survey-demo,B0568,NPS,1,Atendimento,Demora,q_wait
survey-demo,B0569,NPS,1,Atendimento,Demora,q_resolution
survey-demo,B0569,NPS,1,Atendimento,Demora,q_wait
survey-demo,B0569,NPS,1,Comunicação,Retorno,q_resolution
survey-demo,B0569,NPS,1,Comunicação,Retorno,q_wait
survey-demo,B0569,NPS,1,Processo,Agendamento,q_resolution
survey-demo,B0569,NPS,1,Processo,Agendamento,q_wait
survey-demo,B0570,CSAT,1,Atendimento,Cordialidade,q_channels
survey-demo,B0570,CSAT,1,Atendimento,Cordialidade,q_resolution
survey-demo,B0570,CSAT,1,Atendimento,Cordialidade,q_wait
survey-demo,B0570,CSAT,1,Atendimento,Demora,q_channels
survey-demo,B0570,CSAT,1,Atendimento,Demora,q_resolution
survey-demo,B0570,CSAT,1,Atendimento,Demora,q_wait
survey-demo,B0570,CSAT,1,Comunicação,Retorno,q_channels
survey-demo,B0570,CSAT,1,Comunicação,Retorno,q_resolution
survey-demo,B0570,CSAT,1,Comunicação,Retorno,q_wait
survey-demo,B0570,CSAT,1,Processo,Agendamento,q_channels
survey-demo,B0570,CSAT,1,Processo,Agendamento,q_resolution
survey-demo,B0570,CSAT,1,Processo,Agendamento,q_wait
survey-demo,B0571,NPS,7,Atendimento,Demora,
survey-demo,B0571,NPS,7,Comunicação,Retorno,
survey-demo,B0572,NPS,0,Atendimento,Cordialidade,q_resolution
survey-demo,B0572,NPS,0,Atendimento,Cordialidade,q_wait
survey-demo,B0572,NPS,0,Atendimento,Demora,q_resolution
survey-demo,B0572,NPS,0,Atendimento,Demora,q_wait
survey-demo,B0572,NPS,0,Comunicação,Retorno,q_resolution
survey-demo,B0572,NPS,0,Comunicação,Retorno,q_wait
survey-demo,B0572,NPS,0,Processo,Agendamento,q_resolution
survey-demo,B0572,NPS,0,Processo,Agendamento,q_wait
survey-demo,B0573,CSAT,1,Atendimento,Cordialidade,
survey-demo,B0573,CSAT,1,Atendimento,Demora,
survey-demo,B0573,CSAT,1,Comunicação,Retorno,
survey-demo,B0573,CSAT,1,Processo,Agendamento,
survey-demo,B0574,NPS,0,Atendimento,Demora,q_channels
survey-demo,B0574,NPS,0,Atendimento,Demora,q_resolution
survey-demo,B0574,NPS,0,Atendimento,Demora,q_wait
survey-demo,B0574,NPS,0,Comunicação,Retorno,q_channels
survey-demo,B0574,NPS,0,Comunicação,Retorno,q_resolution
survey-demo,B0574,NPS,0,Comunicação,Retorno,q_wait
survey-demo,B0575,NPS,8,,,
survey-demo,B0576,CSAT,2,Atendimento,Demora,q_wait
survey-demo,B0577,NPS,10,Atendimento,Demora,q_resolution
survey-demo,B0577,NPS,10,Atendimento,Demora,q_wait
survey-demo,B0578,NPS,10,Atendimento,Demora,q_wait
survey-demo,B0579,CSAT,4,Atendimento,Demora,
survey-demo,B0580,NPS,3,Atendimento,Demora,q_channels
survey-demo,B0580,NPS,3,Atendimento,Demora,q_resolution
survey-demo,B0580,NPS,3,Atendimento,Demora,q_wait
survey-demo,B0580,NPS,3,Comunicação,Retorno,q_channels
survey-demo,B0580,NPS,3,Comunicação,Retorno,q_resolution
survey-demo,B0580,NPS,3,Comunicação,Retorno,q_wait
survey-demo,B0580,NPS,3,Processo,Agendamento,q_channels
survey-demo,B0580,NPS,3,Processo,Agendamento,q_resolution
survey-demo,B0580,NPS,3,Processo,Agendamento,q_wait
survey-demo,B0581,NPS,6,Atendimento,Demora,
survey-demo,B0581,NPS,6,Comunicação,Retorno,
survey-demo,B0581,NPS,6,Processo,Agendamento,
survey-demo,B0582,CSAT,5,,,q_wait
survey-demo,B0583,NPS,4,Atendimento,Demora,q_wait
survey-demo,B0583,NPS,4,Comunicação,Retorno,q_wait
survey-demo,B0584,NPS,7,Atendimento,Demora,q_wait
survey-demo,B0585,CSAT,1,Atendimento,Demora,q_wait
survey-demo,B0585,CSAT,1,Comunicação,Retorno,q_wait
survey-demo,B0585,CSAT,1,Processo,Agendamento,q_wait
survey-demo,B0586,NPS,5,Atendimento,Cordialidade,q_wait
survey-demo,B0586,NPS,5,Atendimento,Demora,q_wait
survey-demo,B0586,NPS,5,Comunicação,Retorno,q_wait
survey-demo,B0586,NPS,5,Processo,Agendamento,q_wait
survey-demo,B0587,NPS,4,Atendimento,Cordialidade,q_channels
survey-demo,B0587,NPS,4,Atendimento,Cordialidade,q_resolution
survey-demo,B0587,NPS,4,Atendimento,Cordialidade,q_wait
survey-demo,B0587,NPS,4,Atendimento,Demora,q_channels
survey-demo,B0587,NPS,4,Atendimento,Demora,q_resolution
survey-demo,B0587,NPS,4,Atendimento,Demora,q_wait
survey-demo,B0587,NPS,4,Comunicação,Retorno,q_channels
survey-demo,B0587,NPS,4,Comunicação,Retorno,q_resolution
survey-demo,B0587,NPS,4,Comunicação,Retorno,q_wait
survey-demo,B0587,NPS,4,Processo,Agendamento,q_channels
survey-demo,B0587,NPS,4,Processo,Agendamento,q_resolution
survey-demo,B0587,NPS,4,Processo,Agendamento,q_wait
survey-demo,B0588,CSAT,1,Atendimento,Demora,q_channels
survey-demo,B0588,CSAT,1,Atendimento,Demora,q_resolution
survey-demo,B0588,CSAT,1,Atendimento,Demora,q_wait
survey-demo,B0588,CSAT,1,Comunicação,Retorno,q_channels
survey-demo,B0588,CSAT,1,Comunicação,Retorno,q_resolution
survey-demo,B0588,CSAT,1,Comunicação,Retorno,q_wait
survey-demo,B0589,NPS,7,Atendimento,Demora,
survey-demo,B0590,NPS,8,Atendimento,Demora,q_channels
survey-demo,B0590,NPS,8,Atendimento,Demora,q_resolution
survey-demo,B0590,NPS,8,Atendimento,Demora,q_wait
survey-demo,B0591,CSAT,5,,,
survey-demo,B0592,NPS,1,Atendimento,Demora,q_wait
survey-demo,B0593,NPS,10,Atendimento,Demora,q_resolution
survey-demo,B0593,NPS,10,Atendimento,Demora,q_wait
survey-demo,B0594,CSAT,2,Atendimento,Demora,q_resolution
survey-demo,B0594,CSAT,2,Atendimento,Demora,q_wait
survey-demo,B0594,CSAT,2,Comunicação,Retorno,q_resolution
survey-demo,B0594,CSAT,2,Comunicação,Retorno,q_wait
survey-demo,B0594,CSAT,2,Processo,Agendamento,q_resolution
survey-demo,B0594,CSAT,2,Processo,Agendamento,q_wait
survey-demo,B0595,NPS,1,Atendimento,Cordialidade,q_wait
survey-demo,B0595,NPS,1,Atendimento,Demora,q_wait
survey-demo,B0595,NPS,1,Comunicação,Retorno,q_wait
survey-demo,B0595,NPS,1,Processo,Agendamento,q_wait
survey-demo,B0596,NPS,2,Atendimento,Cordialidade,q_resolution
survey-demo,B0596,NPS,2,Atendimento,Cordialidade,q_wait
survey-demo,B0596,NPS,2,Atendimento,Demora,q_resolution
survey-demo,B0596,NPS,2,Atendimento,Demora,q_wait
survey-demo,B0596,NPS,2,Comunicação,Retorno,q_resolution
survey-demo,B0596,NPS,2,Comunicação,Retorno,q_wait
survey-demo,B0596,NPS,2,Processo,Agendamento,q_resolution
survey-demo,B0596,NPS,2,Processo,Agendamento,q_wait
survey-demo,B0597,CSAT,1,Atendimento,Demora,q_channels
survey-demo,B0597,CSAT,1,Atendimento,Demora,q_resolution
survey-demo,B0597,CSAT,1,Atendimento,Demora,q_wait
survey-demo,B0597,CSAT,1,Comunicação,Retorno,q_channels
survey-demo,B0597,CSAT,1,Comunicação,Retorno,q_resolution
survey-demo,B0597,CSAT,1,Comunicação,Retorno,q_wait
survey-demo,B0597,CSAT,1,Processo,Agendamento,q_channels
survey-demo,B0597,CSAT,1,Processo,Agendamento,q_resolution
survey-demo,B0597,CSAT,1,Processo,Agendamento,q_wait
survey-demo,B0598,NPS,9,Atendimento,Demora,
survey-demo,B0599,NPS,3,Atendimento,Demora,
survey-demo,B0599,NPS,3,Comunicação,Retorno,
survey-demo,B0600,CSAT,5,Atendimento,Demora,q_wait
survey-demo,B0601,NPS,2,Atendimento,Demora,
survey-demo,B0601,NPS,2,Comunicação,Retorno,
survey-demo,B0602,NPS,6,Atendimento,Demora,q_resolution
survey-demo,B0602,NPS,6,Atendimento,Demora,q_wait
survey-demo,B0602,NPS,6,Comunicação,Retorno,q_resolution
survey-demo,B0602,NPS,6,Comunicação,Retorno,q_wait
survey-demo,B0602,NPS,6,Processo,Agendamento,q_resolution
survey-demo,B0602,NPS,6,Processo,Agendamento,q_wait
survey-demo,B0603,CSAT,4,Atendimento,Demora,q_wait
survey-demo,B0604,NPS,1,Atendimento,Cordialidade,q_resolution
survey-demo,B0604,NPS,1,Atendimento,Cordialidade,q_wait
survey-demo,B0604,NPS,1,Atendimento,Demora,q_resolution
survey-demo,B0604,NPS,1,Atendimento,Demora,q_wait
survey-demo,B0604,NPS,1,Comunicação,Retorno,q_resolution
survey-demo,B0604,NPS,1,Comunicação,Retorno,q_wait
survey-demo,B0604,NPS,1,Processo,Agendamento,q_resolution
survey-demo,B0604,NPS,1,Processo,Agendamento,q_wait
survey-demo,B0605,NPS,4,Atendimento,Cordialidade,
survey-demo,B0605,NPS,4,Atendimento,Demora,
survey-demo,B0605,NPS,4,Comunicação,Retorno,
survey-demo,B0605,NPS,4,Processo,Agendamento,
survey-demo,B0606,CSAT,1,Atendimento,Cordialidade,q_channels
survey-demo,B0606,CSAT,1,Atendimento,Cordialidade,q_resolution
survey-demo,B0606,CSAT,1,Atendimento,Cordialidade,q_wait
survey-demo,B0606,CSAT,1,Atendimento,Demora,q_channels
survey-demo,B0606,CSAT,1,Atendimento,Demora,q_resolution
survey-demo,B0606,CSAT,1,Atendimento,Demora,q_wait
survey-demo,B0606,CSAT,1,Comunicação,Retorno,q_channels
survey-demo,B0606,CSAT,1,Comunicação,Retorno,q_resolution
survey-demo,B0606,CSAT,1,Comunicação,Retorno,q_wait
survey-demo,B0606,CSAT,1,Processo,Agendamento,q_channels
survey-demo,B0606,CSAT,1,Processo,Agendamento,q_resolution
survey-demo,B0606,CSAT,1,Processo,Agendamento,q_wait
survey-demo,B0607,NPS,7,Atendimento,Demora,
survey-demo,B0607,NPS,7,Comunicação,Retorno,
survey-demo,B0608,NPS,7,Atendimento,Demora,q_wait
survey-demo,B0609,CSAT,1,Atendimento,Cordialidade,
survey-demo,B0609,CSAT,1,Atendimento,Demora,
survey-demo,B0609,CSAT,1,Comunicação,Retorno,
survey-demo,B0609,CSAT,1,Processo,Agendamento,
survey-demo,B0610,NPS,6,Atendimento,Demora,
survey-demo,B0610,NPS,6,Comunicação,Retorno,
survey-demo,B0610,NPS,6,Processo,Agendamento,
survey-demo,B0611,NPS,8,Atendimento,Demora,q_resolution
survey-demo,B0611,NPS,8,Atendimento,Demora,q_wait
survey-demo,B0612,CSAT,3,Atendimento,Demora,q_wait
survey-demo,B0612,CSAT,3,Comunicação,Retorno,q_wait
survey-demo,B0613,NPS,8,Atendimento,Demora,q_resolution
survey-demo,B0613,NPS,8,Atendimento,Demora,q_wait
survey-demo,B0613,NPS,8,Comunicação,Retorno,q_resolution
survey-demo,B0613,NPS,8,Comunicação,Retorno,q_wait
survey-demo,B0614,NPS,6,Atendimento,Demora,q_resolution
survey-demo,B0614,NPS,6,Atendimento,Demora,q_wait
survey-demo,B0614,NPS,6,Comunicação,Retorno,q_resolution
survey-demo,B0614,NPS,6,Comunicação,Retorno,q_wait
survey-demo,B0615,CSAT,2,Atendimento,Demora,
survey-demo,B0615,CSAT,2,Comunicação,Retorno,
survey-demo,B0615,CSAT,2,Processo,Agendamento,
survey-demo,B0616,NPS,3,Atendimento,Demora,q_wait
survey-demo,B0617,NPS,1,Atendimento,Cordialidade,q_resolution
survey-demo,B0617,NPS,1,Atendimento,Cordialidade,q_wait
survey-demo,B0617,NPS,1,Atendimento,Demora,q_resolution
survey-demo,B0617,NPS,1,Atendimento,Demora,q_wait
survey-demo,B0617,NPS,1,Comunicação,Retorno,q_resolution
survey-demo,B0617,NPS,1,Comunicação,Retorno,q_wait
survey-demo,B0617,NPS,1,Processo,Agendamento,q_resolution
survey-demo,B0617,NPS,1,Processo,Agendamento,q_wait
survey-demo,B0618,CSAT,1,Atendimento,Demora,q_resolution
survey-demo,B0618,CSAT,1,Atendimento,Demora,q_wait
survey-demo,B0618,CSAT,1,Comunicação,Retorno,q_resolution
survey-demo,B0618,CSAT,1,Comunicação,Retorno,q_wait
survey-demo,B0619,NPS,3,Atendimento,Cordialidade,
survey-demo,B0619,NPS,3,Atendimento,Demora,
survey-demo,B0619,NPS,3,Comunicação,Retorno,
survey-demo,B0619,NPS,3,Processo,Agendamento,
survey-demo,B0620,NPS,6,Atendimento,Cordialidade,q_resolution
survey-demo,B0620,NPS,6,Atendimento,Cordialidade,q_wait
survey-demo,B0620,NPS,6,Atendimento,Demora,q_resolution
survey-demo,B0620,NPS,6,Atendimento,Demora,q_wait
survey-demo,B0620,NPS,6,Comunicação,Retorno,q_resolution
survey-demo,B0620,NPS,6,Comunicação,Retorno,q_wait
survey-demo,B0620,NPS,6,Processo,Agendamento,q_resolution
survey-demo,B0620,NPS,6,Processo,Agendamento,q_wait
survey-demo,B0621,CSAT,4,,,
survey-demo,B0622,NPS,8,,,q_resolution
survey-demo,B0622,NPS,8,,,q_wait
survey-demo,B0623,NPS,1,Atendimento,Demora,
survey-demo,B0623,NPS,1,Comunicação,Retorno,
survey-demo,B0623,NPS,1,Processo,Agendamento,
survey-demo,B0624,CSAT,4,Atendimento,Demora,q_wait
survey-demo,B0625,NPS,6,Atendimento,Demora,q_channels
survey-demo,B0625,NPS,6,Atendimento,Demora,q_resolution
survey-demo,B0625,NPS,6,Atendimento,Demora,q_wait
survey-demo,B0625,NPS,6,Comunicação,Retorno,q_channels
survey-demo,B0625,NPS,6,Comunicação,Retorno,q_resolution
survey-demo,B0625,NPS,6,Comunicação,Retorno,q_wait
survey-demo,B0626,NPS,8,,,q_resolution
survey-demo,B0626,NPS,8,,,q_wait
survey-demo,B0627,CSAT,4,Atendimento,Demora,q_wait
survey-demo,B0627,CSAT,4,Comunicação,Retorno,q_wait
survey-demo,B0628,NPS,6,Atendimento,Demora,
survey-demo,B0628,NPS,6,Comunicação,Retorno,
survey-demo,B0628,NPS,6,Processo,Agendamento,
survey-demo,B0629,NPS,2,Atendimento,Cordialidade,q_wait
survey-demo,B0629,NPS,2,Atendimento,Demora,q_wait
survey-demo,B0629,NPS,2,Comunicação,Retorno,q_wait
survey-demo,B0629,NPS,2,Processo,Agendamento,q_wait
survey-demo,B0630,CSAT,1,Atendimento,Demora,q_wait
survey-demo,B0630,CSAT,1,Comunicação,Retorno,q_wait
survey-demo,B0630,CSAT,1,Processo,Agendamento,q_wait
survey-demo,B0631,NPS,6,Atendimento,Demora,q_wait
survey-demo,B0631,NPS,6,Comunicação,Retorno,q_wait
survey-demo,B0632,NPS,3,Atendimento,Demora,q_wait
survey-demo,B0633,CSAT,1,Atendimento,Demora,
survey-demo,B0633,CSAT,1,Comunicação,Retorno,
survey-demo,B0633,CSAT,1,Processo,Agendamento,
survey-demo,B0634,NPS,10,,,q_channels
survey-demo,B0634,NPS,10,,,q_resolution
survey-demo,B0634,NPS,10,,,q_wait
survey-demo,B0635,NPS,2,Atendimento,Demora,
survey-demo,B0635,NPS,2,Comunicação,Retorno,
survey-demo,B0636,CSAT,5,Atendimento,Demora,q_channels
survey-demo,B0636,CSAT,5,Atendimento,Demora,q_resolution
survey-demo,B0636,CSAT,5,Atendimento,Demora,q_wait
survey-demo,B0636,CSAT,5,Comunicação,Retorno,q_channels
survey-demo,B0636,CSAT,5,Comunicação,Retorno,q_resolution
survey-demo,B0636,CSAT,5,Comunicação,Retorno,q_wait
survey-demo,B0637,NPS,2,Atendimento,Demora,q_resolution
survey-demo,B0637,NPS,2,Atendimento,Demora,q_wait
survey-demo,B0637,NPS,2,Comunicação,Retorno,q_resolution
survey-demo,B0637,NPS,2,Comunicação,Retorno,q_wait
survey-demo,B0638,NPS,7,,,q_channels
survey-demo,B0638,NPS,7,,,q_resolution
survey-demo,B0638,NPS,7,,,q_wait
survey-demo,B0639,CSAT,5,Atendimento,Demora,
survey-demo,B0639,CSAT,5,Comunicação,Retorno,
survey-demo,B0640,NPS,6,Atendimento,Demora,q_wait
survey-demo,B0641,NPS,7,,,q_resolution
survey-demo,B0641,NPS,7,,,q_wait
survey-demo,B0642,CSAT,2,Atendimento,Cordialidade,
survey-demo,B0642,CSAT,2,Atendimento,Demora,
survey-demo,B0642,CSAT,2,Comunicação,Retorno,
survey-demo,B0642,CSAT,2,Processo,Agendamento,
survey-demo,B0643,NPS,6,Atendimento,Demora,q_channels
survey-demo,B0643,NPS,6,Atendimento,Demora,q_resolution
survey-demo,B0643,NPS,6,Atendimento,Demora,q_wait
survey-demo,B0643,NPS,6,Comunicação,Retorno,q_channels
survey-demo,B0643,NPS,6,Comunicação,Retorno,q_resolution
survey-demo,B0643,NPS,6,Comunicação,Retorno,q_wait
survey-demo,B0643,NPS,6,Processo,Agendamento,q_channels
survey-demo,B0643,NPS,6,Processo,Agendamento,q_resolution
survey-demo,B0643,NPS,6,Processo,Agendamento,q_wait
survey-demo,B0644,NPS,7,Atendimento,Demora,
survey-demo,B0644,NPS,7,Comunicação,Retorno,
survey-demo,B0645,CSAT,2,Atendimento,Demora,q_resolution
survey-demo,B0645,CSAT,2,Atendimento,Demora,q_wait
survey-demo,B0645,CSAT,2,Comunicação,Retorno,q_resolution
survey-demo,B0645,CSAT,2,Comunicação,Retorno,q_wait
survey-demo,B0646,NPS,0,Atendimento,Demora,q_wait
survey-demo,B0646,NPS,0,Comunicação,Retorno,q_wait
survey-demo,B0646,NPS,0,Processo,Agendamento,q_wait
survey-demo,B0647,NPS,2,Atendimento,Demora,q_resolution
survey-demo,B0647,NPS,2,Atendimento,Demora,q_wait
survey-demo,B0647,NPS,2,Comunicação,Retorno,q_resolution
survey-demo,B0647,NPS,2,Comunicação,Retorno,q_wait
survey-demo,B0648,CSAT,5,Atendimento,Demora,q_wait
survey-demo,B0649,NPS,8,Atendimento,Demora,
survey-demo,B0650,NPS,8,,,q_wait
survey-demo,B0651,CSAT,2,Atendimento,Demora,q_channels
survey-demo,B0651,CSAT,2,Atendimento,Demora,q_resolution
survey-demo,B0651,CSAT,2,Atendimento,Demora,q_wait
survey-demo,B0651,CSAT,2,Comunicação,Retorno,q_channels
survey-demo,B0651,CSAT,2,Comunicação,Retorno,q_resolution
survey-demo,B0651,CSAT,2,Comunicação,Retorno,q_wait
survey-demo,B0652,NPS,5,Atendimento,Demora,q_resolution
survey-demo,B0652,NPS,5,Atendimento,Demora,q_wait
survey-demo,B0652,NPS,5,Comunicação,Retorno,q_resolution
survey-demo,B0652,NPS,5,Comunicação,Retorno,q_wait
survey-demo,B0653,NPS,10,Atendimento,Demora,
survey-demo,B0654,CSAT,4,Atendimento,Demora,q_wait
survey-demo,B0655,NPS,8,Atendimento,Demora,
survey-demo,B0656,NPS,8,Atendimento,Demora,q_wait
survey-demo,B0657,CSAT,3,Atendimento,Cordialidade,q_channels
survey-demo,B0657,CSAT,3,Atendimento,Cordialidade,q_resolution
survey-demo,B0657,CSAT,3,Atendimento,Cordialidade,q_wait
survey-demo,B0657,CSAT,3,Atendimento,Demora,q_channels
survey-demo,B0657,CSAT,3,Atendimento,Demora,q_resolution
survey-demo,B0657,CSAT,3,Atendimento,Demora,q_wait
survey-demo,B0657,CSAT,3,Comunicação,Retorno,q_channels
survey-demo,B0657,CSAT,3,Comunicação,Retorno,q_resolution
survey-demo,B0657,CSAT,3,Comunicação,Retorno,q_wait
survey-demo,B0657,CSAT,3,Processo,Agendamento,q_channels
survey-demo,B0657,CSAT,3,Processo,Agendamento,q_resolution
survey-demo,B0657,CSAT,3,Processo,Agendamento,q_wait
survey-demo,B0658,NPS,10,Atendimento,Demora,
survey-demo,B0658,NPS,10,Comunicação,Retorno,
survey-demo,B0659,NPS,1,Atendimento,Demora,q_wait
survey-demo,B0659,NPS,1,Comunicação,Retorno,q_wait
survey-demo,B0659,NPS,1,Processo,Agendamento,q_wait
survey-demo,B0660,CSAT,2,Atendimento,Demora,q_channels
survey-demo,B0660,CSAT,2,Atendimento,Demora,q_resolution
survey-demo,B0660,CSAT,2,Atendimento,Demora,q_wait
survey-demo,B0660,CSAT,2,Comunicação,Retorno,q_channels
survey-demo,B0660,CSAT,2,Comunicação,Retorno,q_resolution
survey-demo,B0660,CSAT,2,Comunicação,Retorno,q_wait
survey-demo,B0660,CSAT,2,Processo,Agendamento,q_channels
survey-demo,B0660,CSAT,2,Processo,Agendamento,q_resolution
survey-demo,B0660,CSAT,2,Processo,Agendamento,q_wait
survey-demo,B0661,NPS,7,Atendimento,Demora,q_channels
survey-demo,B0661,NPS,7,Atendimento,Demora,q_resolution
survey-demo,B0661,NPS,7,Atendimento,Demora,q_wait
survey-demo,B0661,NPS,7,Comunicação,Retorno,q_channels
survey-demo,B0661,NPS,7,Comunicação,Retorno,q_resolution
survey-demo,B0661,NPS,7,Comunicação,Retorno,q_wait
survey-demo,B0662,NPS,2,Atendimento,Demora,q_wait
survey-demo,B0662,NPS,2,Comunicação,Retorno,q_wait
survey-demo,B0662,NPS,2,Processo,Agendamento,q_wait
survey-demo,B0663,CSAT,2,Atendimento,Demora,q_resolution
survey-demo,B0663,CSAT,2,Atendimento,Demora,q_wait
survey-demo,B0663,CSAT,2,Comunicação,Retorno,q_resolution
survey-demo,B0663,CSAT,2,Comunicação,Retorno,q_wait
survey-demo,B0664,NPS,2,Atendimento,Demora,q_wait
survey-demo,B0665,NPS,3,Atendimento,Demora,q_resolution
survey-demo,B0665,NPS,3,Atendimento,Demora,q_wait
survey-demo,B0665,NPS,3,Comunicação,Retorno,q_resolution
survey-demo,B0665,NPS,3,Comunicação,Retorno,q_wait
survey-demo,B0665,NPS,3,Processo,Agendamento,q_resolution
survey-demo,B0665,NPS,3,Processo,Agendamento,q_wait
survey-demo,B0666,CSAT,1,Atendimento,Demora,q_resolution
survey-demo,B0666,CSAT,1,Atendimento,Demora,q_wait
survey-demo,B0666,CSAT,1,Comunicação,Retorno,q_resolution
survey-demo,B0666,CSAT,1,Comunicação,Retorno,q_wait
survey-demo,B0667,NPS,0,Atendimento,Cordialidade,q_resolution
survey-demo,B0667,NPS,0,Atendimento,Cordialidade,q_wait
survey-demo,B0667,NPS,0,Atendimento,Demora,q_resolution
survey-demo,B0667,NPS,0,Atendimento,Demora,q_wait
survey-demo,B0667,NPS,0,Comunicação,Retorno,q_resolution
survey-demo,B0667,NPS,0,Comunicação,Retorno,q_wait
survey-demo,B0667,NPS,0,Processo,Agendamento,q_resolution
survey-demo,B0667,NPS,0,Processo,Agendamento,q_wait
survey-demo,B0668,NPS,1,Atendimento,Demora,q_channels
survey-demo,B0668,NPS,1,Atendimento,Demora,q_resolution
survey-demo,B0668,NPS,1,Atendimento,Demora,q_wait
survey-demo,B0668,NPS,1,Comunicação,Retorno,q_channels
survey-demo,B0668,NPS,1,Comunicação,Retorno,q_resolution
survey-demo,B0668,NPS,1,Comunicação,Retorno,q_wait
survey-demo,B0669,CSAT,2,Atendimento,Cordialidade,
survey-demo,B0669,CSAT,2,Atendimento,Demora,
survey-demo,B0669,CSAT,2,Comunicação,Retorno,
survey-demo,B0669,CSAT,2,Processo,Agendamento,
survey-demo,B0670,NPS,9,Atendimento,Demora,q_channels
survey-demo,B0670,NPS,9,Atendimento,Demora,q_resolution
survey-demo,B0670,NPS,9,Atendimento,Demora,q_wait
survey-demo,B0670,NPS,9,Comunicação,Retorno,q_channels
survey-demo,B0670,NPS,9,Comunicação,Retorno,q_resolution
survey-demo,B0670,NPS,9,Comunicação,Retorno,q_wait
survey-demo,B0671,NPS,1,Atendimento,Cordialidade,q_resolution
survey-demo,B0671,NPS,1,Atendimento,Cordialidade,q_wait
survey-demo,B0671,NPS,1,Atendimento,Demora,q_resolution
survey-demo,B0671,NPS,1,Atendimento,Demora,q_wait
survey-demo,B0671,NPS,1,Comunicação,Retorno,q_resolution
survey-demo,B0671,NPS,1,Comunicação,Retorno,q_wait
survey-demo,B0671,NPS,1,Processo,Agendamento,q_resolution
survey-demo,B0671,NPS,1,Processo,Agendamento,q_wait
survey-demo,B0672,CSAT,2,Atendimento,Demora,q_wait
survey-demo,B0673,NPS,4,Atendimento,Cordialidade,q_resolution
survey-demo,B0673,NPS,4,Atendimento,Cordialidade,q_wait
survey-demo,B0673,NPS,4,Atendimento,Demora,q_resolution
survey-demo,B0673,NPS,4,Atendimento,Demora,q_wait
survey-demo,B0673,NPS,4,Comunicação,Retorno,q_resolution
survey-demo,B0673,NPS,4,Comunicação,Retorno,q_wait
survey-demo,B0673,NPS,4,Processo,Agendamento,q_resolution
survey-demo,B0673,NPS,4,Processo,Agendamento,q_wait
survey-demo,B0674,NPS,8,,,q_resolution
survey-demo,B0674,NPS,8,,,q_wait
survey-demo,B0675,CSAT,3,Atendimento,Demora,q_resolution
survey-demo,B0675,CSAT,3,Atendimento,Demora,q_wait
survey-demo,B0675,CSAT,3,Comunicação,Retorno,q_resolution
survey-demo,B0675,CSAT,3,Comunicação,Retorno,q_wait
survey-demo,B0675,CSAT,3,Processo,Agendamento,q_resolution
survey-demo,B0675,CSAT,3,Processo,Agendamento,q_wait
survey-demo,B0676,NPS,9,,,q_channels
survey-demo,B0676,NPS,9,,,q_resolution
survey-demo,B0676,NPS,9,,,q_wait
survey-demo,B0677,NPS,10,,,q_resolution
survey-demo,B0677,NPS,10,,,q_wait
survey-demo,B0678,CSAT,2,Atendimento,Cordialidade,
survey-demo,B0678,CSAT,2,Atendimento,Demora,
survey-demo,B0678,CSAT,2,Comunicação,Retorno,
survey-demo,B0678,CSAT,2,Processo,Agendamento,
survey-demo,B0679,NPS,5,Atendimento,Demora,q_channels
survey-demo,B0679,NPS,5,Atendimento,Demora,q_resolution
survey-demo,B0679,NPS,5,Atendimento,Demora,q_wait
survey-demo,B0679,NPS,5,Comunicação,Retorno,q_channels
survey-demo,B0679,NPS,5,Comunicação,Retorno,q_resolution
survey-demo,B0679,NPS,5,Comunicação,Retorno,q_wait
survey-demo,B0680,NPS,2,Atendimento,Demora,q_wait
survey-demo,B0681,CSAT,2,Atendimento,Cordialidade,
survey-demo,B0681,CSAT,2,Atendimento,Demora,
survey-demo,B0681,CSAT,2,Comunicação,Retorno,
survey-demo,B0681,CSAT,2,Processo,Agendamento,
survey-demo,B0682,NPS,7,Atendimento,Demora,q_channels
survey-demo,B0682,NPS,7,Atendimento,Demora,q_resolution
survey-demo,B0682,NPS,7,Atendimento,Demora,q_wait
survey-demo,B0683,NPS,3,Atendimento,Demora,q_wait
survey-demo,B0683,NPS,3,Comunicação,Retorno,q_wait
survey-demo,B0684,CSAT,1,Atendimento,Demora,q_wait
survey-demo,B0684,CSAT,1,Comunicação,Retorno,q_wait
survey-demo,B0684,CSAT,1,Processo,Agendamento,q_wait
survey-demo,B0685,NPS,1,Atendimento,Cordialidade,q_resolution
survey-demo,B0685,NPS,1,Atendimento,Cordialidade,q_wait
survey-demo,B0685,NPS,1,Atendimento,Demora,q_resolution
survey-demo,B0685,NPS,1,Atendimento,Demora,q_wait
survey-demo,B0685,NPS,1,Comunicação,Retorno,q_resolution
survey-demo,B0685,NPS,1,Comunicação,Retorno,q_wait
survey-demo,B0685,NPS,1,Processo,Agendamento,q_resolution
survey-demo,B0685,NPS,1,Processo,Agendamento,q_wait
survey-demo,B0686,NPS,3,Atendimento,Demora,
survey-demo,B0686,NPS,3,Comunicação,Retorno,
survey-demo,B0687,CSAT,5,Atendimento,Demora,q_wait
survey-demo,B0687,CSAT,5,Comunicação,Retorno,q_wait
survey-demo,B0688,NPS,6,Atendimento,Demora,q_wait
survey-demo,B0689,NPS,3,Atendimento,Demora,q_resolution
survey-demo,B0689,NPS,3,Atendimento,Demora,q_wait
survey-demo,B0689,NPS,3,Comunicação,Retorno,q_resolution
survey-demo,B0689,NPS,3,Comunicação,Retorno,q_wait
survey-demo,B0690,CSAT,4,,,q_channels
survey-demo,B0690,CSAT,4,,,q_resolution
survey-demo,B0690,CSAT,4,,,q_wait
survey-demo,B0691,NPS,1,Atendimento,Cordialidade,q_channels
survey-demo,B0691,NPS,1,Atendimento,Cordialidade,q_resolution
survey-demo,B0691,NPS,1,Atendimento,Cordialidade,q_wait
survey-demo,B0691,NPS,1,Atendimento,Demora,q_channels
survey-demo,B0691,NPS,1,Atendimento,Demora,q_resolution
survey-demo,B0691,NPS,1,Atendimento,Demora,q_wait
survey-demo,B0691,NPS,1,Comunicação,Retorno,q_channels
survey-demo,B0691,NPS,1,Comunicação,Retorno,q_resolution
survey-demo,B0691,NPS,1,Comunicação,Retorno,q_wait
survey-demo,B0691,NPS,1,Processo,Agendamento,q_channels
survey-demo,B0691,NPS,1,Processo,Agendamento,q_resolution
survey-demo,B0691,NPS,1,Processo,Agendamento,q_wait
survey-demo,B0692,NPS,1,Atendimento,Cordialidade,q_channels
survey-demo,B0692,NPS,1,Atendimento,Cordialidade,q_resolution
survey-demo,B0692,NPS,1,Atendimento,Cordialidade,q_wait
survey-demo,B0692,NPS,1,Atendimento,Demora,q_channels
survey-demo,B0692,NPS,1,Atendimento,Demora,q_resolution
survey-demo,B0692,NPS,1,Atendimento,Demora,q_wait
survey-demo,B0692,NPS,1,Comunicação,Retorno,q_channels
survey-demo,B0692,NPS,1,Comunicação,Retorno,q_resolution
survey-demo,B0692,NPS,1,Comunicação,Retorno,q_wait
survey-demo,B0692,NPS,1,Processo,Agendamento,q_channels
survey-demo,B0692,NPS,1,Processo,Agendamento,q_resolution
survey-demo,B0692,NPS,1,Processo,Agendamento,q_wait
survey-demo,B0693,CSAT,4,,,q_channels
survey-demo,B0693,CSAT,4,,,q_resolution
survey-demo,B0693,CSAT,4,,,q_wait
survey-demo,B0694,NPS,3,Atendimento,Cordialidade,q_wait
survey-demo,B0694,NPS,3,Atendimento,Demora,q_wait
survey-demo,B0694,NPS,3,Comunicação,Retorno,q_wait
survey-demo,B0694,NPS,3,Processo,Agendamento,q_wait
survey-demo,B0695,NPS,0,Atendimento,Demora,q_channels
survey-demo,B0695,NPS,0,Atendimento,Demora,q_resolution
survey-demo,B0695,NPS,0,Atendimento,Demora,q_wait
survey-demo,B0695,NPS,0,Comunicação,Retorno,q_channels
survey-demo,B0695,NPS,0,Comunicação,Retorno,q_resolution
survey-demo,B0695,NPS,0,Comunicação,Retorno,q_wait
survey-demo,B0696,CSAT,5,Atendimento,Demora,q_wait
survey-demo,B0697,NPS,6,Atendimento,Demora,q_wait
survey-demo,B0697,NPS,6,Comunicação,Retorno,q_wait
survey-demo,B0697,NPS,6,Processo,Agendamento,q_wait
survey-demo,B0698,NPS,8,,,q_wait
survey-demo,B0699,CSAT,1,Atendimento,Cordialidade,q_channels
survey-demo,B0699,CSAT,1,Atendimento,Cordialidade,q_resolution
survey-demo,B0699,CSAT,1,Atendimento,Cordialidade,q_wait
survey-demo,B0699,CSAT,1,Atendimento,Demora,q_channels
survey-demo,B0699,CSAT,1,Atendimento,Demora,q_resolution
survey-demo,B0699,CSAT,1,Atendimento,Demora,q_wait
survey-demo,B0699,CSAT,1,Comunicação,Retorno,q_channels
survey-demo,B0699,CSAT,1,Comunicação,Retorno,q_resolution
survey-demo,B0699,CSAT,1,Comunicação,Retorno,q_wait
survey-demo,B0699,CSAT,1,Processo,Agendamento,q_channels
survey-demo,B0699,CSAT,1,Processo,Agendamento,q_resolution
survey-demo,B0699,CSAT,1,Processo,Agendamento,q_wait
survey-demo,B0700,NPS,0,Atendimento,Demora,
survey-demo,B0700,NPS,0,Comunicação,Retorno,
survey-demo,B0701,NPS,9,Atendimento,Demora,q_wait
survey-demo,B0701,NPS,9,Comunicação,Retorno,q_wait
survey-demo,B0702,CSAT,2,Atendimento,Demora,
survey-demo,B0702,CSAT,2,Comunicação,Retorno,
survey-demo,B0702,CSAT,2,Processo,Agendamento,
survey-demo,B0703,NPS,0,Atendimento,Demora,q_wait
survey-demo,B0703,NPS,0,Comunicação,Retorno,q_wait
survey-demo,B0703,NPS,0,Processo,Agendamento,q_wait
survey-demo,B0704,NPS,2,Atendimento,Demora,q_wait
survey-demo,B0705,CSAT,5,,,q_wait
survey-demo,B0706,NPS,1,Atendimento,Demora,q_wait
survey-demo,B0706,NPS,1,Comunicação,Retorno,q_wait
survey-demo,B0706,NPS,1,Processo,Agendamento,q_wait
survey-demo,B0707,NPS,0,Atendimento,Demora,q_resolution
survey-demo,B0707,NPS,0,Atendimento,Demora,q_wait
survey-demo,B0707,NPS,0,Comunicação,Retorno,q_resolution
survey-demo,B0707,NPS,0,Comunicação,Retorno,q_wait
survey-demo,B0708,CSAT,1,Atendimento,Demora,q_resolution
survey-demo,B0708,CSAT,1,Atendimento,Demora,q_wait
survey-demo,B0708,CSAT,1,Comunicação,Retorno,q_resolution
survey-demo,B0708,CSAT,1,Comunicação,Retorno,q_wait
survey-demo,B0709,NPS,5,Atendimento,Cordialidade,q_wait
survey-demo,B0709,NPS,5,Atendimento,Demora,q_wait
survey-demo,B0709,NPS,5,Comunicação,Retorno,q_wait
survey-demo,B0709,NPS,5,Processo,Agendamento,q_wait
survey-demo,B0710,NPS,10,Atendimento,Demora,q_wait
survey-demo,B0711,CSAT,1,Atendimento,Demora,q_channels
survey-demo,B0711,CSAT,1,Atendimento,Demora,q_resolution
survey-demo,B0711,CSAT,1,Atendimento,Demora,q_wait
survey-demo,B0711,CSAT,1,Comunicação,Retorno,q_channels
survey-demo,B0711,CSAT,1,Comunicação,Retorno,q_resolution
survey-demo,B0711,CSAT,1,Comunicação,Retorno,q_wait
survey-demo,B0711,CSAT,1,Processo,Agendamento,q_channels
survey-demo,B0711,CSAT,1,Processo,Agendamento,q_resolution
survey-demo,B0711,CSAT,1,Processo,Agendamento,q_wait
survey-demo,B0712,NPS,3,Atendimento,Demora,q_wait
survey-demo,B0713,NPS,4,Atendimento,Cordialidade,q_wait
survey-demo,B0713,NPS,4,Atendimento,Demora,q_wait
survey-demo,B0713,NPS,4,Comunicação,Retorno,q_wait
survey-demo,B0713,NPS,4,Processo,Agendamento,q_wait
survey-demo,B0714,CSAT,2,Atendimento,Demora,
survey-demo,B0714,CSAT,2,Comunicação,Retorno,
survey-demo,B0715,NPS,0,Atendimento,Cordialidade,q_wait
survey-demo,B0715,NPS,0,Atendimento,Demora,q_wait
survey-demo,B0715,NPS,0,Comunicação,Retorno,q_wait
survey-demo,B0715,NPS,0,Processo,Agendamento,q_wait
survey-demo,B0716,NPS,5,Atendimento,Demora,q_channels
survey-demo,B0716,NPS,5,Atendimento,Demora,q_resolution
survey-demo,B0716,NPS,5,Atendimento,Demora,q_wait
survey-demo,B0716,NPS,5,Comunicação,Retorno,q_channels
survey-demo,B0716,NPS,5,Comunicação,Retorno,q_resolution
survey-demo,B0716,NPS,5,Comunicação,Retorno,q_wait
survey-demo,B0716,NPS,5,Processo,Agendamento,q_channels
survey-demo,B0716,NPS,5,Processo,Agendamento,q_resolution
survey-demo,B0716,NPS,5,Processo,Agendamento,q_wait
survey-demo,B0717,CSAT,4,Atendimento,Demora,q_wait
survey-demo,B0717,CSAT,4,Comunicação,Retorno,q_wait
survey-demo,B0718,NPS,10,Atendimento,Demora,q_resolution
survey-demo,B0718,NPS,10,Atendimento,Demora,q_wait
survey-demo,B0719,NPS,3,Atendimento,Cordialidade,q_channels
survey-demo,B0719,NPS,3,Atendimento,Cordialidade,q_resolution
survey-demo,B0719,NPS,3,Atendimento,Cordialidade,q_wait
survey-demo,B0719,NPS,3,Atendimento,Demora,q_channels
survey-demo,B0719,NPS,3,Atendimento,Demora,q_resolution
survey-demo,B0719,NPS,3,Atendimento,Demora,q_wait
survey-demo,B0719,NPS,3,Comunicação,Retorno,q_channels
survey-demo,B0719,NPS,3,Comunicação,Retorno,q_resolution
survey-demo,B0719,NPS,3,Comunicação,Retorno,q_wait
survey-demo,B0719,NPS,3,Processo,Agendamento,q_channels
survey-demo,B0719,NPS,3,Processo,Agendamento,q_resolution
survey-demo,B0719,NPS,3,Processo,Agendamento,q_wait
survey-demo,B0720,CSAT,2,Atendimento,Demora,q_wait
survey-demo,B0721,NPS,9,,,
survey-demo,B0722,NPS,10,Atendimento,Demora,q_wait
survey-demo,B0722,NPS,10,Comunicação,Retorno,q_wait
survey-demo,B0723,CSAT,3,Atendimento,Demora,
survey-demo,B0723,CSAT,3,Comunicação,Retorno,
survey-demo,B0724,NPS,7,,,q_wait
survey-demo,B0725,NPS,7,,,q_resolution
survey-demo,B0725,NPS,7,,,q_wait
survey-demo,B0726,CSAT,4,Atendimento,Demora,
survey-demo,B0726,CSAT,4,Comunicação,Retorno,
survey-demo,B0727,NPS,8,Atendimento,Demora,q_wait
survey-demo,B0727,NPS,8,Comunicação,Retorno,q_wait
survey-demo,B0728,NPS,7,Atendimento,Demora,q_wait
survey-demo,B0729,CSAT,1,Atendimento,Cordialidade,q_channels
survey-demo,B0729,CSAT,1,Atendimento,Cordialidade,q_resolution
survey-demo,B0729,CSAT,1,Atendimento,Cordialidade,q_wait
survey-demo,B0729,CSAT,1,Atendimento,Demora,q_channels
survey-demo,B0729,CSAT,1,Atendimento,Demora,q_resolution
survey-demo,B0729,CSAT,1,Atendimento,Demora,q_wait
survey-demo,B0729,CSAT,1,Comunicação,Retorno,q_channels
survey-demo,B0729,CSAT,1,Comunicação,Retorno,q_resolution
survey-demo,B0729,CSAT,1,Comunicação,Retorno,q_wait
survey-demo,B0729,CSAT,1,Processo,Agendamento,q_channels
survey-demo,B0729,CSAT,1,Processo,Agendamento,q_resolution
survey-demo,B0729,CSAT,1,Processo,Agendamento,q_wait
survey-demo,B0730,NPS,6,Atendimento,Demora,q_resolution
survey-demo,B0730,NPS,6,Atendimento,Demora,q_wait
survey-demo,B0730,NPS,6,Comunicação,Retorno,q_resolution
survey-demo,B0730,NPS,6,Comunicação,Retorno,q_wait
survey-demo,B0731,NPS,5,Atendimento,Demora,q_wait
survey-demo,B0731,NPS,5,Comunicação,Retorno,q_wait
survey-demo,B0732,CSAT,2,Atendimento,Demora,q_channels
survey-demo,B0732,CSAT,2,Atendimento,Demora,q_resolution
survey-demo,B0732,CSAT,2,Atendimento,Demora,q_wait
survey-demo,B0732,CSAT,2,Comunicação,Retorno,q_channels
survey-demo,B0732,CSAT,2,Comunicação,Retorno,q_resolution
survey-demo,B0732,CSAT,2,Comunicação,Retorno,q_wait
survey-demo,B0733,NPS,9,Atendimento,Demora,
survey-demo,B0733,NPS,9,Comunicação,Retorno,
survey-demo,B0734,NPS,4,Atendimento,Cordialidade,q_wait
survey-demo,B0734,NPS,4,Atendimento,Demora,q_wait
survey-demo,B0734,NPS,4,Comunicação,Retorno,q_wait
survey-demo,B0734,NPS,4,Processo,Agendamento,q_wait
survey-demo,B0735,CSAT,2,Atendimento,Cordialidade,
survey-demo,B0735,CSAT,2,Atendimento,Demora,
survey-demo,B0735,CSAT,2,Comunicação,Retorno,
survey-demo,B0735,CSAT,2,Processo,Agendamento,
survey-demo,B0736,NPS,6,Atendimento,Demora,q_wait
survey-demo,B0737,NPS,6,Atendimento,Cordialidade,q_wait
survey-demo,B0737,NPS,6,Atendimento,Demora,q_wait
survey-demo,B0737,NPS,6,Comunicação,Retorno,q_wait
survey-demo,B0737,NPS,6,Processo,Agendamento,q_wait
survey-demo,B0738,CSAT,3,Atendimento,Demora,q_channels
survey-demo,B0738,CSAT,3,Atendimento,Demora,q_resolution
survey-demo,B0738,CSAT,3,Atendimento,Demora,q_wait
survey-demo,B0738,CSAT,3,Comunicação,Retorno,q_channels
survey-demo,B0738,CSAT,3,Comunicação,Retorno,q_resolution
survey-demo,B0738,CSAT,3,Comunicação,Retorno,q_wait
survey-demo,B0738,CSAT,3,Processo,Agendamento,q_channels
survey-demo,B0738,CSAT,3,Processo,Agendamento,q_resolution
survey-demo,B0738,CSAT,3,Processo,Agendamento,q_wait
survey-demo,B0739,NPS,10,,,q_channels
survey-demo,B0739,NPS,10,,,q_resolution
survey-demo,B0739,NPS,10,,,q_wait
survey-demo,B0740,NPS,5,Atendimento,Demora,q_wait
survey-demo,B0740,NPS,5,Comunicação,Retorno,q_wait
survey-demo,B0740,NPS,5,Processo,Agendamento,q_wait
survey-demo,B0741,CSAT,4,Atendimento,Demora,q_resolution
survey-demo,B0741,CSAT,4,Atendimento,Demora,q_wait
survey-demo,B0742,NPS,10,,,q_channels
survey-demo,B0742,NPS,10,,,q_resolution
survey-demo,B0742,NPS,10,,,q_wait
survey-demo,B0743,NPS,4,Atendimento,Demora,q_channels
survey-demo,B0743,NPS,4,Atendimento,Demora,q_resolution
survey-demo,B0743,NPS,4,Atendimento,Demora,q_wait
survey-demo,B0743,NPS,4,Comunicação,Retorno,q_channels
survey-demo,B0743,NPS,4,Comunicação,Retorno,q_resolution
survey-demo,B0743,NPS,4,Comunicação,Retorno,q_wait
survey-demo,B0743,NPS,4,Processo,Agendamento,q_channels
survey-demo,B0743,NPS,4,Processo,Agendamento,q_resolution
survey-demo,B0743,NPS,4,Processo,Agendamento,q_wait
survey-demo,B0744,CSAT,4,Atendimento,Demora,q_wait
survey-demo,B0745,NPS,10,Atendimento,Demora,q_wait
survey-demo,B0745,NPS,10,Comunicação,Retorno,q_wait
survey-demo,B0746,NPS,10,,,q_wait
survey-demo,B0747,CSAT,1,Atendimento,Cordialidade,q_resolution
survey-demo,B0747,CSAT,1,Atendimento,Cordialidade,q_wait
survey-demo,B0747,CSAT,1,Atendimento,Demora,q_resolution
survey-demo,B0747,CSAT,1,Atendimento,Demora,q_wait
survey-demo,B0747,CSAT,1,Comunicação,Retorno,q_resolution
survey-demo,B0747,CSAT,1,Comunicação,Retorno,q_wait
survey-demo,B0747,CSAT,1,Processo,Agendamento,q_resolution
survey-demo,B0747,CSAT,1,Processo,Agendamento,q_wait
survey-demo,B0748,NPS,7,Atendimento,Demora,q_wait
survey-demo,B0748,NPS,7,Comunicação,Retorno,q_wait
survey-demo,B0749,NPS,3,Atendimento,Demora,q_resolution
survey-demo,B0749,NPS,3,Atendimento,Demora,q_wait
survey-demo,B0749,NPS,3,Comunicação,Retorno,q_resolution
survey-demo,B0749,NPS,3,Comunicação,Retorno,q_wait
survey-demo,B0750,CSAT,4,Atendimento,Demora,
survey-demo,B0751,NPS,9,Atendimento,Demora,q_wait
survey-demo,B0751,NPS,9,Comunicação,Retorno,q_wait
survey-demo,B0752,NPS,1,Atendimento,Demora,q_wait
survey-demo,B0753,CSAT,3,Atendimento,Cordialidade,
survey-demo,B0753,CSAT,3,Atendimento,Demora,
survey-demo,B0753,CSAT,3,Comunicação,Retorno,
survey-demo,B0753,CSAT,3,Processo,Agendamento,
survey-demo,B0754,NPS,5,Atendimento,Demora,q_resolution
survey-demo,B0754,NPS,5,Atendimento,Demora,q_wait
survey-demo,B0754,NPS,5,Comunicação,Retorno,q_resolution
survey-demo,B0754,NPS,5,Comunicação,Retorno,q_wait
survey-demo,B0755,NPS,8,Atendimento,Demora,q_channels
survey-demo,B0755,NPS,8,Atendimento,Demora,q_resolution
survey-demo,B0755,NPS,8,Atendimento,Demora,q_wait
survey-demo,B0756,CSAT,3,Atendimento,Demora,q_channels
survey-demo,B0756,CSAT,3,Atendimento,Demora,q_resolution
survey-demo,B0756,CSAT,3,Atendimento,Demora,q_wait
survey-demo,B0756,CSAT,3,Comunicação,Retorno,q_channels
survey-demo,B0756,CSAT,3,Comunicação,Retorno,q_resolution
survey-demo,B0756,CSAT,3,Comunicação,Retorno,q_wait
survey-demo,B0757,NPS,3,Atendimento,Demora,q_channels
survey-demo,B0757,NPS,3,Atendimento,Demora,q_resolution
survey-demo,B0757,NPS,3,Atendimento,Demora,q_wait
survey-demo,B0757,NPS,3,Comunicação,Retorno,q_channels
survey-demo,B0757,NPS,3,Comunicação,Retorno,q_resolution
survey-demo,B0757,NPS,3,Comunicação,Retorno,q_wait
survey-demo,B0757,NPS,3,Processo,Agendamento,q_channels
survey-demo,B0757,NPS,3,Processo,Agendamento,q_resolution
survey-demo,B0757,NPS,3,Processo,Agendamento,q_wait
survey-demo,B0758,NPS,3,Atendimento,Demora,q_resolution
survey-demo,B0758,NPS,3,Atendimento,Demora,q_wait
survey-demo,B0758,NPS,3,Comunicação,Retorno,q_resolution
survey-demo,B0758,NPS,3,Comunicação,Retorno,q_wait
survey-demo,B0758,NPS,3,Processo,Agendamento,q_resolution
survey-demo,B0758,NPS,3,Processo,Agendamento,q_wait
survey-demo,B0759,CSAT,1,Atendimento,Cordialidade,q_channels
survey-demo,B0759,CSAT,1,Atendimento,Cordialidade,q_resolution
survey-demo,B0759,CSAT,1,Atendimento,Cordialidade,q_wait
survey-demo,B0759,CSAT,1,Atendimento,Demora,q_channels
survey-demo,B0759,CSAT,1,Atendimento,Demora,q_resolution
survey-demo,B0759,CSAT,1,Atendimento,Demora,q_wait
survey-demo,B0759,CSAT,1,Comunicação,Retorno,q_channels
survey-demo,B0759,CSAT,1,Comunicação,Retorno,q_resolution
survey-demo,B0759,CSAT,1,Comunicação,Retorno,q_wait
survey-demo,B0759,CSAT,1,Processo,Agendamento,q_channels
survey-demo,B0759,CSAT,1,Processo,Agendamento,q_resolution
survey-demo,B0759,CSAT,1,Processo,Agendamento,q_wait
survey-demo,B0760,NPS,3,Atendimento,Demora,q_wait
survey-demo,B0761,NPS,5,Atendimento,Demora,
survey-demo,B0761,NPS,5,Comunicação,Retorno,
survey-demo,B0762,CSAT,4,Atendimento,Demora,
survey-demo,B0763,NPS,7,Atendimento,Demora,q_wait
survey-demo,B0763,NPS,7,Comunicação,Retorno,q_wait
survey-demo,B0764,NPS,7,,,q_channels
survey-demo,B0764,NPS,7,,,q_resolution
survey-demo,B0764,NPS,7,,,q_wait
survey-demo,B0765,CSAT,5,,,q_wait
survey-demo,B0766,NPS,9,Atendimento,Demora,q_channels
survey-demo,B0766,NPS,9,Atendimento,Demora,q_resolution
survey-demo,B0766,NPS,9,Atendimento,Demora,q_wait
survey-demo,B0766,NPS,9,Comunicação,Retorno,q_channels
survey-demo,B0766,NPS,9,Comunicação,Retorno,q_resolution
survey-demo,B0766,NPS,9,Comunicação,Retorno,q_wait
survey-demo,B0767,NPS,7,Atendimento,Demora,q_resolution
survey-demo,B0767,NPS,7,Atendimento,Demora,q_wait
survey-demo,B0767,NPS,7,Comunicação,Retorno,q_resolution
survey-demo,B0767,NPS,7,Comunicação,Retorno,q_wait
survey-demo,B0768,CSAT,2,Atendimento,Demora,q_wait
survey-demo,B0769,NPS,8,Atendimento,Demora,q_channels
survey-demo,B0769,NPS,8,Atendimento,Demora,q_resolution
survey-demo,B0769,NPS,8,Atendimento,Demora,q_wait
survey-demo,B0769,NPS,8,Comunicação,Retorno,q_channels
survey-demo,B0769,NPS,8,Comunicação,Retorno,q_resolution
survey-demo,B0769,NPS,8,Comunicação,Retorno,q_wait
survey-demo,B0770,NPS,6,Atendimento,Demora,q_wait
survey-demo,B0770,NPS,6,Comunicação,Retorno,q_wait
survey-demo,B0770,NPS,6,Processo,Agendamento,q_wait
survey-demo,B0771,CSAT,3,Atendimento,Demora,q_resolution
survey-demo,B0771,CSAT,3,Atendimento,Demora,q_wait
survey-demo,B0771,CSAT,3,Comunicação,Retorno,q_resolution
survey-demo,B0771,CSAT,3,Comunicação,Retorno,q_wait
survey-demo,B0771,CSAT,3,Processo,Agendamento,q_resolution
survey-demo,B0771,CSAT,3,Processo,Agendamento,q_wait
survey-demo,B0772,NPS,0,Atendimento,Demora,q_wait
survey-demo,B0772,NPS,0,Comunicação,Retorno,q_wait
survey-demo,B0772,NPS,0,Processo,Agendamento,q_wait
survey-demo,B0773,NPS,7,,,q_wait
survey-demo,B0774,CSAT,3,Atendimento,Cordialidade,q_resolution
survey-demo,B0774,CSAT,3,Atendimento,Cordialidade,q_wait
survey-demo,B0774,CSAT,3,Atendimento,Demora,q_resolution
survey-demo,B0774,CSAT,3,Atendimento,Demora,q_wait
survey-demo,B0774,CSAT,3,Comunicação,Retorno,q_resolution
survey-demo,B0774,CSAT,3,Comunicação,Retorno,q_wait
survey-demo,B0774,CSAT,3,Processo,Agendamento,q_resolution
survey-demo,B0774,CSAT,3,Processo,Agendamento,q_wait
survey-demo,B0775,NPS,0,Atendimento,Demora,q_channels
survey-demo,B0775,NPS,0,Atendimento,Demora,q_resolution
survey-demo,B0775,NPS,0,Atendimento,Demora,q_wait
survey-demo,B0775,NPS,0,Comunicação,Retorno,q_channels
survey-demo,B0775,NPS,0,Comunicação,Retorno,q_resolution
survey-demo,B0775,NPS,0,Comunicação,Retorno,q_wait
survey-demo,B0776,NPS,7,Atendimento,Demora,q_wait
survey-demo,B0777,CSAT,3,Atendimento,Demora,
survey-demo,B0777,CSAT,3,Comunicação,Retorno,
survey-demo,B0778,NPS,5,Atendimento,Demora,q_channels
survey-demo,B0778,NPS,5,Atendimento,Demora,q_resolution
survey-demo,B0778,NPS,5,Atendimento,Demora,q_wait
survey-demo,B0778,NPS,5,Comunicação,Retorno,q_channels
survey-demo,B0778,NPS,5,Comunicação,Retorno,q_resolution
survey-demo,B0778,NPS,5,Comunicação,Retorno,q_wait
survey-demo,B0779,NPS,2,Atendimento,Demora,q_resolution
survey-demo,B0779,NPS,2,Atendimento,Demora,q_wait
survey-demo,B0779,NPS,2,Comunicação,Retorno,q_resolution
survey-demo,B0779,NPS,2,Comunicação,Retorno,q_wait
survey-demo,B0779,NPS,2,Processo,Agendamento,q_resolution
survey-demo,B0779,NPS,2,Processo,Agendamento,q_wait
survey-demo,B0780,CSAT,5,Atendimento,Demora,q_resolution
survey-demo,B0780,CSAT,5,Atendimento,Demora,q_wait
survey-demo,B0780,CSAT,5,Comunicação,Retorno,q_resolution
survey-demo,B0780,CSAT,5,Comunicação,Retorno,q_wait
survey-demo,B0781,NPS,5,Atendimento,Demora,q_wait
survey-demo,B0781,NPS,5,Comunicação,Retorno,q_wait
survey-demo,B0782,NPS,4,Atendimento,Cordialidade,q_channels
survey-demo,B0782,NPS,4,Atendimento,Cordialidade,q_resolution
survey-demo,B0782,NPS,4,Atendimento,Cordialidade,q_wait
survey-demo,B0782,NPS,4,Atendimento,Demora,q_channels
survey-demo,B0782,NPS,4,Atendimento,Demora,q_resolution
survey-demo,B0782,NPS,4,Atendimento,Demora,q_wait
survey-demo,B0782,NPS,4,Comunicação,Retorno,q_channels
survey-demo,B0782,NPS,4,Comunicação,Retorno,q_resolution
survey-demo,B0782,NPS,4,Comunicação,Retorno,q_wait
survey-demo,B0782,NPS,4,Processo,Agendamento,q_channels
survey-demo,B0782,NPS,4,Processo,Agendamento,q_resolution
survey-demo,B0782,NPS,4,Processo,Agendamento,q_wait
survey-demo,B0783,CSAT,2,Atendimento,Demora,q_resolution
survey-demo,B0783,CSAT,2,Atendimento,Demora,q_wait
survey-demo,B0783,CSAT,2,Comunicação,Retorno,q_resolution
survey-demo,B0783,CSAT,2,Comunicação,Retorno,q_wait
survey-demo,B0784,NPS,10,,,q_wait
survey-demo,B0785,NPS,1,Atendimento,Demora,q_channels
survey-demo,B0785,NPS,1,Atendimento,Demora,q_resolution
survey-demo,B0785,NPS,1,Atendimento,Demora,q_wait
survey-demo,B0785,NPS,1,Comunicação,Retorno,q_channels
survey-demo,B0785,NPS,1,Comunicação,Retorno,q_resolution
survey-demo,B0785,NPS,1,Comunicação,Retorno,q_wait
survey-demo,B0785,NPS,1,Processo,Agendamento,q_channels
survey-demo,B0785,NPS,1,Processo,Agendamento,q_resolution
survey-demo,B0785,NPS,1,Processo,Agendamento,q_wait
survey-demo,B0786,CSAT,2,Atendimento,Cordialidade,q_wait
survey-demo,B0786,CSAT,2,Atendimento,Demora,q_wait
survey-demo,B0786,CSAT,2,Comunicação,Retorno,q_wait
survey-demo,B0786,CSAT,2,Processo,Agendamento,q_wait
survey-demo,B0787,NPS,9,,,q_resolution
survey-demo,B0787,NPS,9,,,q_wait
survey-demo,B0788,NPS,1,Atendimento,Cordialidade,q_wait
survey-demo,B0788,NPS,1,Atendimento,Demora,q_wait
survey-demo,B0788,NPS,1,Comunicação,Retorno,q_wait
survey-demo,B0788,NPS,1,Processo,Agendamento,q_wait
survey-demo,B0789,CSAT,3,Atendimento,Demora,q_resolution
survey-demo,B0789,CSAT,3,Atendimento,Demora,q_wait
survey-demo,B0789,CSAT,3,Comunicação,Retorno,q_resolution
survey-demo,B0789,CSAT,3,Comunicação,Retorno,q_wait
survey-demo,B0789,CSAT,3,Processo,Agendamento,q_resolution
survey-demo,B0789,CSAT,3,Processo,Agendamento,q_wait
survey-demo,B0790,NPS,10,,,q_channels
survey-demo,B0790,NPS,10,,,q_resolution
survey-demo,B0790,NPS,10,,,q_wait
survey-demo,B0791,NPS,10,Atendimento,Demora,q_wait
survey-demo,B0791,NPS,10,Comunicação,Retorno,q_wait
survey-demo,B0792,CSAT,5,Atendimento,Demora,q_wait
survey-demo,B0793,NPS,1,Atendimento,Cordialidade,q_channels
survey-demo,B0793,NPS,1,Atendimento,Cordialidade,q_resolution
survey-demo,B0793,NPS,1,Atendimento,Cordialidade,q_wait
survey-demo,B0793,NPS,1,Atendimento,Demora,q_channels
survey-demo,B0793,NPS,1,Atendimento,Demora,q_resolution
survey-demo,B0793,NPS,1,Atendimento,Demora,q_wait
survey-demo,B0793,NPS,1,Comunicação,Retorno,q_channels
survey-demo,B0793,NPS,1,Comunicação,Retorno,q_resolution
survey-demo,B0793,NPS,1,Comunicação,Retorno,q_wait
survey-demo,B0793,NPS,1,Processo,Agendamento,q_channels
survey-demo,B0793,NPS,1,Processo,Agendamento,q_resolution
survey-demo,B0793,NPS,1,Processo,Agendamento,q_wait
survey-demo,B0794,NPS,4,Atendimento,Demora,
survey-demo,B0794,NPS,4,Comunicação,Retorno,
survey-demo,B0794,NPS,4,Processo,Agendamento,
survey-demo,B0795,CSAT,1,Atendimento,Demora,q_wait
survey-demo,B0795,CSAT,1,Comunicação,Retorno,q_wait
survey-demo,B0796,NPS,1,Atendimento,Cordialidade,
survey-demo,B0796,NPS,1,Atendimento,Demora,
survey-demo,B0796,NPS,1,Comunicação,Retorno,
survey-demo,B0796,NPS,1,Processo,Agendamento,
survey-demo,B0797,NPS,2,Atendimento,Demora,q_wait
survey-demo,B0797,NPS,2,Comunicação,Retorno,q_wait
survey-demo,B0798,CSAT,5,,,q_resolution
survey-demo,B0798,CSAT,5,,,q_wait
survey-demo,B0799,NPS,5,Atendimento,Cordialidade,q_wait
survey-demo,B0799,NPS,5,Atendimento,Demora,q_wait
survey-demo,B0799,NPS,5,Comunicação,Retorno,q_wait
survey-demo,B0799,NPS,5,Processo,Agendamento,q_wait
survey-demo,B0800,NPS,2,Atendimento,Demora,q_wait
survey-demo,B0801,CSAT,1,Atendimento,Demora,q_channels
survey-demo,B0801,CSAT,1,Atendimento,Demora,q_resolution
survey-demo,B0801,CSAT,1,Atendimento,Demora,q_wait
survey-demo,B0801,CSAT,1,Comunicação,Retorno,q_channels
survey-demo,B0801,CSAT,1,Comunicação,Retorno,q_resolution
survey-demo,B0801,CSAT,1,Comunicação,Retorno,q_wait
survey-demo,B0802,NPS,4,Atendimento,Cordialidade,
survey-demo,B0802,NPS,4,Atendimento,Demora,
survey-demo,B0802,NPS,4,Comunicação,Retorno,
survey-demo,B0802,NPS,4,Processo,Agendamento,
survey-demo,B0803,NPS,7,,,q_wait
survey-demo,B0804,CSAT,1,Atendimento,Demora,
survey-demo,B0804,CSAT,1,Comunicação,Retorno,
survey-demo,B0804,CSAT,1,Processo,Agendamento,
survey-demo,B0805,NPS,5,Atendimento,Demora,q_channels
survey-demo,B0805,NPS,5,Atendimento,Demora,q_resolution
survey-demo,B0805,NPS,5,Atendimento,Demora,q_wait
survey-demo,B0805,NPS,5,Comunicação,Retorno,q_channels
survey-demo,B0805,NPS,5,Comunicação,Retorno,q_resolution
survey-demo,B0805,NPS,5,Comunicação,Retorno,q_wait
survey-demo,B0806,NPS,0,Atendimento,Cordialidade,q_resolution
survey-demo,B0806,NPS,0,Atendimento,Cordialidade,q_wait
survey-demo,B0806,NPS,0,Atendimento,Demora,q_resolution
survey-demo,B0806,NPS,0,Atendimento,Demora,q_wait
survey-demo,B0806,NPS,0,Comunicação,Retorno,q_resolution
survey-demo,B0806,NPS,0,Comunicação,Retorno,q_wait
survey-demo,B0806,NPS,0,Processo,Agendamento,q_resolution
survey-demo,B0806,NPS,0,Processo,Agendamento,q_wait
survey-demo,B0807,CSAT,5,Atendimento,Demora,q_channels
survey-demo,B0807,CSAT,5,Atendimento,Demora,q_resolution
survey-demo,B0807,CSAT,5,Atendimento,Demora,q_wait
survey-demo,B0808,NPS,10,Atendimento,Demora,q_wait
survey-demo,B0809,NPS,0,Atendimento,Demora,q_channels
survey-demo,B0809,NPS,0,Atendimento,Demora,q_resolution
survey-demo,B0809,NPS,0,Atendimento,Demora,q_wait
survey-demo,B0809,NPS,0,Comunicação,Retorno,q_channels
survey-demo,B0809,NPS,0,Comunicação,Retorno,q_resolution
survey-demo,B0809,NPS,0,Comunicação,Retorno,q_wait
survey-demo,B0809,NPS,0,Processo,Agendamento,q_channels
survey-demo,B0809,NPS,0,Processo,Agendamento,q_resolution
survey-demo,B0809,NPS,0,Processo,Agendamento,q_wait
survey-demo,B0810,CSAT,3,Atendimento,Demora,q_channels
survey-demo,B0810,CSAT,3,Atendimento,Demora,q_resolution
survey-demo,B0810,CSAT,3,Atendimento,Demora,q_wait
survey-demo,B0810,CSAT,3,Comunicação,Retorno,q_channels
survey-demo,B0810,CSAT,3,Comunicação,Retorno,q_resolution
survey-demo,B0810,CSAT,3,Comunicação,Retorno,q_wait
survey-demo,B0810,CSAT,3,Processo,Agendamento,q_channels
survey-demo,B0810,CSAT,3,Processo,Agendamento,q_resolution
survey-demo,B0810,CSAT,3,Processo,Agendamento,q_wait
survey-demo,B0811,NPS,3,Atendimento,Cordialidade,q_resolution
survey-demo,B0811,NPS,3,Atendimento,Cordialidade,q_wait
survey-demo,B0811,NPS,3,Atendimento,Demora,q_resolution
survey-demo,B0811,NPS,3,Atendimento,Demora,q_wait
survey-demo,B0811,NPS,3,Comunicação,Retorno,q_resolution
survey-demo,B0811,NPS,3,Comunicação,Retorno,q_wait
survey-demo,B0811,NPS,3,Processo,Agendamento,q_resolution
survey-demo,B0811,NPS,3,Processo,Agendamento,q_wait
survey-demo,B0812,NPS,9,Atendimento,Demora,q_resolution
survey-demo,B0812,NPS,9,Atendimento,Demora,q_wait
survey-demo,B0812,NPS,9,Comunicação,Retorno,q_resolution
survey-demo,B0812,NPS,9,Comunicação,Retorno,q_wait
survey-demo,B0813,CSAT,4,Atendimento,Demora,
survey-demo,B0814,NPS,8,,,q_channels
survey-demo,B0814,NPS,8,,,q_resolution
survey-demo,B0814,NPS,8,,,q_wait
survey-demo,B0815,NPS,4,Atendimento,Demora,q_resolution
survey-demo,B0815,NPS,4,Atendimento,Demora,q_wait
survey-demo,B0815,NPS,4,Comunicação,Retorno,q_resolution
survey-demo,B0815,NPS,4,Comunicação,Retorno,q_wait
survey-demo,B0815,NPS,4,Processo,Agendamento,q_resolution
survey-demo,B0815,NPS,4,Processo,Agendamento,q_wait
survey-demo,B0816,CSAT,4,Atendimento,Demora,q_wait
survey-demo,B0817,NPS,6,Atendimento,Demora,
survey-demo,B0817,NPS,6,Comunicação,Retorno,
survey-demo,B0818,NPS,2,Atendimento,Demora,
survey-demo,B0818,NPS,2,Comunicação,Retorno,
survey-demo,B0819,CSAT,5,Atendimento,Demora,q_channels
survey-demo,B0819,CSAT,5,Atendimento,Demora,q_resolution
survey-demo,B0819,CSAT,5,Atendimento,Demora,q_wait
survey-demo,B0819,CSAT,5,Comunicação,Retorno,q_channels
survey-demo,B0819,CSAT,5,Comunicação,Retorno,q_resolution
survey-demo,B0819,CSAT,5,Comunicação,Retorno,q_wait
survey-demo,B0820,NPS,6,Atendimento,Cordialidade,q_channels
survey-demo,B0820,NPS,6,Atendimento,Cordialidade,q_resolution
survey-demo,B0820,NPS,6,Atendimento,Cordialidade,q_wait
survey-demo,B0820,NPS,6,Atendimento,Demora,q_channels
survey-demo,B0820,NPS,6,Atendimento,Demora,q_resolution
survey-demo,B0820,NPS,6,Atendimento,Demora,q_wait
survey-demo,B0820,NPS,6,Comunicação,Retorno,q_channels
survey-demo,B0820,NPS,6,Comunicação,Retorno,q_resolution
survey-demo,B0820,NPS,6,Comunicação,Retorno,q_wait
survey-demo,B0820,NPS,6,Processo,Agendamento,q_channels
survey-demo,B0820,NPS,6,Processo,Agendamento,q_resolution
survey-demo,B0820,NPS,6,Processo,Agendamento,q_wait
survey-demo,B0821,NPS,2,Atendimento,Demora,q_channels
survey-demo,B0821,NPS,2,Atendimento,Demora,q_resolution
survey-demo,B0821,NPS,2,Atendimento,Demora,q_wait
survey-demo,B0821,NPS,2,Comunicação,Retorno,q_channels
survey-demo,B0821,NPS,2,Comunicação,Retorno,q_resolution
survey-demo,B0821,NPS,2,Comunicação,Retorno,q_wait
survey-demo,B0822,CSAT,5,,,q_channels
survey-demo,B0822,CSAT,5,,,q_resolution
survey-demo,B0822,CSAT,5,,,q_wait
survey-demo,B0823,NPS,6,Atendimento,Demora,q_resolution
survey-demo,B0823,NPS,6,Atendimento,Demora,q_wait
survey-demo,B0823,NPS,6,Comunicação,Retorno,q_resolution
survey-demo,B0823,NPS,6,Comunicação,Retorno,q_wait
survey-demo,B0823,NPS,6,Processo,Agendamento,q_resolution
survey-demo,B0823,NPS,6,Processo,Agendamento,q_wait
survey-demo,B0824,NPS,2,Atendimento,Demora,q_wait
survey-demo,B0825,CSAT,2,Atendimento,Cordialidade,q_wait
survey-demo,B0825,CSAT,2,Atendimento,Demora,q_wait
survey-demo,B0825,CSAT,2,Comunicação,Retorno,q_wait
survey-demo,B0825,CSAT,2,Processo,Agendamento,q_wait
survey-demo,B0826,NPS,1,Atendimento,Demora,q_wait
survey-demo,B0826,NPS,1,Comunicação,Retorno,q_wait
survey-demo,B0827,NPS,4,Atendimento,Demora,q_wait
survey-demo,B0827,NPS,4,Comunicação,Retorno,q_wait
survey-demo,B0828,CSAT,5,,,q_wait
survey-demo,B0829,NPS,4,Atendimento,Cordialidade,q_wait
survey-demo,B0829,NPS,4,Atendimento,Demora,q_wait
survey-demo,B0829,NPS,4,Comunicação,Retorno,q_wait
survey-demo,B0829,NPS,4,Processo,Agendamento,q_wait
survey-demo,B0830,NPS,3,Atendimento,Cordialidade,q_resolution
survey-demo,B0830,NPS,3,Atendimento,Cordialidade,q_wait
survey-demo,B0830,NPS,3,Atendimento,Demora,q_resolution
survey-demo,B0830,NPS,3,Atendimento,Demora,q_wait
survey-demo,B0830,NPS,3,Comunicação,Retorno,q_resolution
survey-demo,B0830,NPS,3,Comunicação,Retorno,q_wait
survey-demo,B0830,NPS,3,Processo,Agendamento,q_resolution
survey-demo,B0830,NPS,3,Processo,Agendamento,q_wait
survey-demo,B0831,CSAT,4,Atendimento,Demora,q_resolution
survey-demo,B0831,CSAT,4,Atendimento,Demora,q_wait
survey-demo,B0831,CSAT,4,Comunicação,Retorno,q_resolution
survey-demo,B0831,CSAT,4,Comunicação,Retorno,q_wait
survey-demo,B0832,NPS,2,Atendimento,Demora,q_wait
survey-demo,B0833,NPS,4,Atendimento,Demora,q_resolution
survey-demo,B0833,NPS,4,Atendimento,Demora,q_wait
survey-demo,B0833,NPS,4,Comunicação,Retorno,q_resolution
survey-demo,B0833,NPS,4,Comunicação,Retorno,q_wait
survey-demo,B0834,CSAT,3,Atendimento,Cordialidade,q_resolution
survey-demo,B0834,CSAT,3,Atendimento,Cordialidade,q_wait
survey-demo,B0834,CSAT,3,Atendimento,Demora,q_resolution
survey-demo,B0834,CSAT,3,Atendimento,Demora,q_wait
survey-demo,B0834,CSAT,3,Comunicação,Retorno,q_resolution
survey-demo,B0834,CSAT,3,Comunicação,Retorno,q_wait
survey-demo,B0834,CSAT,3,Processo,Agendamento,q_resolution
survey-demo,B0834,CSAT,3,Processo,Agendamento,q_wait
survey-demo,B0835,NPS,0,Atendimento,Demora,q_wait
survey-demo,B0835,NPS,0,Comunicação,Retorno,q_wait
survey-demo,B0836,NPS,8,Atendimento,Demora,q_wait
survey-demo,B0837,CSAT,1,Atendimento,Demora,q_resolution
survey-demo,B0837,CSAT,1,Atendimento,Demora,q_wait
survey-demo,B0837,CSAT,1,Comunicação,Retorno,q_resolution
survey-demo,B0837,CSAT,1,Comunicação,Retorno,q_wait
survey-demo,B0837,CSAT,1,Processo,Agendamento,q_resolution
survey-demo,B0837,CSAT,1,Processo,Agendamento,q_wait
survey-demo,B0838,NPS,10,Atendimento,Demora,q_wait
survey-demo,B0839,NPS,9,Atendimento,Demora,
survey-demo,B0840,CSAT,2,Atendimento,Demora,q_wait
survey-demo,B0841,NPS,6,Atendimento,Cordialidade,q_wait
survey-demo,B0841,NPS,6,Atendimento,Demora,q_wait
survey-demo,B0841,NPS,6,Comunicação,Retorno,q_wait
survey-demo,B0841,NPS,6,Processo,Agendamento,q_wait
survey-demo,B0842,NPS,4,Atendimento,Demora,
survey-demo,B0842,NPS,4,Comunicação,Retorno,
survey-demo,B0843,CSAT,2,Atendimento,Demora,q_wait
survey-demo,B0843,CSAT,2,Comunicação,Retorno,q_wait
survey-demo,B0843,CSAT,2,Processo,Agendamento,q_wait
survey-demo,B0844,NPS,8,Atendimento,Demora,q_resolution
survey-demo,B0844,NPS,8,Atendimento,Demora,q_wait
survey-demo,B0845,NPS,9,Atendimento,Demora,q_channels
survey-demo,B0845,NPS,9,Atendimento,Demora,q_resolution
survey-demo,B0845,NPS,9,Atendimento,Demora,q_wait
survey-demo,B0845,NPS,9,Comunicação,Retorno,q_channels
survey-demo,B0845,NPS,9,Comunicação,Retorno,q_resolution
survey-demo,B0845,NPS,9,Comunicação,Retorno,q_wait
survey-demo,B0846,CSAT,4,Atendimento,Demora,q_resolution
survey-demo,B0846,CSAT,4,Atendimento,Demora,q_wait
survey-demo,B0847,NPS,1,Atendimento,Cordialidade,
survey-demo,B0847,NPS,1,Atendimento,Demora,
survey-demo,B0847,NPS,1,Comunicação,Retorno,
survey-demo,B0847,NPS,1,Processo,Agendamento,
survey-demo,B0848,NPS,3,Atendimento,Demora,q_wait
survey-demo,B0849,CSAT,1,Atendimento,Demora,q_resolution
survey-demo,B0849,CSAT,1,Atendimento,Demora,q_wait
survey-demo,B0849,CSAT,1,Comunicação,Retorno,q_resolution
survey-demo,B0849,CSAT,1,Comunicação,Retorno,q_wait
survey-demo,B0850,NPS,1,Atendimento,Demora,q_wait
survey-demo,B0850,NPS,1,Comunicação,Retorno,q_wait
survey-demo,B0850,NPS,1,Processo,Agendamento,q_wait
survey-demo,B0851,NPS,8,Atendimento,Demora,q_wait
survey-demo,B0851,NPS,8,Comunicação,Retorno,q_wait
survey-demo,B0852,CSAT,2,Atendimento,Demora,
survey-demo,B0852,CSAT,2,Comunicação,Retorno,
survey-demo,B0852,CSAT,2,Processo,Agendamento,
survey-demo,B0853,NPS,0,Atendimento,Demora,q_channels
survey-demo,B0853,NPS,0,Atendimento,Demora,q_resolution
survey-demo,B0853,NPS,0,Atendimento,Demora,q_wait
survey-demo,B0853,NPS,0,Comunicação,Retorno,q_channels
survey-demo,B0853,NPS,0,Comunicação,Retorno,q_resolution
survey-demo,B0853,NPS,0,Comunicação,Retorno,q_wait
survey-demo,B0853,NPS,0,Processo,Agendamento,q_channels
survey-demo,B0853,NPS,0,Processo,Agendamento,q_resolution
survey-demo,B0853,NPS,0,Processo,Agendamento,q_wait
survey-demo,B0854,NPS,4,Atendimento,Demora,
survey-demo,B0854,NPS,4,Comunicação,Retorno,
survey-demo,B0854,NPS,4,Processo,Agendamento,
survey-demo,B0855,CSAT,4,Atendimento,Demora,q_wait
survey-demo,B0855,CSAT,4,Comunicação,Retorno,q_wait
survey-demo,B0856,NPS,2,Atendimento,Demora,q_wait
survey-demo,B0857,NPS,10,,,q_wait
survey-demo,B0858,CSAT,4,,,q_wait
survey-demo,B0859,NPS,6,Atendimento,Demora,q_wait
survey-demo,B0859,NPS,6,Comunicação,Retorno,q_wait
survey-demo,B0859,NPS,6,Processo,Agendamento,q_wait
survey-demo,B0860,NPS,3,Atendimento,Cordialidade,q_wait
survey-demo,B0860,NPS,3,Atendimento,Demora,q_wait
survey-demo,B0860,NPS,3,Comunicação,Retorno,q_wait
survey-demo,B0860,NPS,3,Processo,Agendamento,q_wait
survey-demo,B0861,CSAT,2,Atendimento,Cordialidade,
survey-demo,B0861,CSAT,2,Atendimento,Demora,
survey-demo,B0861,CSAT,2,Comunicação,Retorno,
survey-demo,B0861,CSAT,2,Processo,Agendamento,
survey-demo,B0862,NPS,5,Atendimento,Demora,q_resolution
survey-demo,B0862,NPS,5,Atendimento,Demora,q_wait
survey-demo,B0862,NPS,5,Comunicação,Retorno,q_resolution
survey-demo,B0862,NPS,5,Comunicação,Retorno,q_wait
survey-demo,B0863,NPS,5,Atendimento,Demora,
survey-demo,B0863,NPS,5,Comunicação,Retorno,
survey-demo,B0864,CSAT,5,Atendimento,Demora,q_wait
survey-demo,B0865,NPS,10,Atendimento,Demora,q_channels
survey-demo,B0865,NPS,10,Atendimento,Demora,q_resolution
survey-demo,B0865,NPS,10,Atendimento,Demora,q_wait
survey-demo,B0866,NPS,5,Atendimento,Demora,
survey-demo,B0866,NPS,5,Comunicação,Retorno,
survey-demo,B0867,CSAT,1,Atendimento,Cordialidade,q_wait
survey-demo,B0867,CSAT,1,Atendimento,Demora,q_wait
survey-demo,B0867,CSAT,1,Comunicação,Retorno,q_wait
survey-demo,B0867,CSAT,1,Processo,Agendamento,q_wait
survey-demo,B0868,NPS,1,Atendimento,Cordialidade,q_resolution
survey-demo,B0868,NPS,1,Atendimento,Cordialidade,q_wait
survey-demo,B0868,NPS,1,Atendimento,Demora,q_resolution
survey-demo,B0868,NPS,1,Atendimento,Demora,q_wait
survey-demo,B0868,NPS,1,Comunicação,Retorno,q_resolution
survey-demo,B0868,NPS,1,Comunicação,Retorno,q_wait
survey-demo,B0868,NPS,1,Processo,Agendamento,q_resolution
survey-demo,B0868,NPS,1,Processo,Agendamento,q_wait
survey-demo,B0869,NPS,5,Atendimento,Demora,
survey-demo,B0869,NPS,5,Comunicação,Retorno,
survey-demo,B0869,NPS,5,Processo,Agendamento,
survey-demo,B0870,CSAT,2,Atendimento,Cordialidade,q_wait
survey-demo,B0870,CSAT,2,Atendimento,Demora,q_wait
survey-demo,B0870,CSAT,2,Comunicação,Retorno,q_wait
survey-demo,B0870,CSAT,2,Processo,Agendamento,q_wait
survey-demo,B0871,NPS,10,,,
survey-demo,B0872,NPS,10,Atendimento,Demora,q_wait
survey-demo,B0873,CSAT,5,Atendimento,Demora,
survey-demo,B0873,CSAT,5,Comunicação,Retorno,
survey-demo,B0874,NPS,0,Atendimento,Cordialidade,q_resolution
survey-demo,B0874,NPS,0,Atendimento,Cordialidade,q_wait
survey-demo,B0874,NPS,0,Atendimento,Demora,q_resolution
survey-demo,B0874,NPS,0,Atendimento,Demora,q_wait
survey-demo,B0874,NPS,0,Comunicação,Retorno,q_resolution
survey-demo,B0874,NPS,0,Comunicação,Retorno,q_wait
survey-demo,B0874,NPS,0,Processo,Agendamento,q_resolution
survey-demo,B0874,NPS,0,Processo,Agendamento,q_wait
survey-demo,B0875,NPS,4,Atendimento,Demora,
survey-demo,B0875,NPS,4,Comunicação,Retorno,
survey-demo,B0876,CSAT,2,Atendimento,Cordialidade,q_resolution
survey-demo,B0876,CSAT,2,Atendimento,Cordialidade,q_wait
survey-demo,B0876,CSAT,2,Atendimento,Demora,q_resolution
survey-demo,B0876,CSAT,2,Atendimento,Demora,q_wait
survey-demo,B0876,CSAT,2,Comunicação,Retorno,q_resolution
survey-demo,B0876,CSAT,2,Comunicação,Retorno,q_wait
survey-demo,B0876,CSAT,2,Processo,Agendamento,q_resolution
survey-demo,B0876,CSAT,2,Processo,Agendamento,q_wait
survey-demo,B0877,NPS,5,Atendimento,Demora,
survey-demo,B0877,NPS,5,Comunicação,Retorno,
survey-demo,B0878,NPS,5,Atendimento,Cordialidade,
survey-demo,B0878,NPS,5,Atendimento,Demora,
survey-demo,B0878,NPS,5,Comunicação,Retorno,
survey-demo,B0878,NPS,5,Processo,Agendamento,
survey-demo,B0879,CSAT,2,Atendimento,Demora,q_channels
survey-demo,B0879,CSAT,2,Atendimento,Demora,q_resolution
survey-demo,B0879,CSAT,2,Atendimento,Demora,q_wait
survey-demo,B0879,CSAT,2,Comunicação,Retorno,q_channels
survey-demo,B0879,CSAT,2,Comunicação,Retorno,q_resolution
survey-demo,B0879,CSAT,2,Comunicação,Retorno,q_wait
survey-demo,B0879,CSAT,2,Processo,Agendamento,q_channels
survey-demo,B0879,CSAT,2,Processo,Agendamento,q_resolution
survey-demo,B0879,CSAT,2,Processo,Agendamento,q_wait
survey-demo,B0880,NPS,6,Atendimento,Demora,q_wait
survey-demo,B0881,NPS,2,Atendimento,Cordialidade,
survey-demo,B0881,NPS,2,Atendimento,Demora,
survey-demo,B0881,NPS,2,Comunicação,Retorno,
survey-demo,B0881,NPS,2,Processo,Agendamento,
survey-demo,B0882,CSAT,2,Atendimento,Demora,q_wait
survey-demo,B0882,CSAT,2,Comunicação,Retorno,q_wait
survey-demo,B0882,CSAT,2,Processo,Agendamento,q_wait
survey-demo,B0883,NPS,8,Atendimento,Demora,
survey-demo,B0884,NPS,3,Atendimento,Demora,
survey-demo,B0884,NPS,3,Comunicação,Retorno,
survey-demo,B0885,CSAT,5,,,q_channels
survey-demo,B0885,CSAT,5,,,q_resolution
survey-demo,B0885,CSAT,5,,,q_wait
survey-demo,B0886,NPS,9,,,
survey-demo,B0887,NPS,3,Atendimento,Demora,
survey-demo,B0887,NPS,3,Comunicação,Retorno,
survey-demo,B0887,NPS,3,Processo,Agendamento,
survey-demo,B0888,CSAT,5,Atendimento,Demora,q_wait
survey-demo,B0889,NPS,1,Atendimento,Demora,q_wait
survey-demo,B0889,NPS,1,Comunicação,Retorno,q_wait
survey-demo,B0890,NPS,9,,,q_channels
survey-demo,B0890,NPS,9,,,q_resolution
survey-demo,B0890,NPS,9,,,q_wait
survey-demo,B0891,CSAT,2,Atendimento,Demora,q_resolution
survey-demo,B0891,CSAT,2,Atendimento,Demora,q_wait
survey-demo,B0891,CSAT,2,Comunicação,Retorno,q_resolution
survey-demo,B0891,CSAT,2,Comunicação,Retorno,q_wait
survey-demo,B0892,NPS,6,Atendimento,Demora,q_resolution
survey-demo,B0892,NPS,6,Atendimento,Demora,q_wait
survey-demo,B0892,NPS,6,Comunicação,Retorno,q_resolution
survey-demo,B0892,NPS,6,Comunicação,Retorno,q_wait
survey-demo,B0892,NPS,6,Processo,Agendamento,q_resolution
survey-demo,B0892,NPS,6,Processo,Agendamento,q_wait
survey-demo,B0893,NPS,1,Atendimento,Cordialidade,q_wait
survey-demo,B0893,NPS,1,Atendimento,Demora,q_wait
survey-demo,B0893,NPS,1,Comunicação,Retorno,q_wait
survey-demo,B0893,NPS,1,Processo,Agendamento,q_wait
survey-demo,B0894,CSAT,1,Atendimento,Demora,
survey-demo,B0894,CSAT,1,Comunicação,Retorno,
survey-demo,B0894,CSAT,1,Processo,Agendamento,
survey-demo,B0895,NPS,6,Atendimento,Demora,q_resolution
survey-demo,B0895,NPS,6,Atendimento,Demora,q_wait
survey-demo,B0895,NPS,6,Comunicação,Retorno,q_resolution
survey-demo,B0895,NPS,6,Comunicação,Retorno,q_wait
survey-demo,B0895,NPS,6,Processo,Agendamento,q_resolution
survey-demo,B0895,NPS,6,Processo,Agendamento,q_wait
survey-demo,B0896,NPS,10,Atendimento,Demora,q_wait
survey-demo,B0897,CSAT,3,Atendimento,Demora,q_channels
survey-demo,B0897,CSAT,3,Atendimento,Demora,q_resolution
survey-demo,B0897,CSAT,3,Atendimento,Demora,q_wait
survey-demo,B0897,CSAT,3,Comunicação,Retorno,q_channels
survey-demo,B0897,CSAT,3,Comunicação,Retorno,q_resolution
survey-demo,B0897,CSAT,3,Comunicação,Retorno,q_wait
survey-demo,B0897,CSAT,3,Processo,Agendamento,q_channels
survey-demo,B0897,CSAT,3,Processo,Agendamento,q_resolution
survey-demo,B0897,CSAT,3,Processo,Agendamento,q_wait
survey-demo,B0898,NPS,1,Atendimento,Demora,
survey-demo,B0898,NPS,1,Comunicação,Retorno,
survey-demo,B0899,NPS,6,Atendimento,Demora,q_resolution
survey-demo,B0899,NPS,6,Atendimento,Demora,q_wait
survey-demo,B0899,NPS,6,Comunicação,Retorno,q_resolution
survey-demo,B0899,NPS,6,Comunicação,Retorno,q_wait
survey-demo,B0899,NPS,6,Processo,Agendamento,q_resolution
survey-demo,B0899,NPS,6,Processo,Agendamento,q_wait
survey-demo,B0900,CSAT,5,Atendimento,Demora,q_channels
survey-demo,B0900,CSAT,5,Atendimento,Demora,q_resolution
survey-demo,B0900,CSAT,5,Atendimento,Demora,q_wait
survey-demo,B0901,NPS,8,Atendimento,Demora,q_channels
survey-demo,B0901,NPS,8,Atendimento,Demora,q_resolution
survey-demo,B0901,NPS,8,Atendimento,Demora,q_wait
survey-demo,B0901,NPS,8,Comunicação,Retorno,q_channels
survey-demo,B0901,NPS,8,Comunicação,Retorno,q_resolution
survey-demo,B0901,NPS,8,Comunicação,Retorno,q_wait
survey-demo,B0902,NPS,5,Atendimento,Demora,
survey-demo,B0902,NPS,5,Comunicação,Retorno,
survey-demo,B0903,CSAT,3,Atendimento,Demora,q_resolution
survey-demo,B0903,CSAT,3,Atendimento,Demora,q_wait
survey-demo,B0903,CSAT,3,Comunicação,Retorno,q_resolution
survey-demo,B0903,CSAT,3,Comunicação,Retorno,q_wait
survey-demo,B0904,NPS,1,Atendimento,Demora,q_wait
survey-demo,B0905,NPS,4,Atendimento,Demora,q_wait
survey-demo,B0905,NPS,4,Comunicação,Retorno,q_wait
survey-demo,B0906,CSAT,5,,,q_resolution
survey-demo,B0906,CSAT,5,,,q_wait
survey-demo,B0907,NPS,2,Atendimento,Cordialidade,
survey-demo,B0907,NPS,2,Atendimento,Demora,
survey-demo,B0907,NPS,2,Comunicação,Retorno,
survey-demo,B0907,NPS,2,Processo,Agendamento,
survey-demo,B0908,NPS,0,Atendimento,Demora,q_channels
survey-demo,B0908,NPS,0,Atendimento,Demora,q_resolution
survey-demo,B0908,NPS,0,Atendimento,Demora,q_wait
survey-demo,B0908,NPS,0,Comunicação,Retorno,q_channels
survey-demo,B0908,NPS,0,Comunicação,Retorno,q_resolution
survey-demo,B0908,NPS,0,Comunicação,Retorno,q_wait
survey-demo,B0909,CSAT,2,Atendimento,Demora,q_wait
survey-demo,B0909,CSAT,2,Comunicação,Retorno,q_wait
survey-demo,B0909,CSAT,2,Processo,Agendamento,q_wait
survey-demo,B0910,NPS,5,Atendimento,Demora,q_wait
survey-demo,B0910,NPS,5,Comunicação,Retorno,q_wait
survey-demo,B0910,NPS,5,Processo,Agendamento,q_wait
survey-demo,B0911,NPS,2,Atendimento,Demora,q_wait
survey-demo,B0911,NPS,2,Comunicação,Retorno,q_wait
survey-demo,B0912,CSAT,2,Atendimento,Demora,q_wait
survey-demo,B0913,NPS,10,Atendimento,Demora,q_channels
survey-demo,B0913,NPS,10,Atendimento,Demora,q_resolution
survey-demo,B0913,NPS,10,Atendimento,Demora,q_wait
survey-demo,B0913,NPS,10,Comunicação,Retorno,q_channels
survey-demo,B0913,NPS,10,Comunicação,Retorno,q_resolution
survey-demo,B0913,NPS,10,Comunicação,Retorno,q_wait
survey-demo,B0914,NPS,4,Atendimento,Demora,q_channels
survey-demo,B0914,NPS,4,Atendimento,Demora,q_resolution
survey-demo,B0914,NPS,4,Atendimento,Demora,q_wait
survey-demo,B0914,NPS,4,Comunicação,Retorno,q_channels
survey-demo,B0914,NPS,4,Comunicação,Retorno,q_resolution
survey-demo,B0914,NPS,4,Comunicação,Retorno,q_wait
survey-demo,B0914,NPS,4,Processo,Agendamento,q_channels
survey-demo,B0914,NPS,4,Processo,Agendamento,q_resolution
survey-demo,B0914,NPS,4,Processo,Agendamento,q_wait
survey-demo,B0915,CSAT,1,Atendimento,Demora,
survey-demo,B0915,CSAT,1,Comunicação,Retorno,
survey-demo,B0915,CSAT,1,Processo,Agendamento,
survey-demo,B0916,NPS,5,Atendimento,Cordialidade,q_resolution
survey-demo,B0916,NPS,5,Atendimento,Cordialidade,q_wait
survey-demo,B0916,NPS,5,Atendimento,Demora,q_resolution
survey-demo,B0916,NPS,5,Atendimento,Demora,q_wait
survey-demo,B0916,NPS,5,Comunicação,Retorno,q_resolution
survey-demo,B0916,NPS,5,Comunicação,Retorno,q_wait
survey-demo,B0916,NPS,5,Processo,Agendamento,q_resolution
survey-demo,B0916,NPS,5,Processo,Agendamento,q_wait
survey-demo,B0917,NPS,7,Atendimento,Demora,q_channels
survey-demo,B0917,NPS,7,Atendimento,Demora,q_resolution
survey-demo,B0917,NPS,7,Atendimento,Demora,q_wait
survey-demo,B0918,CSAT,1,Atendimento,Demora,
survey-demo,B0918,CSAT,1,Comunicação,Retorno,
survey-demo,B0918,CSAT,1,Processo,Agendamento,
survey-demo,B0919,NPS,5,Atendimento,Demora,q_wait
survey-demo,B0919,NPS,5,Comunicação,Retorno,q_wait
survey-demo,B0919,NPS,5,Processo,Agendamento,q_wait
survey-demo,B0920,NPS,2,Atendimento,Demora,q_wait
survey-demo,B0921,CSAT,4,Atendimento,Demora,q_wait
survey-demo,B0922,NPS,8,Atendimento,Demora,
survey-demo,B0923,NPS,3,Atendimento,Demora,q_wait
survey-demo,B0923,NPS,3,Comunicação,Retorno,q_wait
survey-demo,B0923,NPS,3,Processo,Agendamento,q_wait
survey-demo,B0924,CSAT,1,Atendimento,Demora,
survey-demo,B0924,CSAT,1,Comunicação,Retorno,
survey-demo,B0924,CSAT,1,Processo,Agendamento,
survey-demo,B0925,NPS,2,Atendimento,Cordialidade,q_wait
survey-demo,B0925,NPS,2,Atendimento,Demora,q_wait
survey-demo,B0925,NPS,2,Comunicação,Retorno,q_wait
survey-demo,B0925,NPS,2,Processo,Agendamento,q_wait
survey-demo,B0926,NPS,5,Atendimento,Cordialidade,q_resolution
survey-demo,B0926,NPS,5,Atendimento,Cordialidade,q_wait
survey-demo,B0926,NPS,5,Atendimento,Demora,q_resolution
survey-demo,B0926,NPS,5,Atendimento,Demora,q_wait
survey-demo,B0926,NPS,5,Comunicação,Retorno,q_resolution
survey-demo,B0926,NPS,5,Comunicação,Retorno,q_wait
survey-demo,B0926,NPS,5,Processo,Agendamento,q_resolution
survey-demo,B0926,NPS,5,Processo,Agendamento,q_wait
survey-demo,B0927,CSAT,3,Atendimento,Demora,q_wait
survey-demo,B0927,CSAT,3,Comunicação,Retorno,q_wait
survey-demo,B0927,CSAT,3,Processo,Agendamento,q_wait
survey-demo,B0928,NPS,9,Atendimento,Demora,q_wait
survey-demo,B0929,NPS,4,Atendimento,Cordialidade,q_channels
survey-demo,B0929,NPS,4,Atendimento,Cordialidade,q_resolution
survey-demo,B0929,NPS,4,Atendimento,Cordialidade,q_wait
survey-demo,B0929,NPS,4,Atendimento,Demora,q_channels
survey-demo,B0929,NPS,4,Atendimento,Demora,q_resolution
survey-demo,B0929,NPS,4,Atendimento,Demora,q_wait
survey-demo,B0929,NPS,4,Comunicação,Retorno,q_channels
survey-demo,B0929,NPS,4,Comunicação,Retorno,q_resolution
survey-demo,B0929,NPS,4,Comunicação,Retorno,q_wait
survey-demo,B0929,NPS,4,Processo,Agendamento,q_channels
survey-demo,B0929,NPS,4,Processo,Agendamento,q_resolution
survey-demo,B0929,NPS,4,Processo,Agendamento,q_wait
survey-demo,B0930,CSAT,2,Atendimento,Demora,q_wait
survey-demo,B0930,CSAT,2,Comunicação,Retorno,q_wait
survey-demo,B0931,NPS,2,Atendimento,Cordialidade,
survey-demo,B0931,NPS,2,Atendimento,Demora,
survey-demo,B0931,NPS,2,Comunicação,Retorno,
survey-demo,B0931,NPS,2,Processo,Agendamento,
survey-demo,B0932,NPS,2,Atendimento,Cordialidade,
survey-demo,B0932,NPS,2,Atendimento,Demora,
survey-demo,B0932,NPS,2,Comunicação,Retorno,
survey-demo,B0932,NPS,2,Processo,Agendamento,
survey-demo,B0933,CSAT,4,Atendimento,Demora,q_resolution
survey-demo,B0933,CSAT,4,Atendimento,Demora,q_wait
survey-demo,B0933,CSAT,4,Comunicação,Retorno,q_resolution
survey-demo,B0933,CSAT,4,Comunicação,Retorno,q_wait
survey-demo,B0934,NPS,2,Atendimento,Demora,q_resolution
survey-demo,B0934,NPS,2,Atendimento,Demora,q_wait
survey-demo,B0934,NPS,2,Comunicação,Retorno,q_resolution
survey-demo,B0934,NPS,2,Comunicação,Retorno,q_wait
survey-demo,B0935,NPS,0,Atendimento,Demora,
survey-demo,B0935,NPS,0,Comunicação,Retorno,
survey-demo,B0936,CSAT,2,Atendimento,Demora,q_wait
survey-demo,B0937,NPS,9,Atendimento,Demora,q_resolution
survey-demo,B0937,NPS,9,Atendimento,Demora,q_wait
survey-demo,B0937,NPS,9,Comunicação,Retorno,q_resolution
survey-demo,B0937,NPS,9,Comunicação,Retorno,q_wait
survey-demo,B0938,NPS,4,Atendimento,Demora,
survey-demo,B0938,NPS,4,Comunicação,Retorno,
survey-demo,B0938,NPS,4,Processo,Agendamento,
survey-demo,B0939,CSAT,1,Atendimento,Demora,
survey-demo,B0939,CSAT,1,Comunicação,Retorno,
survey-demo,B0940,NPS,5,Atendimento,Demora,
survey-demo,B0940,NPS,5,Comunicação,Retorno,
survey-demo,B0940,NPS,5,Processo,Agendamento,
survey-demo,B0941,NPS,5,Atendimento,Cordialidade,
survey-demo,B0941,NPS,5,Atendimento,Demora,
survey-demo,B0941,NPS,5,Comunicação,Retorno,
survey-demo,B0941,NPS,5,Processo,Agendamento,
survey-demo,B0942,CSAT,2,Atendimento,Demora,q_wait
survey-demo,B0942,CSAT,2,Comunicação,Retorno,q_wait
survey-demo,B0943,NPS,5,Atendimento,Demora,
survey-demo,B0943,NPS,5,Comunicação,Retorno,
survey-demo,B0944,NPS,3,Atendimento,Demora,q_wait
survey-demo,B0945,CSAT,5,Atendimento,Demora,q_resolution
survey-demo,B0945,CSAT,5,Atendimento,Demora,q_wait
survey-demo,B0945,CSAT,5,Comunicação,Retorno,q_resolution
survey-demo,B0945,CSAT,5,Comunicação,Retorno,q_wait
survey-demo,B0946,NPS,4,Atendimento,Demora,q_wait
survey-demo,B0946,NPS,4,Comunicação,Retorno,q_wait
survey-demo,B0947,NPS,2,Atendimento,Demora,q_wait
survey-demo,B0947,NPS,2,Comunicação,Retorno,q_wait
survey-demo,B0948,CSAT,2,Atendimento,Demora,
survey-demo,B0948,CSAT,2,Comunicação,Retorno,
survey-demo,B0948,CSAT,2,Processo,Agendamento,
survey-demo,B0949,NPS,9,Atendimento,Demora,q_wait
survey-demo,B0949,NPS,9,Comunicação,Retorno,q_wait
survey-demo,B0950,NPS,7,Atendimento,Demora,
survey-demo,B0950,NPS,7,Comunicação,Retorno,
survey-demo,B0951,CSAT,3,Atendimento,Demora,q_resolution
survey-demo,B0951,CSAT,3,Atendimento,Demora,q_wait
survey-demo,B0951,CSAT,3,Comunicação,Retorno,q_resolution
survey-demo,B0951,CSAT,3,Comunicação,Retorno,q_wait
survey-demo,B0952,NPS,10,,,q_wait
survey-demo,B0953,NPS,10,,,
survey-demo,B0954,CSAT,2,Atendimento,Cordialidade,
survey-demo,B0954,CSAT,2,Atendimento,Demora,
survey-demo,B0954,CSAT,2,Comunicação,Retorno,
survey-demo,B0954,CSAT,2,Processo,Agendamento,
survey-demo,B0955,NPS,1,Atendimento,Cordialidade,q_resolution
survey-demo,B0955,NPS,1,Atendimento,Cordialidade,q_wait
survey-demo,B0955,NPS,1,Atendimento,Demora,q_resolution
survey-demo,B0955,NPS,1,Atendimento,Demora,q_wait
survey-demo,B0955,NPS,1,Comunicação,Retorno,q_resolution
survey-demo,B0955,NPS,1,Comunicação,Retorno,q_wait
survey-demo,B0955,NPS,1,Processo,Agendamento,q_resolution
survey-demo,B0955,NPS,1,Processo,Agendamento,q_wait
survey-demo,B0956,NPS,9,Atendimento,Demora,
survey-demo,B0956,NPS,9,Comunicação,Retorno,
survey-demo,B0957,CSAT,5,Atendimento,Demora,q_resolution
survey-demo,B0957,CSAT,5,Atendimento,Demora,q_wait
survey-demo,B0958,NPS,9,Atendimento,Demora,
survey-demo,B0958,NPS,9,Comunicação,Retorno,
survey-demo,B0959,NPS,1,Atendimento,Demora,q_resolution
survey-demo,B0959,NPS,1,Atendimento,Demora,q_wait
survey-demo,B0959,NPS,1,Comunicação,Retorno,q_resolution
survey-demo,B0959,NPS,1,Comunicação,Retorno,q_wait
survey-demo,B0959,NPS,1,Processo,Agendamento,q_resolution
survey-demo,B0959,NPS,1,Processo,Agendamento,q_wait
survey-demo,B0960,CSAT,2,Atendimento,Demora,q_wait
survey-demo,B0961,NPS,6,Atendimento,Cordialidade,q_wait
survey-demo,B0961,NPS,6,Atendimento,Demora,q_wait
survey-demo,B0961,NPS,6,Comunicação,Retorno,q_wait
survey-demo,B0961,NPS,6,Processo,Agendamento,q_wait
survey-demo,B0962,NPS,10,,,q_channels
survey-demo,B0962,NPS,10,,,q_resolution
survey-demo,B0962,NPS,10,,,q_wait
survey-demo,B0963,CSAT,4,Atendimento,Demora,q_channels
survey-demo,B0963,CSAT,4,Atendimento,Demora,q_resolution
survey-demo,B0963,CSAT,4,Atendimento,Demora,q_wait
survey-demo,B0963,CSAT,4,Comunicação,Retorno,q_channels
survey-demo,B0963,CSAT,4,Comunicação,Retorno,q_resolution
survey-demo,B0963,CSAT,4,Comunicação,Retorno,q_wait
survey-demo,B0964,NPS,0,Atendimento,Demora,q_channels
survey-demo,B0964,NPS,0,Atendimento,Demora,q_resolution
survey-demo,B0964,NPS,0,Atendimento,Demora,q_wait
survey-demo,B0964,NPS,0,Comunicação,Retorno,q_channels
survey-demo,B0964,NPS,0,Comunicação,Retorno,q_resolution
survey-demo,B0964,NPS,0,Comunicação,Retorno,q_wait
survey-demo,B0965,NPS,0,Atendimento,Demora,
survey-demo,B0965,NPS,0,Comunicação,Retorno,
survey-demo,B0966,CSAT,5,Atendimento,Demora,q_wait
survey-demo,B0966,CSAT,5,Comunicação,Retorno,q_wait
survey-demo,B0967,NPS,5,Atendimento,Demora,q_wait
survey-demo,B0967,NPS,5,Comunicação,Retorno,q_wait
survey-demo,B0968,NPS,10,,,q_wait
survey-demo,B0969,CSAT,5,,,q_channels
survey-demo,B0969,CSAT,5,,,q_resolution
survey-demo,B0969,CSAT,5,,,q_wait
survey-demo,B0970,NPS,7,Atendimento,Demora,
survey-demo,B0971,NPS,2,Atendimento,Demora,q_wait
survey-demo,B0971,NPS,2,Comunicação,Retorno,q_wait
survey-demo,B0971,NPS,2,Processo,Agendamento,q_wait
survey-demo,B0972,CSAT,2,Atendimento,Demora,q_wait
survey-demo,B0972,CSAT,2,Comunicação,Retorno,q_wait
survey-demo,B0973,NPS,9,Atendimento,Demora,q_resolution
survey-demo,B0973,NPS,9,Atendimento,Demora,q_wait
survey-demo,B0974,NPS,6,Atendimento,Demora,q_wait
survey-demo,B0974,NPS,6,Comunicação,Retorno,q_wait
survey-demo,B0975,CSAT,3,Atendimento,Cordialidade,q_resolution
survey-demo,B0975,CSAT,3,Atendimento,Cordialidade,q_wait
survey-demo,B0975,CSAT,3,Atendimento,Demora,q_resolution
survey-demo,B0975,CSAT,3,Atendimento,Demora,q_wait
survey-demo,B0975,CSAT,3,Comunicação,Retorno,q_resolution
survey-demo,B0975,CSAT,3,Comunicação,Retorno,q_wait
survey-demo,B0975,CSAT,3,Processo,Agendamento,q_resolution
survey-demo,B0975,CSAT,3,Processo,Agendamento,q_wait
survey-demo,B0976,NPS,10,,,q_wait
survey-demo,B0977,NPS,7,Atendimento,Demora,q_resolution
survey-demo,B0977,NPS,7,Atendimento,Demora,q_wait
survey-demo,B0978,CSAT,4,Atendimento,Demora,
survey-demo,B0979,NPS,9,Atendimento,Demora,q_channels
survey-demo,B0979,NPS,9,Atendimento,Demora,q_resolution
survey-demo,B0979,NPS,9,Atendimento,Demora,q_wait
survey-demo,B0980,NPS,1,Atendimento,Demora,q_wait
survey-demo,B0980,NPS,1,Comunicação,Retorno,q_wait
survey-demo,B0981,CSAT,2,Atendimento,Demora,q_channels
survey-demo,B0981,CSAT,2,Atendimento,Demora,q_resolution
survey-demo,B0981,CSAT,2,Atendimento,Demora,q_wait
survey-demo,B0981,CSAT,2,Comunicação,Retorno,q_channels
survey-demo,B0981,CSAT,2,Comunicação,Retorno,q_resolution
survey-demo,B0981,CSAT,2,Comunicação,Retorno,q_wait
survey-demo,B0982,NPS,8,Atendimento,Demora,
survey-demo,B0983,NPS,9,Atendimento,Demora,
survey-demo,B0984,CSAT,5,Atendimento,Demora,q_wait
survey-demo,B0985,NPS,0,Atendimento,Demora,
survey-demo,B0985,NPS,0,Comunicação,Retorno,
survey-demo,B0985,NPS,0,Processo,Agendamento,
survey-demo,B0986,NPS,10,,,q_wait
survey-demo,B0987,CSAT,1,Atendimento,Demora,q_wait
survey-demo,B0987,CSAT,1,Comunicação,Retorno,q_wait
survey-demo,B0987,CSAT,1,Processo,Agendamento,q_wait
survey-demo,B0988,NPS,10,Atendimento,Demora,q_channels
survey-demo,B0988,NPS,10,Atendimento,Demora,q_resolution
survey-demo,B0988,NPS,10,Atendimento,Demora,q_wait
survey-demo,B0989,NPS,1,Atendimento,Cordialidade,q_resolution
survey-demo,B0989,NPS,1,Atendimento,Cordialidade,q_wait
survey-demo,B0989,NPS,1,Atendimento,Demora,q_resolution
survey-demo,B0989,NPS,1,Atendimento,Demora,q_wait
survey-demo,B0989,NPS,1,Comunicação,Retorno,q_resolution
survey-demo,B0989,NPS,1,Comunicação,Retorno,q_wait
survey-demo,B0989,NPS,1,Processo,Agendamento,q_resolution
survey-demo,B0989,NPS,1,Processo,Agendamento,q_wait
survey-demo,B0990,CSAT,4,Atendimento,Demora,
survey-demo,B0990,CSAT,4,Comunicação,Retorno,
survey-demo,B0991,NPS,0,Atendimento,Demora,
survey-demo,B0991,NPS,0,Comunicação,Retorno,
survey-demo,B0991,NPS,0,Processo,Agendamento,
survey-demo,B0992,NPS,10,Atendimento,Demora,q_wait
survey-demo,B0993,CSAT,1,Atendimento,Demora,q_resolution
survey-demo,B0993,CSAT,1,Atendimento,Demora,q_wait
survey-demo,B0993,CSAT,1,Comunicação,Retorno,q_resolution
survey-demo,B0993,CSAT,1,Comunicação,Retorno,q_wait
survey-demo,B0994,NPS,4,Atendimento,Cordialidade,q_resolution
survey-demo,B0994,NPS,4,Atendimento,Cordialidade,q_wait
survey-demo,B0994,NPS,4,Atendimento,Demora,q_resolution
survey-demo,B0994,NPS,4,Atendimento,Demora,q_wait
survey-demo,B0994,NPS,4,Comunicação,Retorno,q_resolution
survey-demo,B0994,NPS,4,Comunicação,Retorno,q_wait
survey-demo,B0994,NPS,4,Processo,Agendamento,q_resolution
survey-demo,B0994,NPS,4,Processo,Agendamento,q_wait
survey-demo,B0995,NPS,3,Atendimento,Demora,q_resolution
survey-demo,B0995,NPS,3,Atendimento,Demora,q_wait
survey-demo,B0995,NPS,3,Comunicação,Retorno,q_resolution
survey-demo,B0995,NPS,3,Comunicação,Retorno,q_wait
survey-demo,B0996,CSAT,2,Atendimento,Demora,q_channels
survey-demo,B0996,CSAT,2,Atendimento,Demora,q_resolution
survey-demo,B0996,CSAT,2,Atendimento,Demora,q_wait
survey-demo,B0996,CSAT,2,Comunicação,Retorno,q_channels
survey-demo,B0996,CSAT,2,Comunicação,Retorno,q_resolution
survey-demo,B0996,CSAT,2,Comunicação,Retorno,q_wait
survey-demo,B0997,NPS,4,Atendimento,Demora,q_resolution
survey-demo,B0997,NPS,4,Atendimento,Demora,q_wait
survey-demo,B0997,NPS,4,Comunicação,Retorno,q_resolution
survey-demo,B0997,NPS,4,Comunicação,Retorno,q_wait
survey-demo,B0998,NPS,1,Atendimento,Demora,
survey-demo,B0998,NPS,1,Comunicação,Retorno,
survey-demo,B0999,CSAT,3,Atendimento,Demora,q_channels
survey-demo,B0999,CSAT,3,Atendimento,Demora,q_resolution
survey-demo,B0999,CSAT,3,Atendimento,Demora,q_wait
survey-demo,B0999,CSAT,3,Comunicação,Retorno,q_channels
survey-demo,B0999,CSAT,3,Comunicação,Retorno,q_resolution
survey-demo,B0999,CSAT,3,Comunicação,Retorno,q_wait
survey-demo,B0999,CSAT,3,Processo,Agendamento,q_channels
survey-demo,B0999,CSAT,3,Processo,Agendamento,q_resolution
survey-demo,B0999,CSAT,3,Processo,Agendamento,q_wait
survey-demo,B1000,NPS,10,Atendimento,Demora,q_wait
survey-demo,B1001,NPS,0,Atendimento,Demora,q_wait
survey-demo,B1001,NPS,0,Comunicação,Retorno,q_wait
survey-demo,B1002,CSAT,2,Atendimento,Demora,q_channels
survey-demo,B1002,CSAT,2,Atendimento,Demora,q_resolution
survey-demo,B1002,CSAT,2,Atendimento,Demora,q_wait
survey-demo,B1002,CSAT,2,Comunicação,Retorno,q_channels
survey-demo,B1002,CSAT,2,Comunicação,Retorno,q_resolution
survey-demo,B1002,CSAT,2,Comunicação,Retorno,q_wait
survey-demo,B1002,CSAT,2,Processo,Agendamento,q_channels
survey-demo,B1002,CSAT,2,Processo,Agendamento,q_resolution
survey-demo,B1002,CSAT,2,Processo,Agendamento,q_wait
survey-demo,B1003,NPS,3,Atendimento,Demora,
survey-demo,B1003,NPS,3,Comunicação,Retorno,
survey-demo,B1003,NPS,3,Processo,Agendamento,
survey-demo,B1004,NPS,0,Atendimento,Demora,q_resolution
survey-demo,B1004,NPS,0,Atendimento,Demora,q_wait
survey-demo,B1004,NPS,0,Comunicação,Retorno,q_resolution
survey-demo,B1004,NPS,0,Comunicação,Retorno,q_wait
survey-demo,B1004,NPS,0,Processo,Agendamento,q_resolution
survey-demo,B1004,NPS,0,Processo,Agendamento,q_wait
survey-demo,B1005,CSAT,1,Atendimento,Demora,
survey-demo,B1005,CSAT,1,Comunicação,Retorno,
survey-demo,B1005,CSAT,1,Processo,Agendamento,
survey-demo,B1006,NPS,10,,,q_resolution
survey-demo,B1006,NPS,10,,,q_wait
survey-demo,B1007,NPS,4,Atendimento,Cordialidade,q_channels
survey-demo,B1007,NPS,4,Atendimento,Cordialidade,q_resolution
survey-demo,B1007,NPS,4,Atendimento,Cordialidade,q_wait
survey-demo,B1007,NPS,4,Atendimento,Demora,q_channels
survey-demo,B1007,NPS,4,Atendimento,Demora,q_resolution
survey-demo,B1007,NPS,4,Atendimento,Demora,q_wait
survey-demo,B1007,NPS,4,Comunicação,Retorno,q_channels
survey-demo,B1007,NPS,4,Comunicação,Retorno,q_resolution
survey-demo,B1007,NPS,4,Comunicação,Retorno,q_wait
survey-demo,B1007,NPS,4,Processo,Agendamento,q_channels
survey-demo,B1007,NPS,4,Processo,Agendamento,q_resolution
survey-demo,B1007,NPS,4,Processo,Agendamento,q_wait
survey-demo,B1008,CSAT,5,Atendimento,Demora,q_wait
survey-demo,B1009,NPS,4,Atendimento,Demora,
survey-demo,B1009,NPS,4,Comunicação,Retorno,
survey-demo,B1010,NPS,6,Atendimento,Cordialidade,q_resolution
survey-demo,B1010,NPS,6,Atendimento,Cordialidade,q_wait
survey-demo,B1010,NPS,6,Atendimento,Demora,q_resolution
survey-demo,B1010,NPS,6,Atendimento,Demora,q_wait
survey-demo,B1010,NPS,6,Comunicação,Retorno,q_resolution
survey-demo,B1010,NPS,6,Comunicação,Retorno,q_wait
survey-demo,B1010,NPS,6,Processo,Agendamento,q_resolution
survey-demo,B1010,NPS,6,Processo,Agendamento,q_wait
survey-demo,B1011,CSAT,5,Atendimento,Demora,q_resolution
survey-demo,B1011,CSAT,5,Atendimento,Demora,q_wait
survey-demo,B1011,CSAT,5,Comunicação,Retorno,q_resolution
survey-demo,B1011,CSAT,5,Comunicação,Retorno,q_wait
survey-demo,B1012,NPS,0,Atendimento,Cordialidade,
survey-demo,B1012,NPS,0,Atendimento,Demora,
survey-demo,B1012,NPS,0,Comunicação,Retorno,
survey-demo,B1012,NPS,0,Processo,Agendamento,
survey-demo,B1013,NPS,2,Atendimento,Demora,q_wait
survey-demo,B1013,NPS,2,Comunicação,Retorno,q_wait
survey-demo,B1014,CSAT,4,,,q_resolution
survey-demo,B1014,CSAT,4,,,q_wait
survey-demo,B1015,NPS,10,,,
survey-demo,B1016,NPS,9,,,q_wait
survey-demo,B1017,CSAT,3,Atendimento,Cordialidade,q_resolution
survey-demo,B1017,CSAT,3,Atendimento,Cordialidade,q_wait
survey-demo,B1017,CSAT,3,Atendimento,Demora,q_resolution
survey-demo,B1017,CSAT,3,Atendimento,Demora,q_wait
survey-demo,B1017,CSAT,3,Comunicação,Retorno,q_resolution
survey-demo,B1017,CSAT,3,Comunicação,Retorno,q_wait
survey-demo,B1017,CSAT,3,Processo,Agendamento,q_resolution
survey-demo,B1017,CSAT,3,Processo,Agendamento,q_wait
survey-demo,B1018,NPS,6,Atendimento,Demora,q_channels
survey-demo,B1018,NPS,6,Atendimento,Demora,q_resolution
survey-demo,B1018,NPS,6,Atendimento,Demora,q_wait
survey-demo,B1018,NPS,6,Comunicação,Retorno,q_channels
survey-demo,B1018,NPS,6,Comunicação,Retorno,q_resolution
survey-demo,B1018,NPS,6,Comunicação,Retorno,q_wait
survey-demo,B1019,NPS,2,Atendimento,Cordialidade,q_channels
survey-demo,B1019,NPS,2,Atendimento,Cordialidade,q_resolution
survey-demo,B1019,NPS,2,Atendimento,Cordialidade,q_wait
survey-demo,B1019,NPS,2,Atendimento,Demora,q_channels
survey-demo,B1019,NPS,2,Atendimento,Demora,q_resolution
survey-demo,B1019,NPS,2,Atendimento,Demora,q_wait
survey-demo,B1019,NPS,2,Comunicação,Retorno,q_channels
survey-demo,B1019,NPS,2,Comunicação,Retorno,q_resolution
survey-demo,B1019,NPS,2,Comunicação,Retorno,q_wait
survey-demo,B1019,NPS,2,Processo,Agendamento,q_channels
survey-demo,B1019,NPS,2,Processo,Agendamento,q_resolution
survey-demo,B1019,NPS,2,Processo,Agendamento,q_wait
survey-demo,B1020,CSAT,4,Atendimento,Demora,q_channels
survey-demo,B1020,CSAT,4,Atendimento,Demora,q_resolution
survey-demo,B1020,CSAT,4,Atendimento,Demora,q_wait
survey-demo,B1021,NPS,5,Atendimento,Demora,
survey-demo,B1021,NPS,5,Comunicação,Retorno,
survey-demo,B1021,NPS,5,Processo,Agendamento,
survey-demo,B1022,NPS,7,Atendimento,Demora,
survey-demo,B1023,CSAT,1,Atendimento,Demora,q_channels
survey-demo,B1023,CSAT,1,Atendimento,Demora,q_resolution
survey-demo,B1023,CSAT,1,Atendimento,Demora,q_wait
survey-demo,B1023,CSAT,1,Comunicação,Retorno,q_channels
survey-demo,B1023,CSAT,1,Comunicação,Retorno,q_resolution
survey-demo,B1023,CSAT,1,Comunicação,Retorno,q_wait
survey-demo,B1024,NPS,5,Atendimento,Demora,q_wait
survey-demo,B1025,NPS,2,Atendimento,Cordialidade,q_channels
survey-demo,B1025,NPS,2,Atendimento,Cordialidade,q_resolution
survey-demo,B1025,NPS,2,Atendimento,Cordialidade,q_wait
survey-demo,B1025,NPS,2,Atendimento,Demora,q_channels
survey-demo,B1025,NPS,2,Atendimento,Demora,q_resolution
survey-demo,B1025,NPS,2,Atendimento,Demora,q_wait
survey-demo,B1025,NPS,2,Comunicação,Retorno,q_channels
survey-demo,B1025,NPS,2,Comunicação,Retorno,q_resolution
survey-demo,B1025,NPS,2,Comunicação,Retorno,q_wait
survey-demo,B1025,NPS,2,Processo,Agendamento,q_channels
survey-demo,B1025,NPS,2,Processo,Agendamento,q_resolution
survey-demo,B1025,NPS,2,Processo,Agendamento,q_wait
survey-demo,B1026,CSAT,5,Atendimento,Demora,
survey-demo,B1026,CSAT,5,Comunicação,Retorno,
survey-demo,B1027,NPS,8,Atendimento,Demora,q_resolution
survey-demo,B1027,NPS,8,Atendimento,Demora,q_wait
survey-demo,B1027,NPS,8,Comunicação,Retorno,q_resolution
survey-demo,B1027,NPS,8,Comunicação,Retorno,q_wait
survey-demo,B1028,NPS,0,Atendimento,Demora,q_resolution
survey-demo,B1028,NPS,0,Atendimento,Demora,q_wait
survey-demo,B1028,NPS,0,Comunicação,Retorno,q_resolution
survey-demo,B1028,NPS,0,Comunicação,Retorno,q_wait
survey-demo,B1029,CSAT,2,Atendimento,Demora,q_wait
survey-demo,B1029,CSAT,2,Comunicação,Retorno,q_wait
survey-demo,B1029,CSAT,2,Processo,Agendamento,q_wait
survey-demo,B1030,NPS,5,Atendimento,Demora,q_resolution
survey-demo,B1030,NPS,5,Atendimento,Demora,q_wait
survey-demo,B1030,NPS,5,Comunicação,Retorno,q_resolution
survey-demo,B1030,NPS,5,Comunicação,Retorno,q_wait
survey-demo,B1031,NPS,7,Atendimento,Demora,q_resolution
survey-demo,B1031,NPS,7,Atendimento,Demora,q_wait
survey-demo,B1032,CSAT,5,,,q_wait
survey-demo,B1033,NPS,9,,,q_resolution
survey-demo,B1033,NPS,9,,,q_wait
survey-demo,B1034,NPS,0,Atendimento,Demora,q_channels
survey-demo,B1034,NPS,0,Atendimento,Demora,q_resolution
survey-demo,B1034,NPS,0,Atendimento,Demora,q_wait
survey-demo,B1034,NPS,0,Comunicação,Retorno,q_channels
survey-demo,B1034,NPS,0,Comunicação,Retorno,q_resolution
survey-demo,B1034,NPS,0,Comunicação,Retorno,q_wait
survey-demo,B1034,NPS,0,Processo,Agendamento,q_channels
survey-demo,B1034,NPS,0,Processo,Agendamento,q_resolution
survey-demo,B1034,NPS,0,Processo,Agendamento,q_wait
survey-demo,B1035,CSAT,4,Atendimento,Demora,q_channels
survey-demo,B1035,CSAT,4,Atendimento,Demora,q_resolution
survey-demo,B1035,CSAT,4,Atendimento,Demora,q_wait
survey-demo,B1035,CSAT,4,Comunicação,Retorno,q_channels
survey-demo,B1035,CSAT,4,Comunicação,Retorno,q_resolution
survey-demo,B1035,CSAT,4,Comunicação,Retorno,q_wait
survey-demo,B1036,NPS,0,Atendimento,Demora,q_resolution
survey-demo,B1036,NPS,0,Atendimento,Demora,q_wait
survey-demo,B1036,NPS,0,Comunicação,Retorno,q_resolution
survey-demo,B1036,NPS,0,Comunicação,Retorno,q_wait
survey-demo,B1036,NPS,0,Processo,Agendamento,q_resolution
survey-demo,B1036,NPS,0,Processo,Agendamento,q_wait
survey-demo,B1037,NPS,8,,,q_channels
survey-demo,B1037,NPS,8,,,q_resolution
survey-demo,B1037,NPS,8,,,q_wait
survey-demo,B1038,CSAT,2,Atendimento,Cordialidade,
survey-demo,B1038,CSAT,2,Atendimento,Demora,
survey-demo,B1038,CSAT,2,Comunicação,Retorno,
survey-demo,B1038,CSAT,2,Processo,Agendamento,
survey-demo,B1039,NPS,10,Atendimento,Demora,
survey-demo,B1039,NPS,10,Comunicação,Retorno,
survey-demo,B1040,NPS,1,Atendimento,Demora,q_wait
survey-demo,B1041,CSAT,3,Atendimento,Cordialidade,q_channels
survey-demo,B1041,CSAT,3,Atendimento,Cordialidade,q_resolution
survey-demo,B1041,CSAT,3,Atendimento,Cordialidade,q_wait
survey-demo,B1041,CSAT,3,Atendimento,Demora,q_channels
survey-demo,B1041,CSAT,3,Atendimento,Demora,q_resolution
survey-demo,B1041,CSAT,3,Atendimento,Demora,q_wait
survey-demo,B1041,CSAT,3,Comunicação,Retorno,q_channels
survey-demo,B1041,CSAT,3,Comunicação,Retorno,q_resolution
survey-demo,B1041,CSAT,3,Comunicação,Retorno,q_wait
survey-demo,B1041,CSAT,3,Processo,Agendamento,q_channels
survey-demo,B1041,CSAT,3,Processo,Agendamento,q_resolution
survey-demo,B1041,CSAT,3,Processo,Agendamento,q_wait
survey-demo,B1042,NPS,5,Atendimento,Demora,
survey-demo,B1042,NPS,5,Comunicação,Retorno,
survey-demo,B1043,NPS,9,Atendimento,Demora,q_resolution
survey-demo,B1043,NPS,9,Atendimento,Demora,q_wait
survey-demo,B1043,NPS,9,Comunicação,Retorno,q_resolution
survey-demo,B1043,NPS,9,Comunicação,Retorno,q_wait
survey-demo,B1044,CSAT,4,Atendimento,Demora,
survey-demo,B1045,NPS,9,Atendimento,Demora,q_wait
survey-demo,B1046,NPS,0,Atendimento,Cordialidade,q_resolution
survey-demo,B1046,NPS,0,Atendimento,Cordialidade,q_wait
survey-demo,B1046,NPS,0,Atendimento,Demora,q_resolution
survey-demo,B1046,NPS,0,Atendimento,Demora,q_wait
survey-demo,B1046,NPS,0,Comunicação,Retorno,q_resolution
survey-demo,B1046,NPS,0,Comunicação,Retorno,q_wait
survey-demo,B1046,NPS,0,Processo,Agendamento,q_resolution
survey-demo,B1046,NPS,0,Processo,Agendamento,q_wait
survey-demo,B1047,CSAT,3,Atendimento,Demora,q_channels
survey-demo,B1047,CSAT,3,Atendimento,Demora,q_resolution
survey-demo,B1047,CSAT,3,Atendimento,Demora,q_wait
survey-demo,B1047,CSAT,3,Comunicação,Retorno,q_channels
survey-demo,B1047,CSAT,3,Comunicação,Retorno,q_resolution
survey-demo,B1047,CSAT,3,Comunicação,Retorno,q_wait
survey-demo,B1048,NPS,2,Atendimento,Demora,q_wait
survey-demo,B1049,NPS,10,Atendimento,Demora,q_channels
survey-demo,B1049,NPS,10,Atendimento,Demora,q_resolution
survey-demo,B1049,NPS,10,Atendimento,Demora,q_wait
survey-demo,B1050,CSAT,2,Atendimento,Demora,q_resolution
survey-demo,B1050,CSAT,2,Atendimento,Demora,q_wait
survey-demo,B1050,CSAT,2,Comunicação,Retorno,q_resolution
survey-demo,B1050,CSAT,2,Comunicação,Retorno,q_wait
survey-demo,B1050,CSAT,2,Processo,Agendamento,q_resolution
survey-demo,B1050,CSAT,2,Processo,Agendamento,q_wait
survey-demo,B1051,NPS,4,Atendimento,Demora,
survey-demo,B1051,NPS,4,Comunicação,Retorno,
survey-demo,B1052,NPS,6,Atendimento,Demora,
survey-demo,B1052,NPS,6,Comunicação,Retorno,
survey-demo,B1052,NPS,6,Processo,Agendamento,
survey-demo,B1053,CSAT,1,Atendimento,Cordialidade,q_wait
survey-demo,B1053,CSAT,1,Atendimento,Demora,q_wait
survey-demo,B1053,CSAT,1,Comunicação,Retorno,q_wait
survey-demo,B1053,CSAT,1,Processo,Agendamento,q_wait
survey-demo,B1054,NPS,2,Atendimento,Cordialidade,q_channels
survey-demo,B1054,NPS,2,Atendimento,Cordialidade,q_resolution
survey-demo,B1054,NPS,2,Atendimento,Cordialidade,q_wait
survey-demo,B1054,NPS,2,Atendimento,Demora,q_channels
survey-demo,B1054,NPS,2,Atendimento,Demora,q_resolution
survey-demo,B1054,NPS,2,Atendimento,Demora,q_wait
survey-demo,B1054,NPS,2,Comunicação,Retorno,q_channels
survey-demo,B1054,NPS,2,Comunicação,Retorno,q_resolution
survey-demo,B1054,NPS,2,Comunicação,Retorno,q_wait
survey-demo,B1054,NPS,2,Processo,Agendamento,q_channels
survey-demo,B1054,NPS,2,Processo,Agendamento,q_resolution
survey-demo,B1054,NPS,2,Processo,Agendamento,q_wait
survey-demo,B1055,NPS,7,Atendimento,Demora,
survey-demo,B1056,CSAT,5,,,q_wait
survey-demo,B1057,NPS,5,Atendimento,Demora,
survey-demo,B1057,NPS,5,Comunicação,Retorno,
survey-demo,B1058,NPS,9,Atendimento,Demora,q_channels
survey-demo,B1058,NPS,9,Atendimento,Demora,q_resolution
survey-demo,B1058,NPS,9,Atendimento,Demora,q_wait
survey-demo,B1059,CSAT,3,Atendimento,Demora,q_wait
survey-demo,B1059,CSAT,3,Comunicação,Retorno,q_wait
survey-demo,B1060,NPS,6,Atendimento,Cordialidade,q_wait
survey-demo,B1060,NPS,6,Atendimento,Demora,q_wait
survey-demo,B1060,NPS,6,Comunicação,Retorno,q_wait
survey-demo,B1060,NPS,6,Processo,Agendamento,q_wait
survey-demo,B1061,NPS,0,Atendimento,Cordialidade,q_resolution
survey-demo,B1061,NPS,0,Atendimento,Cordialidade,q_wait
survey-demo,B1061,NPS,0,Atendimento,Demora,q_resolution
survey-demo,B1061,NPS,0,Atendimento,Demora,q_wait
survey-demo,B1061,NPS,0,Comunicação,Retorno,q_resolution
survey-demo,B1061,NPS,0,Comunicação,Retorno,q_wait
survey-demo,B1061,NPS,0,Processo,Agendamento,q_resolution
survey-demo,B1061,NPS,0,Processo,Agendamento,q_wait
survey-demo,B1062,CSAT,5,Atendimento,Demora,q_resolution
survey-demo,B1062,CSAT,5,Atendimento,Demora,q_wait
survey-demo,B1063,NPS,9,Atendimento,Demora,q_resolution
survey-demo,B1063,NPS,9,Atendimento,Demora,q_wait
survey-demo,B1063,NPS,9,Comunicação,Retorno,q_resolution
survey-demo,B1063,NPS,9,Comunicação,Retorno,q_wait
survey-demo,B1064,NPS,10,Atendimento,Demora,q_wait
survey-demo,B1065,CSAT,4,,,
survey-demo,B1066,NPS,5,Atendimento,Demora,q_wait
survey-demo,B1066,NPS,5,Comunicação,Retorno,q_wait
survey-demo,B1067,NPS,5,Atendimento,Demora,q_resolution
survey-demo,B1067,NPS,5,Atendimento,Demora,q_wait
survey-demo,B1067,NPS,5,Comunicação,Retorno,q_resolution
survey-demo,B1067,NPS,5,Comunicação,Retorno,q_wait
survey-demo,B1067,NPS,5,Processo,Agendamento,q_resolution
survey-demo,B1067,NPS,5,Processo,Agendamento,q_wait
survey-demo,B1068,CSAT,1,Atendimento,Demora,
survey-demo,B1068,CSAT,1,Comunicação,Retorno,
survey-demo,B1068,CSAT,1,Processo,Agendamento,
survey-demo,B1069,NPS,8,Atendimento,Demora,q_resolution
survey-demo,B1069,NPS,8,Atendimento,Demora,q_wait
survey-demo,B1069,NPS,8,Comunicação,Retorno,q_resolution
survey-demo,B1069,NPS,8,Comunicação,Retorno,q_wait
survey-demo,B1070,NPS,9,,,
survey-demo,B1071,CSAT,2,Atendimento,Demora,q_channels
survey-demo,B1071,CSAT,2,Atendimento,Demora,q_resolution
survey-demo,B1071,CSAT,2,Atendimento,Demora,q_wait
survey-demo,B1071,CSAT,2,Comunicação,Retorno,q_channels
survey-demo,B1071,CSAT,2,Comunicação,Retorno,q_resolution
survey-demo,B1071,CSAT,2,Comunicação,Retorno,q_wait
survey-demo,B1072,NPS,2,Atendimento,Demora,q_wait
survey-demo,B1073,NPS,10,Atendimento,Demora,q_resolution
survey-demo,B1073,NPS,10,Atendimento,Demora,q_wait
survey-demo,B1073,NPS,10,Comunicação,Retorno,q_resolution
survey-demo,B1073,NPS,10,Comunicação,Retorno,q_wait
survey-demo,B1074,CSAT,1,Atendimento,Cordialidade,q_channels
survey-demo,B1074,CSAT,1,Atendimento,Cordialidade,q_resolution
survey-demo,B1074,CSAT,1,Atendimento,Cordialidade,q_wait
survey-demo,B1074,CSAT,1,Atendimento,Demora,q_channels
survey-demo,B1074,CSAT,1,Atendimento,Demora,q_resolution
survey-demo,B1074,CSAT,1,Atendimento,Demora,q_wait
survey-demo,B1074,CSAT,1,Comunicação,Retorno,q_channels
survey-demo,B1074,CSAT,1,Comunicação,Retorno,q_resolution
survey-demo,B1074,CSAT,1,Comunicação,Retorno,q_wait
survey-demo,B1074,CSAT,1,Processo,Agendamento,q_channels
survey-demo,B1074,CSAT,1,Processo,Agendamento,q_resolution
survey-demo,B1074,CSAT,1,Processo,Agendamento,q_wait
survey-demo,B1075,NPS,1,Atendimento,Cordialidade,
survey-demo,B1075,NPS,1,Atendimento,Demora,
survey-demo,B1075,NPS,1,Comunicação,Retorno,
survey-demo,B1075,NPS,1,Processo,Agendamento,
survey-demo,B1076,NPS,2,Atendimento,Demora,q_wait
survey-demo,B1076,NPS,2,Comunicação,Retorno,q_wait
survey-demo,B1076,NPS,2,Processo,Agendamento,q_wait
survey-demo,B1077,CSAT,2,Atendimento,Demora,q_channels
survey-demo,B1077,CSAT,2,Atendimento,Demora,q_resolution
survey-demo,B1077,CSAT,2,Atendimento,Demora,q_wait
survey-demo,B1077,CSAT,2,Comunicação,Retorno,q_channels
survey-demo,B1077,CSAT,2,Comunicação,Retorno,q_resolution
survey-demo,B1077,CSAT,2,Comunicação,Retorno,q_wait
survey-demo,B1078,NPS,9,,,
survey-demo,B1079,NPS,4,Atendimento,Demora,
survey-demo,B1079,NPS,4,Comunicação,Retorno,
survey-demo,B1079,NPS,4,Processo,Agendamento,
survey-demo,B1080,CSAT,5,Atendimento,Demora,q_wait
survey-demo,B1081,NPS,5,Atendimento,Demora,q_wait
survey-demo,B1081,NPS,5,Comunicação,Retorno,q_wait
survey-demo,B1081,NPS,5,Processo,Agendamento,q_wait
survey-demo,B1082,NPS,7,Atendimento,Demora,q_wait
survey-demo,B1082,NPS,7,Comunicação,Retorno,q_wait
survey-demo,B1083,CSAT,2,Atendimento,Cordialidade,q_wait
survey-demo,B1083,CSAT,2,Atendimento,Demora,q_wait
survey-demo,B1083,CSAT,2,Comunicação,Retorno,q_wait
survey-demo,B1083,CSAT,2,Processo,Agendamento,q_wait
survey-demo,B1084,NPS,5,Atendimento,Demora,q_channels
survey-demo,B1084,NPS,5,Atendimento,Demora,q_resolution
survey-demo,B1084,NPS,5,Atendimento,Demora,q_wait
survey-demo,B1084,NPS,5,Comunicação,Retorno,q_channels
survey-demo,B1084,NPS,5,Comunicação,Retorno,q_resolution
survey-demo,B1084,NPS,5,Comunicação,Retorno,q_wait
survey-demo,B1085,NPS,7,Atendimento,Demora,q_channels
survey-demo,B1085,NPS,7,Atendimento,Demora,q_resolution
survey-demo,B1085,NPS,7,Atendimento,Demora,q_wait
survey-demo,B1086,CSAT,4,Atendimento,Demora,q_channels
survey-demo,B1086,CSAT,4,Atendimento,Demora,q_resolution
survey-demo,B1086,CSAT,4,Atendimento,Demora,q_wait
survey-demo,B1086,CSAT,4,Comunicação,Retorno,q_channels
survey-demo,B1086,CSAT,4,Comunicação,Retorno,q_resolution
survey-demo,B1086,CSAT,4,Comunicação,Retorno,q_wait
survey-demo,B1087,NPS,6,Atendimento,Demora,q_channels
survey-demo,B1087,NPS,6,Atendimento,Demora,q_resolution
survey-demo,B1087,NPS,6,Atendimento,Demora,q_wait
survey-demo,B1087,NPS,6,Comunicação,Retorno,q_channels
survey-demo,B1087,NPS,6,Comunicação,Retorno,q_resolution
survey-demo,B1087,NPS,6,Comunicação,Retorno,q_wait
survey-demo,B1088,NPS,10,Atendimento,Demora,q_wait
survey-demo,B1089,CSAT,3,Atendimento,Demora,
survey-demo,B1089,CSAT,3,Comunicação,Retorno,
survey-demo,B1090,NPS,4,Atendimento,Cordialidade,q_resolution
survey-demo,B1090,NPS,4,Atendimento,Cordialidade,q_wait
survey-demo,B1090,NPS,4,Atendimento,Demora,q_resolution
survey-demo,B1090,NPS,4,Atendimento,Demora,q_wait
survey-demo,B1090,NPS,4,Comunicação,Retorno,q_resolution
survey-demo,B1090,NPS,4,Comunicação,Retorno,q_wait
survey-demo,B1090,NPS,4,Processo,Agendamento,q_resolution
survey-demo,B1090,NPS,4,Processo,Agendamento,q_wait
survey-demo,B1091,NPS,9,,,q_wait
survey-demo,B1092,CSAT,3,Atendimento,Demora,q_resolution
survey-demo,B1092,CSAT,3,Atendimento,Demora,q_wait
survey-demo,B1092,CSAT,3,Comunicação,Retorno,q_resolution
survey-demo,B1092,CSAT,3,Comunicação,Retorno,q_wait
survey-demo,B1093,NPS,3,Atendimento,Demora,
survey-demo,B1093,NPS,3,Comunicação,Retorno,
survey-demo,B1093,NPS,3,Processo,Agendamento,
survey-demo,B1094,NPS,4,Atendimento,Demora,q_resolution
survey-demo,B1094,NPS,4,Atendimento,Demora,q_wait
survey-demo,B1094,NPS,4,Comunicação,Retorno,q_resolution
survey-demo,B1094,NPS,4,Comunicação,Retorno,q_wait
survey-demo,B1095,CSAT,2,Atendimento,Demora,
survey-demo,B1095,CSAT,2,Comunicação,Retorno,
survey-demo,B1095,CSAT,2,Processo,Agendamento,
survey-demo,B1096,NPS,1,Atendimento,Demora,q_wait
survey-demo,B1097,NPS,2,Atendimento,Cordialidade,q_channels
survey-demo,B1097,NPS,2,Atendimento,Cordialidade,q_resolution
survey-demo,B1097,NPS,2,Atendimento,Cordialidade,q_wait
survey-demo,B1097,NPS,2,Atendimento,Demora,q_channels
survey-demo,B1097,NPS,2,Atendimento,Demora,q_resolution
survey-demo,B1097,NPS,2,Atendimento,Demora,q_wait
survey-demo,B1097,NPS,2,Comunicação,Retorno,q_channels
survey-demo,B1097,NPS,2,Comunicação,Retorno,q_resolution
survey-demo,B1097,NPS,2,Comunicação,Retorno,q_wait
survey-demo,B1097,NPS,2,Processo,Agendamento,q_channels
survey-demo,B1097,NPS,2,Processo,Agendamento,q_resolution
survey-demo,B1097,NPS,2,Processo,Agendamento,q_wait
survey-demo,B1098,CSAT,1,Atendimento,Cordialidade,
survey-demo,B1098,CSAT,1,Atendimento,Demora,
survey-demo,B1098,CSAT,1,Comunicação,Retorno,
survey-demo,B1098,CSAT,1,Processo,Agendamento,
survey-demo,B1099,NPS,6,Atendimento,Demora,
survey-demo,B1099,NPS,6,Comunicação,Retorno,
survey-demo,B1099,NPS,6,Processo,Agendamento,
survey-demo,B1100,NPS,7,Atendimento,Demora,
survey-demo,B1101,CSAT,1,Atendimento,Cordialidade,q_wait
survey-demo,B1101,CSAT,1,Atendimento,Demora,q_wait
survey-demo,B1101,CSAT,1,Comunicação,Retorno,q_wait
survey-demo,B1101,CSAT,1,Processo,Agendamento,q_wait
survey-demo,B1102,NPS,8,Atendimento,Demora,
survey-demo,B1102,NPS,8,Comunicação,Retorno,
survey-demo,B1103,NPS,1,Atendimento,Cordialidade,q_channels
survey-demo,B1103,NPS,1,Atendimento,Cordialidade,q_resolution
survey-demo,B1103,NPS,1,Atendimento,Cordialidade,q_wait
survey-demo,B1103,NPS,1,Atendimento,Demora,q_channels
survey-demo,B1103,NPS,1,Atendimento,Demora,q_resolution
survey-demo,B1103,NPS,1,Atendimento,Demora,q_wait
survey-demo,B1103,NPS,1,Comunicação,Retorno,q_channels
survey-demo,B1103,NPS,1,Comunicação,Retorno,q_resolution
survey-demo,B1103,NPS,1,Comunicação,Retorno,q_wait
survey-demo,B1103,NPS,1,Processo,Agendamento,q_channels
survey-demo,B1103,NPS,1,Processo,Agendamento,q_resolution
survey-demo,B1103,NPS,1,Processo,Agendamento,q_wait
survey-demo,B1104,CSAT,3,Atendimento,Demora,q_wait
survey-demo,B1105,NPS,1,Atendimento,Cordialidade,q_wait
survey-demo,B1105,NPS,1,Atendimento,Demora,q_wait
survey-demo,B1105,NPS,1,Comunicação,Retorno,q_wait
survey-demo,B1105,NPS,1,Processo,Agendamento,q_wait
survey-demo,B1106,NPS,0,Atendimento,Cordialidade,q_channels
survey-demo,B1106,NPS,0,Atendimento,Cordialidade,q_resolution
survey-demo,B1106,NPS,0,Atendimento,Cordialidade,q_wait
survey-demo,B1106,NPS,0,Atendimento,Demora,q_channels
survey-demo,B1106,NPS,0,Atendimento,Demora,q_resolution
survey-demo,B1106,NPS,0,Atendimento,Demora,q_wait
survey-demo,B1106,NPS,0,Comunicação,Retorno,q_channels
survey-demo,B1106,NPS,0,Comunicação,Retorno,q_resolution
survey-demo,B1106,NPS,0,Comunicação,Retorno,q_wait
survey-demo,B1106,NPS,0,Processo,Agendamento,q_channels
survey-demo,B1106,NPS,0,Processo,Agendamento,q_resolution
survey-demo,B1106,NPS,0,Processo,Agendamento,q_wait
survey-demo,B1107,CSAT,3,Atendimento,Cordialidade,
survey-demo,B1107,CSAT,3,Atendimento,Demora,
survey-demo,B1107,CSAT,3,Comunicação,Retorno,
survey-demo,B1107,CSAT,3,Processo,Agendamento,
survey-demo,B1108,NPS,9,Atendimento,Demora,
survey-demo,B1109,NPS,2,Atendimento,Demora,q_channels
survey-demo,B1109,NPS,2,Atendimento,Demora,q_resolution
survey-demo,B1109,NPS,2,Atendimento,Demora,q_wait
survey-demo,B1109,NPS,2,Comunicação,Retorno,q_channels
survey-demo,B1109,NPS,2,Comunicação,Retorno,q_resolution
survey-demo,B1109,NPS,2,Comunicação,Retorno,q_wait
survey-demo,B1110,CSAT,1,Atendimento,Demora,q_wait
survey-demo,B1110,CSAT,1,Comunicação,Retorno,q_wait
survey-demo,B1110,CSAT,1,Processo,Agendamento,q_wait
survey-demo,B1111,NPS,10,Atendimento,Demora,q_resolution
survey-demo,B1111,NPS,10,Atendimento,Demora,q_wait
survey-demo,B1112,NPS,7,Atendimento,Demora,q_wait
survey-demo,B1113,CSAT,3,Atendimento,Demora,
survey-demo,B1113,CSAT,3,Comunicação,Retorno,
survey-demo,B1113,CSAT,3,Processo,Agendamento,
survey-demo,B1114,NPS,9,Atendimento,Demora,q_channels
survey-demo,B1114,NPS,9,Atendimento,Demora,q_resolution
survey-demo,B1114,NPS,9,Atendimento,Demora,q_wait
survey-demo,B1114,NPS,9,Comunicação,Retorno,q_channels
survey-demo,B1114,NPS,9,Comunicação,Retorno,q_resolution
survey-demo,B1114,NPS,9,Comunicação,Retorno,q_wait
survey-demo,B1115,NPS,2,Atendimento,Demora,q_wait
survey-demo,B1115,NPS,2,Comunicação,Retorno,q_wait
survey-demo,B1115,NPS,2,Processo,Agendamento,q_wait
survey-demo,B1116,CSAT,4,Atendimento,Demora,q_channels
survey-demo,B1116,CSAT,4,Atendimento,Demora,q_resolution
survey-demo,B1116,CSAT,4,Atendimento,Demora,q_wait
survey-demo,B1116,CSAT,4,Comunicação,Retorno,q_channels
survey-demo,B1116,CSAT,4,Comunicação,Retorno,q_resolution
survey-demo,B1116,CSAT,4,Comunicação,Retorno,q_wait
survey-demo,B1117,NPS,5,Atendimento,Cordialidade,
survey-demo,B1117,NPS,5,Atendimento,Demora,
survey-demo,B1117,NPS,5,Comunicação,Retorno,
survey-demo,B1117,NPS,5,Processo,Agendamento,
survey-demo,B1118,NPS,4,Atendimento,Cordialidade,q_wait
survey-demo,B1118,NPS,4,Atendimento,Demora,q_wait
survey-demo,B1118,NPS,4,Comunicação,Retorno,q_wait
survey-demo,B1118,NPS,4,Processo,Agendamento,q_wait
survey-demo,B1119,CSAT,3,Atendimento,Demora,q_resolution
survey-demo,B1119,CSAT,3,Atendimento,Demora,q_wait
survey-demo,B1119,CSAT,3,Comunicação,Retorno,q_resolution
survey-demo,B1119,CSAT,3,Comunicação,Retorno,q_wait
survey-demo,B1120,NPS,5,Atendimento,Demora,q_wait
survey-demo,B1121,NPS,6,Atendimento,Demora,q_resolution
survey-demo,B1121,NPS,6,Atendimento,Demora,q_wait
survey-demo,B1121,NPS,6,Comunicação,Retorno,q_resolution
survey-demo,B1121,NPS,6,Comunicação,Retorno,q_wait
survey-demo,B1121,NPS,6,Processo,Agendamento,q_resolution
survey-demo,B1121,NPS,6,Processo,Agendamento,q_wait
survey-demo,B1122,CSAT,3,Atendimento,Demora,q_channels
survey-demo,B1122,CSAT,3,Atendimento,Demora,q_resolution
survey-demo,B1122,CSAT,3,Atendimento,Demora,q_wait
survey-demo,B1122,CSAT,3,Comunicação,Retorno,q_channels
survey-demo,B1122,CSAT,3,Comunicação,Retorno,q_resolution
survey-demo,B1122,CSAT,3,Comunicação,Retorno,q_wait
survey-demo,B1122,CSAT,3,Processo,Agendamento,q_channels
survey-demo,B1122,CSAT,3,Processo,Agendamento,q_resolution
survey-demo,B1122,CSAT,3,Processo,Agendamento,q_wait
survey-demo,B1123,NPS,4,Atendimento,Demora,q_wait
survey-demo,B1123,NPS,4,Comunicação,Retorno,q_wait
survey-demo,B1124,NPS,2,Atendimento,Demora,q_resolution
survey-demo,B1124,NPS,2,Atendimento,Demora,q_wait
survey-demo,B1124,NPS,2,Comunicação,Retorno,q_resolution
survey-demo,B1124,NPS,2,Comunicação,Retorno,q_wait
survey-demo,B1124,NPS,2,Processo,Agendamento,q_resolution
survey-demo,B1124,NPS,2,Processo,Agendamento,q_wait
survey-demo,B1125,CSAT,2,Atendimento,Demora,q_resolution
survey-demo,B1125,CSAT,2,Atendimento,Demora,q_wait
survey-demo,B1125,CSAT,2,Comunicação,Retorno,q_resolution
survey-demo,B1125,CSAT,2,Comunicação,Retorno,q_wait
survey-demo,B1125,CSAT,2,Processo,Agendamento,q_resolution
survey-demo,B1125,CSAT,2,Processo,Agendamento,q_wait
survey-demo,B1126,NPS,9,,,q_channels
survey-demo,B1126,NPS,9,,,q_resolution
survey-demo,B1126,NPS,9,,,q_wait
survey-demo,B1127,NPS,10,Atendimento,Demora,q_resolution
survey-demo,B1127,NPS,10,Atendimento,Demora,q_wait
survey-demo,B1127,NPS,10,Comunicação,Retorno,q_resolution
survey-demo,B1127,NPS,10,Comunicação,Retorno,q_wait
survey-demo,B1128,CSAT,2,Atendimento,Demora,q_wait
survey-demo,B1129,NPS,5,Atendimento,Demora,q_wait
survey-demo,B1129,NPS,5,Comunicação,Retorno,q_wait
survey-demo,B1130,NPS,2,Atendimento,Demora,q_wait
survey-demo,B1130,NPS,2,Comunicação,Retorno,q_wait
survey-demo,B1131,CSAT,2,Atendimento,Demora,
survey-demo,B1131,CSAT,2,Comunicação,Retorno,
survey-demo,B1132,NPS,9,,,
survey-demo,B1133,NPS,7,,,
survey-demo,B1134,CSAT,1,Atendimento,Demora,q_resolution
survey-demo,B1134,CSAT,1,Atendimento,Demora,q_wait
survey-demo,B1134,CSAT,1,Comunicação,Retorno,q_resolution
survey-demo,B1134,CSAT,1,Comunicação,Retorno,q_wait
survey-demo,B1135,NPS,5,Atendimento,Demora,
survey-demo,B1135,NPS,5,Comunicação,Retorno,
survey-demo,B1135,NPS,5,Processo,Agendamento,
survey-demo,B1136,NPS,10,Atendimento,Demora,q_wait
survey-demo,B1137,CSAT,3,Atendimento,Demora,q_channels
survey-demo,B1137,CSAT,3,Atendimento,Demora,q_resolution
survey-demo,B1137,CSAT,3,Atendimento,Demora,q_wait
survey-demo,B1137,CSAT,3,Comunicação,Retorno,q_channels
survey-demo,B1137,CSAT,3,Comunicação,Retorno,q_resolution
survey-demo,B1137,CSAT,3,Comunicação,Retorno,q_wait
survey-demo,B1137,CSAT,3,Processo,Agendamento,q_channels
survey-demo,B1137,CSAT,3,Processo,Agendamento,q_resolution
survey-demo,B1137,CSAT,3,Processo,Agendamento,q_wait
survey-demo,B1138,NPS,6,Atendimento,Demora,q_resolution
survey-demo,B1138,NPS,6,Atendimento,Demora,q_wait
survey-demo,B1138,NPS,6,Comunicação,Retorno,q_resolution
survey-demo,B1138,NPS,6,Comunicação,Retorno,q_wait
survey-demo,B1138,NPS,6,Processo,Agendamento,q_resolution
survey-demo,B1138,NPS,6,Processo,Agendamento,q_wait
survey-demo,B1139,NPS,9,Atendimento,Demora,q_wait
survey-demo,B1139,NPS,9,Comunicação,Retorno,q_wait
survey-demo,B1140,CSAT,3,Atendimento,Demora,q_channels
survey-demo,B1140,CSAT,3,Atendimento,Demora,q_resolution
survey-demo,B1140,CSAT,3,Atendimento,Demora,q_wait
survey-demo,B1140,CSAT,3,Comunicação,Retorno,q_channels
survey-demo,B1140,CSAT,3,Comunicação,Retorno,q_resolution
survey-demo,B1140,CSAT,3,Comunicação,Retorno,q_wait
survey-demo,B1141,NPS,3,Atendimento,Cordialidade,q_resolution
survey-demo,B1141,NPS,3,Atendimento,Cordialidade,q_wait
survey-demo,B1141,NPS,3,Atendimento,Demora,q_resolution
survey-demo,B1141,NPS,3,Atendimento,Demora,q_wait
survey-demo,B1141,NPS,3,Comunicação,Retorno,q_resolution
survey-demo,B1141,NPS,3,Comunicação,Retorno,q_wait
survey-demo,B1141,NPS,3,Processo,Agendamento,q_resolution
survey-demo,B1141,NPS,3,Processo,Agendamento,q_wait
survey-demo,B1142,NPS,8,Atendimento,Demora,q_resolution
survey-demo,B1142,NPS,8,Atendimento,Demora,q_wait
survey-demo,B1143,CSAT,4,,,q_resolution
survey-demo,B1143,CSAT,4,,,q_wait
survey-demo,B1144,NPS,1,Atendimento,Demora,q_wait
survey-demo,B1145,NPS,1,Atendimento,Cordialidade,q_channels
survey-demo,B1145,NPS,1,Atendimento,Cordialidade,q_resolution
survey-demo,B1145,NPS,1,Atendimento,Cordialidade,q_wait
survey-demo,B1145,NPS,1,Atendimento,Demora,q_channels
survey-demo,B1145,NPS,1,Atendimento,Demora,q_resolution
survey-demo,B1145,NPS,1,Atendimento,Demora,q_wait
survey-demo,B1145,NPS,1,Comunicação,Retorno,q_channels
survey-demo,B1145,NPS,1,Comunicação,Retorno,q_resolution
survey-demo,B1145,NPS,1,Comunicação,Retorno,q_wait
survey-demo,B1145,NPS,1,Processo,Agendamento,q_channels
survey-demo,B1145,NPS,1,Processo,Agendamento,q_resolution
survey-demo,B1145,NPS,1,Processo,Agendamento,q_wait
survey-demo,B1146,CSAT,3,Atendimento,Demora,q_channels
survey-demo,B1146,CSAT,3,Atendimento,Demora,q_resolution
survey-demo,B1146,CSAT,3,Atendimento,Demora,q_wait
survey-demo,B1146,CSAT,3,Comunicação,Retorno,q_channels
survey-demo,B1146,CSAT,3,Comunicação,Retorno,q_resolution
survey-demo,B1146,CSAT,3,Comunicação,Retorno,q_wait
survey-demo,B1147,NPS,1,Atendimento,Demora,q_resolution
survey-demo,B1147,NPS,1,Atendimento,Demora,q_wait
survey-demo,B1147,NPS,1,Comunicação,Retorno,q_resolution
survey-demo,B1147,NPS,1,Comunicação,Retorno,q_wait
survey-demo,B1147,NPS,1,Processo,Agendamento,q_resolution
survey-demo,B1147,NPS,1,Processo,Agendamento,q_wait
survey-demo,B1148,NPS,9,,,
survey-demo,B1149,CSAT,5,,,q_resolution
survey-demo,B1149,CSAT,5,,,q_wait
survey-demo,B1150,NPS,1,Atendimento,Demora,
survey-demo,B1150,NPS,1,Comunicação,Retorno,
survey-demo,B1151,NPS,9,,,q_channels
survey-demo,B1151,NPS,9,,,q_resolution
survey-demo,B1151,NPS,9,,,q_wait
survey-demo,B1152,CSAT,3,Atendimento,Demora,q_wait
survey-demo,B1153,NPS,10,Atendimento,Demora,
survey-demo,B1153,NPS,10,Comunicação,Retorno,
survey-demo,B1154,NPS,6,Atendimento,Cordialidade,q_wait
survey-demo,B1154,NPS,6,Atendimento,Demora,q_wait
survey-demo,B1154,NPS,6,Comunicação,Retorno,q_wait
survey-demo,B1154,NPS,6,Processo,Agendamento,q_wait
survey-demo,B1155,CSAT,1,Atendimento,Demora,
survey-demo,B1155,CSAT,1,Comunicação,Retorno,
survey-demo,B1156,NPS,9,,,q_channels
survey-demo,B1156,NPS,9,,,q_resolution
survey-demo,B1156,NPS,9,,,q_wait
survey-demo,B1157,NPS,4,Atendimento,Demora,q_resolution
survey-demo,B1157,NPS,4,Atendimento,Demora,q_wait
survey-demo,B1157,NPS,4,Comunicação,Retorno,q_resolution
survey-demo,B1157,NPS,4,Comunicação,Retorno,q_wait
survey-demo,B1158,CSAT,3,Atendimento,Demora,
survey-demo,B1158,CSAT,3,Comunicação,Retorno,
survey-demo,B1158,CSAT,3,Processo,Agendamento,
survey-demo,B1159,NPS,5,Atendimento,Demora,q_wait
survey-demo,B1159,NPS,5,Comunicação,Retorno,q_wait
survey-demo,B1159,NPS,5,Processo,Agendamento,q_wait
survey-demo,B1160,NPS,9,Atendimento,Demora,q_wait
survey-demo,B1161,CSAT,4,Atendimento,Demora,q_channels
survey-demo,B1161,CSAT,4,Atendimento,Demora,q_resolution
survey-demo,B1161,CSAT,4,Atendimento,Demora,q_wait
survey-demo,B1162,NPS,1,Atendimento,Cordialidade,
survey-demo,B1162,NPS,1,Atendimento,Demora,
survey-demo,B1162,NPS,1,Comunicação,Retorno,
survey-demo,B1162,NPS,1,Processo,Agendamento,
survey-demo,B1163,NPS,7,Atendimento,Demora,q_channels
survey-demo,B1163,NPS,7,Atendimento,Demora,q_resolution
survey-demo,B1163,NPS,7,Atendimento,Demora,q_wait
survey-demo,B1164,CSAT,3,Atendimento,Cordialidade,q_resolution
survey-demo,B1164,CSAT,3,Atendimento,Cordialidade,q_wait
survey-demo,B1164,CSAT,3,Atendimento,Demora,q_resolution
survey-demo,B1164,CSAT,3,Atendimento,Demora,q_wait
survey-demo,B1164,CSAT,3,Comunicação,Retorno,q_resolution
survey-demo,B1164,CSAT,3,Comunicação,Retorno,q_wait
survey-demo,B1164,CSAT,3,Processo,Agendamento,q_resolution
survey-demo,B1164,CSAT,3,Processo,Agendamento,q_wait
survey-demo,B1165,NPS,6,Atendimento,Cordialidade,
survey-demo,B1165,NPS,6,Atendimento,Demora,
survey-demo,B1165,NPS,6,Comunicação,Retorno,
survey-demo,B1165,NPS,6,Processo,Agendamento,
survey-demo,B1166,NPS,5,Atendimento,Cordialidade,q_wait
survey-demo,B1166,NPS,5,Atendimento,Demora,q_wait
survey-demo,B1166,NPS,5,Comunicação,Retorno,q_wait
survey-demo,B1166,NPS,5,Processo,Agendamento,q_wait
survey-demo,B1167,CSAT,5,Atendimento,Demora,q_channels
survey-demo,B1167,CSAT,5,Atendimento,Demora,q_resolution
survey-demo,B1167,CSAT,5,Atendimento,Demora,q_wait
survey-demo,B1168,NPS,6,Atendimento,Demora,q_wait
survey-demo,B1169,NPS,8,Atendimento,Demora,
survey-demo,B1169,NPS,8,Comunicação,Retorno,
survey-demo,B1170,CSAT,2,Atendimento,Demora,q_wait
survey-demo,B1170,CSAT,2,Comunicação,Retorno,q_wait
survey-demo,B1170,CSAT,2,Processo,Agendamento,q_wait
survey-demo,B1171,NPS,0,Atendimento,Cordialidade,q_wait
survey-demo,B1171,NPS,0,Atendimento,Demora,q_wait
survey-demo,B1171,NPS,0,Comunicação,Retorno,q_wait
survey-demo,B1171,NPS,0,Processo,Agendamento,q_wait
survey-demo,B1172,NPS,2,Atendimento,Demora,
survey-demo,B1172,NPS,2,Comunicação,Retorno,
survey-demo,B1173,CSAT,3,Atendimento,Demora,q_wait
survey-demo,B1173,CSAT,3,Comunicação,Retorno,q_wait
survey-demo,B1174,NPS,2,Atendimento,Demora,q_channels
survey-demo,B1174,NPS,2,Atendimento,Demora,q_resolution
survey-demo,B1174,NPS,2,Atendimento,Demora,q_wait
survey-demo,B1174,NPS,2,Comunicação,Retorno,q_channels
survey-demo,B1174,NPS,2,Comunicação,Retorno,q_resolution
survey-demo,B1174,NPS,2,Comunicação,Retorno,q_wait
survey-demo,B1175,NPS,6,Atendimento,Demora,
survey-demo,B1175,NPS,6,Comunicação,Retorno,
survey-demo,B1175,NPS,6,Processo,Agendamento,
survey-demo,B1176,CSAT,4,Atendimento,Demora,q_wait
survey-demo,B1177,NPS,5,Atendimento,Demora,
survey-demo,B1177,NPS,5,Comunicação,Retorno,
survey-demo,B1177,NPS,5,Processo,Agendamento,
survey-demo,B1178,NPS,8,Atendimento,Demora,q_wait
survey-demo,B1179,CSAT,2,Atendimento,Cordialidade,q_channels
survey-demo,B1179,CSAT,2,Atendimento,Cordialidade,q_resolution
survey-demo,B1179,CSAT,2,Atendimento,Cordialidade,q_wait
survey-demo,B1179,CSAT,2,Atendimento,Demora,q_channels
survey-demo,B1179,CSAT,2,Atendimento,Demora,q_resolution
survey-demo,B1179,CSAT,2,Atendimento,Demora,q_wait
survey-demo,B1179,CSAT,2,Comunicação,Retorno,q_channels
survey-demo,B1179,CSAT,2,Comunicação,Retorno,q_resolution
survey-demo,B1179,CSAT,2,Comunicação,Retorno,q_wait
survey-demo,B1179,CSAT,2,Processo,Agendamento,q_channels
survey-demo,B1179,CSAT,2,Processo,Agendamento,q_resolution
survey-demo,B1179,CSAT,2,Processo,Agendamento,q_wait
survey-demo,B1180,NPS,1,Atendimento,Demora,q_resolution
survey-demo,B1180,NPS,1,Atendimento,Demora,q_wait
survey-demo,B1180,NPS,1,Comunicação,Retorno,q_resolution
survey-demo,B1180,NPS,1,Comunicação,Retorno,q_wait
survey-demo,B1181,NPS,7,,,
survey-demo,B1182,CSAT,5,Atendimento,Demora,q_channels
survey-demo,B1182,CSAT,5,Atendimento,Demora,q_resolution
survey-demo,B1182,CSAT,5,Atendimento,Demora,q_wait
survey-demo,B1182,CSAT,5,Comunicação,Retorno,q_channels
survey-demo,B1182,CSAT,5,Comunicação,Retorno,q_resolution
survey-demo,B1182,CSAT,5,Comunicação,Retorno,q_wait
survey-demo,B1183,NPS,8,Atendimento,Demora,q_resolution
survey-demo,B1183,NPS,8,Atendimento,Demora,q_wait
survey-demo,B1184,NPS,6,Atendimento,Demora,q_wait
survey-demo,B1185,CSAT,1,Atendimento,Cordialidade,q_channels
survey-demo,B1185,CSAT,1,Atendimento,Cordialidade,q_resolution
survey-demo,B1185,CSAT,1,Atendimento,Cordialidade,q_wait
survey-demo,B1185,CSAT,1,Atendimento,Demora,q_channels
survey-demo,B1185,CSAT,1,Atendimento,Demora,q_resolution
survey-demo,B1185,CSAT,1,Atendimento,Demora,q_wait
survey-demo,B1185,CSAT,1,Comunicação,Retorno,q_channels
survey-demo,B1185,CSAT,1,Comunicação,Retorno,q_resolution
survey-demo,B1185,CSAT,1,Comunicação,Retorno,q_wait
survey-demo,B1185,CSAT,1,Processo,Agendamento,q_channels
survey-demo,B1185,CSAT,1,Processo,Agendamento,q_resolution
survey-demo,B1185,CSAT,1,Processo,Agendamento,q_wait
survey-demo,B1186,NPS,2,Atendimento,Cordialidade,q_wait
survey-demo,B1186,NPS,2,Atendimento,Demora,q_wait
survey-demo,B1186,NPS,2,Comunicação,Retorno,q_wait
survey-demo,B1186,NPS,2,Processo,Agendamento,q_wait
survey-demo,B1187,NPS,5,Atendimento,Cordialidade,
survey-demo,B1187,NPS,5,Atendimento,Demora,
survey-demo,B1187,NPS,5,Comunicação,Retorno,
survey-demo,B1187,NPS,5,Processo,Agendamento,
survey-demo,B1188,CSAT,3,Atendimento,Demora,q_wait
survey-demo,B1188,CSAT,3,Comunicação,Retorno,q_wait
survey-demo,B1188,CSAT,3,Processo,Agendamento,q_wait
survey-demo,B1189,NPS,0,Atendimento,Cordialidade,q_channels
survey-demo,B1189,NPS,0,Atendimento,Cordialidade,q_resolution
survey-demo,B1189,NPS,0,Atendimento,Cordialidade,q_wait
survey-demo,B1189,NPS,0,Atendimento,Demora,q_channels
survey-demo,B1189,NPS,0,Atendimento,Demora,q_resolution
survey-demo,B1189,NPS,0,Atendimento,Demora,q_wait
survey-demo,B1189,NPS,0,Comunicação,Retorno,q_channels
survey-demo,B1189,NPS,0,Comunicação,Retorno,q_resolution
survey-demo,B1189,NPS,0,Comunicação,Retorno,q_wait
survey-demo,B1189,NPS,0,Processo,Agendamento,q_channels
survey-demo,B1189,NPS,0,Processo,Agendamento,q_resolution
survey-demo,B1189,NPS,0,Processo,Agendamento,q_wait
survey-demo,B1190,NPS,1,Atendimento,Demora,q_channels
survey-demo,B1190,NPS,1,Atendimento,Demora,q_resolution
survey-demo,B1190,NPS,1,Atendimento,Demora,q_wait
survey-demo,B1190,NPS,1,Comunicação,Retorno,q_channels
survey-demo,B1190,NPS,1,Comunicação,Retorno,q_resolution
survey-demo,B1190,NPS,1,Comunicação,Retorno,q_wait
survey-demo,B1191,CSAT,3,Atendimento,Demora,
survey-demo,B1191,CSAT,3,Comunicação,Retorno,
survey-demo,B1191,CSAT,3,Processo,Agendamento,
survey-demo,B1192,NPS,10,Atendimento,Demora,q_wait
survey-demo,B1193,NPS,0,Atendimento,Cordialidade,q_resolution
survey-demo,B1193,NPS,0,Atendimento,Cordialidade,q_wait
survey-demo,B1193,NPS,0,Atendimento,Demora,q_resolution
survey-demo,B1193,NPS,0,Atendimento,Demora,q_wait
survey-demo,B1193,NPS,0,Comunicação,Retorno,q_resolution
survey-demo,B1193,NPS,0,Comunicação,Retorno,q_wait
survey-demo,B1193,NPS,0,Processo,Agendamento,q_resolution
survey-demo,B1193,NPS,0,Processo,Agendamento,q_wait
survey-demo,B1194,CSAT,3,Atendimento,Cordialidade,q_resolution
survey-demo,B1194,CSAT,3,Atendimento,Cordialidade,q_wait
survey-demo,B1194,CSAT,3,Atendimento,Demora,q_resolution
survey-demo,B1194,CSAT,3,Atendimento,Demora,q_wait
survey-demo,B1194,CSAT,3,Comunicação,Retorno,q_resolution
survey-demo,B1194,CSAT,3,Comunicação,Retorno,q_wait
survey-demo,B1194,CSAT,3,Processo,Agendamento,q_resolution
survey-demo,B1194,CSAT,3,Processo,Agendamento,q_wait
survey-demo,B1195,NPS,6,Atendimento,Demora,q_channels
survey-demo,B1195,NPS,6,Atendimento,Demora,q_resolution
survey-demo,B1195,NPS,6,Atendimento,Demora,q_wait
survey-demo,B1195,NPS,6,Comunicação,Retorno,q_channels
survey-demo,B1195,NPS,6,Comunicação,Retorno,q_resolution
survey-demo,B1195,NPS,6,Comunicação,Retorno,q_wait
survey-demo,B1195,NPS,6,Processo,Agendamento,q_channels
survey-demo,B1195,NPS,6,Processo,Agendamento,q_resolution
survey-demo,B1195,NPS,6,Processo,Agendamento,q_wait
survey-demo,B1196,NPS,1,Atendimento,Demora,q_channels
survey-demo,B1196,NPS,1,Atendimento,Demora,q_resolution
survey-demo,B1196,NPS,1,Atendimento,Demora,q_wait
survey-demo,B1196,NPS,1,Comunicação,Retorno,q_channels
survey-demo,B1196,NPS,1,Comunicação,Retorno,q_resolution
survey-demo,B1196,NPS,1,Comunicação,Retorno,q_wait
survey-demo,B1196,NPS,1,Processo,Agendamento,q_channels
survey-demo,B1196,NPS,1,Processo,Agendamento,q_resolution
survey-demo,B1196,NPS,1,Processo,Agendamento,q_wait
survey-demo,B1197,CSAT,2,Atendimento,Demora,q_resolution
survey-demo,B1197,CSAT,2,Atendimento,Demora,q_wait
survey-demo,B1197,CSAT,2,Comunicação,Retorno,q_resolution
survey-demo,B1197,CSAT,2,Comunicação,Retorno,q_wait
survey-demo,B1198,NPS,6,Atendimento,Demora,
survey-demo,B1198,NPS,6,Comunicação,Retorno,
survey-demo,B1198,NPS,6,Processo,Agendamento,
survey-demo,B1199,NPS,1,Atendimento,Cordialidade,q_resolution
survey-demo,B1199,NPS,1,Atendimento,Cordialidade,q_wait
survey-demo,B1199,NPS,1,Atendimento,Demora,q_resolution
survey-demo,B1199,NPS,1,Atendimento,Demora,q_wait
survey-demo,B1199,NPS,1,Comunicação,Retorno,q_resolution
survey-demo,B1199,NPS,1,Comunicação,Retorno,q_wait
survey-demo,B1199,NPS,1,Processo,Agendamento,q_resolution
survey-demo,B1199,NPS,1,Processo,Agendamento,q_wait
survey-demo,R001,NPS,3,Atendimento,Demora,q_resolution
survey-demo,R001,NPS,3,Atendimento,Demora,q_wait
survey-demo,R001,NPS,3,Comunicação,Retorno,q_resolution
survey-demo,R001,NPS,3,Comunicação,Retorno,q_wait
survey-demo,R001,NPS,3,Processo,Agendamento,q_resolution
survey-demo,R001,NPS,3,Processo,Agendamento,q_wait
survey-demo,R002,NPS,10,Atendimento,Cordialidade,q_resolution
survey-demo,R003,NPS,10,,,
survey-demo,R004,NPS,10,,,q_wait
survey-demo,R005,CSAT,4,Atendimento,Equipe,q_wait
survey-demo,R006,CSAT,5,,,q_channels
survey-demo,R006,CSAT,5,,,q_detail
survey-demo,R007,NPS,9,,,q_wait
survey-demo,R007,NPS,9,,,q_wait_alt
survey-demo,R008,NPS,9,,,
survey-demo,R009,NPS,9,,,
survey-demo,R010,NPS,6,,,
survey-demo,R011,NPS,10,,,
survey-demo,R013,NPS,10,,,q_new
survey-demo,R014,NPS,9,,,q_detail
survey-demo,R015,NPS,9,,,
survey-other,R001,CSAT,5,,,
